house,id,bucket,pooled_std,max_local_std,off_value,on_value,value_changed,crosses_110,w,h,error
Adolph E. Cahn,715086,pooled_fires,11.62,10.327,24.5,24.5,False,False,2406,3122,
Adolph E. Cahn,712791,pooled_fires,10.526,9.899,21.5,21.5,False,False,2344,3100,
Adolph E. Cahn,713135,m1_fires,15.253,13.71,200.0,21.0,True,True,2389,3129,
Adolph E. Cahn,713110,pooled_fires,14.603,14.196,11.0,11.0,False,False,2387,3134,
Adolph E. Cahn,712753,pooled_fires,13.035,11.128,29.0,29.0,False,False,2380,3125,
Adolph E. Cahn,715049,neither,18.225,17.454,205.418,205.418,False,False,2412,3124,
Adolph E. Cahn,713300,neither,18.702,15.212,213.463,213.463,False,False,2411,3130,
Adolph E. Cahn,715057,neither,18.225,17.454,205.418,205.418,False,False,2412,3124,
Adolph E. Cahn,712806,m1_fires,20.943,9.18,200.0,23.0,True,True,2336,3102,
Adolph E. Cahn,713246,neither,40.915,36.037,209.403,209.403,False,False,2474,3129,
Adolph E. Cahn,747527,pooled_fires,11.126,12.974,19.0,19.0,False,False,2342,3106,
Adolph E. Cahn,714846,pooled_fires,12.426,11.215,22.0,22.0,False,False,2406,3133,
Adolph E. Cahn,713125,pooled_fires,12.297,14.615,29.0,29.0,False,False,2376,3120,
Adolph E. Cahn,714938,pooled_fires,14.001,11.743,26.0,26.0,False,False,2395,3132,
Adolph E. Cahn,713228,pooled_fires,14.678,13.539,27.5,27.5,False,False,2482,3131,
Adolph E. Cahn,713139,m1_fires,15.253,13.71,200.0,21.0,True,True,2389,3129,
Adolph E. Cahn,713252,neither,40.915,36.037,209.403,209.403,False,False,2474,3129,
Adolph E. Cahn,714979,pooled_fires,14.152,12.211,24.0,24.0,False,False,2393,3116,
Adolph E. Cahn,712994,pooled_fires,13.58,8.797,34.5,34.5,False,False,2383,3104,
Adolph E. Cahn,714962,neither,25.755,31.277,208.032,208.032,False,False,2404,3129,
Adolph E. Cahn,747093,m1_fires,41.852,14.344,199.0,39.5,True,True,2358,3139,
Adolph E. Cahn,747529,pooled_fires,11.126,12.974,19.0,19.0,False,False,2342,3106,
Adolph E. Cahn,712762,pooled_fires,13.035,11.128,29.0,29.0,False,False,2380,3125,
Adolph E. Cahn,713046,m1_fires,16.962,12.342,201.0,31.5,True,True,2359,3102,
Adolph E. Cahn,714924,pooled_fires,14.001,11.743,26.0,26.0,False,False,2395,3132,
Adolph E. Cahn,714972,neither,25.755,31.277,208.032,208.032,False,False,2404,3129,
Adolph E. Cahn,712693,neither,15.783,16.632,200.0,200.0,False,False,2371,3132,
Adolph E. Cahn,712795,pooled_fires,10.526,9.899,21.5,21.5,False,False,2344,3100,
Adolph E. Cahn,712926,pooled_fires,12.023,8.492,24.0,24.0,False,False,2367,3104,
Adolph E. Cahn,712890,pooled_fires,11.691,8.231,19.0,19.0,False,False,2345,3096,
Adolph E. Cahn,712943,m1_fires,22.361,11.845,201.0,39.5,True,True,2381,3101,
Adolph E. Cahn,747547,pooled_fires,11.887,15.507,28.5,28.5,False,False,2382,3110,
Adolph E. Cahn,712841,pooled_fires,14.72,18.744,24.5,24.5,False,False,2351,3099,
Adolph E. Cahn,747509,pooled_fires,11.126,12.974,19.0,19.0,False,False,2342,3106,
Adolph E. Cahn,712887,pooled_fires,11.691,8.231,19.0,19.0,False,False,2345,3096,
Adolph E. Cahn,712651,m1_fires,41.852,14.344,199.0,39.5,True,True,2358,3139,
Adolph E. Cahn,713209,neither,42.096,23.732,210.945,210.945,False,False,2447,3128,
Adolph E. Cahn,715036,neither,18.225,17.454,205.418,205.418,False,False,2412,3124,
Adolph E. Cahn,714933,pooled_fires,14.001,11.743,26.0,26.0,False,False,2395,3132,
Adolph E. Cahn,714926,pooled_fires,14.001,11.743,26.0,26.0,False,False,2395,3132,
Adolph E. Cahn,747627,m1_fires,15.253,13.71,200.0,21.0,True,True,2389,3129,
Adolph E. Cahn,712913,pooled_fires,12.023,8.492,24.0,24.0,False,False,2367,3104,
Adolph E. Cahn,712945,pooled_fires,12.454,9.689,29.0,29.0,False,False,2402,3113,
Adolph E. Cahn,712985,m1_fires,18.354,14.16,205.397,23.0,True,True,2355,3133,
Adolph E. Cahn,712801,m1_fires,20.943,9.18,200.0,23.0,True,True,2336,3102,
Adolph E. Cahn,712664,m1_fires,41.852,14.344,199.0,39.5,True,True,2358,3139,
Adolph E. Cahn,712745,pooled_fires,13.035,11.128,29.0,29.0,False,False,2380,3125,
Adolph E. Cahn,712688,pooled_fires,12.987,13.803,29.5,29.5,False,False,2375,3118,
Adolph E. Cahn,712949,pooled_fires,12.454,9.689,29.0,29.0,False,False,2402,3113,
Adolph E. Cahn,713197,neither,19.45,19.049,211.826,211.826,False,False,2415,3132,
Adolph E. Cahn,712788,pooled_fires,10.526,9.899,21.5,21.5,False,False,2344,3100,
Adolph E. Cahn,713177,pooled_fires,14.459,16.339,40.0,40.0,False,False,2375,3121,
Adolph E. Cahn,714875,pooled_fires,12.426,11.215,22.0,22.0,False,False,2406,3133,
Adolph E. Cahn,713068,pooled_fires,11.938,10.103,28.5,28.5,False,False,2380,3104,
Adolph E. Cahn,712875,pooled_fires,12.782,13.854,21.5,21.5,False,False,2364,3105,
Adolph E. Cahn,747286,pooled_fires,12.204,8.207,23.0,23.0,False,False,2352,3131,
Adolph E. Cahn,713165,m1_fires,17.229,12.496,200.0,29.5,True,True,2406,3127,
Adolph E. Cahn,712775,pooled_fires,14.97,14.222,25.0,25.0,False,False,2382,3129,
Adolph E. Cahn,713091,pooled_fires,11.887,15.507,28.5,28.5,False,False,2382,3110,
Adolph E. Cahn,713242,neither,29.266,17.382,208.833,208.833,False,False,2472,3135,
Adolph E. Cahn,713302,neither,18.702,15.212,213.463,213.463,False,False,2411,3130,
Adolph E. Cahn,713070,pooled_fires,11.938,10.103,28.5,28.5,False,False,2380,3104,
Adolph E. Cahn,713269,neither,37.5,21.026,209.17,209.17,False,False,2441,3147,
Adolph E. Cahn,747311,pooled_fires,14.72,18.744,24.5,24.5,False,False,2351,3099,
Adolph E. Cahn,713266,neither,37.5,21.026,209.17,209.17,False,False,2441,3147,
Adolph E. Cahn,712908,pooled_fires,13.258,12.412,26.0,26.0,False,False,2383,3112,
Adolph E. Cahn,747358,pooled_fires,11.691,8.231,19.0,19.0,False,False,2345,3096,
Adolph E. Cahn,747622,m1_fires,15.253,13.71,200.0,21.0,True,True,2389,3129,
Adolph E. Cahn,713053,pooled_fires,11.126,12.974,19.0,19.0,False,False,2342,3106,
Adolph E. Cahn,713304,neither,16.829,18.609,210.28,210.28,False,False,2412,3129,
Adolph E. Cahn,712867,pooled_fires,12.782,13.854,21.5,21.5,False,False,2364,3105,
Adolph E. Cahn,713004,m1_fires,16.141,8.342,201.0,24.5,True,True,2380,3117,
Adolph E. Cahn,712812,pooled_fires,12.204,8.207,23.0,23.0,False,False,2352,3131,
Adolph E. Cahn,713007,m1_fires,16.141,8.342,201.0,24.5,True,True,2380,3117,
Adolph E. Cahn,713288,neither,16.478,18.643,211.569,211.569,False,False,2416,3133,
Adolph E. Cahn,713299,neither,18.702,15.212,213.463,213.463,False,False,2411,3130,
Adolph E. Cahn,713100,pooled_fires,14.024,7.37,29.5,29.5,False,False,2342,3133,
Adolph E. Cahn,715005,m1_fires,39.419,12.718,201.0,32.5,True,True,2398,3122,
Adolph E. Cahn,713206,neither,42.096,23.732,210.945,210.945,False,False,2447,3128,
Adolph E. Cahn,747462,pooled_fires,13.58,8.797,34.5,34.5,False,False,2383,3104,
Adolph E. Cahn,712764,pooled_fires,14.97,14.222,25.0,25.0,False,False,2382,3129,
Adolph E. Cahn,713133,m1_fires,15.253,13.71,200.0,21.0,True,True,2389,3129,
Adolph E. Cahn,714961,neither,25.755,31.277,208.032,208.032,False,False,2404,3129,
Adolph E. Cahn,713058,pooled_fires,11.126,12.974,19.0,19.0,False,False,2342,3106,
Adolph E. Cahn,714955,neither,25.755,31.277,208.032,208.032,False,False,2404,3129,
Adolph E. Cahn,713000,pooled_fires,13.58,8.797,34.5,34.5,False,False,2383,3104,
Adolph E. Cahn,712997,pooled_fires,13.58,8.797,34.5,34.5,False,False,2383,3104,
Adolph E. Cahn,747120,pooled_fires,12.987,13.803,29.5,29.5,False,False,2375,3118,
Adolph E. Cahn,714887,neither,16.063,15.773,206.598,206.598,False,False,2404,3132,
Adolph E. Cahn,715046,neither,18.225,17.454,205.418,205.418,False,False,2412,3124,
Adolph E. Cahn,712849,pooled_fires,14.696,13.944,20.0,20.0,False,False,2363,3099,
Adolph E. Cahn,713238,neither,29.266,17.382,208.833,208.833,False,False,2472,3135,
Adolph E. Cahn,712698,neither,15.783,16.632,200.0,200.0,False,False,2371,3132,
Adolph E. Cahn,712889,pooled_fires,11.691,8.231,19.0,19.0,False,False,2345,3096,
Adolph E. Cahn,713172,m1_fires,17.229,12.496,200.0,29.5,True,True,2406,3127,
Adolph E. Cahn,713128,pooled_fires,12.297,14.615,29.0,29.0,False,False,2376,3120,
Adolph E. Cahn,713157,m1_fires,17.229,12.496,200.0,29.5,True,True,2406,3127,
Adolph E. Cahn,747180,m1_fires,15.749,10.0,197.0,30.5,True,True,2387,3109,
Adolph E. Cahn,714882,neither,16.063,15.773,206.598,206.598,False,False,2404,3132,
Adolph E. Cahn,712946,pooled_fires,12.454,9.689,29.0,29.0,False,False,2402,3113,
Adolph E. Cahn,747623,m1_fires,15.253,13.71,200.0,21.0,True,True,2389,3129,
Adolph E. Cahn,714845,pooled_fires,12.426,11.215,22.0,22.0,False,False,2406,3133,
Adolph E. Cahn,712916,pooled_fires,12.023,8.492,24.0,24.0,False,False,2367,3104,
Adolph E. Cahn,712758,pooled_fires,13.035,11.128,29.0,29.0,False,False,2380,3125,
Adolph E. Cahn,714931,pooled_fires,14.001,11.743,26.0,26.0,False,False,2395,3132,
Adolph E. Cahn,712944,m1_fires,22.361,11.845,201.0,39.5,True,True,2381,3101,
Adolph E. Cahn,713198,neither,19.45,19.049,211.826,211.826,False,False,2415,3132,
Adolph E. Cahn,713200,neither,19.45,19.049,211.826,211.826,False,False,2415,3132,
Adolph E. Cahn,713052,pooled_fires,11.126,12.974,19.0,19.0,False,False,2342,3106,
Adolph E. Cahn,712836,pooled_fires,14.72,18.744,24.5,24.5,False,False,2351,3099,
Adolph E. Cahn,712714,pooled_fires,13.916,11.669,30.5,30.5,False,False,2375,3127,
Adolph E. Cahn,715076,pooled_fires,11.62,10.327,24.5,24.5,False,False,2406,3122,
Adolph E. Cahn,713001,pooled_fires,13.58,8.797,34.5,34.5,False,False,2383,3104,
Adolph E. Cahn,714858,pooled_fires,12.426,11.215,22.0,22.0,False,False,2406,3133,
Adolph E. Cahn,712686,pooled_fires,12.987,13.803,29.5,29.5,False,False,2375,3118,
Adolph E. Cahn,715037,neither,18.225,17.454,205.418,205.418,False,False,2412,3124,
Adolph E. Cahn,714868,pooled_fires,12.426,11.215,22.0,22.0,False,False,2406,3133,
Adolph E. Cahn,713234,neither,29.266,17.382,208.833,208.833,False,False,2472,3135,
Adolph E. Cahn,713017,pooled_fires,11.512,12.819,20.0,20.0,False,False,2374,3107,
Adolph E. Cahn,712893,pooled_fires,13.258,12.412,26.0,26.0,False,False,2383,3112,
Adolph E. Cahn,715047,neither,18.225,17.454,205.418,205.418,False,False,2412,3124,
Adolph E. Cahn,712684,pooled_fires,12.987,13.803,29.5,29.5,False,False,2375,3118,
Adolph E. Cahn,712870,pooled_fires,12.782,13.854,21.5,21.5,False,False,2364,3105,
Adolph E. Cahn,713116,pooled_fires,14.603,14.196,11.0,11.0,False,False,2387,3134,
Adolph E. Cahn,712742,neither,19.576,15.97,33.882,33.882,False,False,2381,3119,
Adolph E. Cahn,715027,pooled_fires,12.898,12.959,29.0,29.0,False,False,2393,3132,
Adolph E. Cahn,715029,neither,18.225,17.454,205.418,205.418,False,False,2412,3124,
Adolph E. Cahn,747268,pooled_fires,10.526,9.899,21.5,21.5,False,False,2344,3100,
Adolph E. Cahn,712740,neither,19.576,15.97,33.882,33.882,False,False,2381,3119,
Adolph E. Cahn,714885,neither,16.063,15.773,206.598,206.598,False,False,2404,3132,
Adolph E. Cahn,715044,neither,18.225,17.454,205.418,205.418,False,False,2412,3124,
Adolph E. Cahn,715011,pooled_fires,14.54,13.516,25.5,25.5,False,False,2376,3125,
Adolph E. Cahn,714951,neither,25.755,31.277,208.032,208.032,False,False,2404,3129,
Adolph E. Cahn,712814,pooled_fires,12.204,8.207,23.0,23.0,False,False,2352,3131,
Adolph E. Cahn,713111,pooled_fires,14.603,14.196,11.0,11.0,False,False,2387,3134,
Adolph E. Cahn,712862,pooled_fires,11.808,13.535,18.5,18.5,False,False,2374,3107,
Adolph E. Cahn,713078,pooled_fires,11.938,10.103,28.5,28.5,False,False,2380,3104,
Adolph E. Cahn,712779,pooled_fires,14.97,14.222,25.0,25.0,False,False,2382,3129,
Adolph E. Cahn,712901,pooled_fires,13.258,12.412,26.0,26.0,False,False,2383,3112,
Adolph E. Cahn,714873,pooled_fires,12.426,11.215,22.0,22.0,False,False,2406,3133,
Adolph E. Cahn,714968,neither,25.755,31.277,208.032,208.032,False,False,2404,3129,
Adolph E. Cahn,714993,m1_fires,39.419,12.718,201.0,32.5,True,True,2398,3122,
Adolph E. Cahn,712792,pooled_fires,10.526,9.899,21.5,21.5,False,False,2344,3100,
Adolph E. Cahn,712667,pooled_fires,12.987,13.803,29.5,29.5,False,False,2375,3118,
Adolph E. Cahn,712979,m1_fires,18.354,14.16,205.397,23.0,True,True,2355,3133,
Adolph E. Cahn,713136,m1_fires,15.253,13.71,200.0,21.0,True,True,2389,3129,
Adolph E. Cahn,713186,pooled_fires,14.459,16.339,40.0,40.0,False,False,2375,3121,
Adolph E. Cahn,713060,pooled_fires,11.126,12.974,19.0,19.0,False,False,2342,3106,
Adolph E. Cahn,713025,pooled_fires,11.298,13.606,22.0,22.0,False,False,2399,3107,
Adolph E. Cahn,712858,pooled_fires,11.808,13.535,18.5,18.5,False,False,2374,3107,
Adolph E. Cahn,715050,neither,18.225,17.454,205.418,205.418,False,False,2412,3124,
Adolph E. Cahn,712839,pooled_fires,14.72,18.744,24.5,24.5,False,False,2351,3099,
Adolph E. Cahn,712807,m1_fires,20.943,9.18,200.0,23.0,True,True,2336,3102,
Adolph E. Cahn,712954,pooled_fires,12.454,9.689,29.0,29.0,False,False,2402,3113,
Adolph E. Cahn,712960,pooled_fires,13.657,8.07,28.0,28.0,False,False,2396,3112,
Adolph E. Cahn,712850,pooled_fires,14.696,13.944,20.0,20.0,False,False,2363,3099,
Adolph E. Cahn,714908,pooled_fires,14.001,11.743,26.0,26.0,False,False,2395,3132,
Adolph E. Cahn,747184,m1_fires,15.749,10.0,197.0,30.5,True,True,2387,3109,
Adolph E. Cahn,713201,neither,19.45,19.049,211.826,211.826,False,False,2415,3132,
Adolph E. Cahn,747606,m1_fires,15.253,13.71,200.0,21.0,True,True,2389,3129,
Adolph E. Cahn,713194,pooled_fires,14.459,16.339,40.0,40.0,False,False,2375,3121,
Adolph E. Cahn,713166,m1_fires,17.229,12.496,200.0,29.5,True,True,2406,3127,
Adolph E. Cahn,747432,pooled_fires,13.657,8.07,28.0,28.0,False,False,2396,3112,
Adolph E. Cahn,713273,neither,37.5,21.026,209.17,209.17,False,False,2441,3147,
Adolph E. Cahn,712871,pooled_fires,12.782,13.854,21.5,21.5,False,False,2364,3105,
Adolph E. Cahn,747601,m1_fires,15.253,13.71,200.0,21.0,True,True,2389,3129,
Adolph E. Cahn,712809,m1_fires,20.943,9.18,200.0,23.0,True,True,2336,3102,
Adolph E. Cahn,714964,neither,25.755,31.277,208.032,208.032,False,False,2404,3129,
Adolph E. Cahn,712993,pooled_fires,13.58,8.797,34.5,34.5,False,False,2383,3104,
Adolph E. Cahn,712882,pooled_fires,11.691,8.231,19.0,19.0,False,False,2345,3096,
Adolph E. Cahn,715015,pooled_fires,14.54,13.516,25.5,25.5,False,False,2376,3125,
Adolph E. Cahn,714856,pooled_fires,12.426,11.215,22.0,22.0,False,False,2406,3133,
Adolph E. Cahn,712710,pooled_fires,13.916,11.669,30.5,30.5,False,False,2375,3127,
Adolph E. Cahn,713040,m1_fires,16.962,12.342,201.0,31.5,True,True,2359,3102,
Adolph E. Cahn,747218,neither,19.576,15.97,33.882,33.882,False,False,2381,3119,
Adolph E. Cahn,713272,neither,37.5,21.026,209.17,209.17,False,False,2441,3147,
Adolph E. Cahn,747143,neither,15.783,16.632,200.0,200.0,False,False,2371,3132,
Adolph E. Cahn,712810,pooled_fires,12.204,8.207,23.0,23.0,False,False,2352,3131,
Adolph E. Cahn,712842,pooled_fires,14.72,18.744,24.5,24.5,False,False,2351,3099,
Adolph E. Cahn,712898,pooled_fires,13.258,12.412,26.0,26.0,False,False,2383,3112,
Adolph E. Cahn,713268,neither,37.5,21.026,209.17,209.17,False,False,2441,3147,
Adolph E. Cahn,714953,neither,25.755,31.277,208.032,208.032,False,False,2404,3129,
Adolph E. Cahn,713012,m1_fires,16.141,8.342,201.0,24.5,True,True,2380,3117,
Adolph E. Cahn,713062,pooled_fires,11.126,12.974,19.0,19.0,False,False,2342,3106,
Adolph E. Cahn,713130,m1_fires,15.253,13.71,200.0,21.0,True,True,2389,3129,
Adolph E. Cahn,713313,neither,31.61,15.695,213.698,213.698,False,False,2441,3155,
Adolph E. Cahn,712895,pooled_fires,13.258,12.412,26.0,26.0,False,False,2383,3112,
Adolph E. Cahn,712829,pooled_fires,14.72,18.744,24.5,24.5,False,False,2351,3099,
Adolph E. Cahn,715007,m1_fires,39.419,12.718,201.0,32.5,True,True,2398,3122,
Adolph E. Cahn,713002,m1_fires,16.141,8.342,201.0,24.5,True,True,2380,3117,
Adolph E. Cahn,747565,pooled_fires,14.024,7.37,29.5,29.5,False,False,2342,3133,
Adolph E. Cahn,713131,m1_fires,15.253,13.71,200.0,21.0,True,True,2389,3129,
Adolph E. Cahn,713057,pooled_fires,11.126,12.974,19.0,19.0,False,False,2342,3106,
Adolph E. Cahn,747086,m1_fires,41.852,14.344,199.0,39.5,True,True,2358,3139,
Adolph E. Cahn,712942,m1_fires,22.361,11.845,201.0,39.5,True,True,2381,3101,
Adolph E. Cahn,712709,pooled_fires,13.916,11.669,30.5,30.5,False,False,2375,3127,
Adolph E. Cahn,715079,pooled_fires,11.62,10.327,24.5,24.5,False,False,2406,3122,
Adolph E. Cahn,714895,neither,16.063,15.773,206.598,206.598,False,False,2404,3132,
Adolph E. Cahn,712983,m1_fires,18.354,14.16,205.397,23.0,True,True,2355,3133,
Adolph E. Cahn,712940,m1_fires,22.361,11.845,201.0,39.5,True,True,2381,3101,
Dr. Jacob Hirsch,718391,pooled_fires,11.546,11.961,25.5,25.5,False,False,2506,3145,
Dr. Jacob Hirsch,718493,pooled_fires,13.722,14.559,30.5,30.5,False,False,2536,3152,
Dr. Jacob Hirsch,718609,pooled_fires,11.043,9.521,29.5,29.5,False,False,2533,3137,
Dr. Jacob Hirsch,718267,m1_fires,15.701,14.717,221.32,28.0,True,True,2501,3120,
Dr. Jacob Hirsch,718426,pooled_fires,13.846,9.121,30.0,30.0,False,False,2529,3147,
Dr. Jacob Hirsch,718635,pooled_fires,13.042,12.036,26.0,26.0,False,False,2457,3142,
Dr. Jacob Hirsch,718365,pooled_fires,11.546,11.961,25.5,25.5,False,False,2506,3145,
Dr. Jacob Hirsch,718560,pooled_fires,12.783,9.317,23.5,23.5,False,False,2535,3128,
Dr. Jacob Hirsch,718613,pooled_fires,13.158,7.594,31.0,31.0,False,False,2456,3142,
Dr. Jacob Hirsch,718063,pooled_fires,14.928,10.248,27.5,27.5,False,False,2516,3200,
Dr. Jacob Hirsch,718379,pooled_fires,11.546,11.961,25.5,25.5,False,False,2506,3145,
Dr. Jacob Hirsch,718735,pooled_fires,13.342,8.246,28.0,28.0,False,False,2617,3183,
Dr. Jacob Hirsch,718424,pooled_fires,13.846,9.121,30.0,30.0,False,False,2529,3147,
Dr. Jacob Hirsch,718536,pooled_fires,13.559,9.494,28.0,28.0,False,False,2511,3178,
Dr. Jacob Hirsch,718062,pooled_fires,14.928,10.248,27.5,27.5,False,False,2516,3200,
Dr. Jacob Hirsch,718145,pooled_fires,7.618,8.094,28.0,28.0,False,False,2455,3141,
Dr. Jacob Hirsch,718064,pooled_fires,14.928,10.248,27.5,27.5,False,False,2516,3200,
Dr. Jacob Hirsch,718565,pooled_fires,13.296,13.386,31.5,31.5,False,False,2535,3135,
Dr. Jacob Hirsch,718356,pooled_fires,9.306,9.749,25.0,25.0,False,False,2507,3146,
Dr. Jacob Hirsch,718270,pooled_fires,10.016,9.101,24.0,24.0,False,False,2521,3187,
Dr. Jacob Hirsch,718440,pooled_fires,12.792,11.197,29.5,29.5,False,False,2529,3136,
Dr. Jacob Hirsch,718186,pooled_fires,11.359,9.02,26.0,26.0,False,False,2449,3140,
Dr. Jacob Hirsch,718656,pooled_fires,14.364,13.363,22.0,22.0,False,False,2354,3123,
Dr. Jacob Hirsch,718652,pooled_fires,14.364,13.363,22.0,22.0,False,False,2354,3123,
Dr. Jacob Hirsch,718303,pooled_fires,12.001,11.214,24.0,24.0,False,False,2509,3135,
Dr. Jacob Hirsch,718568,pooled_fires,13.296,13.386,31.5,31.5,False,False,2535,3135,
Dr. Jacob Hirsch,718464,pooled_fires,14.604,10.938,29.5,29.5,False,False,2531,3138,
Dr. Jacob Hirsch,718589,pooled_fires,11.019,9.156,32.0,32.0,False,False,2538,3143,
Dr. Jacob Hirsch,718149,pooled_fires,10.231,11.541,23.0,23.0,False,False,2454,3142,
Dr. Jacob Hirsch,718220,pooled_fires,10.514,7.744,19.0,19.0,False,False,2456,3163,
Dr. Jacob Hirsch,718359,pooled_fires,9.306,9.749,25.0,25.0,False,False,2507,3146,
Dr. Jacob Hirsch,718272,pooled_fires,10.016,9.101,24.0,24.0,False,False,2521,3187,
Dr. Jacob Hirsch,718198,pooled_fires,12.064,8.001,28.0,28.0,False,False,2441,3144,
Dr. Jacob Hirsch,718494,pooled_fires,13.722,14.559,30.5,30.5,False,False,2536,3152,
Dr. Jacob Hirsch,718298,pooled_fires,12.001,11.214,24.0,24.0,False,False,2509,3135,
Dr. Jacob Hirsch,718538,pooled_fires,12.783,9.317,23.5,23.5,False,False,2535,3128,
Dr. Jacob Hirsch,718555,pooled_fires,12.783,9.317,23.5,23.5,False,False,2535,3128,
Dr. Jacob Hirsch,718738,pooled_fires,13.342,8.246,28.0,28.0,False,False,2617,3183,
Dr. Jacob Hirsch,718137,pooled_fires,7.618,8.094,28.0,28.0,False,False,2455,3141,
Dr. Jacob Hirsch,718610,pooled_fires,13.158,7.594,31.0,31.0,False,False,2456,3142,
Dr. Jacob Hirsch,718156,pooled_fires,10.231,11.541,23.0,23.0,False,False,2454,3142,
Dr. Jacob Hirsch,718260,m1_fires,15.701,14.717,221.32,28.0,True,True,2501,3120,
Dr. Jacob Hirsch,718229,pooled_fires,14.872,7.478,27.0,27.0,False,False,2460,3183,
Dr. Jacob Hirsch,718685,pooled_fires,13.137,12.511,24.5,24.5,False,False,2511,3176,
Dr. Jacob Hirsch,718500,pooled_fires,13.267,14.493,21.0,21.0,False,False,2539,3137,
Dr. Jacob Hirsch,718271,pooled_fires,10.016,9.101,24.0,24.0,False,False,2521,3187,
Dr. Jacob Hirsch,718509,pooled_fires,13.267,14.493,21.0,21.0,False,False,2539,3137,
Dr. Jacob Hirsch,718600,pooled_fires,11.043,9.521,29.5,29.5,False,False,2533,3137,
Dr. Jacob Hirsch,718405,m1_fires,16.414,11.206,208.908,29.0,True,True,2505,3137,
Dr. Jacob Hirsch,718620,pooled_fires,13.158,7.594,31.0,31.0,False,False,2456,3142,
Dr. Jacob Hirsch,718395,m1_fires,16.414,11.206,208.908,29.0,True,True,2505,3137,
Dr. Jacob Hirsch,718570,pooled_fires,13.296,13.386,31.5,31.5,False,False,2535,3135,
Dr. Jacob Hirsch,718733,pooled_fires,13.342,8.246,28.0,28.0,False,False,2617,3183,
Dr. Jacob Hirsch,718557,pooled_fires,12.783,9.317,23.5,23.5,False,False,2535,3128,
Dr. Jacob Hirsch,718691,pooled_fires,14.702,9.147,30.5,30.5,False,False,2538,3180,
Dr. Jacob Hirsch,718512,pooled_fires,13.267,14.493,21.0,21.0,False,False,2539,3137,
Dr. Jacob Hirsch,718702,pooled_fires,14.702,9.147,30.5,30.5,False,False,2538,3180,
Dr. Jacob Hirsch,718436,pooled_fires,13.846,9.121,30.0,30.0,False,False,2529,3147,
Dr. Jacob Hirsch,718131,pooled_fires,7.618,8.094,28.0,28.0,False,False,2455,3141,
Dr. Jacob Hirsch,718353,pooled_fires,9.306,9.749,25.0,25.0,False,False,2507,3146,
Dr. Jacob Hirsch,718227,pooled_fires,10.514,7.744,19.0,19.0,False,False,2456,3163,
Dr. Jacob Hirsch,718724,pooled_fires,14.135,8.345,24.5,24.5,False,False,2534,3176,
Dr. Jacob Hirsch,718110,pooled_fires,9.674,7.94,27.5,27.5,False,False,2470,3128,
Dr. Jacob Hirsch,718444,pooled_fires,12.792,11.197,29.5,29.5,False,False,2529,3136,
Dr. Jacob Hirsch,718318,pooled_fires,12.001,11.214,24.0,24.0,False,False,2509,3135,
Dr. Jacob Hirsch,718290,pooled_fires,10.016,9.101,24.0,24.0,False,False,2521,3187,
Dr. Jacob Hirsch,718392,m1_fires,16.414,11.206,208.908,29.0,True,True,2505,3137,
Dr. Jacob Hirsch,718417,m1_fires,16.414,11.206,208.908,29.0,True,True,2505,3137,
Dr. Jacob Hirsch,718167,pooled_fires,11.359,9.02,26.0,26.0,False,False,2449,3140,
Dr. Jacob Hirsch,718170,pooled_fires,11.359,9.02,26.0,26.0,False,False,2449,3140,
Dr. Jacob Hirsch,718592,pooled_fires,11.019,9.156,32.0,32.0,False,False,2538,3143,
Dr. Jacob Hirsch,718369,pooled_fires,11.546,11.961,25.5,25.5,False,False,2506,3145,
Dr. Jacob Hirsch,718725,pooled_fires,14.135,8.345,24.5,24.5,False,False,2534,3176,
Dr. Jacob Hirsch,718263,m1_fires,15.701,14.717,221.32,28.0,True,True,2501,3120,
Dr. Jacob Hirsch,718680,pooled_fires,13.137,12.511,24.5,24.5,False,False,2511,3176,
Dr. Jacob Hirsch,718138,pooled_fires,7.618,8.094,28.0,28.0,False,False,2455,3141,
Dr. Jacob Hirsch,718099,pooled_fires,9.674,7.94,27.5,27.5,False,False,2470,3128,
Dr. Jacob Hirsch,718073,pooled_fires,14.928,10.248,27.5,27.5,False,False,2516,3200,
Dr. Jacob Hirsch,718403,m1_fires,16.414,11.206,208.908,29.0,True,True,2505,3137,
Dr. Jacob Hirsch,718639,pooled_fires,13.042,12.036,26.0,26.0,False,False,2457,3142,
Dr. Jacob Hirsch,718434,pooled_fires,13.846,9.121,30.0,30.0,False,False,2529,3147,
Dr. Jacob Hirsch,718559,pooled_fires,12.783,9.317,23.5,23.5,False,False,2535,3128,
Dr. Jacob Hirsch,718765,pooled_fires,10.629,8.341,33.0,33.0,False,False,2599,3171,
Dr. Jacob Hirsch,718431,pooled_fires,13.846,9.121,30.0,30.0,False,False,2529,3147,
Dr. Jacob Hirsch,718383,pooled_fires,11.546,11.961,25.5,25.5,False,False,2506,3145,
Dr. Jacob Hirsch,718513,pooled_fires,13.267,14.493,21.0,21.0,False,False,2539,3137,
Dr. Jacob Hirsch,718755,pooled_fires,10.629,8.341,33.0,33.0,False,False,2599,3171,
Dr. Jacob Hirsch,718269,m1_fires,15.701,14.717,221.32,28.0,True,True,2501,3120,
Dr. Jacob Hirsch,718366,pooled_fires,11.546,11.961,25.5,25.5,False,False,2506,3145,
Dr. Jacob Hirsch,718207,pooled_fires,12.064,8.001,28.0,28.0,False,False,2441,3144,
Dr. Jacob Hirsch,718757,pooled_fires,10.629,8.341,33.0,33.0,False,False,2599,3171,
Dr. Jacob Hirsch,718238,pooled_fires,14.872,7.478,27.0,27.0,False,False,2460,3183,
Dr. Jacob Hirsch,718337,pooled_fires,11.594,13.36,27.0,27.0,False,False,2512,3154,
Dr. Jacob Hirsch,718672,pooled_fires,13.745,12.561,28.0,28.0,False,False,2462,3144,
Dr. Jacob Hirsch,718687,pooled_fires,13.137,12.511,24.5,24.5,False,False,2511,3176,
Dr. Jacob Hirsch,718644,pooled_fires,13.042,12.036,26.0,26.0,False,False,2457,3142,
Dr. Jacob Hirsch,718633,pooled_fires,13.042,12.036,26.0,26.0,False,False,2457,3142,
Dr. Jacob Hirsch,718684,pooled_fires,13.137,12.511,24.5,24.5,False,False,2511,3176,
Dr. Jacob Hirsch,718579,pooled_fires,13.296,13.386,31.5,31.5,False,False,2535,3135,
Dr. Jacob Hirsch,718152,pooled_fires,10.231,11.541,23.0,23.0,False,False,2454,3142,
Dr. Jacob Hirsch,718662,pooled_fires,14.364,13.363,22.0,22.0,False,False,2354,3123,
Dr. Jacob Hirsch,718452,pooled_fires,12.792,11.197,29.5,29.5,False,False,2529,3136,
Dr. Jacob Hirsch,718625,pooled_fires,13.042,12.036,26.0,26.0,False,False,2457,3142,
Dr. Jacob Hirsch,718764,pooled_fires,10.629,8.341,33.0,33.0,False,False,2599,3171,
Dr. Jacob Hirsch,718340,pooled_fires,11.594,13.36,27.0,27.0,False,False,2512,3154,
Dr. Jacob Hirsch,718553,pooled_fires,12.783,9.317,23.5,23.5,False,False,2535,3128,
Dr. Jacob Hirsch,718748,pooled_fires,13.342,8.246,28.0,28.0,False,False,2617,3183,
Dr. Jacob Hirsch,718715,pooled_fires,14.135,8.345,24.5,24.5,False,False,2534,3176,
Dr. Jacob Hirsch,718398,m1_fires,16.414,11.206,208.908,29.0,True,True,2505,3137,
Dr. Jacob Hirsch,718086,neither,34.213,21.455,214.752,214.752,False,False,2417,3154,
Dr. Jacob Hirsch,718508,pooled_fires,13.267,14.493,21.0,21.0,False,False,2539,3137,
Dr. Jacob Hirsch,718352,pooled_fires,9.306,9.749,25.0,25.0,False,False,2507,3146,
Dr. Jacob Hirsch,718549,pooled_fires,12.783,9.317,23.5,23.5,False,False,2535,3128,
Dr. Jacob Hirsch,718106,pooled_fires,9.674,7.94,27.5,27.5,False,False,2470,3128,
Dr. Jacob Hirsch,718710,pooled_fires,14.135,8.345,24.5,24.5,False,False,2534,3176,
Dr. Jacob Hirsch,718328,pooled_fires,11.594,13.36,27.0,27.0,False,False,2512,3154,
Dr. Jacob Hirsch,718350,pooled_fires,9.306,9.749,25.0,25.0,False,False,2507,3146,
Dr. Jacob Hirsch,718100,pooled_fires,9.674,7.94,27.5,27.5,False,False,2470,3128,
Dr. Jacob Hirsch,718282,pooled_fires,10.016,9.101,24.0,24.0,False,False,2521,3187,
Dr. Jacob Hirsch,718593,pooled_fires,11.019,9.156,32.0,32.0,False,False,2538,3143,
Dr. Jacob Hirsch,718065,pooled_fires,14.928,10.248,27.5,27.5,False,False,2516,3200,
Dr. Jacob Hirsch,718543,pooled_fires,12.783,9.317,23.5,23.5,False,False,2535,3128,
Dr. Jacob Hirsch,718739,pooled_fires,13.342,8.246,28.0,28.0,False,False,2617,3183,
Dr. Jacob Hirsch,718665,pooled_fires,13.745,12.561,28.0,28.0,False,False,2462,3144,
Dr. Jacob Hirsch,718224,pooled_fires,10.514,7.744,19.0,19.0,False,False,2456,3163,
Dr. Jacob Hirsch,718487,pooled_fires,13.722,14.559,30.5,30.5,False,False,2536,3152,
Dr. Jacob Hirsch,718759,pooled_fires,10.629,8.341,33.0,33.0,False,False,2599,3171,
Dr. Jacob Hirsch,718096,pooled_fires,9.674,7.94,27.5,27.5,False,False,2470,3128,
Dr. Jacob Hirsch,718410,m1_fires,16.414,11.206,208.908,29.0,True,True,2505,3137,
Dr. Jacob Hirsch,718587,pooled_fires,11.019,9.156,32.0,32.0,False,False,2538,3143,
Dr. Jacob Hirsch,718575,pooled_fires,13.296,13.386,31.5,31.5,False,False,2535,3135,
Dr. Jacob Hirsch,718601,pooled_fires,11.043,9.521,29.5,29.5,False,False,2533,3137,
Dr. Jacob Hirsch,718736,pooled_fires,13.342,8.246,28.0,28.0,False,False,2617,3183,
Dr. Jacob Hirsch,718705,pooled_fires,14.135,8.345,24.5,24.5,False,False,2534,3176,
Dr. Jacob Hirsch,718144,pooled_fires,7.618,8.094,28.0,28.0,False,False,2455,3141,
Dr. Jacob Hirsch,718268,m1_fires,15.701,14.717,221.32,28.0,True,True,2501,3120,
Dr. Jacob Hirsch,718339,pooled_fires,11.594,13.36,27.0,27.0,False,False,2512,3154,
Dr. Jacob Hirsch,718648,pooled_fires,13.042,12.036,26.0,26.0,False,False,2457,3142,
Dr. Jacob Hirsch,718578,pooled_fires,13.296,13.386,31.5,31.5,False,False,2535,3135,
Dr. Jacob Hirsch,718641,pooled_fires,13.042,12.036,26.0,26.0,False,False,2457,3142,
Dr. Jacob Hirsch,718457,pooled_fires,14.604,10.938,29.5,29.5,False,False,2531,3138,
Dr. Jacob Hirsch,718650,pooled_fires,14.364,13.363,22.0,22.0,False,False,2354,3123,
Dr. Jacob Hirsch,718300,pooled_fires,12.001,11.214,24.0,24.0,False,False,2509,3135,
Dr. Jacob Hirsch,718461,pooled_fires,14.604,10.938,29.5,29.5,False,False,2531,3138,
Dr. Jacob Hirsch,718657,pooled_fires,14.364,13.363,22.0,22.0,False,False,2354,3123,
Dr. Jacob Hirsch,718542,pooled_fires,12.783,9.317,23.5,23.5,False,False,2535,3128,
Dr. Jacob Hirsch,718280,pooled_fires,10.016,9.101,24.0,24.0,False,False,2521,3187,
Dr. Jacob Hirsch,718727,pooled_fires,14.135,8.345,24.5,24.5,False,False,2534,3176,
Dr. Jacob Hirsch,718197,pooled_fires,12.064,8.001,28.0,28.0,False,False,2441,3144,
Dr. Jacob Hirsch,718573,pooled_fires,13.296,13.386,31.5,31.5,False,False,2535,3135,
Dr. Jacob Hirsch,718057,pooled_fires,14.928,10.248,27.5,27.5,False,False,2516,3200,
Dr. Jacob Hirsch,718456,pooled_fires,14.604,10.938,29.5,29.5,False,False,2531,3138,
Dr. Jacob Hirsch,718485,pooled_fires,13.722,14.559,30.5,30.5,False,False,2536,3152,
Dr. Jacob Hirsch,718669,pooled_fires,13.745,12.561,28.0,28.0,False,False,2462,3144,
Dr. Jacob Hirsch,718075,pooled_fires,14.928,10.248,27.5,27.5,False,False,2516,3200,
Dr. Jacob Hirsch,718541,pooled_fires,12.783,9.317,23.5,23.5,False,False,2535,3128,
Dr. Jacob Hirsch,718386,pooled_fires,11.546,11.961,25.5,25.5,False,False,2506,3145,
Dr. Jacob Hirsch,718586,pooled_fires,11.019,9.156,32.0,32.0,False,False,2538,3143,
Dr. Jacob Hirsch,718505,pooled_fires,13.267,14.493,21.0,21.0,False,False,2539,3137,
Dr. Jacob Hirsch,718428,pooled_fires,13.846,9.121,30.0,30.0,False,False,2529,3147,
Dr. Jacob Hirsch,718324,pooled_fires,11.594,13.36,27.0,27.0,False,False,2512,3154,
Dr. Jacob Hirsch,718582,pooled_fires,11.019,9.156,32.0,32.0,False,False,2538,3143,
Dr. Jacob Hirsch,718070,pooled_fires,14.928,10.248,27.5,27.5,False,False,2516,3200,
Dr. Jacob Hirsch,718599,pooled_fires,11.043,9.521,29.5,29.5,False,False,2533,3137,
Dr. Jacob Hirsch,718645,pooled_fires,13.042,12.036,26.0,26.0,False,False,2457,3142,
Dr. Jacob Hirsch,718534,pooled_fires,13.559,9.494,28.0,28.0,False,False,2511,3178,
Dr. Jacob Hirsch,718060,pooled_fires,14.928,10.248,27.5,27.5,False,False,2516,3200,
Dr. Jacob Hirsch,718254,m1_fires,15.701,14.717,221.32,28.0,True,True,2501,3120,
Dr. Jacob Hirsch,718092,neither,34.213,21.455,214.752,214.752,False,False,2417,3154,
Dr. Jacob Hirsch,718628,pooled_fires,13.042,12.036,26.0,26.0,False,False,2457,3142,
Dr. Jacob Hirsch,718103,pooled_fires,9.674,7.94,27.5,27.5,False,False,2470,3128,
Dr. Jacob Hirsch,718212,pooled_fires,10.514,7.744,19.0,19.0,False,False,2456,3163,
Dr. Jacob Hirsch,718158,pooled_fires,10.231,11.541,23.0,23.0,False,False,2454,3142,
Dr. Jacob Hirsch,718346,pooled_fires,9.306,9.749,25.0,25.0,False,False,2507,3146,
Dr. Jacob Hirsch,718172,pooled_fires,11.359,9.02,26.0,26.0,False,False,2449,3140,
Dr. Jacob Hirsch,718107,pooled_fires,9.674,7.94,27.5,27.5,False,False,2470,3128,
Dr. Jacob Hirsch,718712,pooled_fires,14.135,8.345,24.5,24.5,False,False,2534,3176,
Dr. Jacob Hirsch,718760,pooled_fires,10.629,8.341,33.0,33.0,False,False,2599,3171,
Dr. Jacob Hirsch,718415,m1_fires,16.414,11.206,208.908,29.0,True,True,2505,3137,
Dr. Jacob Hirsch,718354,pooled_fires,9.306,9.749,25.0,25.0,False,False,2507,3146,
Dr. Jacob Hirsch,718200,pooled_fires,12.064,8.001,28.0,28.0,False,False,2441,3144,
Dr. Jacob Hirsch,718604,pooled_fires,11.043,9.521,29.5,29.5,False,False,2533,3137,
Dr. Jacob Hirsch,718400,m1_fires,16.414,11.206,208.908,29.0,True,True,2505,3137,
Dr. Jacob Hirsch,718747,pooled_fires,13.342,8.246,28.0,28.0,False,False,2617,3183,
Dr. Jacob Hirsch,718360,pooled_fires,9.306,9.749,25.0,25.0,False,False,2507,3146,
Dr. Jacob Hirsch,718329,pooled_fires,11.594,13.36,27.0,27.0,False,False,2512,3154,
Dr. Jacob Hirsch,718474,pooled_fires,13.722,14.559,30.5,30.5,False,False,2536,3152,
Dr. Jacob Hirsch,718125,pooled_fires,11.086,10.083,28.0,28.0,False,False,2464,3128,
Dr. Jacob Hirsch,718311,pooled_fires,12.001,11.214,24.0,24.0,False,False,2509,3135,
Dr. Jacob Hirsch,718664,pooled_fires,13.745,12.561,28.0,28.0,False,False,2462,3144,
Dr. Jacob Hirsch,718482,pooled_fires,13.722,14.559,30.5,30.5,False,False,2536,3152,
Dr. Jacob Hirsch,718528,pooled_fires,13.559,9.494,28.0,28.0,False,False,2511,3178,
Dr. Jacob Hirsch,718306,pooled_fires,12.001,11.214,24.0,24.0,False,False,2509,3135,
Dr. Jacob Hirsch,718184,pooled_fires,11.359,9.02,26.0,26.0,False,False,2449,3140,
Dr. Jacob Hirsch,718307,pooled_fires,12.001,11.214,24.0,24.0,False,False,2509,3135,
Dr. Jacob Hirsch,718190,pooled_fires,11.359,9.02,26.0,26.0,False,False,2449,3140,
Dr. Jacob Hirsch,718342,pooled_fires,9.306,9.749,25.0,25.0,False,False,2507,3146,
Dr. Jacob Hirsch,718401,m1_fires,16.414,11.206,208.908,29.0,True,True,2505,3137,
Dr. Jacob Hirsch,718480,pooled_fires,13.722,14.559,30.5,30.5,False,False,2536,3152,
Dr. Jacob Hirsch,718581,pooled_fires,11.019,9.156,32.0,32.0,False,False,2538,3143,
Otto Helbing Nachf.,709750,pooled_fires,6.359,1.932,209.0,209.0,False,False,1882,2734,
Otto Helbing Nachf.,702456,pooled_fires,9.513,1.694,207.0,207.0,False,False,2049,2905,
Otto Helbing Nachf.,702486,pooled_fires,12.664,7.117,204.5,204.5,False,False,2176,3039,
Otto Helbing Nachf.,702525,m1_fires,81.187,5.803,212.568,204.5,True,False,2052,2973,
Otto Helbing Nachf.,723419,pooled_fires,13.654,2.332,209.0,209.0,False,False,1622,2337,
Otto Helbing Nachf.,706628,pooled_fires,4.981,1.121,206.5,206.5,False,False,2027,2954,
Otto Helbing Nachf.,700966,m1_fires,15.172,2.531,214.464,202.5,True,False,1653,2339,
Otto Helbing Nachf.,711705,m1_fires,25.715,3.407,217.045,208.5,True,False,1653,2339,
Otto Helbing Nachf.,723745,pooled_fires,12.557,2.499,206.0,206.0,False,False,1653,2339,
Otto Helbing Nachf.,701030,pooled_fires,9.95,2.981,204.0,204.0,False,False,1653,2339,
Otto Helbing Nachf.,709366,neither,68.864,97.167,215.808,215.808,False,False,2065,2948,
Otto Helbing Nachf.,701116,pooled_fires,11.641,2.608,208.0,208.0,False,False,1622,2337,
Otto Helbing Nachf.,709745,pooled_fires,6.359,1.932,209.0,209.0,False,False,1882,2734,
Otto Helbing Nachf.,711856,m1_fires,21.573,4.421,214.723,206.5,True,False,1626,2337,
Otto Helbing Nachf.,699881,pooled_fires,13.981,2.002,209.0,209.0,False,False,1626,2337,
Otto Helbing Nachf.,723785,pooled_fires,9.865,1.973,205.0,205.0,False,False,1653,2339,
Otto Helbing Nachf.,709725,pooled_fires,6.542,2.154,209.0,209.0,False,False,1882,2734,
Otto Helbing Nachf.,711802,pooled_fires,10.225,0.983,209.0,209.0,False,False,1620,2337,
Otto Helbing Nachf.,711800,pooled_fires,10.225,0.983,209.0,209.0,False,False,1620,2337,
Otto Helbing Nachf.,702441,pooled_fires,7.105,1.76,205.5,205.5,False,False,2048,2969,
Otto Helbing Nachf.,706388,pooled_fires,12.557,2.499,206.0,206.0,False,False,1653,2339,
Otto Helbing Nachf.,701004,pooled_fires,11.607,2.026,205.0,205.0,False,False,1653,2339,
Otto Helbing Nachf.,699892,m1_fires,22.485,0.5,216.78,231.5,True,False,1623,2337,
Otto Helbing Nachf.,709626,pooled_fires,8.315,2.306,209.0,209.0,False,False,1853,2732,
Otto Helbing Nachf.,706153,m1_fires,26.129,3.893,216.345,208.0,True,False,1653,2339,
Otto Helbing Nachf.,706157,m1_fires,26.129,3.893,216.345,208.0,True,False,1653,2339,
Otto Helbing Nachf.,700946,neither,39.991,65.83,216.59,216.59,False,False,1653,2339,
Otto Helbing Nachf.,709463,pooled_fires,4.523,1.598,206.5,206.5,False,False,2035,2963,
Otto Helbing Nachf.,709367,neither,68.864,97.167,215.808,215.808,False,False,2065,2948,
Otto Helbing Nachf.,700997,pooled_fires,11.607,2.026,205.0,205.0,False,False,1653,2339,
Otto Helbing Nachf.,709428,pooled_fires,6.285,1.602,205.5,205.5,False,False,2023,2958,
Otto Helbing Nachf.,706099,pooled_fires,13.654,2.332,209.0,209.0,False,False,1622,2337,
Otto Helbing Nachf.,706363,m1_fires,15.172,2.531,214.464,202.5,True,False,1653,2339,
Otto Helbing Nachf.,702506,neither,70.535,95.69,213.983,213.983,False,False,2061,2969,
Otto Helbing Nachf.,702918,pooled_fires,9.865,1.973,205.0,205.0,False,False,1653,2339,
Otto Helbing Nachf.,702494,m1_fires,18.691,7.233,215.515,204.0,True,False,2150,3037,
Otto Helbing Nachf.,723849,m1_fires,16.401,2.002,215.9,206.5,True,False,1626,2337,
Otto Helbing Nachf.,709637,pooled_fires,8.422,1.652,209.0,209.0,False,False,1853,2732,
Otto Helbing Nachf.,706133,pooled_fires,12.396,1.714,209.0,209.0,False,False,1622,2337,
Otto Helbing Nachf.,723600,m1_fires,21.573,4.421,214.723,206.5,True,False,1626,2337,
Otto Helbing Nachf.,723471,m1_fires,15.435,3.706,215.152,208.0,True,False,1626,2337,
Otto Helbing Nachf.,709622,pooled_fires,8.315,2.306,209.0,209.0,False,False,1853,2732,
Otto Helbing Nachf.,723842,m1_fires,16.401,2.002,215.9,206.5,True,False,1626,2337,
Otto Helbing Nachf.,704590,m1_fires,27.042,6.417,209.541,202.0,True,False,2060,2874,
Otto Helbing Nachf.,709761,pooled_fires,7.618,2.804,209.0,209.0,False,False,1882,2734,
Otto Helbing Nachf.,709632,pooled_fires,8.422,1.652,209.0,209.0,False,False,1853,2732,
Otto Helbing Nachf.,704614,pooled_fires,8.965,1.694,209.0,209.0,False,False,2040,2955,
Otto Helbing Nachf.,723861,m1_fires,16.401,2.002,215.9,206.5,True,False,1626,2337,
Otto Helbing Nachf.,709742,pooled_fires,6.359,1.932,209.0,209.0,False,False,1882,2734,
Otto Helbing Nachf.,699911,m1_fires,22.485,0.5,216.78,231.5,True,False,1623,2337,
Otto Helbing Nachf.,711810,pooled_fires,11.215,1.912,209.0,209.0,False,False,1626,2337,
Otto Helbing Nachf.,701102,pooled_fires,13.072,2.068,207.5,207.5,False,False,1623,2337,
Otto Helbing Nachf.,706708,neither,70.535,95.69,213.983,213.983,False,False,2061,2969,
Otto Helbing Nachf.,700806,pooled_fires,12.396,1.714,209.0,209.0,False,False,1622,2337,
Otto Helbing Nachf.,702729,pooled_fires,12.347,2.987,208.5,208.5,False,False,1616,2337,
Otto Helbing Nachf.,699836,m1_fires,16.041,2.667,215.208,205.0,True,False,1653,2339,
Otto Helbing Nachf.,709685,pooled_fires,7.187,1.705,209.0,209.0,False,False,1882,2734,
Otto Helbing Nachf.,700825,m1_fires,15.435,3.706,215.152,208.0,True,False,1626,2337,
Otto Helbing Nachf.,702449,pooled_fires,5.383,1.365,204.5,204.5,False,False,2085,2939,
Otto Helbing Nachf.,704599,pooled_fires,10.51,1.628,207.5,207.5,False,False,2035,2959,
Otto Helbing Nachf.,706199,pooled_fires,13.441,3.0,208.5,208.5,False,False,1626,2337,
Otto Helbing Nachf.,704749,m1_fires,81.187,5.803,212.568,204.5,True,False,2052,2973,
Otto Helbing Nachf.,700900,m1_fires,15.167,2.477,216.55,207.5,True,False,1616,2337,
Otto Helbing Nachf.,706680,pooled_fires,12.664,7.117,204.5,204.5,False,False,2176,3039,
Otto Helbing Nachf.,706724,pooled_fires,7.028,1.055,207.5,207.5,False,False,2044,2947,
Otto Helbing Nachf.,723459,m1_fires,26.129,3.893,216.345,208.0,True,False,1653,2339,
Otto Helbing Nachf.,704744,m1_fires,81.187,5.803,212.568,204.5,True,False,2052,2973,
Otto Helbing Nachf.,711893,m1_fires,17.299,3.324,214.486,205.5,True,False,1653,2339,
Otto Helbing Nachf.,711889,m1_fires,17.299,3.324,214.486,205.5,True,False,1653,2339,
Otto Helbing Nachf.,706159,m1_fires,15.435,3.706,215.152,208.0,True,False,1626,2337,
Otto Helbing Nachf.,723413,pooled_fires,13.654,2.332,209.0,209.0,False,False,1622,2337,
Otto Helbing Nachf.,709731,pooled_fires,6.542,2.154,209.0,209.0,False,False,1882,2734,
Otto Helbing Nachf.,723723,pooled_fires,14.248,2.059,203.5,203.5,False,False,1653,2339,
Otto Helbing Nachf.,730832,m1_fires,16.401,2.002,215.9,206.5,True,False,1626,2337,
Otto Helbing Nachf.,706164,m1_fires,15.435,3.706,215.152,208.0,True,False,1626,2337,
Otto Helbing Nachf.,700902,m1_fires,21.179,4.926,216.285,207.0,True,False,1626,2337,
Otto Helbing Nachf.,711891,m1_fires,17.299,3.324,214.486,205.5,True,False,1653,2339,
Otto Helbing Nachf.,709772,pooled_fires,9.995,2.122,209.0,209.0,False,False,1882,2734,
Otto Helbing Nachf.,711815,pooled_fires,10.583,2.522,209.0,209.0,False,False,1623,2337,
Otto Helbing Nachf.,711759,pooled_fires,12.347,2.987,208.5,208.5,False,False,1616,2337,
Otto Helbing Nachf.,699903,m1_fires,22.485,0.5,216.78,231.5,True,False,1623,2337,
Otto Helbing Nachf.,723910,pooled_fires,13.072,2.068,207.5,207.5,False,False,1623,2337,
Otto Helbing Nachf.,706710,neither,70.535,95.69,213.983,213.983,False,False,2061,2969,
Otto Helbing Nachf.,702452,pooled_fires,9.513,1.694,207.0,207.0,False,False,2049,2905,
Otto Helbing Nachf.,700926,m1_fires,17.299,3.324,214.486,205.5,True,False,1653,2339,
Otto Helbing Nachf.,699826,pooled_fires,13.441,3.0,208.5,208.5,False,False,1626,2337,
Otto Helbing Nachf.,700849,pooled_fires,13.441,3.0,208.5,208.5,False,False,1626,2337,
Otto Helbing Nachf.,699888,m1_fires,22.485,0.5,216.78,231.5,True,False,1623,2337,
Otto Helbing Nachf.,700875,pooled_fires,10.225,0.983,209.0,209.0,False,False,1620,2337,
Otto Helbing Nachf.,700993,pooled_fires,12.557,2.499,206.0,206.0,False,False,1653,2339,
Otto Helbing Nachf.,702458,pooled_fires,9.513,1.694,207.0,207.0,False,False,2049,2905,
Otto Helbing Nachf.,702511,pooled_fires,7.028,1.055,207.5,207.5,False,False,2044,2947,
Otto Helbing Nachf.,723495,pooled_fires,12.441,1.848,209.0,209.0,False,False,1623,2337,
Otto Helbing Nachf.,723643,m1_fires,17.317,2.914,214.114,205.5,True,False,1653,2339,
Otto Helbing Nachf.,723687,m1_fires,15.461,2.698,214.524,204.0,True,False,1653,2339,
Otto Helbing Nachf.,702442,pooled_fires,7.105,1.76,205.5,205.5,False,False,2048,2969,
Otto Helbing Nachf.,699858,pooled_fires,9.865,1.973,205.0,205.0,False,False,1653,2339,
Otto Helbing Nachf.,723415,pooled_fires,13.654,2.332,209.0,209.0,False,False,1622,2337,
Otto Helbing Nachf.,700880,pooled_fires,10.583,2.522,209.0,209.0,False,False,1623,2337,
Otto Helbing Nachf.,709370,neither,68.864,97.167,215.808,215.808,False,False,2065,2948,
Otto Helbing Nachf.,709655,pooled_fires,7.897,1.961,209.0,209.0,False,False,1853,2732,
Otto Helbing Nachf.,700829,pooled_fires,12.441,1.848,209.0,209.0,False,False,1623,2337,
Otto Helbing Nachf.,700843,pooled_fires,12.347,2.987,208.5,208.5,False,False,1616,2337,
Otto Helbing Nachf.,701025,pooled_fires,9.95,2.981,204.0,204.0,False,False,1653,2339,
Otto Helbing Nachf.,712569,pooled_fires,7.467,2.227,209.0,209.0,False,False,1882,2734,
Otto Helbing Nachf.,704651,pooled_fires,6.097,2.572,208.5,208.5,False,False,2035,2963,
Otto Helbing Nachf.,706350,m1_fires,15.461,2.698,214.524,204.0,True,False,1653,2339,
Otto Helbing Nachf.,702510,pooled_fires,7.028,1.055,207.5,207.5,False,False,2044,2947,
Otto Helbing Nachf.,709657,pooled_fires,8.52,1.87,209.0,209.0,False,False,1853,2732,
Otto Helbing Nachf.,702514,pooled_fires,7.028,1.055,207.5,207.5,False,False,2044,2947,
Otto Helbing Nachf.,709439,pooled_fires,6.285,1.602,205.5,205.5,False,False,2023,2958,
Otto Helbing Nachf.,709739,pooled_fires,6.359,1.932,209.0,209.0,False,False,1882,2734,
Otto Helbing Nachf.,700873,m1_fires,21.866,2.919,214.552,206.0,True,False,1633,2338,
Otto Helbing Nachf.,701105,pooled_fires,13.072,2.068,207.5,207.5,False,False,1623,2337,
Otto Helbing Nachf.,704628,pooled_fires,7.437,2.054,205.0,205.0,False,False,2040,2968,
Otto Helbing Nachf.,704589,m1_fires,27.042,6.417,209.541,202.0,True,False,2060,2874,
Otto Helbing Nachf.,700917,m1_fires,15.703,1.676,216.162,206.5,True,False,1620,2337,
Otto Helbing Nachf.,702448,pooled_fires,4.489,1.865,206.5,206.5,False,False,2040,2955,
Otto Helbing Nachf.,699872,pooled_fires,13.981,2.002,209.0,209.0,False,False,1626,2337,
Otto Helbing Nachf.,699866,pooled_fires,9.95,2.981,204.0,204.0,False,False,1653,2339,
Otto Helbing Nachf.,700915,m1_fires,15.703,1.676,216.162,206.5,True,False,1620,2337,
Otto Helbing Nachf.,723547,pooled_fires,11.215,1.912,209.0,209.0,False,False,1626,2337,
Otto Helbing Nachf.,700826,m1_fires,15.435,3.706,215.152,208.0,True,False,1626,2337,
Otto Helbing Nachf.,700989,pooled_fires,12.557,2.499,206.0,206.0,False,False,1653,2339,
Otto Helbing Nachf.,699886,m1_fires,22.485,0.5,216.78,231.5,True,False,1623,2337,
Otto Helbing Nachf.,709644,pooled_fires,7.897,1.961,209.0,209.0,False,False,1853,2732,
Otto Helbing Nachf.,700963,m1_fires,15.172,2.531,214.464,202.5,True,False,1653,2339,
Otto Helbing Nachf.,709618,pooled_fires,8.315,2.306,209.0,209.0,False,False,1853,2732,
Otto Helbing Nachf.,700821,m1_fires,25.715,3.407,217.045,208.5,True,False,1653,2339,
Otto Helbing Nachf.,700992,pooled_fires,12.557,2.499,206.0,206.0,False,False,1653,2339,
Otto Helbing Nachf.,709633,pooled_fires,8.422,1.652,209.0,209.0,False,False,1853,2732,
Otto Helbing Nachf.,704603,pooled_fires,10.51,1.628,207.5,207.5,False,False,2035,2959,
Otto Helbing Nachf.,701047,pooled_fires,13.981,2.002,209.0,209.0,False,False,1626,2337,
Otto Helbing Nachf.,709727,pooled_fires,6.542,2.154,209.0,209.0,False,False,1882,2734,
Otto Helbing Nachf.,701109,pooled_fires,11.641,2.608,208.0,208.0,False,False,1622,2337,
Otto Helbing Nachf.,699857,pooled_fires,9.865,1.973,205.0,205.0,False,False,1653,2339,
Otto Helbing Nachf.,700794,pooled_fires,14.78,3.239,209.0,209.0,False,False,1626,2337,
Otto Helbing Nachf.,706753,m1_fires,81.187,5.803,212.568,204.5,True,False,2052,2973,
Otto Helbing Nachf.,702909,pooled_fires,9.865,1.973,205.0,205.0,False,False,1653,2339,
Otto Helbing Nachf.,700883,pooled_fires,10.583,2.522,209.0,209.0,False,False,1623,2337,
Otto Helbing Nachf.,702766,pooled_fires,11.215,1.912,209.0,209.0,False,False,1626,2337,
Otto Helbing Nachf.,709759,pooled_fires,7.618,2.804,209.0,209.0,False,False,1882,2734,
Otto Helbing Nachf.,702541,pooled_fires,10.694,3.135,208.5,208.5,False,False,2052,2952,
Otto Helbing Nachf.,701122,m1_fires,25.89,2.855,216.514,207.5,True,False,1653,2339,
Otto Helbing Nachf.,702453,pooled_fires,9.513,1.694,207.0,207.0,False,False,2049,2905,
Otto Helbing Nachf.,702513,pooled_fires,7.028,1.055,207.5,207.5,False,False,2044,2947,
Otto Helbing Nachf.,700970,m1_fires,15.172,2.531,214.464,202.5,True,False,1653,2339,
Otto Helbing Nachf.,700912,m1_fires,21.573,4.421,214.723,206.5,True,False,1626,2337,
Otto Helbing Nachf.,700790,pooled_fires,14.78,3.239,209.0,209.0,False,False,1626,2337,
Otto Helbing Nachf.,709624,pooled_fires,8.315,2.306,209.0,209.0,False,False,1853,2732,
Otto Helbing Nachf.,702515,pooled_fires,7.028,1.055,207.5,207.5,False,False,2044,2947,
Otto Helbing Nachf.,712040,pooled_fires,9.865,1.973,205.0,205.0,False,False,1653,2339,
Otto Helbing Nachf.,723694,m1_fires,15.461,2.698,214.524,204.0,True,False,1653,2339,
Otto Helbing Nachf.,700863,pooled_fires,12.011,1.525,209.0,209.0,False,False,1616,2337,
Otto Helbing Nachf.,700860,pooled_fires,12.011,1.525,209.0,209.0,False,False,1616,2337,
Otto Helbing Nachf.,701006,pooled_fires,11.607,2.026,205.0,205.0,False,False,1653,2339,
Otto Helbing Nachf.,723850,m1_fires,16.401,2.002,215.9,206.5,True,False,1626,2337,
Otto Helbing Nachf.,709680,pooled_fires,6.346,1.388,209.0,209.0,False,False,1853,2732,
Otto Helbing Nachf.,709764,pooled_fires,7.618,2.804,209.0,209.0,False,False,1882,2734,
Otto Helbing Nachf.,699854,pooled_fires,9.865,1.973,205.0,205.0,False,False,1653,2339,
Otto Helbing Nachf.,699868,pooled_fires,9.95,2.981,204.0,204.0,False,False,1653,2339,
Otto Helbing Nachf.,700973,pooled_fires,14.248,2.059,203.5,203.5,False,False,1653,2339,
Otto Helbing Nachf.,723576,m1_fires,21.179,4.926,216.285,207.0,True,False,1626,2337,
Otto Helbing Nachf.,706697,neither,70.535,95.69,213.983,213.983,False,False,2061,2969,
Otto Helbing Nachf.,723588,m1_fires,21.573,4.421,214.723,206.5,True,False,1626,2337,
Otto Helbing Nachf.,702468,pooled_fires,6.285,1.602,205.5,205.5,False,False,2023,2958,
Otto Helbing Nachf.,702435,m1_fires,27.042,6.417,209.541,202.0,True,False,2060,2874,
Otto Helbing Nachf.,723545,pooled_fires,10.225,0.983,209.0,209.0,False,False,1620,2337,
Otto Helbing Nachf.,699817,pooled_fires,12.396,1.714,209.0,209.0,False,False,1622,2337,
Otto Helbing Nachf.,706382,pooled_fires,12.557,2.499,206.0,206.0,False,False,1653,2339,
Otto Helbing Nachf.,700947,neither,39.991,65.83,216.59,216.59,False,False,1653,2339,
Otto Helbing Nachf.,709606,pooled_fires,6.815,1.861,209.0,209.0,False,False,1853,2732,
Otto Helbing Nachf.,706405,pooled_fires,11.607,2.026,205.0,205.0,False,False,1653,2339,
Otto Helbing Nachf.,709615,pooled_fires,8.315,2.306,209.0,209.0,False,False,1853,2732,
Otto Helbing Nachf.,723668,neither,39.991,65.83,216.59,216.59,False,False,1653,2339,
Otto Helbing Nachf.,706342,m1_fires,15.461,2.698,214.524,204.0,True,False,1653,2339,
Otto Helbing Nachf.,730490,m1_fires,15.435,3.706,215.152,208.0,True,False,1626,2337,
Otto Helbing Nachf.,700962,m1_fires,15.461,2.698,214.524,204.0,True,False,1653,2339,
Otto Helbing Nachf.,712582,pooled_fires,7.712,1.327,209.0,209.0,False,False,1882,2734,
Otto Helbing Nachf.,706512,pooled_fires,13.072,2.068,207.5,207.5,False,False,1623,2337,
Otto Helbing Nachf.,723645,m1_fires,17.317,2.914,214.114,205.5,True,False,1653,2339,
Otto Helbing Nachf.,700984,pooled_fires,12.557,2.499,206.0,206.0,False,False,1653,2339,
Otto Helbing Nachf.,702443,pooled_fires,7.437,2.054,205.0,205.0,False,False,2040,2968,
Otto Helbing Nachf.,723955,m1_fires,25.89,2.855,216.514,207.5,True,False,1653,2339,
Otto Helbing Nachf.,709607,pooled_fires,6.815,1.861,209.0,209.0,False,False,1853,2732,
Otto Helbing Nachf.,702806,m1_fires,15.703,1.676,216.162,206.5,True,False,1620,2337,
Otto Helbing Nachf.,709674,pooled_fires,6.346,1.388,209.0,209.0,False,False,1853,2732,
Otto Helbing Nachf.,706151,m1_fires,26.129,3.893,216.345,208.0,True,False,1653,2339,
Otto Helbing Nachf.,709584,pooled_fires,11.731,2.664,208.5,208.5,False,False,1853,2732,
Otto Helbing Nachf.,701119,m1_fires,25.89,2.855,216.514,207.5,True,False,1653,2339,
Otto Helbing Nachf.,702439,pooled_fires,8.965,1.694,209.0,209.0,False,False,2040,2955,
Otto Helbing Nachf.,702461,pooled_fires,6.285,1.602,205.5,205.5,False,False,2023,2958,
Otto Helbing Nachf.,699902,m1_fires,22.485,0.5,216.78,231.5,True,False,1623,2337,
Otto Helbing Nachf.,699794,pooled_fires,6.248,2.757,208.0,208.0,False,False,2040,2964,
Otto Helbing Nachf.,706163,m1_fires,15.435,3.706,215.152,208.0,True,False,1626,2337,
Otto Helbing Nachf.,723592,m1_fires,21.573,4.421,214.723,206.5,True,False,1626,2337,
Otto Helbing Nachf.,709776,pooled_fires,9.995,2.122,209.0,209.0,False,False,1882,2734,
Otto Helbing Nachf.,723509,pooled_fires,12.347,2.987,208.5,208.5,False,False,1616,2337,
Otto Helbing Nachf.,702444,pooled_fires,7.437,2.054,205.0,205.0,False,False,2040,2968,
Otto Helbing Nachf.,699847,pooled_fires,14.248,2.059,203.5,203.5,False,False,1653,2339,
artemide,329774,pooled_fires,0.0,0.0,255.0,255.0,False,False,600,280,
artemide,329391,pooled_fires,0.0,0.0,255.0,255.0,False,False,600,291,
artemide,329900,pooled_fires,0.0,0.0,255.0,255.0,False,False,600,296,
artemide,329906,pooled_fires,0.0,0.0,255.0,255.0,False,False,600,311,
artemide,330072,pooled_fires,0.0,0.0,255.0,255.0,False,False,600,297,
artemide,329702,pooled_fires,0.0,0.0,255.0,255.0,False,False,600,340,
artemide,330337,pooled_fires,0.0,0.0,255.0,255.0,False,False,600,292,
artemide,329764,pooled_fires,0.0,0.0,255.0,255.0,False,False,600,290,
artemide,329463,pooled_fires,0.0,0.0,255.0,255.0,False,False,600,304,
artemide,330269,pooled_fires,0.0,0.0,255.0,255.0,False,False,600,298,
artemide,329730,pooled_fires,0.0,0.0,255.0,255.0,False,False,600,309,
artemide,330188,pooled_fires,0.0,0.0,255.0,255.0,False,False,600,288,
artemide,329820,pooled_fires,0.0,0.0,255.0,255.0,False,False,600,312,
artemide,330228,pooled_fires,0.0,0.0,255.0,255.0,False,False,600,293,
artemide,330112,pooled_fires,0.0,0.0,255.0,255.0,False,False,600,298,
artemide,329828,pooled_fires,0.0,0.0,255.0,255.0,False,False,600,296,
artemide,330034,pooled_fires,0.0,0.0,255.0,255.0,False,False,600,313,
artemide,329868,pooled_fires,0.0,0.0,255.0,255.0,False,False,600,306,
artemide,330387,pooled_fires,0.0,0.0,255.0,255.0,False,False,600,284,
artemide,330067,pooled_fires,0.0,0.0,255.0,255.0,False,False,600,310,
artemide,329747,pooled_fires,0.0,0.0,255.0,255.0,False,False,600,277,
artemide,329363,pooled_fires,0.0,0.0,255.0,255.0,False,False,600,266,
artemide,329799,pooled_fires,0.0,0.0,255.0,255.0,False,False,600,285,
artemide,329804,pooled_fires,0.0,0.0,255.0,255.0,False,False,600,309,
artemide,329425,pooled_fires,0.0,0.0,255.0,255.0,False,False,600,300,
artemide,329903,pooled_fires,0.0,0.0,255.0,255.0,False,False,600,281,
artemide,330092,pooled_fires,0.0,0.0,255.0,255.0,False,False,600,311,
artemide,329841,pooled_fires,0.0,0.0,255.0,255.0,False,False,600,278,
artemide,329807,pooled_fires,0.0,0.0,255.0,255.0,False,False,600,306,
artemide,330303,pooled_fires,0.0,0.0,255.0,255.0,False,False,600,311,
artemide,329471,pooled_fires,0.0,0.0,255.0,255.0,False,False,600,304,
artemide,329910,pooled_fires,0.0,0.0,255.0,255.0,False,False,600,302,
artemide,329783,pooled_fires,0.0,0.0,255.0,255.0,False,False,600,289,
artemide,329762,pooled_fires,0.0,0.0,255.0,255.0,False,False,600,285,
artemide,330309,pooled_fires,0.0,0.0,255.0,255.0,False,False,600,268,
artemide,330334,pooled_fires,0.0,0.0,255.0,255.0,False,False,600,310,
artemide,329888,pooled_fires,0.0,0.0,255.0,255.0,False,False,600,295,
artemide,329387,pooled_fires,0.0,0.0,255.0,255.0,False,False,600,293,
artemide,329822,pooled_fires,0.0,0.0,255.0,255.0,False,False,600,301,
artemide,329360,pooled_fires,0.0,0.0,255.0,255.0,False,False,600,290,
artemide,329870,pooled_fires,0.0,0.0,255.0,255.0,False,False,600,314,
artemide,329710,pooled_fires,0.0,0.0,255.0,255.0,False,False,600,302,
artemide,330185,pooled_fires,0.0,0.0,255.0,255.0,False,False,600,281,
artemide,329816,pooled_fires,0.0,0.0,255.0,255.0,False,False,600,290,
artemide,330378,pooled_fires,0.0,0.0,255.0,255.0,False,False,600,300,
artemide,329301,pooled_fires,0.0,0.0,255.0,255.0,False,False,600,388,
artemide,329848,pooled_fires,0.0,0.0,255.0,255.0,False,False,600,294,
artemide,330035,pooled_fires,0.0,0.0,255.0,255.0,False,False,600,284,
artemide,329963,pooled_fires,0.0,0.0,255.0,255.0,False,False,600,300,
artemide,329451,pooled_fires,0.0,0.0,255.0,255.0,False,False,600,300,
artemide,329931,pooled_fires,0.0,0.0,255.0,255.0,False,False,600,308,
artemide,329713,pooled_fires,0.0,0.0,255.0,255.0,False,False,600,301,
artemide,330317,pooled_fires,0.0,0.0,255.0,255.0,False,False,600,289,
artemide,330215,pooled_fires,0.0,0.0,255.0,255.0,False,False,600,297,
artemide,329447,pooled_fires,0.0,0.0,255.0,255.0,False,False,600,298,
artemide,330331,pooled_fires,0.0,0.0,255.0,255.0,False,False,636,300,
artemide,330232,pooled_fires,0.0,0.0,255.0,255.0,False,False,600,299,
artemide,329925,pooled_fires,0.0,0.0,255.0,255.0,False,False,600,298,
artemide,330126,pooled_fires,0.0,0.0,255.0,255.0,False,False,600,290,
artemide,329395,pooled_fires,0.0,0.0,255.0,255.0,False,False,600,283,
artemide,330097,pooled_fires,0.0,0.0,255.0,255.0,False,False,600,298,
artemide,329445,pooled_fires,0.0,0.0,255.0,255.0,False,False,600,297,
artemide,329759,pooled_fires,0.0,0.0,255.0,255.0,False,False,600,301,
artemide,329845,pooled_fires,0.0,0.0,255.0,255.0,False,False,600,145,
artemide,329351,pooled_fires,0.0,0.0,255.0,255.0,False,False,600,282,
artemide,329312,pooled_fires,0.0,0.0,255.0,255.0,False,False,600,274,
artemide,329315,pooled_fires,0.0,0.0,255.0,255.0,False,False,600,423,
artemide,329904,pooled_fires,0.0,0.0,255.0,255.0,False,False,600,319,
artemide,329420,pooled_fires,0.0,0.0,255.0,255.0,False,False,600,292,
artemide,330098,pooled_fires,0.0,0.0,255.0,255.0,False,False,600,299,
artemide,330085,pooled_fires,0.0,0.0,255.0,255.0,False,False,600,281,
artemide,329378,pooled_fires,0.0,0.0,255.0,255.0,False,False,600,297,
artemide,329987,pooled_fires,0.0,0.0,255.0,255.0,False,False,600,292,
artemide,330241,pooled_fires,0.0,0.0,255.0,255.0,False,False,600,284,
artemide,330396,pooled_fires,0.0,0.0,255.0,255.0,False,False,600,294,
artemide,330133,pooled_fires,0.0,0.0,255.0,255.0,False,False,600,296,
artemide,330225,pooled_fires,0.0,0.0,255.0,255.0,False,False,600,288,
artemide,329944,pooled_fires,0.0,0.0,255.0,255.0,False,False,600,295,
artemide,329966,pooled_fires,0.0,0.0,255.0,255.0,False,False,600,290,
artemide,330293,pooled_fires,0.0,0.0,255.0,255.0,False,False,600,286,
artemide,329880,pooled_fires,0.0,0.0,255.0,255.0,False,False,600,288,
artemide,329874,pooled_fires,0.0,0.0,255.0,255.0,False,False,600,309,
artemide,330008,pooled_fires,0.0,0.0,255.0,255.0,False,False,600,304,
artemide,329858,pooled_fires,0.0,0.0,255.0,255.0,False,False,600,310,
artemide,329736,pooled_fires,0.0,0.0,255.0,255.0,False,False,600,317,
artemide,330203,pooled_fires,0.0,0.0,255.0,255.0,False,False,600,287,
artemide,329449,pooled_fires,0.0,0.0,255.0,255.0,False,False,600,307,
artemide,329724,pooled_fires,0.0,0.0,255.0,255.0,False,False,600,301,
artemide,329795,pooled_fires,0.0,0.0,255.0,255.0,False,False,600,302,
artemide,330079,pooled_fires,0.0,0.0,255.0,255.0,False,False,600,296,
artemide,329743,pooled_fires,0.0,0.0,255.0,255.0,False,False,600,305,
artemide,330398,pooled_fires,0.0,0.0,255.0,255.0,False,False,600,292,
artemide,330402,pooled_fires,0.0,0.0,255.0,255.0,False,False,600,308,
artemide,329705,pooled_fires,0.0,0.0,255.0,255.0,False,False,600,297,
artemide,330113,pooled_fires,0.0,0.0,255.0,255.0,False,False,600,281,
artemide,329978,pooled_fires,0.0,0.0,255.0,255.0,False,False,600,316,
artemide,329369,pooled_fires,0.0,0.0,255.0,255.0,False,False,600,284,
artemide,329803,pooled_fires,0.0,0.0,255.0,255.0,False,False,600,293,
artemide,329767,pooled_fires,0.0,0.0,255.0,255.0,False,False,600,325,
artemide,330143,pooled_fires,0.0,0.0,255.0,255.0,False,False,600,299,
artemide,330106,pooled_fires,0.0,0.0,255.0,255.0,False,False,594,303,
artemide,329339,pooled_fires,0.0,0.0,255.0,255.0,False,False,600,297,
artemide,330375,pooled_fires,0.0,0.0,255.0,255.0,False,False,600,292,
artemide,330138,pooled_fires,0.0,0.0,255.0,255.0,False,False,600,301,
artemide,330054,pooled_fires,0.0,0.0,255.0,255.0,False,False,600,330,
artemide,329342,pooled_fires,0.0,0.0,255.0,255.0,False,False,600,298,
artemide,330139,pooled_fires,0.0,0.0,255.0,255.0,False,False,600,279,
artemide,329396,pooled_fires,0.0,0.0,255.0,255.0,False,False,600,305,
artemide,330189,pooled_fires,0.0,0.0,255.0,255.0,False,False,600,294,
artemide,329953,pooled_fires,0.0,0.0,255.0,255.0,False,False,600,290,
artemide,329740,pooled_fires,0.0,0.0,255.0,255.0,False,False,600,306,
artemide,330380,pooled_fires,0.0,0.0,255.0,255.0,False,False,600,319,
artemide,330061,pooled_fires,0.0,0.0,255.0,255.0,False,False,600,317,
artemide,330407,pooled_fires,0.0,0.0,255.0,255.0,False,False,600,283,
artemide,329700,pooled_fires,0.0,0.0,255.0,255.0,False,False,600,295,
artemide,330276,pooled_fires,0.0,0.0,255.0,255.0,False,False,600,310,
artemide,329475,pooled_fires,0.0,0.0,255.0,255.0,False,False,600,299,
artemide,330018,pooled_fires,0.0,0.0,255.0,255.0,False,False,600,292,
artemide,329810,pooled_fires,0.0,0.0,255.0,255.0,False,False,600,299,
artemide,329746,pooled_fires,0.0,0.0,255.0,255.0,False,False,600,281,
artemide,329787,pooled_fires,0.0,0.0,255.0,255.0,False,False,600,286,
artemide,329939,pooled_fires,0.0,0.0,255.0,255.0,False,False,600,292,
artemide,330012,pooled_fires,0.0,0.0,255.0,255.0,False,False,600,294,
artemide,329819,pooled_fires,0.0,0.0,255.0,255.0,False,False,600,296,
artemide,329468,pooled_fires,0.0,0.0,255.0,255.0,False,False,611,300,
artemide,329769,pooled_fires,0.0,0.0,255.0,255.0,False,False,600,306,
artemide,330301,pooled_fires,0.0,0.0,255.0,255.0,False,False,600,298,
artemide,330182,pooled_fires,0.0,0.0,255.0,255.0,False,False,600,289,
artemide,330369,pooled_fires,0.0,0.0,255.0,255.0,False,False,693,300,
artemide,330014,pooled_fires,0.0,0.0,255.0,255.0,False,False,600,301,
artemide,330011,pooled_fires,0.0,0.0,255.0,255.0,False,False,600,294,
artemide,330324,pooled_fires,0.0,0.0,255.0,255.0,False,False,600,282,
artemide,330238,pooled_fires,0.0,0.0,255.0,255.0,False,False,600,294,
artemide,330081,pooled_fires,0.0,0.0,255.0,255.0,False,False,600,312,
artemide,330060,pooled_fires,0.0,0.0,255.0,255.0,False,False,600,304,
artemide,330400,pooled_fires,0.0,0.0,255.0,255.0,False,False,600,311,
artemide,329863,pooled_fires,0.0,0.0,255.0,255.0,False,False,600,301,
artemide,330385,pooled_fires,0.0,0.0,255.0,255.0,False,False,600,362,
artemide,330104,pooled_fires,0.0,0.0,255.0,255.0,False,False,600,312,
artemide,330196,pooled_fires,0.0,0.0,255.0,255.0,False,False,600,301,
artemide,330065,pooled_fires,0.0,0.0,255.0,255.0,False,False,600,347,
artemide,330084,pooled_fires,0.0,0.0,255.0,255.0,False,False,600,306,
artemide,330024,pooled_fires,0.0,0.0,255.0,255.0,False,False,600,274,
artemide,330208,pooled_fires,0.0,0.0,255.0,255.0,False,False,600,289,
artemide,330169,pooled_fires,0.0,0.0,255.0,255.0,False,False,600,310,
artemide,330383,pooled_fires,0.0,0.0,255.0,255.0,False,False,600,283,
artemide,330142,pooled_fires,0.0,0.0,255.0,255.0,False,False,600,293,
artemide,329464,pooled_fires,0.0,0.0,255.0,255.0,False,False,593,300,
artemide,329776,pooled_fires,0.0,0.0,255.0,255.0,False,False,600,306,
artemide,329370,pooled_fires,0.0,0.0,255.0,255.0,False,False,600,298,
artemide,330346,pooled_fires,0.0,0.0,255.0,255.0,False,False,600,303,
artemide,329948,pooled_fires,0.0,0.0,255.0,255.0,False,False,600,296,
artemide,329417,pooled_fires,0.0,0.0,255.0,255.0,False,False,600,270,
artemide,330000,pooled_fires,0.0,0.0,255.0,255.0,False,False,600,308,
artemide,329972,pooled_fires,0.0,0.0,255.0,255.0,False,False,600,308,
artemide,329968,pooled_fires,0.0,0.0,255.0,255.0,False,False,600,300,
artemide,329478,pooled_fires,0.0,0.0,255.0,255.0,False,False,600,310,
artemide,330255,pooled_fires,0.0,0.0,255.0,255.0,False,False,600,281,
artemide,329999,pooled_fires,0.0,0.0,255.0,255.0,False,False,600,285,
artemide,329782,pooled_fires,0.0,0.0,255.0,255.0,False,False,600,282,
artemide,329716,pooled_fires,0.0,0.0,255.0,255.0,False,False,600,302,
artemide,330244,pooled_fires,0.0,0.0,255.0,255.0,False,False,600,317,
artemide,329751,pooled_fires,0.0,0.0,255.0,255.0,False,False,600,290,
artemide,329998,pooled_fires,0.0,0.0,255.0,255.0,False,False,600,314,
artemide,330277,pooled_fires,0.0,0.0,255.0,255.0,False,False,600,299,
artemide,329381,pooled_fires,0.0,0.0,255.0,255.0,False,False,600,315,
artemide,329866,pooled_fires,0.0,0.0,255.0,255.0,False,False,600,311,
artemide,329457,pooled_fires,0.3,0.49,255.0,255.0,False,False,600,338,
artemide,330009,pooled_fires,0.0,0.0,255.0,255.0,False,False,600,281,
artemide,329748,pooled_fires,0.0,0.0,255.0,255.0,False,False,600,283,
artemide,329847,pooled_fires,0.0,0.0,255.0,255.0,False,False,600,280,
artemide,330216,pooled_fires,0.0,0.0,255.0,255.0,False,False,600,297,
artemide,329317,pooled_fires,0.0,0.0,255.0,255.0,False,False,600,263,
artemide,329332,pooled_fires,0.0,0.0,255.0,255.0,False,False,600,345,
artemide,330032,pooled_fires,0.0,0.0,255.0,255.0,False,False,600,307,
artemide,330243,pooled_fires,0.0,0.0,255.0,255.0,False,False,600,300,
artemide,329472,pooled_fires,0.0,0.0,255.0,255.0,False,False,600,287,
artemide,330089,pooled_fires,0.0,0.0,255.0,255.0,False,False,600,302,
artemide,330333,pooled_fires,0.0,0.0,255.0,255.0,False,False,600,295,
artemide,329362,pooled_fires,0.0,0.0,255.0,255.0,False,False,600,316,
artemide,330017,pooled_fires,0.0,0.0,255.0,255.0,False,False,600,292,
artemide,330080,pooled_fires,0.0,0.0,255.0,255.0,False,False,600,280,
artemide,330175,pooled_fires,0.0,0.0,255.0,255.0,False,False,600,304,
artemide,330258,pooled_fires,0.0,0.0,255.0,255.0,False,False,600,295,
artemide,330083,pooled_fires,0.0,0.0,255.0,255.0,False,False,600,298,
artemide,330119,pooled_fires,0.0,0.0,255.0,255.0,False,False,600,299,
artemide,329916,pooled_fires,0.0,0.0,255.0,255.0,False,False,600,290,
artemide,329894,pooled_fires,0.0,0.0,255.0,255.0,False,False,600,271,
artemide,329737,pooled_fires,0.0,0.0,255.0,255.0,False,False,600,300,
artemide,330063,pooled_fires,0.0,0.0,255.0,255.0,False,False,600,291,
artemide,330015,pooled_fires,0.0,0.0,255.0,255.0,False,False,600,327,
artemide,330153,pooled_fires,0.0,0.0,255.0,255.0,False,False,600,300,
artemide,330199,pooled_fires,0.0,0.0,255.0,255.0,False,False,600,305,
artemide,330237,pooled_fires,0.0,0.0,255.0,255.0,False,False,600,312,
artemide,329308,pooled_fires,0.0,0.0,255.0,255.0,False,False,600,296,
artemide,329871,pooled_fires,0.0,0.0,255.0,255.0,False,False,600,304,
artemide,330159,pooled_fires,0.0,0.0,255.0,255.0,False,False,600,296,
artemide,330235,pooled_fires,0.0,0.0,255.0,255.0,False,False,600,298,
artemide,329802,pooled_fires,0.0,0.0,255.0,255.0,False,False,600,310,
artemide,330069,pooled_fires,0.0,0.0,255.0,255.0,False,False,600,301,
cng,725521,m1_fires,21.877,1.546,96.0,75.0,True,False,3000,1440,
cng,649607,m1_fires,21.877,1.546,96.0,75.0,True,False,3000,1440,
cng,699104,m1_fires,21.877,1.546,29.589,75.0,True,False,3000,1440,
cng,695615,m1_fires,21.877,1.546,96.0,75.0,True,False,3000,1440,
cng,650031,m1_fires,21.877,1.546,233.603,75.0,True,True,3000,1440,
cng,738248,pooled_fires,0.0,0.0,255.0,255.0,False,False,2673,1394,
cng,713489,m1_fires,21.877,1.546,219.648,75.0,True,True,3000,1440,
cng,692524,m1_fires,20.305,1.719,96.0,76.5,True,False,3000,1440,
cng,713460,m1_fires,21.877,1.546,96.0,75.0,True,False,3000,1440,
cng,315858,pooled_fires,0.0,0.0,255.0,255.0,False,False,1289,651,
cng,714602,m1_fires,21.877,1.546,29.914,75.0,True,False,3000,1440,
cng,301324,pooled_fires,0.0,0.0,255.0,255.0,False,False,500,244,
cng,290336,m1_fires,21.877,1.546,224.992,75.0,True,True,3000,1440,
cng,320713,m1_fires,21.877,1.546,226.963,75.0,True,True,3000,1440,
cng,713329,m1_fires,21.877,1.546,96.0,75.0,True,False,3000,1440,
cng,725579,m1_fires,21.877,1.546,96.0,75.0,True,False,3000,1440,
cng,738608,pooled_fires,0.0,0.0,255.0,255.0,False,False,3200,1519,
cng,727884,m1_fires,21.877,1.546,29.558,75.0,True,False,3000,1440,
cng,714386,m1_fires,21.877,1.546,226.477,75.0,True,True,3000,1440,
cng,692960,m1_fires,20.305,1.719,31.447,76.5,True,False,3000,1440,
cng,711035,m1_fires,20.305,1.719,30.22,76.5,True,False,3000,1440,
cng,704432,m1_fires,21.877,1.546,96.0,75.0,True,False,3000,1440,
cng,320677,m1_fires,21.877,1.546,229.275,75.0,True,True,3000,1440,
cng,300778,pooled_fires,0.0,0.0,255.0,255.0,False,False,500,237,
cng,335060,m1_fires,20.305,1.719,29.049,76.5,True,False,3000,1440,
cng,309117,pooled_fires,0.0,0.0,255.0,255.0,False,False,1462,762,
cng,726101,m1_fires,21.877,1.546,29.594,75.0,True,False,3000,1440,
cng,301819,pooled_fires,0.0,0.0,255.0,255.0,False,False,1281,622,
cng,728405,m1_fires,21.877,1.546,96.0,75.0,True,False,3000,1440,
cng,289654,m1_fires,21.877,1.546,31.389,75.0,True,False,3000,1440,
cng,334505,m1_fires,21.877,1.546,96.0,75.0,True,False,3000,1440,
cng,699447,m1_fires,21.877,1.546,28.533,75.0,True,False,3000,1440,
cng,301901,pooled_fires,0.0,0.0,255.0,255.0,False,False,1643,842,
cng,321027,m1_fires,21.877,1.546,96.0,75.0,True,False,3000,1440,
cng,727122,m1_fires,21.877,1.546,31.767,75.0,True,False,3000,1440,
cng,652784,m1_fires,21.877,1.546,96.0,75.0,True,False,3000,1440,
cng,693902,m1_fires,20.305,1.719,27.59,76.5,True,False,3000,1440,
cng,289487,m1_fires,21.877,1.546,96.0,75.0,True,False,3000,1440,
cng,725930,m1_fires,21.877,1.546,28.534,75.0,True,False,3000,1440,
cng,289789,m1_fires,21.877,1.546,30.528,75.0,True,False,3000,1440,
cng,725801,pooled_fires,0.0,0.0,255.0,255.0,False,False,800,400,
cng,302151,pooled_fires,0.0,0.0,255.0,255.0,False,False,1488,750,
cng,724972,m1_fires,21.877,1.546,30.872,75.0,True,False,3000,1440,
cng,739562,pooled_fires,0.0,0.0,255.0,255.0,False,False,3200,1722,
cng,664478,m1_fires,21.877,1.546,30.249,75.0,True,False,3000,1440,
cng,723069,m1_fires,21.877,1.546,31.69,75.0,True,False,3000,1440,
cng,310367,pooled_fires,0.0,0.0,255.0,255.0,False,False,1066,497,
cng,738593,pooled_fires,0.0,0.0,255.0,255.0,False,False,3200,1516,
cng,694744,m1_fires,20.305,1.719,96.0,76.5,True,False,3000,1440,
cng,320689,m1_fires,21.877,1.546,231.587,75.0,True,True,3000,1440,
cng,311973,m1_fires,21.877,1.546,96.0,75.0,True,False,3000,1440,
cng,320203,m1_fires,21.877,1.546,96.0,75.0,True,False,3000,1440,
cng,732417,m1_fires,21.877,1.546,32.769,75.0,True,False,3000,1440,
cng,709250,m1_fires,21.877,1.546,226.407,75.0,True,True,3000,1440,
cng,738926,pooled_fires,0.0,0.0,255.0,255.0,False,False,3195,1532,
cng,734592,m1_fires,21.877,1.546,96.0,75.0,True,False,3000,1440,
cng,695781,m1_fires,21.877,1.546,96.0,75.0,True,False,3000,1440,
cng,722253,m1_fires,21.877,1.546,96.0,75.0,True,False,3000,1440,
cng,334266,m1_fires,20.305,1.719,30.126,76.5,True,False,3000,1440,
cng,694974,m1_fires,20.305,1.719,233.635,76.5,True,True,3000,1440,
cng,693372,pooled_fires,10.572,2.828,215.5,215.5,False,False,3200,2400,
cng,710821,m1_fires,20.305,1.719,223.955,76.5,True,True,3000,1440,
cng,319996,m1_fires,21.877,1.546,31.792,75.0,True,False,3000,1440,
cng,692972,m1_fires,20.305,1.719,224.189,76.5,True,True,3000,1440,
cng,334956,m1_fires,20.305,1.719,26.774,76.5,True,False,3000,1440,
cng,726861,m1_fires,21.877,1.546,96.0,75.0,True,False,3000,1440,
cng,321209,m1_fires,21.877,1.546,215.247,75.0,True,True,3000,1440,
cng,700195,m1_fires,21.877,1.546,96.0,75.0,True,False,3000,1440,
cng,732240,m1_fires,21.877,1.546,96.0,75.0,True,False,3000,1440,
cng,695313,m1_fires,20.305,1.719,96.0,76.5,True,False,3000,1440,
cng,312375,m1_fires,21.877,1.546,29.758,75.0,True,False,3000,1440,
cng,713387,m1_fires,21.877,1.546,224.978,75.0,True,True,3000,1440,
cng,695080,m1_fires,20.305,1.719,30.03,76.5,True,False,3000,1440,
cng,713920,m1_fires,21.877,1.546,32.55,75.0,True,False,3000,1440,
cng,731471,m1_fires,21.877,1.546,31.284,75.0,True,False,3000,1440,
cng,732610,m1_fires,21.877,1.546,96.0,75.0,True,False,3000,1440,
cng,318375,m1_fires,21.877,1.546,213.706,75.0,True,True,3000,1440,
cng,734926,m1_fires,20.305,1.719,96.0,76.5,True,False,3000,1440,
cng,723191,m1_fires,21.877,1.546,233.268,75.0,True,True,3000,1440,
cng,715368,m1_fires,21.877,1.546,96.0,75.0,True,False,3000,1440,
cng,733763,m1_fires,21.877,1.546,96.0,75.0,True,False,3000,1440,
cng,327355,m1_fires,21.877,1.546,29.577,75.0,True,False,3000,1440,
cng,694516,pooled_fires,7.699,1.406,216.0,216.0,False,False,3200,2172,
cng,739729,pooled_fires,0.0,0.0,255.0,255.0,False,False,3200,1523,
cng,738958,pooled_fires,0.0,0.0,255.0,255.0,False,False,2662,1352,
cng,713974,m1_fires,21.877,1.546,96.0,75.0,True,False,3000,1440,
cng,300230,pooled_fires,0.0,0.0,255.0,255.0,False,False,2147,1168,
cng,704511,m1_fires,21.877,1.546,29.977,75.0,True,False,3000,1440,
cng,334397,m1_fires,20.305,1.719,96.0,76.5,True,False,3000,1440,
cng,727677,m1_fires,21.877,1.546,30.315,75.0,True,False,3000,1440,
cng,739092,pooled_fires,0.0,0.0,255.0,255.0,False,False,3177,1586,
cng,732081,m1_fires,21.877,1.546,29.236,75.0,True,False,3000,1440,
cng,694812,m1_fires,20.305,1.719,96.0,76.5,True,False,3000,1440,
cng,727151,m1_fires,21.877,1.546,31.014,75.0,True,False,3000,1440,
cng,699708,m1_fires,21.877,1.546,31.197,75.0,True,False,3000,1440,
cng,309071,pooled_fires,0.0,0.0,255.0,255.0,False,False,1236,678,
cng,310203,pooled_fires,0.0,0.0,255.0,255.0,False,False,932,468,
cng,300949,pooled_fires,0.0,0.0,255.0,255.0,False,False,500,246,
cng,731385,m1_fires,21.877,1.546,29.377,75.0,True,False,3000,1440,
cng,713455,m1_fires,21.877,1.546,96.0,75.0,True,False,3000,1440,
cng,696722,m1_fires,36.701,5.076,191.0,179.5,True,False,3200,2400,
cng,302158,pooled_fires,0.0,0.0,255.0,255.0,False,False,1665,830,
cng,300767,pooled_fires,0.0,0.0,255.0,255.0,False,False,500,244,
cng,734029,m1_fires,21.877,1.546,31.086,75.0,True,False,3000,1440,
cng,738561,pooled_fires,0.0,0.0,255.0,255.0,False,False,2949,1465,
cng,699256,m1_fires,21.877,1.546,30.527,75.0,True,False,3000,1440,
cng,317940,m1_fires,21.877,1.546,33.314,75.0,True,False,3000,1440,
cng,324513,pooled_fires,1.034,1.323,255.0,255.0,False,False,500,254,
cng,708629,m1_fires,21.877,1.546,29.407,75.0,True,False,3000,1440,
cng,319675,m1_fires,21.877,1.546,96.0,75.0,True,False,3000,1440,
cng,694354,m1_fires,20.305,1.719,96.0,76.5,True,False,3000,1440,
cng,650108,m1_fires,21.877,1.546,30.952,75.0,True,False,3000,1440,
cng,732653,m1_fires,21.877,1.546,96.0,75.0,True,False,3000,1440,
cng,726611,pooled_fires,3.444,1.189,184.5,184.5,False,False,1678,999,
cng,721336,pooled_fires,0.0,0.0,255.0,255.0,False,False,2632,1275,
cng,713960,m1_fires,21.877,1.546,214.022,75.0,True,True,3000,1440,
cng,696007,m1_fires,21.877,1.546,96.0,75.0,True,False,3000,1440,
cng,733744,pooled_fires,0.0,0.0,255.0,255.0,False,False,800,400,
cng,693238,m1_fires,20.305,1.719,29.983,76.5,True,False,3000,1440,
cng,652892,m1_fires,21.877,1.546,96.0,75.0,True,False,3000,1440,
cng,721462,pooled_fires,0.0,0.0,255.0,255.0,False,False,2281,1092,
cng,700629,m1_fires,21.877,1.546,26.904,75.0,True,False,3000,1440,
cng,711387,m1_fires,20.305,1.719,29.396,76.5,True,False,3000,1440,
cng,693191,m1_fires,20.305,1.719,28.026,76.5,True,False,3000,1440,
cng,664312,m1_fires,20.305,1.719,29.492,76.5,True,False,3000,1440,
cng,740123,pooled_fires,0.0,0.0,255.0,255.0,False,False,3200,1662,
cng,327284,m1_fires,21.877,1.546,96.0,75.0,True,False,3000,1440,
cng,739859,pooled_fires,0.0,0.0,255.0,255.0,False,False,3200,1569,
cng,734868,m1_fires,20.305,1.719,96.0,76.5,True,False,3000,1440,
cng,711590,pooled_fires,5.1,0.693,211.0,211.0,False,False,3200,1133,
cng,320523,m1_fires,21.877,1.546,96.0,75.0,True,False,3000,1440,
cng,739012,pooled_fires,0.0,0.0,255.0,255.0,False,False,3200,1639,
cng,319649,m1_fires,21.877,1.546,96.0,75.0,True,False,3000,1440,
cng,709189,m1_fires,21.877,1.546,96.0,75.0,True,False,3000,1440,
cng,714460,m1_fires,21.877,1.546,96.0,75.0,True,False,3000,1440,
cng,650382,m1_fires,21.877,1.546,215.783,75.0,True,True,3000,1440,
cng,316267,pooled_fires,0.0,0.0,255.0,255.0,False,False,2297,1099,
cng,324976,pooled_fires,0.0,0.0,255.0,255.0,False,False,500,236,
cng,727421,m1_fires,21.877,1.546,29.434,75.0,True,False,3000,1440,
cng,739430,pooled_fires,0.0,0.0,255.0,255.0,False,False,3200,1552,
cng,733137,m1_fires,21.877,1.546,96.0,75.0,True,False,3000,1440,
cng,738262,pooled_fires,0.0,0.0,255.0,255.0,False,False,2393,1236,
cng,724661,m1_fires,21.877,1.546,96.0,75.0,True,False,3000,1440,
cng,731340,m1_fires,21.877,1.546,96.0,75.0,True,False,3000,1440,
cng,723361,m1_fires,21.877,1.546,96.0,75.0,True,False,3000,1440,
cng,700731,m1_fires,21.877,1.546,29.585,75.0,True,False,3000,1440,
cng,646311,m1_fires,20.305,1.719,34.505,76.5,True,False,3000,1440,
cng,316114,pooled_fires,0.0,0.0,255.0,255.0,False,False,1539,752,
cng,710615,m1_fires,20.305,1.719,28.397,76.5,True,False,3000,1440,
cng,317836,m1_fires,21.877,1.546,29.592,75.0,True,False,3000,1440,
cng,715494,m1_fires,21.877,1.546,30.3,75.0,True,False,3000,1440,
cng,652517,m1_fires,21.877,1.546,96.0,75.0,True,False,3000,1440,
cng,715474,m1_fires,21.877,1.546,33.177,75.0,True,False,3000,1440,
cng,710208,m1_fires,21.877,1.546,31.895,75.0,True,False,3000,1440,
cng,726624,pooled_fires,3.514,1.549,182.0,182.0,False,False,3200,1939,
cng,727251,m1_fires,21.877,1.546,30.791,75.0,True,False,3000,1440,
cng,317922,m1_fires,21.877,1.546,32.707,75.0,True,False,3000,1440,
cng,646746,m1_fires,20.305,1.719,31.873,76.5,True,False,3000,1440,
cng,732918,m1_fires,21.877,1.546,29.29,75.0,True,False,3000,1440,
cng,646743,m1_fires,20.305,1.719,96.0,76.5,True,False,3000,1440,
cng,738950,pooled_fires,0.0,0.0,255.0,255.0,False,False,3200,1619,
cng,734764,pooled_fires,0.0,0.0,255.0,255.0,False,False,824,402,
cng,724852,m1_fires,21.877,1.546,96.0,75.0,True,False,3000,1440,
cng,325064,pooled_fires,0.0,0.0,255.0,255.0,False,False,500,248,
cng,704502,m1_fires,21.877,1.546,96.0,75.0,True,False,3000,1440,
cng,727360,m1_fires,21.877,1.546,30.282,75.0,True,False,3000,1440,
cng,692289,m1_fires,20.305,1.719,27.115,76.5,True,False,3000,1440,
cng,694852,m1_fires,20.305,1.719,96.0,76.5,True,False,3000,1440,
cng,472687,m1_fires,20.305,1.719,96.0,76.5,True,False,3000,1440,
cng,320839,m1_fires,21.877,1.546,233.204,75.0,True,True,3000,1440,
cng,703481,m1_fires,21.877,1.546,96.0,75.0,True,False,3000,1440,
cng,311859,m1_fires,21.877,1.546,30.323,75.0,True,False,3000,1440,
cng,694563,pooled_fires,6.999,0.744,244.0,244.0,False,False,3200,2423,
cng,301015,pooled_fires,0.0,0.0,255.0,255.0,False,False,500,248,
cng,308808,pooled_fires,0.0,0.0,255.0,255.0,False,False,2463,1164,
cng,321256,m1_fires,21.877,1.546,230.143,75.0,True,True,3000,1440,
cng,735401,m1_fires,20.305,1.719,96.0,76.5,True,False,3000,1440,
cng,318381,m1_fires,21.877,1.546,33.763,75.0,True,False,3000,1440,
cng,289253,m1_fires,21.877,1.546,30.08,75.0,True,False,3000,1440,
cng,735093,m1_fires,20.305,1.719,30.547,76.5,True,False,3000,1440,
cng,726686,pooled_fires,3.821,1.849,164.0,164.0,False,False,3200,1348,
cng,729988,m1_fires,21.877,1.546,96.0,75.0,True,False,3000,1440,
cng,300228,pooled_fires,0.0,0.0,255.0,255.0,False,False,2279,1173,
cng,733983,m1_fires,21.877,1.546,96.0,75.0,True,False,3000,1440,
cng,317820,m1_fires,21.877,1.546,96.0,75.0,True,False,3000,1440,
cng,473185,m1_fires,20.305,1.719,223.643,76.5,True,True,3000,1440,
cng,320022,m1_fires,21.877,1.546,32.834,75.0,True,False,3000,1440,
cng,727795,m1_fires,21.877,1.546,30.988,75.0,True,False,3000,1440,
cng,714624,m1_fires,21.877,1.546,96.0,75.0,True,False,3000,1440,
cng,735504,m1_fires,20.305,1.719,28.723,76.5,True,False,3000,1440,
cng,734910,m1_fires,20.305,1.719,28.013,76.5,True,False,3000,1440,
cng,723234,m1_fires,21.877,1.546,31.64,75.0,True,False,3000,1440,
cng,695540,pooled_fires,0.0,0.0,255.0,255.0,False,False,2030,1067,
cng,721690,pooled_fires,0.0,0.0,255.0,255.0,False,False,2177,1041,
cng,734515,m1_fires,21.877,1.546,96.0,75.0,True,False,3000,1440,
cng,714763,m1_fires,21.877,1.546,30.345,75.0,True,False,3000,1440,
cng,708981,m1_fires,21.877,1.546,30.491,75.0,True,False,3000,1440,
cng,739476,pooled_fires,0.0,0.0,255.0,255.0,False,False,3200,1596,
cng,724749,m1_fires,21.877,1.546,96.0,75.0,True,False,3000,1440,
cng,721577,pooled_fires,0.0,0.0,255.0,255.0,False,False,2612,1139,
cng_feature,745032,pooled_fires,0.0,0.0,255.0,255.0,False,False,500,214,
cng_feature,744213,pooled_fires,0.0,0.0,255.0,255.0,False,False,500,256,
cng_feature,750078,pooled_fires,0.0,0.0,255.0,255.0,False,False,500,245,
cng_feature,748401,pooled_fires,0.0,0.0,255.0,255.0,False,False,500,238,
cng_feature,743495,pooled_fires,0.0,0.0,255.0,255.0,False,False,500,242,
cng_feature,748188,pooled_fires,0.0,0.0,255.0,255.0,False,False,500,253,
cng_feature,741190,pooled_fires,0.0,0.0,255.0,255.0,False,False,500,240,
cng_feature,745797,pooled_fires,0.0,0.0,255.0,255.0,False,False,500,238,
cng_feature,754464,neither,75.756,109.098,239.834,239.834,False,False,500,375,
cng_feature,338211,pooled_fires,0.0,0.0,255.0,255.0,False,False,500,245,
cng_feature,742305,pooled_fires,0.0,0.0,255.0,255.0,False,False,500,250,
cng_feature,742656,pooled_fires,0.0,0.0,255.0,255.0,False,False,500,243,
cng_feature,338212,pooled_fires,0.0,0.0,255.0,255.0,False,False,500,235,
cng_feature,716735,pooled_fires,0.0,0.0,255.0,255.0,False,False,500,242,
cng_feature,716301,pooled_fires,0.0,0.0,255.0,255.0,False,False,500,243,
cng_feature,738046,pooled_fires,0.0,0.0,255.0,255.0,False,False,500,243,
cng_feature,742050,pooled_fires,0.0,0.0,255.0,255.0,False,False,500,241,
cng_feature,736459,pooled_fires,0.0,0.0,255.0,255.0,False,False,500,246,
cng_feature,742181,neither,108.533,111.474,255.0,255.0,False,False,500,332,
cng_feature,741044,pooled_fires,0.0,0.0,255.0,255.0,False,False,500,231,
cng_feature,338296,pooled_fires,0.0,0.0,255.0,255.0,False,False,500,246,
cng_feature,751924,pooled_fires,0.0,0.0,255.0,255.0,False,False,500,238,
cng_feature,746441,pooled_fires,0.0,0.0,255.0,255.0,False,False,500,261,
cng_feature,697847,pooled_fires,0.0,0.0,255.0,255.0,False,False,500,284,
cng_feature,747148,pooled_fires,0.0,0.0,255.0,255.0,False,False,500,234,
cng_feature,737516,pooled_fires,0.0,0.0,255.0,255.0,False,False,500,234,
cng_feature,752188,pooled_fires,0.0,0.0,255.0,255.0,False,False,500,240,
cng_feature,743239,pooled_fires,0.0,0.0,255.0,255.0,False,False,500,244,
cng_feature,338209,pooled_fires,0.0,0.0,255.0,255.0,False,False,500,242,
cng_feature,715884,pooled_fires,0.0,0.0,255.0,255.0,False,False,500,246,
cng_feature,745589,pooled_fires,0.0,0.0,255.0,255.0,False,False,500,257,
cng_feature,740616,pooled_fires,0.0,0.0,255.0,255.0,False,False,500,250,
cng_feature,748897,pooled_fires,0.0,0.0,255.0,255.0,False,False,325,158,
cng_feature,744645,pooled_fires,0.0,0.0,255.0,255.0,False,False,500,236,
cng_feature,749996,pooled_fires,0.0,0.0,255.0,255.0,False,False,500,231,
cng_feature,741595,pooled_fires,0.0,0.0,255.0,255.0,False,False,500,238,
cng_feature,743861,pooled_fires,0.0,0.0,255.0,255.0,False,False,500,246,
cng_feature,715754,pooled_fires,0.0,0.0,255.0,255.0,False,False,500,244,
cng_feature,744090,neither,99.387,111.149,239.265,239.265,False,False,500,332,
cng_feature,750768,neither,83.22,105.619,225.754,225.754,False,False,500,375,
cng_feature,751300,pooled_fires,0.0,0.0,255.0,255.0,False,False,500,230,
cng_feature,750334,pooled_fires,0.0,0.0,255.0,255.0,False,False,500,244,
cng_feature,749625,pooled_fires,0.0,0.0,255.0,255.0,False,False,500,255,
cng_feature,752803,pooled_fires,0.0,0.0,255.0,255.0,False,False,356,188,
cng_feature,749205,pooled_fires,0.0,0.0,255.0,255.0,False,False,500,256,
cng_feature,715964,pooled_fires,0.0,0.0,255.0,255.0,False,False,500,252,
cng_feature,737054,pooled_fires,0.0,0.0,255.0,255.0,False,False,500,244,
cng_feature,738112,pooled_fires,0.0,0.0,255.0,255.0,False,False,500,236,
cng_feature,743922,pooled_fires,0.0,0.0,255.0,255.0,False,False,500,230,
cng_feature,749902,pooled_fires,0.0,0.0,255.0,255.0,False,False,500,234,
cng_feature,337253,pooled_fires,0.0,0.0,255.0,255.0,False,False,500,474,
cng_feature,743350,pooled_fires,0.0,0.0,255.0,255.0,False,False,500,288,
cng_feature,744506,pooled_fires,0.0,0.0,255.0,255.0,False,False,500,243,
cng_feature,744926,pooled_fires,0.0,0.0,255.0,255.0,False,False,500,231,
cng_feature,744953,pooled_fires,0.0,0.0,255.0,255.0,False,False,500,228,
cng_feature,740744,pooled_fires,0.0,0.0,255.0,255.0,False,False,500,257,
cng_feature,715804,pooled_fires,0.0,0.0,255.0,255.0,False,False,500,255,
cng_feature,697059,pooled_fires,0.0,0.0,255.0,255.0,False,False,500,243,
cng_feature,716463,pooled_fires,0.0,0.0,255.0,255.0,False,False,500,247,
cng_feature,752278,pooled_fires,0.0,0.0,255.0,255.0,False,False,500,236,
cng_feature,754053,pooled_fires,0.0,0.0,255.0,255.0,False,False,500,239,
cng_feature,737610,pooled_fires,0.0,0.0,255.0,255.0,False,False,500,237,
cng_feature,749076,pooled_fires,0.0,0.0,255.0,255.0,False,False,325,160,
cng_feature,752723,pooled_fires,0.0,0.0,255.0,255.0,False,False,500,249,
cng_feature,338317,pooled_fires,0.0,0.0,255.0,255.0,False,False,500,244,
cng_feature,716524,pooled_fires,0.0,0.0,255.0,255.0,False,False,500,232,
cng_feature,749583,pooled_fires,0.0,0.0,255.0,255.0,False,False,500,225,
cng_feature,716689,pooled_fires,0.0,0.0,255.0,255.0,False,False,500,240,
cng_feature,751813,pooled_fires,0.0,0.0,255.0,255.0,False,False,500,236,
cng_feature,744169,neither,111.522,111.656,250.456,250.456,False,False,500,349,
cng_feature,696740,pooled_fires,0.0,0.0,255.0,255.0,False,False,500,242,
cng_feature,751242,pooled_fires,0.0,0.0,255.0,255.0,False,False,500,245,
cng_feature,751633,pooled_fires,0.0,0.0,255.0,255.0,False,False,500,253,
cng_feature,747972,pooled_fires,0.0,0.0,255.0,255.0,False,False,500,242,
cng_feature,737116,pooled_fires,0.0,0.0,255.0,255.0,False,False,500,240,
cng_feature,745224,pooled_fires,0.0,0.0,255.0,255.0,False,False,500,246,
cng_feature,338062,pooled_fires,0.0,0.0,255.0,255.0,False,False,500,244,
cng_feature,754045,pooled_fires,0.0,0.0,255.0,255.0,False,False,500,239,
cng_feature,750573,pooled_fires,0.0,0.0,255.0,255.0,False,False,500,241,
cng_feature,744491,pooled_fires,0.0,0.0,255.0,255.0,False,False,500,231,
cng_feature,749087,pooled_fires,0.0,0.0,255.0,255.0,False,False,325,163,
cng_feature,697465,pooled_fires,0.0,0.0,255.0,255.0,False,False,500,235,
cng_feature,737518,pooled_fires,0.0,0.0,255.0,255.0,False,False,500,238,
cng_feature,716383,pooled_fires,0.0,0.0,255.0,255.0,False,False,500,244,
cng_feature,337115,pooled_fires,0.0,0.0,255.0,255.0,False,False,500,243,
cng_feature,697660,pooled_fires,14.912,14.016,157.0,157.0,False,False,500,248,
cng_feature,747535,pooled_fires,0.0,0.0,255.0,255.0,False,False,500,256,
cng_feature,754557,neither,84.435,101.967,222.174,222.174,False,False,500,375,
cng_feature,752718,pooled_fires,0.0,0.0,255.0,255.0,False,False,365,165,
cng_feature,747816,pooled_fires,0.0,0.0,255.0,255.0,False,False,500,247,
cng_feature,336713,pooled_fires,0.0,0.0,255.0,255.0,False,False,500,240,
cng_feature,748342,pooled_fires,0.0,0.0,255.0,255.0,False,False,500,250,
cng_feature,746685,pooled_fires,0.0,0.0,255.0,255.0,False,False,500,246,
cng_feature,738031,pooled_fires,0.0,0.0,255.0,255.0,False,False,500,243,
cng_feature,751846,pooled_fires,0.0,0.0,255.0,255.0,False,False,500,228,
cng_feature,750156,pooled_fires,0.0,0.0,255.0,255.0,False,False,500,224,
cng_feature,746245,pooled_fires,0.0,0.0,255.0,255.0,False,False,500,263,
cng_feature,697040,pooled_fires,0.0,0.0,255.0,255.0,False,False,500,339,
cng_feature,716082,pooled_fires,0.0,0.0,255.0,255.0,False,False,500,258,
cng_feature,751348,pooled_fires,0.0,0.0,255.0,255.0,False,False,500,251,
cng_feature,337743,pooled_fires,0.0,0.0,255.0,255.0,False,False,500,234,
cng_feature,737272,pooled_fires,0.0,0.0,255.0,255.0,False,False,500,238,
cng_feature,338014,pooled_fires,0.0,0.0,255.0,255.0,False,False,500,245,
cng_feature,747701,pooled_fires,0.0,0.0,255.0,255.0,False,False,500,240,
cng_feature,337608,pooled_fires,0.0,0.0,255.0,255.0,False,False,500,233,
cng_feature,747000,pooled_fires,0.0,0.0,255.0,255.0,False,False,500,245,
cng_feature,716781,pooled_fires,0.0,0.0,255.0,255.0,False,False,500,250,
cng_feature,337730,pooled_fires,0.0,0.0,255.0,255.0,False,False,500,236,
cng_feature,749121,pooled_fires,0.0,0.0,255.0,255.0,False,False,500,245,
cng_feature,751105,pooled_fires,0.0,0.0,255.0,255.0,False,False,500,257,
cng_feature,746979,pooled_fires,0.0,0.0,255.0,255.0,False,False,500,254,
cng_feature,697411,pooled_fires,0.0,0.0,255.0,255.0,False,False,500,215,
cng_feature,748405,pooled_fires,0.0,0.0,255.0,255.0,False,False,500,231,
cng_feature,742564,pooled_fires,0.0,0.0,255.0,255.0,False,False,500,244,
cng_feature,746639,neither,111.461,111.86,244.14,244.14,False,False,500,248,
cng_feature,716245,pooled_fires,0.0,0.0,255.0,255.0,False,False,500,231,
cng_feature,749052,pooled_fires,0.0,0.0,255.0,255.0,False,False,325,168,
cng_feature,750335,pooled_fires,10.535,19.852,255.0,255.0,False,False,500,242,
cng_feature,751391,pooled_fires,0.0,0.0,255.0,255.0,False,False,500,236,
cng_feature,754405,pooled_fires,0.0,0.0,255.0,255.0,False,False,500,236,
cng_feature,741542,neither,85.291,85.907,252.686,252.686,False,False,500,402,
cng_feature,750428,pooled_fires,0.0,0.0,255.0,255.0,False,False,500,241,
cng_feature,748992,pooled_fires,0.0,0.0,255.0,255.0,False,False,325,163,
cng_feature,337916,pooled_fires,0.0,0.0,255.0,255.0,False,False,500,238,
cng_feature,336951,pooled_fires,0.0,0.0,255.0,255.0,False,False,500,242,
cng_feature,337236,pooled_fires,0.0,0.0,255.0,255.0,False,False,500,228,
cng_feature,696864,pooled_fires,0.0,0.0,255.0,255.0,False,False,500,263,
cng_feature,337436,pooled_fires,0.0,0.0,255.0,255.0,False,False,500,231,
cng_feature,749248,pooled_fires,0.0,0.0,255.0,255.0,False,False,500,236,
cng_feature,744597,pooled_fires,0.0,0.0,255.0,255.0,False,False,500,243,
cng_feature,743222,pooled_fires,1.253,1.982,255.0,255.0,False,False,500,248,
cng_feature,740607,pooled_fires,0.0,0.0,255.0,255.0,False,False,500,257,
cng_feature,736637,pooled_fires,0.0,0.0,255.0,255.0,False,False,500,247,
cng_feature,743360,pooled_fires,0.0,0.0,255.0,255.0,False,False,500,529,
cng_feature,740760,pooled_fires,0.0,0.0,255.0,255.0,False,False,500,248,
cng_feature,754278,pooled_fires,0.0,0.0,255.0,255.0,False,False,500,243,
cng_feature,742086,pooled_fires,0.0,0.0,255.0,255.0,False,False,500,264,
cng_feature,337191,pooled_fires,0.0,0.0,255.0,255.0,False,False,500,248,
cng_feature,338146,pooled_fires,0.0,0.0,255.0,255.0,False,False,500,245,
cng_feature,747916,pooled_fires,0.0,0.0,255.0,255.0,False,False,500,254,
cng_feature,748576,pooled_fires,0.0,0.0,255.0,255.0,False,False,500,245,
cng_feature,747855,pooled_fires,0.0,0.0,255.0,255.0,False,False,500,254,
cng_feature,743786,pooled_fires,0.0,0.0,255.0,255.0,False,False,500,236,
cng_feature,716026,pooled_fires,0.0,0.0,255.0,255.0,False,False,500,237,
cng_feature,746619,neither,108.749,111.784,243.166,243.166,False,False,500,291,
cng_feature,752764,pooled_fires,0.0,0.0,255.0,255.0,False,False,500,257,
cng_feature,336755,pooled_fires,0.0,0.0,255.0,255.0,False,False,500,251,
cng_feature,750558,pooled_fires,0.0,0.0,255.0,255.0,False,False,500,237,
cng_feature,742924,pooled_fires,0.0,0.0,255.0,255.0,False,False,500,258,
cng_feature,716691,pooled_fires,0.0,0.0,255.0,255.0,False,False,500,243,
cng_feature,754545,neither,104.246,105.178,244.869,244.869,False,False,500,343,
cng_feature,742516,pooled_fires,0.0,0.0,255.0,255.0,False,False,500,241,
cng_feature,743833,pooled_fires,0.0,0.0,255.0,255.0,False,False,500,226,
cng_feature,697595,pooled_fires,0.0,0.0,255.0,255.0,False,False,500,242,
cng_feature,716706,pooled_fires,7.396,0.748,175.0,175.0,False,False,500,251,
cng_feature,737725,pooled_fires,0.0,0.0,255.0,255.0,False,False,500,235,
cng_feature,740407,pooled_fires,0.0,0.0,255.0,255.0,False,False,500,248,
cng_feature,751949,pooled_fires,0.0,0.0,255.0,255.0,False,False,500,240,
cng_feature,751367,pooled_fires,0.0,0.0,255.0,255.0,False,False,500,248,
cng_feature,747035,pooled_fires,0.0,0.0,255.0,255.0,False,False,500,266,
cng_feature,716414,pooled_fires,0.0,0.0,255.0,255.0,False,False,500,222,
cng_feature,697327,pooled_fires,0.0,0.0,255.0,255.0,False,False,500,252,
cng_feature,747725,pooled_fires,0.0,0.0,255.0,255.0,False,False,500,248,
cng_feature,338282,pooled_fires,0.0,0.0,255.0,255.0,False,False,500,241,
cng_feature,741794,pooled_fires,0.0,0.0,255.0,255.0,False,False,500,223,
cng_feature,740598,pooled_fires,0.0,0.0,255.0,255.0,False,False,500,242,
cng_feature,745777,pooled_fires,0.0,0.0,255.0,255.0,False,False,500,265,
cng_feature,751248,pooled_fires,0.0,0.0,255.0,255.0,False,False,500,250,
cng_feature,337548,pooled_fires,0.0,0.0,255.0,255.0,False,False,500,247,
cng_feature,741094,pooled_fires,0.0,0.0,255.0,255.0,False,False,500,238,
cng_feature,737821,pooled_fires,0.0,0.0,255.0,255.0,False,False,500,234,
cng_feature,742590,pooled_fires,0.0,0.0,255.0,255.0,False,False,500,226,
cng_feature,753276,pooled_fires,0.0,0.0,255.0,255.0,False,False,500,236,
cng_feature,753733,pooled_fires,0.0,0.0,255.0,255.0,False,False,500,237,
cng_feature,748152,pooled_fires,0.0,0.0,255.0,255.0,False,False,500,248,
cng_feature,738037,pooled_fires,0.0,0.0,255.0,255.0,False,False,500,251,
cng_feature,742554,pooled_fires,0.0,0.0,255.0,255.0,False,False,500,246,
cng_feature,336841,pooled_fires,0.0,0.0,255.0,255.0,False,False,500,249,
cng_feature,753738,pooled_fires,0.0,0.0,255.0,255.0,False,False,500,248,
cng_feature,751531,pooled_fires,0.0,0.0,255.0,255.0,False,False,500,265,
cng_feature,747773,pooled_fires,0.0,0.0,255.0,255.0,False,False,500,245,
cng_feature,737311,pooled_fires,0.0,0.0,255.0,255.0,False,False,500,237,
cng_feature,745602,pooled_fires,0.0,0.0,255.0,255.0,False,False,500,263,
cng_feature,743884,pooled_fires,0.0,0.0,255.0,255.0,False,False,500,234,
cng_feature,742371,pooled_fires,0.0,0.0,255.0,255.0,False,False,500,227,
cng_feature,737639,pooled_fires,0.0,0.0,255.0,255.0,False,False,500,239,
cng_feature,741821,pooled_fires,0.0,0.0,255.0,255.0,False,False,500,239,
cng_feature,742079,pooled_fires,0.0,0.0,255.0,255.0,False,False,500,243,
cng_feature,736824,pooled_fires,0.0,0.0,255.0,255.0,False,False,500,245,
cng_feature,745669,pooled_fires,0.0,0.0,255.0,255.0,False,False,500,253,
cng_feature,337797,pooled_fires,0.0,0.0,255.0,255.0,False,False,500,248,
cng_feature,749588,pooled_fires,0.0,0.0,255.0,255.0,False,False,500,245,
cng_feature,696928,pooled_fires,0.0,0.0,255.0,255.0,False,False,500,256,
cng_feature,741597,pooled_fires,0.0,0.0,255.0,255.0,False,False,500,256,
cng_feature,753679,pooled_fires,0.0,0.0,255.0,255.0,False,False,500,253,
cng_feature,716110,pooled_fires,0.0,0.0,255.0,255.0,False,False,500,204,
cng_feature,746921,pooled_fires,0.0,0.0,255.0,255.0,False,False,500,238,
cng_feature,744161,neither,107.241,111.682,255.0,255.0,False,False,500,306,
cng_feature,337228,pooled_fires,0.0,0.0,255.0,255.0,False,False,500,233,
cng_feature,338112,pooled_fires,0.0,0.0,255.0,255.0,False,False,500,227,
davissons,445986,pooled_fires,0.0,0.0,0.0,0.0,False,False,370,185,
davissons,446054,pooled_fires,0.0,0.0,0.0,0.0,False,False,370,185,
davissons,446002,pooled_fires,0.0,0.0,0.0,0.0,False,False,370,185,
davissons,447032,pooled_fires,0.0,0.0,0.0,0.0,False,False,370,185,
davissons,446011,pooled_fires,0.0,0.0,0.0,0.0,False,False,370,185,
davissons,445982,pooled_fires,0.0,0.0,0.0,0.0,False,False,370,185,
davissons,446798,pooled_fires,0.0,0.0,0.0,0.0,False,False,370,185,
davissons,445983,pooled_fires,0.0,0.0,0.0,0.0,False,False,370,185,
davissons,446864,pooled_fires,0.0,0.0,0.0,0.0,False,False,370,185,
davissons,446625,pooled_fires,0.0,0.0,0.0,0.0,False,False,370,185,
davissons,446482,pooled_fires,0.0,0.0,0.0,0.0,False,False,370,185,
davissons,446768,pooled_fires,0.0,0.0,0.0,0.0,False,False,370,185,
davissons,446838,pooled_fires,0.0,0.0,0.0,0.0,False,False,370,185,
davissons,446966,pooled_fires,0.0,0.0,0.0,0.0,False,False,370,185,
davissons,446053,pooled_fires,0.0,0.0,0.0,0.0,False,False,370,185,
davissons,446996,pooled_fires,0.0,0.0,0.0,0.0,False,False,370,185,
davissons,446688,pooled_fires,0.72,0.98,1.0,1.0,False,False,370,185,
davissons,446028,pooled_fires,0.0,0.0,0.0,0.0,False,False,370,185,
davissons,446914,pooled_fires,0.0,0.0,0.0,0.0,False,False,370,185,
davissons,446876,pooled_fires,0.0,0.0,0.0,0.0,False,False,370,185,
davissons,446613,pooled_fires,0.0,0.0,0.0,0.0,False,False,370,185,
davissons,446684,pooled_fires,0.568,0.56,1.0,1.0,False,False,370,185,
davissons,446443,pooled_fires,0.0,0.0,0.0,0.0,False,False,370,185,
davissons,446932,pooled_fires,0.0,0.0,0.0,0.0,False,False,370,185,
davissons,446041,pooled_fires,0.0,0.0,0.0,0.0,False,False,370,185,
davissons,446859,pooled_fires,0.0,0.0,0.0,0.0,False,False,370,185,
davissons,446026,pooled_fires,0.0,0.0,0.0,0.0,False,False,370,185,
davissons,446771,pooled_fires,0.0,0.0,0.0,0.0,False,False,370,185,
davissons,445991,pooled_fires,0.0,0.0,0.0,0.0,False,False,370,185,
davissons,446614,pooled_fires,0.0,0.0,0.0,0.0,False,False,370,185,
davissons,446888,pooled_fires,0.0,0.0,0.0,0.0,False,False,370,185,
davissons,446269,pooled_fires,0.0,0.0,0.0,0.0,False,False,370,185,
davissons,447024,pooled_fires,0.0,0.0,0.0,0.0,False,False,370,185,
davissons,446034,pooled_fires,0.0,0.0,0.0,0.0,False,False,370,185,
davissons,446685,pooled_fires,0.0,0.0,0.0,0.0,False,False,370,185,
davissons,446940,pooled_fires,0.0,0.0,0.0,0.0,False,False,370,185,
davissons,446634,pooled_fires,0.0,0.0,0.0,0.0,False,False,370,185,
davissons,446689,pooled_fires,0.697,0.748,1.0,1.0,False,False,370,185,
davissons,446623,pooled_fires,0.0,0.0,0.0,0.0,False,False,370,185,
davissons,445957,pooled_fires,0.0,0.0,0.0,0.0,False,False,370,185,
davissons,446752,pooled_fires,0.0,0.0,0.0,0.0,False,False,370,185,
davissons,446329,pooled_fires,0.632,0.894,1.0,1.0,False,False,370,185,
davissons,446686,pooled_fires,0.686,0.806,1.0,1.0,False,False,370,185,
davissons,446200,pooled_fires,0.0,0.0,0.0,0.0,False,False,370,185,
davissons,446941,pooled_fires,0.0,0.0,0.0,0.0,False,False,370,185,
davissons,446369,pooled_fires,0.0,0.0,0.0,0.0,False,False,370,185,
davissons,446870,pooled_fires,0.0,0.0,0.0,0.0,False,False,370,185,
davissons,446052,pooled_fires,0.0,0.0,0.0,0.0,False,False,370,185,
davissons,446867,pooled_fires,0.0,0.0,0.0,0.0,False,False,370,185,
davissons,446668,pooled_fires,0.0,0.0,0.0,0.0,False,False,370,185,
davissons,446279,pooled_fires,0.0,0.0,0.0,0.0,False,False,370,185,
davissons,446756,pooled_fires,0.0,0.0,0.0,0.0,False,False,370,185,
davissons,446190,pooled_fires,0.0,0.0,0.0,0.0,False,False,370,185,
davissons,446617,pooled_fires,0.0,0.0,0.0,0.0,False,False,370,185,
davissons,446872,pooled_fires,0.0,0.0,0.0,0.0,False,False,370,185,
davissons,446777,pooled_fires,0.0,0.0,0.0,0.0,False,False,370,185,
davissons,446744,pooled_fires,0.0,0.0,0.0,0.0,False,False,370,185,
davissons,446189,pooled_fires,0.171,0.325,0.0,0.0,False,False,370,185,
davissons,445966,pooled_fires,0.0,0.0,0.0,0.0,False,False,370,185,
davissons,446717,pooled_fires,0.0,0.0,0.0,0.0,False,False,370,185,
davissons,446616,pooled_fires,0.0,0.0,0.0,0.0,False,False,370,185,
davissons,446355,pooled_fires,0.0,0.0,0.0,0.0,False,False,370,185,
davissons,446755,pooled_fires,0.0,0.0,0.0,0.0,False,False,370,185,
davissons,446736,pooled_fires,0.0,0.0,0.0,0.0,False,False,370,185,
davissons,446687,pooled_fires,0.689,0.894,1.0,1.0,False,False,370,185,
davissons,446055,pooled_fires,0.0,0.0,0.0,0.0,False,False,370,185,
davissons,446797,pooled_fires,0.0,0.0,0.0,0.0,False,False,370,185,
davissons,446036,pooled_fires,0.0,0.0,0.0,0.0,False,False,370,185,
davissons,446327,pooled_fires,0.721,0.748,1.0,1.0,False,False,370,185,
davissons,446994,pooled_fires,0.0,0.0,0.0,0.0,False,False,370,185,
davissons,446013,pooled_fires,0.0,0.0,0.0,0.0,False,False,370,185,
davissons,446963,pooled_fires,0.0,0.0,0.0,0.0,False,False,370,185,
davissons,446913,pooled_fires,0.0,0.0,0.0,0.0,False,False,370,185,
davissons,446795,pooled_fires,0.0,0.0,0.0,0.0,False,False,370,185,
davissons,446951,pooled_fires,0.0,0.0,0.0,0.0,False,False,370,185,
davissons,446209,pooled_fires,0.0,0.0,0.0,0.0,False,False,370,185,
davissons,446009,pooled_fires,0.0,0.0,0.0,0.0,False,False,370,185,
davissons,445968,pooled_fires,0.0,0.0,0.0,0.0,False,False,370,185,
davissons,446750,pooled_fires,0.0,0.0,0.0,0.0,False,False,370,185,
davissons,445979,pooled_fires,0.0,0.0,0.0,0.0,False,False,370,185,
davissons,445975,pooled_fires,0.0,0.0,0.0,0.0,False,False,370,185,
davissons,446753,pooled_fires,0.0,0.0,0.0,0.0,False,False,370,185,
davissons,446869,pooled_fires,0.0,0.0,0.0,0.0,False,False,370,185,
davissons,446877,pooled_fires,0.0,0.0,0.0,0.0,False,False,370,185,
davissons,446767,pooled_fires,0.0,0.0,0.0,0.0,False,False,370,185,
davissons,446880,pooled_fires,0.0,0.0,0.0,0.0,False,False,370,185,
davissons,446770,pooled_fires,0.0,0.0,0.0,0.0,False,False,370,185,
davissons,446928,pooled_fires,0.0,0.0,0.0,0.0,False,False,370,185,
davissons,445974,pooled_fires,0.0,0.0,0.0,0.0,False,False,370,185,
davissons,446747,pooled_fires,0.0,0.0,0.0,0.0,False,False,370,185,
davissons,445961,pooled_fires,0.0,0.0,0.0,0.0,False,False,370,185,
davissons,446626,pooled_fires,0.0,0.0,0.0,0.0,False,False,370,185,
davissons,445965,pooled_fires,0.0,0.0,0.0,0.0,False,False,370,185,
davissons,446210,pooled_fires,0.0,0.0,0.0,0.0,False,False,370,185,
davissons,446423,pooled_fires,0.0,0.0,0.0,0.0,False,False,370,185,
davissons,445997,pooled_fires,0.0,0.0,0.0,0.0,False,False,370,185,
davissons,447015,pooled_fires,0.0,0.0,0.0,0.0,False,False,370,185,
davissons,446059,pooled_fires,0.0,0.0,0.0,0.0,False,False,370,185,
davissons,446637,pooled_fires,0.0,0.0,0.0,0.0,False,False,370,185,
davissons,446682,pooled_fires,0.605,0.845,1.0,1.0,False,False,370,185,
davissons,446635,pooled_fires,0.0,0.0,0.0,0.0,False,False,370,185,
davissons,445952,pooled_fires,0.0,0.0,0.0,0.0,False,False,370,185,
davissons,445953,pooled_fires,0.0,0.0,0.0,0.0,False,False,370,185,
davissons,445947,pooled_fires,0.0,0.0,0.0,0.0,False,False,370,185,
davissons,446950,pooled_fires,0.0,0.0,0.0,0.0,False,False,370,185,
davissons,446008,pooled_fires,0.0,0.0,0.0,0.0,False,False,370,185,
davissons,446791,pooled_fires,0.0,0.0,0.0,0.0,False,False,370,185,
davissons,446043,pooled_fires,0.0,0.0,0.0,0.0,False,False,370,185,
davissons,446702,pooled_fires,0.0,0.0,0.0,0.0,False,False,370,185,
davissons,446794,pooled_fires,0.0,0.0,0.0,0.0,False,False,370,185,
davissons,446615,pooled_fires,0.0,0.0,0.0,0.0,False,False,370,185,
davissons,446789,pooled_fires,0.0,0.0,0.0,0.0,False,False,370,185,
davissons,446772,pooled_fires,0.0,0.0,0.0,0.0,False,False,370,185,
davissons,445988,pooled_fires,0.0,0.0,0.0,0.0,False,False,370,185,
davissons,446917,pooled_fires,0.0,0.0,0.0,0.0,False,False,370,185,
davissons,446847,pooled_fires,0.0,0.0,0.0,0.0,False,False,370,185,
davissons,446718,pooled_fires,0.0,0.0,0.0,0.0,False,False,370,185,
davissons,446909,pooled_fires,0.0,0.0,0.0,0.0,False,False,370,185,
davissons,446780,pooled_fires,0.0,0.0,0.0,0.0,False,False,370,185,
davissons,445995,pooled_fires,0.0,0.0,0.0,0.0,False,False,370,185,
davissons,446569,pooled_fires,0.0,0.0,0.0,0.0,False,False,370,185,
davissons,446014,pooled_fires,0.0,0.0,0.0,0.0,False,False,370,185,
davissons,446979,pooled_fires,0.0,0.0,0.0,0.0,False,False,370,185,
davissons,446882,pooled_fires,0.0,0.0,0.0,0.0,False,False,370,185,
davissons,446278,pooled_fires,0.0,0.0,0.0,0.0,False,False,370,185,
davissons,445973,pooled_fires,0.0,0.0,0.0,0.0,False,False,370,185,
davissons,446855,pooled_fires,0.0,0.0,0.0,0.0,False,False,370,185,
davissons,446792,pooled_fires,0.0,0.0,0.0,0.0,False,False,370,185,
davissons,446787,pooled_fires,0.0,0.0,0.0,0.0,False,False,370,185,
davissons,445992,pooled_fires,0.0,0.0,0.0,0.0,False,False,370,185,
davissons,445969,pooled_fires,0.0,0.0,0.0,0.0,False,False,370,185,
davissons,447023,pooled_fires,0.0,0.0,0.0,0.0,False,False,370,185,
davissons,447031,pooled_fires,0.0,0.0,0.0,0.0,False,False,370,185,
davissons,446871,pooled_fires,0.0,0.0,0.0,0.0,False,False,370,185,
davissons,446023,pooled_fires,0.0,0.0,0.0,0.0,False,False,370,185,
davissons,446419,pooled_fires,0.0,0.0,0.0,0.0,False,False,370,185,
davissons,446754,pooled_fires,0.0,0.0,0.0,0.0,False,False,370,185,
davissons,445972,pooled_fires,0.0,0.0,0.0,0.0,False,False,370,185,
davissons,446793,pooled_fires,0.0,0.0,0.0,0.0,False,False,370,185,
davissons,446931,pooled_fires,0.0,0.0,0.0,0.0,False,False,370,185,
davissons,446046,pooled_fires,0.0,0.0,0.0,0.0,False,False,370,185,
davissons,445970,pooled_fires,0.0,0.0,0.0,0.0,False,False,370,185,
davissons,446801,pooled_fires,0.0,0.0,0.0,0.0,False,False,370,185,
davissons,446017,pooled_fires,0.0,0.0,0.0,0.0,False,False,370,185,
davissons,446854,pooled_fires,0.0,0.0,0.0,0.0,False,False,370,185,
davissons,446844,pooled_fires,0.0,0.0,0.0,0.0,False,False,370,185,
davissons,446282,pooled_fires,0.0,0.0,0.0,0.0,False,False,370,185,
davissons,445971,pooled_fires,0.0,0.0,0.0,0.0,False,False,370,185,
davissons,446191,pooled_fires,0.0,0.0,0.0,0.0,False,False,370,185,
davissons,446873,pooled_fires,0.0,0.0,0.0,0.0,False,False,370,185,
davissons,446836,pooled_fires,0.0,0.0,0.0,0.0,False,False,370,185,
davissons,446851,pooled_fires,0.0,0.0,0.0,0.0,False,False,370,185,
davissons,446021,pooled_fires,0.0,0.0,0.0,0.0,False,False,370,185,
davissons,446357,pooled_fires,0.0,0.0,0.0,0.0,False,False,370,185,
davissons,445967,pooled_fires,0.0,0.0,0.0,0.0,False,False,370,185,
davissons,446058,pooled_fires,0.0,0.0,0.0,0.0,False,False,370,185,
davissons,446746,pooled_fires,0.0,0.0,0.0,0.0,False,False,370,185,
davissons,445984,pooled_fires,0.0,0.0,0.0,0.0,False,False,370,185,
davissons,445998,pooled_fires,0.0,0.0,0.0,0.0,False,False,370,185,
davissons,446962,pooled_fires,0.0,0.0,0.0,0.0,False,False,370,185,
davissons,446446,pooled_fires,0.0,0.0,0.0,0.0,False,False,370,185,
davissons,446062,pooled_fires,0.0,0.0,0.0,0.0,False,False,370,185,
davissons,446632,pooled_fires,0.0,0.0,0.0,0.0,False,False,370,185,
davissons,446704,pooled_fires,0.0,0.0,0.0,0.0,False,False,370,185,
davissons,446599,pooled_fires,0.0,0.0,0.0,0.0,False,False,370,185,
davissons,445990,pooled_fires,0.0,0.0,0.0,0.0,False,False,370,185,
davissons,446868,pooled_fires,0.0,0.0,0.0,0.0,False,False,370,185,
davissons,446949,pooled_fires,0.0,0.0,0.0,0.0,False,False,370,185,
davissons,446051,pooled_fires,0.0,0.0,0.0,0.0,False,False,370,185,
davissons,446804,pooled_fires,0.0,0.0,0.0,0.0,False,False,370,185,
davissons,446377,pooled_fires,0.0,0.0,0.0,0.0,False,False,370,185,
davissons,446025,pooled_fires,0.0,0.0,0.0,0.0,False,False,370,185,
davissons,446188,pooled_fires,0.502,0.665,1.0,1.0,False,False,370,185,
davissons,446700,pooled_fires,0.0,0.0,0.0,0.0,False,False,370,185,
davissons,446995,pooled_fires,0.0,0.0,0.0,0.0,False,False,370,185,
davissons,446879,pooled_fires,0.0,0.0,0.0,0.0,False,False,370,185,
davissons,446024,pooled_fires,0.0,0.0,0.0,0.0,False,False,370,185,
davissons,446782,pooled_fires,0.0,0.0,0.0,0.0,False,False,370,185,
davissons,446858,pooled_fires,0.0,0.0,0.0,0.0,False,False,370,185,
davissons,446029,pooled_fires,0.0,0.0,0.0,0.0,False,False,370,185,
davissons,446892,pooled_fires,0.0,0.0,0.0,0.0,False,False,370,185,
davissons,446063,pooled_fires,0.0,0.0,0.0,0.0,False,False,370,185,
davissons,445964,pooled_fires,0.0,0.0,0.0,0.0,False,False,370,185,
davissons,446898,pooled_fires,0.0,0.0,0.0,0.0,False,False,370,185,
davissons,446060,pooled_fires,0.0,0.0,0.0,0.0,False,False,370,185,
davissons,446681,pooled_fires,0.843,0.4,0.0,0.0,False,False,370,185,
davissons,445987,pooled_fires,0.0,0.0,0.0,0.0,False,False,370,185,
davissons,447022,pooled_fires,0.0,0.0,0.0,0.0,False,False,370,185,
davissons,446019,pooled_fires,0.0,0.0,0.0,0.0,False,False,370,185,
davissons,446005,pooled_fires,0.0,0.0,0.0,0.0,False,False,370,185,
davissons,447030,pooled_fires,0.0,0.0,0.0,0.0,False,False,370,185,
davissons,445948,pooled_fires,0.0,0.0,0.0,0.0,False,False,370,185,
davissons,446769,pooled_fires,0.0,0.0,0.0,0.0,False,False,370,185,
davissons,445963,pooled_fires,0.0,0.0,0.0,0.0,False,False,370,185,
davissons,446665,pooled_fires,0.0,0.0,0.0,0.0,False,False,370,185,
davissons,446857,pooled_fires,0.0,0.0,0.0,0.0,False,False,370,185,
davissons,446356,pooled_fires,0.0,0.0,0.0,0.0,False,False,370,185,
davissons,446057,pooled_fires,0.0,0.0,0.0,0.0,False,False,370,185,
davissons,447016,pooled_fires,0.0,0.0,0.0,0.0,False,False,370,185,
davissons,446837,pooled_fires,0.0,0.0,0.0,0.0,False,False,370,185,
gorny,336302,pooled_fires,0.0,0.0,255.0,255.0,False,False,1200,603,
gorny,335488,pooled_fires,0.0,0.0,255.0,255.0,False,False,1200,602,
gorny,318844,pooled_fires,0.0,0.0,255.0,255.0,False,False,1200,563,
gorny,298242,pooled_fires,0.0,0.0,255.0,255.0,False,False,1200,583,
gorny,314788,pooled_fires,0.0,0.0,255.0,255.0,False,False,1200,597,
gorny,445417,pooled_fires,0.0,0.0,255.0,255.0,False,False,1200,600,
gorny,335425,pooled_fires,0.0,0.0,255.0,255.0,False,False,1200,605,
gorny,313172,pooled_fires,0.0,0.0,255.0,255.0,False,False,1200,572,
gorny,303811,pooled_fires,0.0,0.0,255.0,255.0,False,False,1200,609,
gorny,298733,pooled_fires,0.0,0.0,255.0,255.0,False,False,1200,600,
gorny,318410,pooled_fires,0.0,0.0,255.0,255.0,False,False,1200,628,
gorny,313786,pooled_fires,0.0,0.0,255.0,255.0,False,False,1200,598,
gorny,315461,pooled_fires,0.0,0.0,255.0,255.0,False,False,1200,600,
gorny,299311,pooled_fires,0.0,0.0,255.0,255.0,False,False,1200,552,
gorny,312846,pooled_fires,0.0,0.0,255.0,255.0,False,False,1200,596,
gorny,299396,pooled_fires,0.0,0.0,255.0,255.0,False,False,1200,593,
gorny,318434,pooled_fires,0.0,0.0,255.0,255.0,False,False,1200,615,
gorny,293627,pooled_fires,0.0,0.0,255.0,255.0,False,False,1200,628,
gorny,318609,pooled_fires,0.0,0.0,255.0,255.0,False,False,1200,583,
gorny,331078,pooled_fires,0.0,0.0,255.0,255.0,False,False,1200,583,
gorny,297837,pooled_fires,0.0,0.0,255.0,255.0,False,False,1200,588,
gorny,298373,pooled_fires,0.0,0.0,255.0,255.0,False,False,1200,606,
gorny,293524,pooled_fires,0.0,0.0,255.0,255.0,False,False,1200,612,
gorny,287896,pooled_fires,0.0,0.0,255.0,255.0,False,False,1200,606,
gorny,299739,pooled_fires,0.0,0.0,255.0,255.0,False,False,1200,571,
gorny,297895,pooled_fires,0.0,0.0,255.0,255.0,False,False,1200,625,
gorny,315431,pooled_fires,0.0,0.0,255.0,255.0,False,False,1200,586,
gorny,298264,pooled_fires,0.0,0.0,255.0,255.0,False,False,1200,615,
gorny,299574,pooled_fires,0.0,0.0,255.0,255.0,False,False,1200,587,
gorny,336328,pooled_fires,0.0,0.0,255.0,255.0,False,False,1200,586,
gorny,336408,pooled_fires,0.0,0.0,255.0,255.0,False,False,1200,603,
gorny,292139,pooled_fires,0.0,0.0,255.0,255.0,False,False,1200,597,
gorny,318624,pooled_fires,0.0,0.0,255.0,255.0,False,False,1200,585,
gorny,293288,pooled_fires,0.0,0.0,255.0,255.0,False,False,1200,591,
gorny,335206,pooled_fires,0.0,0.0,255.0,255.0,False,False,1200,573,
gorny,300085,pooled_fires,0.0,0.0,255.0,255.0,False,False,1200,553,
gorny,335221,pooled_fires,0.0,0.0,255.0,255.0,False,False,1200,615,
gorny,308002,pooled_fires,0.0,0.0,255.0,255.0,False,False,1600,819,
gorny,287829,pooled_fires,0.0,0.0,255.0,255.0,False,False,1200,581,
gorny,335799,pooled_fires,0.0,0.0,255.0,255.0,False,False,1200,612,
gorny,308537,pooled_fires,0.0,0.0,255.0,255.0,False,False,1600,797,
gorny,318873,pooled_fires,0.0,0.0,255.0,255.0,False,False,1200,611,
gorny,335684,pooled_fires,0.0,0.0,255.0,255.0,False,False,1200,624,
gorny,314636,pooled_fires,0.0,0.0,255.0,255.0,False,False,1200,647,
gorny,315597,pooled_fires,0.0,0.0,255.0,255.0,False,False,1200,606,
gorny,330514,pooled_fires,0.0,0.0,255.0,255.0,False,False,1200,592,
gorny,330877,pooled_fires,0.0,0.0,255.0,255.0,False,False,1200,573,
gorny,330571,pooled_fires,0.0,0.0,255.0,255.0,False,False,1200,678,
gorny,308391,pooled_fires,0.0,0.0,255.0,255.0,False,False,1600,801,
gorny,292045,pooled_fires,0.0,0.0,255.0,255.0,False,False,1200,666,
gorny,299316,pooled_fires,0.0,0.0,255.0,255.0,False,False,1200,612,
gorny,303853,pooled_fires,0.0,0.0,255.0,255.0,False,False,1200,617,
gorny,293084,pooled_fires,0.0,0.0,255.0,255.0,False,False,1104,577,
gorny,315491,pooled_fires,0.0,0.0,255.0,255.0,False,False,1200,574,
gorny,299310,pooled_fires,0.0,0.0,255.0,255.0,False,False,1200,575,
gorny,445654,pooled_fires,0.0,0.0,255.0,255.0,False,False,1200,598,
gorny,299401,pooled_fires,0.0,0.0,255.0,255.0,False,False,1200,583,
gorny,315160,pooled_fires,0.0,0.0,255.0,255.0,False,False,1200,594,
gorny,314803,pooled_fires,0.0,0.0,255.0,255.0,False,False,1200,571,
gorny,335664,pooled_fires,0.0,0.0,255.0,255.0,False,False,1200,660,
gorny,293223,pooled_fires,0.0,0.0,255.0,255.0,False,False,1200,573,
gorny,312764,pooled_fires,0.0,0.0,255.0,255.0,False,False,481,259,
gorny,313744,pooled_fires,0.0,0.0,255.0,255.0,False,False,1200,611,
gorny,315559,pooled_fires,0.0,0.0,255.0,255.0,False,False,1200,557,
gorny,298761,pooled_fires,0.0,0.0,255.0,255.0,False,False,526,263,
gorny,318419,pooled_fires,0.0,0.0,255.0,255.0,False,False,1200,622,
gorny,298834,pooled_fires,0.0,0.0,255.0,255.0,False,False,1200,637,
gorny,297768,pooled_fires,0.0,0.0,255.0,255.0,False,False,1200,608,
gorny,315609,pooled_fires,0.0,0.0,255.0,255.0,False,False,1200,580,
gorny,335493,pooled_fires,0.0,0.0,255.0,255.0,False,False,1200,615,
gorny,331343,pooled_fires,0.0,0.0,255.0,255.0,False,False,1200,603,
gorny,336476,pooled_fires,0.0,0.0,255.0,255.0,False,False,1200,594,
gorny,445368,pooled_fires,0.0,0.0,255.0,255.0,False,False,1200,510,
gorny,299578,pooled_fires,0.0,0.0,255.0,255.0,False,False,1200,567,
gorny,299309,pooled_fires,0.0,0.0,255.0,255.0,False,False,1200,602,
gorny,287825,pooled_fires,0.0,0.0,255.0,255.0,False,False,1200,609,
gorny,297618,pooled_fires,0.0,0.0,255.0,255.0,False,False,1200,613,
gorny,299836,pooled_fires,0.0,0.0,255.0,255.0,False,False,1200,580,
gorny,445625,pooled_fires,0.0,0.0,255.0,255.0,False,False,1200,582,
gorny,336058,pooled_fires,0.0,0.0,255.0,255.0,False,False,1200,595,
gorny,314713,pooled_fires,0.0,0.0,255.0,255.0,False,False,1200,545,
gorny,315543,pooled_fires,0.0,0.0,255.0,255.0,False,False,1200,596,
gorny,335553,pooled_fires,0.0,0.0,255.0,255.0,False,False,1200,609,
gorny,335355,pooled_fires,0.0,0.0,255.0,255.0,False,False,1200,595,
gorny,314384,pooled_fires,0.0,0.0,255.0,255.0,False,False,1200,612,
gorny,335703,pooled_fires,0.0,0.0,255.0,255.0,False,False,1200,606,
gorny,314288,pooled_fires,0.0,0.0,255.0,255.0,False,False,1200,613,
gorny,299181,pooled_fires,0.0,0.0,255.0,255.0,False,False,1200,584,
gorny,292214,pooled_fires,0.0,0.0,255.0,255.0,False,False,1200,594,
gorny,313685,pooled_fires,0.0,0.0,255.0,255.0,False,False,1200,615,
gorny,318762,pooled_fires,0.0,0.0,255.0,255.0,False,False,1200,606,
gorny,445750,pooled_fires,0.0,0.0,255.0,255.0,False,False,1200,587,
gorny,331358,pooled_fires,0.0,0.0,255.0,255.0,False,False,1200,591,
gorny,293070,pooled_fires,0.0,0.0,255.0,255.0,False,False,1200,638,
gorny,303820,pooled_fires,0.0,0.0,255.0,255.0,False,False,250,150,
gorny,335506,pooled_fires,0.0,0.0,255.0,255.0,False,False,1200,603,
gorny,315612,pooled_fires,0.0,0.0,255.0,255.0,False,False,1200,612,
gorny,292957,pooled_fires,0.0,0.0,255.0,255.0,False,False,1200,609,
gorny,298166,pooled_fires,0.0,0.0,255.0,255.0,False,False,1197,611,
gorny,303902,pooled_fires,0.0,0.0,255.0,255.0,False,False,1200,609,
gorny,314855,pooled_fires,0.0,0.0,255.0,255.0,False,False,1200,594,
gorny,335698,pooled_fires,0.0,0.0,255.0,255.0,False,False,1200,610,
gorny,315311,pooled_fires,0.0,0.0,255.0,255.0,False,False,1200,533,
gorny,297691,pooled_fires,0.0,0.0,255.0,255.0,False,False,1006,481,
gorny,308113,pooled_fires,0.0,0.0,255.0,255.0,False,False,1600,788,
gorny,445456,pooled_fires,0.0,0.0,255.0,255.0,False,False,1200,624,
gorny,298502,pooled_fires,0.0,0.0,255.0,255.0,False,False,1200,594,
gorny,318626,pooled_fires,0.0,0.0,255.0,255.0,False,False,1200,594,
gorny,314624,pooled_fires,0.0,0.0,255.0,255.0,False,False,1200,541,
gorny,308369,pooled_fires,0.0,0.0,255.0,255.0,False,False,1600,717,
gorny,300027,pooled_fires,0.0,0.0,255.0,255.0,False,False,1200,570,
gorny,299332,pooled_fires,0.0,0.0,255.0,255.0,False,False,1200,622,
gorny,318456,pooled_fires,0.0,0.0,255.0,255.0,False,False,1200,691,
gorny,330531,pooled_fires,0.0,0.0,255.0,255.0,False,False,1200,629,
gorny,287879,pooled_fires,0.0,0.0,255.0,255.0,False,False,1200,635,
gorny,312959,pooled_fires,0.0,0.0,255.0,255.0,False,False,761,376,
gorny,318806,pooled_fires,0.0,0.0,255.0,255.0,False,False,1200,610,
gorny,291914,pooled_fires,0.0,0.0,255.0,255.0,False,False,1200,640,
gorny,314293,pooled_fires,0.0,0.0,255.0,255.0,False,False,1200,607,
gorny,336493,pooled_fires,0.0,0.0,255.0,255.0,False,False,1200,597,
gorny,298511,pooled_fires,0.0,0.0,255.0,255.0,False,False,1200,628,
gorny,330552,pooled_fires,0.0,0.0,255.0,255.0,False,False,1200,600,
gorny,308367,pooled_fires,0.0,0.0,255.0,255.0,False,False,1600,815,
gorny,445890,pooled_fires,0.0,0.0,255.0,255.0,False,False,1200,572,
gorny,299887,pooled_fires,0.0,0.0,255.0,255.0,False,False,1200,596,
gorny,293085,pooled_fires,0.0,0.0,255.0,255.0,False,False,1200,598,
gorny,314119,pooled_fires,0.0,0.0,255.0,255.0,False,False,1200,576,
gorny,299019,pooled_fires,0.0,0.0,255.0,255.0,False,False,1200,593,
gorny,298642,pooled_fires,0.0,0.0,255.0,255.0,False,False,1200,616,
gorny,292028,pooled_fires,0.0,0.0,255.0,255.0,False,False,1200,576,
gorny,330475,pooled_fires,0.0,0.0,255.0,255.0,False,False,1200,624,
gorny,336127,pooled_fires,0.0,0.0,255.0,255.0,False,False,1200,599,
gorny,318797,pooled_fires,0.0,0.0,255.0,255.0,False,False,1200,554,
gorny,313247,pooled_fires,0.0,0.0,255.0,255.0,False,False,1120,535,
gorny,312898,pooled_fires,0.0,0.0,255.0,255.0,False,False,1200,604,
gorny,313918,pooled_fires,0.0,0.0,255.0,255.0,False,False,1200,582,
gorny,308387,pooled_fires,0.0,0.0,255.0,255.0,False,False,1600,840,
gorny,293069,pooled_fires,0.0,0.0,255.0,255.0,False,False,1200,588,
gorny,313215,pooled_fires,0.0,0.0,255.0,255.0,False,False,1200,596,
gorny,314974,pooled_fires,0.0,0.0,255.0,255.0,False,False,1200,623,
gorny,292149,pooled_fires,0.0,0.0,255.0,255.0,False,False,1200,493,
gorny,315010,pooled_fires,0.0,0.0,255.0,255.0,False,False,1200,591,
gorny,297737,pooled_fires,0.0,0.0,255.0,255.0,False,False,1200,618,
gorny,299748,pooled_fires,0.0,0.0,255.0,255.0,False,False,1200,588,
gorny,445286,pooled_fires,0.0,0.0,255.0,255.0,False,False,1200,615,
gorny,293556,pooled_fires,0.0,0.0,255.0,255.0,False,False,1200,598,
gorny,314401,pooled_fires,0.0,0.0,255.0,255.0,False,False,1200,627,
gorny,315013,pooled_fires,0.0,0.0,255.0,255.0,False,False,1200,576,
gorny,315526,pooled_fires,0.0,0.0,255.0,255.0,False,False,1200,631,
gorny,308304,pooled_fires,0.0,0.0,255.0,255.0,False,False,1600,795,
gorny,292222,pooled_fires,0.0,0.0,255.0,255.0,False,False,1200,618,
gorny,314369,pooled_fires,0.0,0.0,255.0,255.0,False,False,1200,613,
gorny,336022,pooled_fires,0.0,0.0,255.0,255.0,False,False,1200,627,
gorny,293582,pooled_fires,0.0,0.0,255.0,255.0,False,False,1200,604,
gorny,330956,pooled_fires,0.0,0.0,255.0,255.0,False,False,1200,591,
gorny,315584,pooled_fires,0.0,0.0,255.0,255.0,False,False,1200,552,
gorny,291882,pooled_fires,0.0,0.0,255.0,255.0,False,False,1200,659,
gorny,293077,pooled_fires,0.0,0.0,255.0,255.0,False,False,1200,602,
gorny,314379,pooled_fires,0.0,0.0,255.0,255.0,False,False,1200,590,
gorny,315155,pooled_fires,0.0,0.0,255.0,255.0,False,False,1200,574,
gorny,336505,pooled_fires,0.0,0.0,255.0,255.0,False,False,1200,600,
gorny,291979,pooled_fires,0.0,0.0,255.0,255.0,False,False,1200,621,
gorny,297905,pooled_fires,0.0,0.0,255.0,255.0,False,False,1200,627,
gorny,314342,pooled_fires,0.0,0.0,255.0,255.0,False,False,1200,623,
gorny,298760,pooled_fires,0.0,0.0,255.0,255.0,False,False,1200,578,
gorny,299999,pooled_fires,0.0,0.0,255.0,255.0,False,False,1200,566,
gorny,335957,pooled_fires,0.0,0.0,255.0,255.0,False,False,1200,592,
gorny,445313,pooled_fires,0.0,0.0,255.0,255.0,False,False,1200,599,
gorny,445489,pooled_fires,0.0,0.0,255.0,255.0,False,False,1200,603,
gorny,297714,pooled_fires,0.0,0.0,255.0,255.0,False,False,1200,576,
gorny,292237,pooled_fires,0.0,0.0,255.0,255.0,False,False,1200,630,
gorny,318519,pooled_fires,0.0,0.0,255.0,255.0,False,False,1200,592,
gorny,298496,pooled_fires,0.0,0.0,255.0,255.0,False,False,860,431,
gorny,335509,pooled_fires,0.0,0.0,255.0,255.0,False,False,1200,585,
gorny,297780,pooled_fires,0.0,0.0,255.0,255.0,False,False,797,410,
gorny,293325,pooled_fires,0.0,0.0,255.0,255.0,False,False,1200,602,
gorny,445418,pooled_fires,0.0,0.0,255.0,255.0,False,False,1200,609,
gorny,314202,pooled_fires,0.0,0.0,255.0,255.0,False,False,1200,577,
gorny,298424,pooled_fires,0.0,0.0,255.0,255.0,False,False,675,340,
gorny,298887,pooled_fires,0.0,0.0,255.0,255.0,False,False,1101,552,
gorny,297600,pooled_fires,0.0,0.0,255.0,255.0,False,False,1062,553,
gorny,315510,pooled_fires,0.0,0.0,255.0,255.0,False,False,1200,545,
gorny,298875,pooled_fires,0.0,0.0,255.0,255.0,False,False,968,467,
gorny,297601,pooled_fires,0.0,0.0,255.0,255.0,False,False,1200,593,
gorny,335527,pooled_fires,0.0,0.0,255.0,255.0,False,False,1200,626,
gorny,292220,pooled_fires,0.0,0.0,255.0,255.0,False,False,1200,613,
gorny,298754,pooled_fires,0.0,0.0,255.0,255.0,False,False,951,498,
gorny,308321,pooled_fires,0.0,0.0,255.0,255.0,False,False,1600,822,
gorny,315147,pooled_fires,0.0,0.0,255.0,255.0,False,False,1200,612,
gorny,315020,pooled_fires,0.0,0.0,255.0,255.0,False,False,1200,594,
gorny,307902,pooled_fires,0.0,0.0,255.0,255.0,False,False,1600,778,
gorny,300104,pooled_fires,0.0,0.0,255.0,255.0,False,False,1200,576,
gorny,331257,pooled_fires,0.0,0.0,255.0,255.0,False,False,1200,590,
gorny,307992,pooled_fires,0.0,0.0,255.0,255.0,False,False,1600,858,
gorny,307780,pooled_fires,0.0,0.0,255.0,255.0,False,False,1600,816,
gorny,293141,pooled_fires,0.0,0.0,255.0,255.0,False,False,1200,585,
gorny,318952,pooled_fires,0.0,0.0,255.0,255.0,False,False,1200,633,
gorny,336241,pooled_fires,0.0,0.0,255.0,255.0,False,False,1200,606,
gorny,330944,pooled_fires,0.0,0.0,255.0,255.0,False,False,1200,591,
gorny,303895,pooled_fires,0.0,0.0,255.0,255.0,False,False,1200,602,
heritage,666673,pooled_fires,0.0,0.0,255.0,255.0,False,False,3200,1521,
heritage,667002,pooled_fires,0.0,0.0,255.0,255.0,False,False,3200,1616,
heritage,690602,pooled_fires,0.0,0.0,255.0,255.0,False,False,3200,1497,
heritage,690550,pooled_fires,0.0,0.0,255.0,255.0,False,False,3200,1631,
heritage,666494,pooled_fires,0.0,0.0,255.0,255.0,False,False,3200,1629,
heritage,690800,pooled_fires,0.0,0.0,255.0,255.0,False,False,3200,1539,
heritage,666998,pooled_fires,0.0,0.0,255.0,255.0,False,False,3199,1550,
heritage,666763,pooled_fires,0.0,0.0,255.0,255.0,False,False,2705,1337,
heritage,690768,pooled_fires,0.0,0.0,255.0,255.0,False,False,3200,2264,
heritage,690519,pooled_fires,0.0,0.0,255.0,255.0,False,False,3200,1602,
heritage,666756,pooled_fires,0.0,0.0,255.0,255.0,False,False,3152,1420,
heritage,690839,pooled_fires,0.0,0.0,255.0,255.0,False,False,3200,1536,
heritage,667139,pooled_fires,0.0,0.0,255.0,255.0,False,False,2703,2757,
heritage,667086,pooled_fires,0.0,0.0,255.0,255.0,False,False,3200,2263,
heritage,666861,pooled_fires,0.0,0.0,255.0,255.0,False,False,3200,1600,
heritage,690724,pooled_fires,0.0,0.0,255.0,255.0,False,False,3200,1603,
heritage,690644,pooled_fires,0.0,0.0,255.0,255.0,False,False,3200,1595,
heritage,667156,pooled_fires,0.0,0.0,255.0,255.0,False,False,3200,1458,
heritage,666851,pooled_fires,0.0,0.0,255.0,255.0,False,False,3200,1674,
heritage,667073,pooled_fires,0.0,0.0,255.0,255.0,False,False,3200,1612,
heritage,666803,pooled_fires,0.0,0.0,255.0,255.0,False,False,3200,1545,
heritage,690620,pooled_fires,0.0,0.0,255.0,255.0,False,False,1972,993,
heritage,666867,pooled_fires,0.0,0.0,255.0,255.0,False,False,3200,1458,
heritage,666525,pooled_fires,0.0,0.0,255.0,255.0,False,False,3200,2264,
heritage,666976,pooled_fires,0.0,0.0,255.0,255.0,False,False,3200,1429,
heritage,666723,pooled_fires,0.0,0.0,255.0,255.0,False,False,3200,1594,
heritage,666883,pooled_fires,0.0,0.0,255.0,255.0,False,False,3200,1591,
heritage,690633,pooled_fires,0.0,0.0,255.0,255.0,False,False,3200,1608,
heritage,666789,pooled_fires,0.0,0.0,255.0,255.0,False,False,3200,1558,
heritage,690548,pooled_fires,0.0,0.0,255.0,255.0,False,False,2543,1268,
heritage,666694,pooled_fires,0.0,0.0,255.0,255.0,False,False,2833,1422,
heritage,666524,pooled_fires,0.0,0.0,255.0,255.0,False,False,1806,891,
heritage,666731,pooled_fires,0.0,0.0,255.0,255.0,False,False,3198,1727,
heritage,690693,pooled_fires,0.0,0.0,255.0,255.0,False,False,3200,1499,
heritage,690913,pooled_fires,0.0,0.0,255.0,255.0,False,False,2237,1088,
heritage,690826,pooled_fires,0.0,0.0,255.0,255.0,False,False,3200,1562,
heritage,667068,pooled_fires,0.0,0.0,255.0,255.0,False,False,3200,2265,
heritage,667018,pooled_fires,0.0,0.0,255.0,255.0,False,False,3200,2264,
heritage,666951,pooled_fires,0.0,0.0,255.0,255.0,False,False,3200,1587,
heritage,690869,pooled_fires,0.0,0.0,255.0,255.0,False,False,3200,1637,
heritage,666790,pooled_fires,0.0,0.0,255.0,255.0,False,False,1835,921,
heritage,666646,pooled_fires,0.0,0.0,255.0,255.0,False,False,2037,1042,
heritage,666834,pooled_fires,0.0,0.0,255.0,255.0,False,False,2030,1023,
heritage,666558,pooled_fires,0.0,0.0,255.0,255.0,False,False,3200,1600,
heritage,666792,pooled_fires,0.0,0.0,255.0,255.0,False,False,1988,1016,
heritage,667174,pooled_fires,0.0,0.0,255.0,255.0,False,False,3199,1505,
heritage,666579,pooled_fires,0.0,0.0,255.0,255.0,False,False,3200,2264,
heritage,666653,pooled_fires,0.0,0.0,255.0,255.0,False,False,3200,1596,
heritage,666628,pooled_fires,0.0,0.0,255.0,255.0,False,False,3200,1614,
heritage,690747,pooled_fires,0.0,0.0,255.0,255.0,False,False,3200,1548,
heritage,690589,pooled_fires,0.0,0.0,255.0,255.0,False,False,3200,1624,
heritage,666684,pooled_fires,0.0,0.0,255.0,255.0,False,False,3200,1648,
heritage,690857,pooled_fires,0.0,0.0,255.0,255.0,False,False,3200,1546,
heritage,667112,pooled_fires,0.0,0.0,255.0,255.0,False,False,3200,1466,
heritage,667083,pooled_fires,0.0,0.0,255.0,255.0,False,False,3200,1463,
heritage,666738,pooled_fires,0.0,0.0,255.0,255.0,False,False,3200,1594,
heritage,667015,pooled_fires,0.0,0.0,255.0,255.0,False,False,3200,1569,
heritage,667006,pooled_fires,0.0,0.0,255.0,255.0,False,False,2953,1357,
heritage,666873,pooled_fires,0.0,0.0,255.0,255.0,False,False,1951,1983,
heritage,666924,pooled_fires,0.0,0.0,255.0,255.0,False,False,3200,1608,
heritage,666487,pooled_fires,0.0,0.0,255.0,255.0,False,False,3200,1567,
heritage,690576,pooled_fires,0.0,0.0,255.0,255.0,False,False,3200,1656,
heritage,690789,pooled_fires,0.0,0.0,255.0,255.0,False,False,3200,2273,
heritage,690799,pooled_fires,0.0,0.0,255.0,255.0,False,False,3200,1577,
heritage,666611,pooled_fires,0.0,0.0,255.0,255.0,False,False,3200,1593,
heritage,667055,pooled_fires,0.0,0.0,255.0,255.0,False,False,3199,1659,
heritage,667077,pooled_fires,0.0,0.0,255.0,255.0,False,False,3200,1531,
heritage,666995,pooled_fires,0.0,0.0,255.0,255.0,False,False,3200,1525,
heritage,666963,pooled_fires,0.0,0.0,255.0,255.0,False,False,3200,1533,
heritage,666718,pooled_fires,0.0,0.0,255.0,255.0,False,False,1610,751,
heritage,667058,pooled_fires,0.0,0.0,255.0,255.0,False,False,3200,1506,
heritage,666510,pooled_fires,0.0,0.0,255.0,255.0,False,False,3200,2263,
heritage,690564,pooled_fires,0.0,0.0,255.0,255.0,False,False,3200,1654,
heritage,690555,pooled_fires,0.0,0.0,255.0,255.0,False,False,1859,936,
heritage,666980,pooled_fires,0.0,0.0,255.0,255.0,False,False,3200,1688,
heritage,690845,pooled_fires,0.0,0.0,255.0,255.0,False,False,3200,2264,
heritage,667074,pooled_fires,0.0,0.0,255.0,255.0,False,False,3199,1562,
heritage,667087,pooled_fires,0.0,0.0,255.0,255.0,False,False,3200,1525,
heritage,690584,pooled_fires,0.0,0.0,255.0,255.0,False,False,3200,2063,
heritage,690846,pooled_fires,0.0,0.0,255.0,255.0,False,False,3200,2271,
heritage,667000,pooled_fires,0.0,0.0,255.0,255.0,False,False,3199,1608,
heritage,666547,pooled_fires,0.0,0.0,255.0,255.0,False,False,3200,2263,
heritage,666676,pooled_fires,0.0,0.0,255.0,255.0,False,False,3200,1622,
heritage,666844,pooled_fires,0.0,0.0,255.0,255.0,False,False,2118,1091,
heritage,690877,pooled_fires,0.0,0.0,255.0,255.0,False,False,3200,2278,
heritage,667167,pooled_fires,0.0,0.0,255.0,255.0,False,False,3199,1717,
heritage,690523,pooled_fires,0.0,0.0,255.0,255.0,False,False,3200,1621,
heritage,666528,pooled_fires,0.0,0.0,255.0,255.0,False,False,3199,1577,
heritage,690630,pooled_fires,0.0,0.0,255.0,255.0,False,False,3200,1571,
heritage,666766,pooled_fires,0.0,0.0,255.0,255.0,False,False,2276,1155,
heritage,690522,pooled_fires,0.0,0.0,255.0,255.0,False,False,3200,1565,
heritage,690688,pooled_fires,0.0,0.0,255.0,255.0,False,False,3200,1611,
heritage,666514,pooled_fires,0.0,0.0,255.0,255.0,False,False,3200,1589,
heritage,666615,pooled_fires,0.0,0.0,255.0,255.0,False,False,1904,891,
heritage,690599,pooled_fires,0.0,0.0,255.0,255.0,False,False,3200,1525,
heritage,690507,pooled_fires,0.0,0.0,255.0,255.0,False,False,3200,1599,
heritage,690878,pooled_fires,0.0,0.0,255.0,255.0,False,False,3200,2264,
heritage,666671,pooled_fires,0.0,0.0,255.0,255.0,False,False,3200,1677,
heritage,690832,pooled_fires,0.0,0.0,255.0,255.0,False,False,3199,1583,
heritage,666937,pooled_fires,0.0,0.0,255.0,255.0,False,False,3200,1598,
heritage,666627,pooled_fires,0.0,0.0,255.0,255.0,False,False,3200,1627,
heritage,666864,pooled_fires,0.0,0.0,255.0,255.0,False,False,2321,1136,
heritage,666772,pooled_fires,0.0,0.0,255.0,255.0,False,False,3200,1500,
heritage,690562,pooled_fires,0.0,0.0,255.0,255.0,False,False,3200,1610,
heritage,690860,pooled_fires,0.0,0.0,255.0,255.0,False,False,3200,2264,
heritage,690543,pooled_fires,0.0,0.0,255.0,255.0,False,False,3200,1496,
heritage,666968,pooled_fires,0.0,0.0,255.0,255.0,False,False,3200,1607,
heritage,666771,pooled_fires,0.0,0.0,255.0,255.0,False,False,2500,1219,
heritage,666498,pooled_fires,0.0,0.0,255.0,255.0,False,False,3200,1590,
heritage,690616,pooled_fires,0.0,0.0,255.0,255.0,False,False,3200,1597,
heritage,690719,pooled_fires,0.0,0.0,255.0,255.0,False,False,3200,1633,
heritage,690847,pooled_fires,0.0,0.0,255.0,255.0,False,False,3200,2264,
heritage,666516,pooled_fires,0.0,0.0,255.0,255.0,False,False,3200,2263,
heritage,690720,pooled_fires,0.0,0.0,255.0,255.0,False,False,3200,2264,
heritage,690570,pooled_fires,0.0,0.0,255.0,255.0,False,False,2085,1024,
heritage,690699,pooled_fires,0.0,0.0,255.0,255.0,False,False,3200,1519,
heritage,666598,pooled_fires,0.0,0.0,255.0,255.0,False,False,3200,1643,
heritage,666999,pooled_fires,0.0,0.0,255.0,255.0,False,False,2675,1370,
heritage,666687,pooled_fires,0.0,0.0,255.0,255.0,False,False,2118,2000,
heritage,690793,pooled_fires,0.0,0.0,255.0,255.0,False,False,3200,2275,
heritage,690739,pooled_fires,0.0,0.0,255.0,255.0,False,False,3200,2276,
heritage,667027,pooled_fires,0.0,0.0,255.0,255.0,False,False,3200,1435,
heritage,690697,pooled_fires,0.0,0.0,255.0,255.0,False,False,3200,1500,
heritage,666632,pooled_fires,0.0,0.0,255.0,255.0,False,False,3200,1574,
heritage,690700,pooled_fires,0.0,0.0,255.0,255.0,False,False,3200,1541,
heritage,690593,pooled_fires,0.0,0.0,255.0,255.0,False,False,3200,1542,
heritage,690671,pooled_fires,0.0,0.0,255.0,255.0,False,False,3200,1518,
heritage,690544,pooled_fires,0.0,0.0,255.0,255.0,False,False,3200,1538,
heritage,690679,pooled_fires,0.0,0.0,255.0,255.0,False,False,3199,1483,
heritage,690726,pooled_fires,0.0,0.0,255.0,255.0,False,False,3200,1611,
heritage,667031,pooled_fires,0.0,0.0,255.0,255.0,False,False,3200,1676,
heritage,667040,pooled_fires,0.0,0.0,255.0,255.0,False,False,3199,1656,
heritage,667094,pooled_fires,0.0,0.0,255.0,255.0,False,False,3200,1576,
heritage,690582,pooled_fires,0.0,0.0,255.0,255.0,False,False,1749,676,
heritage,667013,pooled_fires,0.0,0.0,255.0,255.0,False,False,2891,1355,
heritage,667125,pooled_fires,0.0,0.0,255.0,255.0,False,False,3200,1456,
heritage,666943,pooled_fires,0.0,0.0,255.0,255.0,False,False,3200,1412,
heritage,666523,pooled_fires,0.0,0.0,255.0,255.0,False,False,3200,2264,
heritage,690879,pooled_fires,0.0,0.0,255.0,255.0,False,False,3200,1619,
heritage,666637,pooled_fires,0.0,0.0,255.0,255.0,False,False,3200,1532,
heritage,690613,pooled_fires,0.0,0.0,255.0,255.0,False,False,2294,1152,
heritage,666624,pooled_fires,0.0,0.0,255.0,255.0,False,False,3200,2264,
heritage,690601,pooled_fires,0.0,0.0,255.0,255.0,False,False,3200,1560,
heritage,690885,pooled_fires,0.0,0.0,255.0,255.0,False,False,2573,2337,
heritage,666559,pooled_fires,0.0,0.0,255.0,255.0,False,False,3200,2264,
heritage,667168,pooled_fires,0.0,0.0,255.0,255.0,False,False,3200,1510,
heritage,667037,pooled_fires,0.0,0.0,255.0,255.0,False,False,3200,1810,
heritage,690532,pooled_fires,0.0,0.0,255.0,255.0,False,False,3200,1613,
heritage,666900,pooled_fires,0.0,0.0,255.0,255.0,False,False,3200,2263,
heritage,666863,pooled_fires,0.0,0.0,255.0,255.0,False,False,1363,640,
heritage,666701,pooled_fires,0.0,0.0,255.0,255.0,False,False,3200,1737,
heritage,667130,pooled_fires,0.0,0.0,255.0,255.0,False,False,3199,1617,
heritage,667029,pooled_fires,0.0,0.0,255.0,255.0,False,False,3200,1538,
heritage,666947,pooled_fires,0.0,0.0,255.0,255.0,False,False,3200,1503,
heritage,667095,pooled_fires,0.0,0.0,255.0,255.0,False,False,3200,1454,
heritage,690583,pooled_fires,0.0,0.0,255.0,255.0,False,False,3200,1691,
heritage,667159,pooled_fires,0.0,0.0,255.0,255.0,False,False,3200,1512,
heritage,690680,pooled_fires,0.0,0.0,255.0,255.0,False,False,3200,1422,
heritage,667180,pooled_fires,0.0,0.0,255.0,255.0,False,False,3200,1583,
heritage,667064,pooled_fires,0.0,0.0,255.0,255.0,False,False,3200,1557,
heritage,667032,pooled_fires,0.0,0.0,255.0,255.0,False,False,3200,1590,
heritage,666623,pooled_fires,0.0,0.0,255.0,255.0,False,False,3200,2264,
heritage,667109,pooled_fires,0.0,0.0,255.0,255.0,False,False,3200,1415,
heritage,666561,pooled_fires,0.0,0.0,255.0,255.0,False,False,3200,1605,
heritage,690778,pooled_fires,0.0,0.0,255.0,255.0,False,False,3200,2264,
heritage,666840,pooled_fires,0.0,0.0,255.0,255.0,False,False,3120,1581,
heritage,667021,pooled_fires,0.0,0.0,255.0,255.0,False,False,2864,1292,
heritage,666737,pooled_fires,0.0,0.0,255.0,255.0,False,False,3200,1480,
heritage,666885,pooled_fires,0.0,0.0,255.0,255.0,False,False,3200,1598,
heritage,666541,pooled_fires,0.0,0.0,255.0,255.0,False,False,3200,2263,
heritage,690592,pooled_fires,0.0,0.0,255.0,255.0,False,False,3200,1505,
heritage,666721,pooled_fires,0.0,0.0,255.0,255.0,False,False,2767,1309,
heritage,667053,pooled_fires,0.0,0.0,255.0,255.0,False,False,3200,1616,
heritage,667076,pooled_fires,0.0,0.0,255.0,255.0,False,False,3200,1455,
heritage,690530,pooled_fires,0.0,0.0,255.0,255.0,False,False,3200,1615,
heritage,690594,pooled_fires,0.0,0.0,255.0,255.0,False,False,3200,1618,
heritage,690875,pooled_fires,0.0,0.0,255.0,255.0,False,False,3200,2266,
heritage,666725,pooled_fires,0.0,0.0,255.0,255.0,False,False,3200,1559,
heritage,666823,pooled_fires,0.0,0.0,255.0,255.0,False,False,1881,915,
heritage,690934,pooled_fires,0.0,0.0,255.0,255.0,False,False,3200,1472,
heritage,666565,pooled_fires,0.0,0.0,255.0,255.0,False,False,3199,1680,
heritage,666736,pooled_fires,0.0,0.0,255.0,255.0,False,False,3080,1518,
heritage,666815,pooled_fires,0.0,0.0,255.0,255.0,False,False,3200,1548,
heritage,690774,pooled_fires,0.0,0.0,255.0,255.0,False,False,3200,1484,
heritage,667110,pooled_fires,0.0,0.0,255.0,255.0,False,False,3200,1618,
heritage,666594,pooled_fires,0.0,0.0,255.0,255.0,False,False,3200,2264,
heritage,666599,pooled_fires,0.0,0.0,255.0,255.0,False,False,3199,1617,
heritage,690577,pooled_fires,0.0,0.0,255.0,255.0,False,False,1470,559,
heritage,666774,pooled_fires,0.0,0.0,255.0,255.0,False,False,2820,1368,
heritage,666667,pooled_fires,0.0,0.0,255.0,255.0,False,False,3200,1658,
heritage,690908,pooled_fires,0.0,0.0,255.0,255.0,False,False,3200,2264,
heritage,690728,pooled_fires,0.0,0.0,255.0,255.0,False,False,3199,1493,
heritage,667061,pooled_fires,0.0,0.0,255.0,255.0,False,False,3200,1570,
heritage,690831,pooled_fires,0.0,0.0,255.0,255.0,False,False,3200,2264,
heritage,690782,pooled_fires,0.0,0.0,255.0,255.0,False,False,3200,2264,
heritage,667051,pooled_fires,0.0,0.0,255.0,255.0,False,False,3200,1466,
heritage,690833,pooled_fires,0.0,0.0,255.0,255.0,False,False,3200,2283,
heritage,666826,pooled_fires,0.0,0.0,255.0,255.0,False,False,3200,1596,
heritage,666983,pooled_fires,0.0,0.0,255.0,255.0,False,False,3200,1647,
heritage,666996,pooled_fires,0.0,0.0,255.0,255.0,False,False,3200,1614,
kuenker,328044,pooled_fires,0.0,0.0,255.0,255.0,False,False,1447,742,
kuenker,737132,pooled_fires,0.0,0.0,255.0,255.0,False,False,1431,801,
kuenker,735991,pooled_fires,0.0,0.0,255.0,255.0,False,False,2000,1057,
kuenker,327615,pooled_fires,0.0,0.0,255.0,255.0,False,False,409,407,
kuenker,736585,pooled_fires,0.0,0.0,255.0,255.0,False,False,2000,1062,
kuenker,724613,pooled_fires,0.0,0.0,255.0,255.0,False,False,2000,1015,
kuenker,719741,pooled_fires,0.0,0.0,255.0,255.0,False,False,1142,593,
kuenker,720751,pooled_fires,0.0,0.0,255.0,255.0,False,False,2000,853,
kuenker,720249,pooled_fires,0.0,0.0,255.0,255.0,False,False,2000,984,
kuenker,328193,pooled_fires,0.0,0.0,255.0,255.0,False,False,2665,1339,
kuenker,719919,pooled_fires,0.0,0.0,255.0,255.0,False,False,2000,359,
kuenker,724408,pooled_fires,0.0,0.0,255.0,255.0,False,False,1281,606,
kuenker,720354,pooled_fires,0.0,0.0,255.0,255.0,False,False,2000,1023,
kuenker,294574,pooled_fires,0.0,0.0,255.0,255.0,False,False,2000,1021,
kuenker,736870,pooled_fires,0.0,0.0,255.0,255.0,False,False,2000,1063,
kuenker,724586,pooled_fires,0.0,0.0,255.0,255.0,False,False,2000,702,
kuenker,736174,pooled_fires,0.0,0.0,255.0,255.0,False,False,1849,1032,
kuenker,328163,pooled_fires,0.0,0.0,255.0,255.0,False,False,2362,1265,
kuenker,736647,pooled_fires,0.0,0.0,255.0,255.0,False,False,2000,1088,
kuenker,720544,pooled_fires,0.0,0.0,255.0,255.0,False,False,2000,945,
kuenker,719937,pooled_fires,0.0,0.0,255.0,255.0,False,False,2000,1025,
kuenker,720239,pooled_fires,0.0,0.0,255.0,255.0,False,False,2000,996,
kuenker,724093,pooled_fires,0.0,0.0,255.0,255.0,False,False,2000,954,
kuenker,328280,pooled_fires,0.0,0.0,255.0,255.0,False,False,3200,1015,
kuenker,724582,pooled_fires,0.0,0.0,255.0,255.0,False,False,2000,418,
kuenker,327738,pooled_fires,0.0,0.0,255.0,255.0,False,False,479,462,
kuenker,736769,pooled_fires,0.0,0.0,255.0,255.0,False,False,2000,1082,
kuenker,736235,pooled_fires,0.0,0.0,255.0,255.0,False,False,2000,1050,
kuenker,737070,pooled_fires,0.0,0.0,255.0,255.0,False,False,2000,1072,
kuenker,736893,pooled_fires,0.0,0.0,255.0,255.0,False,False,2000,1082,
kuenker,735870,pooled_fires,0.0,0.0,255.0,255.0,False,False,2000,1094,
kuenker,736291,pooled_fires,0.0,0.0,255.0,255.0,False,False,2000,1046,
kuenker,724223,pooled_fires,0.0,0.0,254.0,254.0,False,False,2000,1020,
kuenker,327569,pooled_fires,0.0,0.0,255.0,255.0,False,False,564,549,
kuenker,720818,pooled_fires,0.0,0.0,255.0,255.0,False,False,1198,556,
kuenker,736957,pooled_fires,0.0,0.0,255.0,255.0,False,False,2000,1086,
kuenker,736300,pooled_fires,0.433,0.0,255.0,255.0,False,False,1356,1338,
kuenker,736010,pooled_fires,0.0,0.0,255.0,255.0,False,False,2000,1082,
kuenker,720195,pooled_fires,0.0,0.0,255.0,255.0,False,False,1903,942,
kuenker,736296,pooled_fires,0.0,0.0,255.0,255.0,False,False,2000,1060,
kuenker,736371,pooled_fires,0.0,0.0,255.0,255.0,False,False,2000,1043,
kuenker,720276,pooled_fires,0.0,0.0,255.0,255.0,False,False,2000,910,
kuenker,723998,pooled_fires,0.0,0.0,255.0,255.0,False,False,2000,996,
kuenker,327630,pooled_fires,0.0,0.0,255.0,255.0,False,False,476,457,
kuenker,736084,pooled_fires,0.0,0.0,255.0,255.0,False,False,2000,1061,
kuenker,294599,pooled_fires,0.0,0.0,255.0,255.0,False,False,2000,1004,
kuenker,736134,pooled_fires,0.0,0.0,255.0,255.0,False,False,2000,1066,
kuenker,328033,pooled_fires,0.0,0.0,255.0,255.0,False,False,2515,1364,
kuenker,720624,pooled_fires,0.0,0.0,255.0,255.0,False,False,2000,983,
kuenker,735869,pooled_fires,0.0,0.0,255.0,255.0,False,False,1957,1063,
kuenker,720787,pooled_fires,0.0,0.0,255.0,255.0,False,False,2000,426,
kuenker,724414,pooled_fires,0.0,0.0,255.0,255.0,False,False,2000,967,
kuenker,737354,pooled_fires,0.0,0.0,255.0,255.0,False,False,1641,906,
kuenker,720662,pooled_fires,0.0,0.0,255.0,255.0,False,False,1856,902,
kuenker,720694,m1_fires,16.214,2.759,174.0,150.5,True,False,2000,666,
kuenker,327766,pooled_fires,0.0,0.0,255.0,255.0,False,False,409,392,
kuenker,735859,pooled_fires,0.0,0.0,255.0,255.0,False,False,2000,1064,
kuenker,724632,pooled_fires,0.0,0.0,255.0,255.0,False,False,2000,969,
kuenker,737242,pooled_fires,0.0,0.0,255.0,255.0,False,False,1422,796,
kuenker,327762,pooled_fires,0.0,0.0,255.0,255.0,False,False,800,400,
kuenker,736669,pooled_fires,0.0,0.0,255.0,255.0,False,False,2000,1063,
kuenker,736553,pooled_fires,0.0,0.0,255.0,255.0,False,False,2000,1083,
kuenker,327973,pooled_fires,0.0,0.0,255.0,255.0,False,False,1915,926,
kuenker,736786,pooled_fires,0.0,0.0,255.0,255.0,False,False,2000,1091,
kuenker,328321,pooled_fires,0.0,0.0,255.0,255.0,False,False,2807,1413,
kuenker,736407,pooled_fires,0.0,0.0,255.0,255.0,False,False,2000,1060,
kuenker,327978,pooled_fires,0.0,0.0,255.0,255.0,False,False,2860,1406,
kuenker,724088,pooled_fires,0.0,0.0,255.0,255.0,False,False,2000,1004,
kuenker,327633,pooled_fires,0.0,0.0,255.0,255.0,False,False,800,396,
kuenker,724277,pooled_fires,0.0,0.0,255.0,255.0,False,False,2000,915,
kuenker,724044,pooled_fires,0.0,0.0,255.0,255.0,False,False,2000,1025,
kuenker,328142,pooled_fires,0.0,0.0,255.0,255.0,False,False,2703,1393,
kuenker,724587,pooled_fires,0.0,0.0,255.0,255.0,False,False,2000,786,
kuenker,724300,pooled_fires,0.0,0.0,255.0,255.0,False,False,2000,993,
kuenker,294597,pooled_fires,0.0,0.0,255.0,255.0,False,False,1143,1147,
kuenker,736387,pooled_fires,0.0,0.0,255.0,255.0,False,False,2000,1072,
kuenker,720316,pooled_fires,0.0,0.0,255.0,255.0,False,False,2000,1007,
kuenker,724559,pooled_fires,5.117,7.136,168.0,168.0,False,False,2000,673,
kuenker,328056,pooled_fires,0.0,0.0,255.0,255.0,False,False,2630,1356,
kuenker,327554,pooled_fires,0.0,0.0,255.0,255.0,False,False,800,395,
kuenker,327936,pooled_fires,0.0,0.0,255.0,255.0,False,False,2762,1399,
kuenker,724288,pooled_fires,0.0,0.0,255.0,255.0,False,False,2000,1005,
kuenker,720042,pooled_fires,0.0,0.0,255.0,255.0,False,False,1451,676,
kuenker,736179,pooled_fires,0.0,0.0,255.0,255.0,False,False,2000,1056,
kuenker,327981,pooled_fires,0.0,0.0,255.0,255.0,False,False,2875,1409,
kuenker,720773,pooled_fires,0.0,0.0,255.0,255.0,False,False,2000,643,
kuenker,720241,pooled_fires,0.0,0.0,255.0,255.0,False,False,2000,994,
kuenker,724445,pooled_fires,0.0,0.0,246.0,246.0,False,False,2000,990,
kuenker,736060,pooled_fires,0.0,0.0,255.0,255.0,False,False,2000,1058,
kuenker,328007,pooled_fires,0.0,0.0,255.0,255.0,False,False,2657,1402,
kuenker,328311,pooled_fires,0.357,0.49,255.0,255.0,False,False,1658,848,
kuenker,735889,pooled_fires,0.0,0.0,255.0,255.0,False,False,2000,1084,
kuenker,736121,pooled_fires,0.0,0.0,255.0,255.0,False,False,2000,1056,
kuenker,736582,pooled_fires,0.0,0.0,255.0,255.0,False,False,2000,1084,
kuenker,328213,pooled_fires,0.0,0.0,255.0,255.0,False,False,3200,795,
kuenker,328227,pooled_fires,0.0,0.0,255.0,255.0,False,False,2501,1294,
kuenker,724629,pooled_fires,0.0,0.0,254.0,254.0,False,False,2000,1016,
kuenker,735793,pooled_fires,0.0,0.0,255.0,255.0,False,False,1909,1039,
kuenker,327529,pooled_fires,0.0,0.0,255.0,255.0,False,False,800,392,
kuenker,720339,pooled_fires,0.0,0.0,255.0,255.0,False,False,2000,478,
kuenker,724146,pooled_fires,0.0,0.0,255.0,255.0,False,False,2000,999,
kuenker,720749,pooled_fires,0.0,0.0,255.0,255.0,False,False,2000,748,
kuenker,736578,pooled_fires,0.0,0.0,255.0,255.0,False,False,2000,1061,
kuenker,720444,pooled_fires,0.0,0.0,255.0,255.0,False,False,2000,942,
kuenker,720859,pooled_fires,0.0,0.0,255.0,255.0,False,False,2000,1010,
kuenker,327687,pooled_fires,0.0,0.0,255.0,255.0,False,False,452,458,
kuenker,736170,pooled_fires,0.0,0.0,255.0,255.0,False,False,1793,1002,
kuenker,736980,pooled_fires,0.0,0.0,255.0,255.0,False,False,2000,1064,
kuenker,737090,pooled_fires,0.0,0.0,255.0,255.0,False,False,1635,902,
kuenker,719740,pooled_fires,0.0,0.0,255.0,255.0,False,False,2000,741,
kuenker,720092,pooled_fires,0.0,0.0,255.0,255.0,False,False,2000,1000,
kuenker,736230,pooled_fires,0.0,0.0,255.0,255.0,False,False,2000,1057,
kuenker,327724,pooled_fires,0.0,0.0,255.0,255.0,False,False,406,409,
kuenker,736580,pooled_fires,0.0,0.0,255.0,255.0,False,False,2000,1062,
kuenker,720760,pooled_fires,0.0,0.0,255.0,255.0,False,False,2000,557,
kuenker,327780,pooled_fires,0.0,0.0,255.0,255.0,False,False,409,407,
kuenker,737508,pooled_fires,0.0,0.0,255.0,255.0,False,False,2000,1074,
kuenker,327729,pooled_fires,0.0,0.0,255.0,255.0,False,False,409,394,
kuenker,328128,pooled_fires,0.0,0.0,255.0,255.0,False,False,2592,1398,
kuenker,294581,pooled_fires,0.0,0.0,255.0,255.0,False,False,2000,1006,
kuenker,735841,pooled_fires,0.0,0.0,255.0,255.0,False,False,2000,1065,
kuenker,294536,pooled_fires,0.0,0.0,255.0,255.0,False,False,2000,987,
kuenker,720306,pooled_fires,0.0,0.0,253.0,253.0,False,False,2000,960,
kuenker,327587,pooled_fires,0.0,0.0,255.0,255.0,False,False,463,443,
kuenker,328092,pooled_fires,0.0,0.0,255.0,255.0,False,False,2716,1400,
kuenker,736267,pooled_fires,0.0,0.0,255.0,255.0,False,False,2000,1070,
kuenker,327909,pooled_fires,0.0,0.0,255.0,255.0,False,False,1942,874,
kuenker,719907,pooled_fires,0.0,0.0,255.0,255.0,False,False,2000,928,
kuenker,735779,pooled_fires,0.0,0.0,255.0,255.0,False,False,2000,1055,
kuenker,736502,pooled_fires,0.0,0.0,255.0,255.0,False,False,2000,1087,
kuenker,327778,pooled_fires,0.0,0.0,255.0,255.0,False,False,800,125,
kuenker,724192,pooled_fires,0.0,0.0,255.0,255.0,False,False,2000,972,
kuenker,736695,pooled_fires,0.0,0.0,255.0,255.0,False,False,2000,1062,
kuenker,736283,pooled_fires,0.0,0.0,255.0,255.0,False,False,2000,1067,
kuenker,328363,pooled_fires,0.0,0.0,255.0,255.0,False,False,2105,1062,
kuenker,327563,pooled_fires,0.0,0.0,255.0,255.0,False,False,800,398,
kuenker,720402,pooled_fires,0.0,0.0,255.0,255.0,False,False,2000,475,
kuenker,724385,pooled_fires,0.0,0.0,255.0,255.0,False,False,1436,681,
kuenker,720828,pooled_fires,0.0,0.0,253.0,253.0,False,False,2000,946,
kuenker,720375,pooled_fires,0.0,0.0,255.0,255.0,False,False,2000,977,
kuenker,736925,pooled_fires,0.0,0.0,255.0,255.0,False,False,2000,1081,
kuenker,720024,pooled_fires,0.433,0.0,255.0,255.0,False,False,2000,978,
kuenker,724494,pooled_fires,0.0,0.0,255.0,255.0,False,False,2000,1018,
kuenker,719903,pooled_fires,0.0,0.0,255.0,255.0,False,False,2000,1034,
kuenker,736022,pooled_fires,0.0,0.0,255.0,255.0,False,False,2000,1057,
kuenker,719901,pooled_fires,0.0,0.0,255.0,255.0,False,False,2000,1035,
kuenker,735897,pooled_fires,0.0,0.0,255.0,255.0,False,False,2000,1073,
kuenker,720019,pooled_fires,0.0,0.0,255.0,255.0,False,False,2000,982,
kuenker,328061,pooled_fires,0.0,0.0,255.0,255.0,False,False,2108,1090,
kuenker,724210,pooled_fires,0.0,0.0,255.0,255.0,False,False,2000,913,
kuenker,735906,pooled_fires,0.0,0.0,255.0,255.0,False,False,2000,1071,
kuenker,294543,pooled_fires,0.0,0.0,254.0,254.0,False,False,2000,1018,
kuenker,719922,pooled_fires,0.0,0.0,255.0,255.0,False,False,1987,1039,
kuenker,737541,pooled_fires,0.0,0.0,255.0,255.0,False,False,1641,906,
kuenker,736153,pooled_fires,0.0,0.0,255.0,255.0,False,False,2000,694,
kuenker,328302,pooled_fires,0.0,0.0,255.0,255.0,False,False,2639,1397,
kuenker,736222,pooled_fires,0.0,0.0,255.0,255.0,False,False,2000,1063,
kuenker,328296,pooled_fires,0.0,0.0,255.0,255.0,False,False,2875,1404,
kuenker,737467,pooled_fires,0.0,0.0,255.0,255.0,False,False,2000,1083,
kuenker,294539,pooled_fires,0.0,0.0,255.0,255.0,False,False,2000,1019,
kuenker,724059,pooled_fires,0.0,0.0,255.0,255.0,False,False,2000,959,
kuenker,724285,pooled_fires,0.0,0.0,255.0,255.0,False,False,2000,978,
kuenker,735951,pooled_fires,0.0,0.0,255.0,255.0,False,False,2000,1062,
kuenker,327519,pooled_fires,0.0,0.0,255.0,255.0,False,False,800,398,
kuenker,719815,pooled_fires,0.0,0.0,255.0,255.0,False,False,2000,537,
kuenker,736027,pooled_fires,0.0,0.0,255.0,255.0,False,False,2000,1077,
kuenker,328041,pooled_fires,0.0,0.0,255.0,255.0,False,False,2987,1199,
kuenker,737001,pooled_fires,0.0,0.0,255.0,255.0,False,False,2000,1073,
kuenker,724554,pooled_fires,12.062,21.495,165.0,165.0,False,False,2000,669,
kuenker,724441,pooled_fires,0.0,0.0,255.0,255.0,False,False,1566,762,
kuenker,724048,pooled_fires,0.0,0.0,255.0,255.0,False,False,2000,1091,
kuenker,724608,pooled_fires,0.0,0.0,255.0,255.0,False,False,2000,962,
kuenker,735872,pooled_fires,0.0,0.0,255.0,255.0,False,False,2000,1081,
kuenker,294560,pooled_fires,0.0,0.0,255.0,255.0,False,False,2000,510,
kuenker,735754,pooled_fires,0.0,0.0,255.0,255.0,False,False,1198,691,
kuenker,327585,pooled_fires,0.0,0.0,255.0,255.0,False,False,800,393,
kuenker,724392,pooled_fires,0.0,0.0,255.0,255.0,False,False,2000,530,
kuenker,723970,pooled_fires,0.0,0.0,255.0,255.0,False,False,2000,965,
kuenker,327744,pooled_fires,0.0,0.0,255.0,255.0,False,False,414,417,
kuenker,737240,pooled_fires,0.0,0.0,255.0,255.0,False,False,1637,905,
kuenker,327589,pooled_fires,0.0,0.0,255.0,255.0,False,False,434,403,
kuenker,736054,pooled_fires,0.0,0.0,255.0,255.0,False,False,2000,1058,
kuenker,720578,pooled_fires,0.0,0.0,255.0,255.0,False,False,1425,359,
kuenker,736279,pooled_fires,0.0,0.0,255.0,255.0,False,False,1849,1029,
kuenker,328245,pooled_fires,0.0,0.0,255.0,255.0,False,False,2861,1400,
kuenker,720312,pooled_fires,0.0,0.0,255.0,255.0,False,False,2000,1062,
kuenker,724525,pooled_fires,0.0,0.0,255.0,255.0,False,False,2000,1029,
kuenker,328122,pooled_fires,0.0,0.0,255.0,255.0,False,False,2736,1410,
kuenker,736239,pooled_fires,0.0,0.0,255.0,255.0,False,False,2000,1048,
kuenker,720726,pooled_fires,0.0,0.0,255.0,255.0,False,False,2000,453,
kuenker,736250,pooled_fires,0.0,0.0,255.0,255.0,False,False,2000,1057,
kuenker,737293,pooled_fires,0.0,0.0,255.0,255.0,False,False,1634,903,
kuenker,736168,pooled_fires,0.0,0.0,255.0,255.0,False,False,2000,1037,
kuenker,737440,pooled_fires,0.0,0.0,255.0,255.0,False,False,2000,1065,
kuenker,736066,pooled_fires,0.0,0.0,255.0,255.0,False,False,2000,1075,
kuenker,724062,pooled_fires,0.0,0.0,255.0,255.0,False,False,2000,941,
kuenker,724484,pooled_fires,0.0,0.0,255.0,255.0,False,False,2000,1069,
kuenker,736568,pooled_fires,0.0,0.0,255.0,255.0,False,False,2000,1063,
kuenker,720660,pooled_fires,0.0,0.0,255.0,255.0,False,False,2000,967,
kuenker,328205,pooled_fires,0.0,0.0,255.0,255.0,False,False,2855,1408,
leu,546320,neither,20.218,25.407,223.496,223.496,False,False,1179,800,
leu,497897,pooled_fires,0.0,0.0,255.0,255.0,False,False,1200,614,
leu,547943,pooled_fires,0.0,0.0,255.0,255.0,False,False,1200,600,
leu,296940,pooled_fires,0.0,0.0,255.0,255.0,False,False,1200,603,
leu,562387,pooled_fires,0.0,0.0,255.0,255.0,False,False,1150,558,
leu,565357,pooled_fires,0.0,0.0,255.0,255.0,False,False,1200,599,
leu,538534,pooled_fires,0.0,0.0,255.0,255.0,False,False,1200,601,
leu,525309,pooled_fires,0.0,0.0,255.0,255.0,False,False,1200,604,
leu,347500,pooled_fires,0.0,0.0,255.0,255.0,False,False,1200,584,
leu,562043,pooled_fires,6.726,8.683,255.0,255.0,False,False,1179,800,
leu,565893,pooled_fires,0.0,0.0,255.0,255.0,False,False,1200,563,
leu,483875,pooled_fires,0.0,0.0,255.0,255.0,False,False,1200,601,
leu,474997,pooled_fires,0.0,0.0,255.0,255.0,False,False,1200,525,
leu,498569,neither,45.956,58.889,222.037,222.037,False,False,1179,800,
leu,505722,pooled_fires,0.0,0.0,255.0,255.0,False,False,1200,608,
leu,501977,pooled_fires,0.3,0.4,255.0,255.0,False,False,1200,607,
leu,547743,pooled_fires,0.0,0.0,255.0,255.0,False,False,1200,593,
leu,494649,pooled_fires,0.439,0.49,255.0,255.0,False,False,1200,597,
leu,487575,pooled_fires,0.0,0.0,255.0,255.0,False,False,1200,586,
leu,351660,pooled_fires,0.0,0.0,255.0,255.0,False,False,1200,586,
leu,560216,pooled_fires,0.0,0.0,255.0,255.0,False,False,1200,604,
leu,294815,pooled_fires,0.0,0.0,255.0,255.0,False,False,1200,631,
leu,543359,pooled_fires,0.0,0.0,255.0,255.0,False,False,1200,597,
leu,350311,pooled_fires,0.0,0.0,255.0,255.0,False,False,1200,548,
leu,297318,pooled_fires,0.0,0.0,255.0,255.0,False,False,1200,627,
leu,294862,pooled_fires,0.0,0.0,255.0,255.0,False,False,1197,553,
leu,689697,pooled_fires,0.0,0.0,255.0,255.0,False,False,1200,593,
leu,490665,neither,29.543,40.527,255.0,255.0,False,False,1179,800,
leu,533343,pooled_fires,0.0,0.0,255.0,255.0,False,False,1200,587,
leu,475999,pooled_fires,0.0,0.0,255.0,255.0,False,False,1200,562,
leu,527216,pooled_fires,0.0,0.0,255.0,255.0,False,False,1200,565,
leu,353696,pooled_fires,0.0,0.0,255.0,255.0,False,False,1200,580,
leu,518246,pooled_fires,0.0,0.0,255.0,255.0,False,False,1200,592,
leu,494889,pooled_fires,0.0,0.0,255.0,255.0,False,False,1200,611,
leu,570138,pooled_fires,0.0,0.0,255.0,255.0,False,False,1200,610,
leu,353203,pooled_fires,0.0,0.0,255.0,255.0,False,False,1200,609,
leu,685141,pooled_fires,0.0,0.0,255.0,255.0,False,False,1200,598,
leu,345210,pooled_fires,0.0,0.0,255.0,255.0,False,False,1200,578,
leu,539653,pooled_fires,0.0,0.0,255.0,255.0,False,False,1200,606,
leu,553560,pooled_fires,0.0,0.0,255.0,255.0,False,False,1200,540,
leu,552857,pooled_fires,0.0,0.0,255.0,255.0,False,False,1200,590,
leu,493530,pooled_fires,0.0,0.0,255.0,255.0,False,False,1200,574,
leu,545361,pooled_fires,0.0,0.0,255.0,255.0,False,False,1200,524,
leu,345462,pooled_fires,0.0,0.0,255.0,255.0,False,False,1200,640,
leu,573573,pooled_fires,0.0,0.0,255.0,255.0,False,False,1200,589,
leu,572512,pooled_fires,0.0,0.0,255.0,255.0,False,False,1200,579,
leu,506094,pooled_fires,0.0,0.0,255.0,255.0,False,False,1200,608,
leu,687184,pooled_fires,0.0,0.0,255.0,255.0,False,False,1189,600,
leu,548517,pooled_fires,0.0,0.0,255.0,255.0,False,False,1200,593,
leu,549685,pooled_fires,0.0,0.0,255.0,255.0,False,False,1200,594,
leu,306948,pooled_fires,0.0,0.0,255.0,255.0,False,False,1200,626,
leu,493452,pooled_fires,0.0,0.0,255.0,255.0,False,False,1200,557,
leu,485885,pooled_fires,0.0,0.0,255.0,255.0,False,False,1200,624,
leu,484027,pooled_fires,0.0,0.0,255.0,255.0,False,False,1200,624,
leu,495577,pooled_fires,0.0,0.0,255.0,255.0,False,False,1200,598,
leu,559026,pooled_fires,0.0,0.0,255.0,255.0,False,False,1200,615,
leu,685835,pooled_fires,0.0,0.0,255.0,255.0,False,False,1200,597,
leu,350433,pooled_fires,0.0,0.0,255.0,255.0,False,False,1200,563,
leu,559424,pooled_fires,0.0,0.0,255.0,255.0,False,False,1200,584,
leu,573951,pooled_fires,0.0,0.0,255.0,255.0,False,False,1200,594,
leu,540850,pooled_fires,0.0,0.0,255.0,255.0,False,False,1200,545,
leu,540310,pooled_fires,0.0,0.0,255.0,255.0,False,False,1200,576,
leu,521812,pooled_fires,0.0,0.0,255.0,255.0,False,False,1200,575,
leu,540003,pooled_fires,0.0,0.0,255.0,255.0,False,False,1200,588,
leu,365506,pooled_fires,0.0,0.0,255.0,255.0,False,False,1200,600,
leu,517167,pooled_fires,0.0,0.0,255.0,255.0,False,False,1200,550,
leu,540192,pooled_fires,0.0,0.0,255.0,255.0,False,False,1200,618,
leu,489277,pooled_fires,0.0,0.0,255.0,255.0,False,False,1200,599,
leu,473867,pooled_fires,0.0,0.0,255.0,255.0,False,False,1200,597,
leu,576644,pooled_fires,0.0,0.0,255.0,255.0,False,False,1200,599,
leu,536601,neither,29.661,37.732,221.565,221.565,False,False,1179,800,
leu,346263,pooled_fires,0.0,0.0,255.0,255.0,False,False,1200,608,
leu,350486,pooled_fires,0.0,0.0,255.0,255.0,False,False,1200,600,
leu,566814,pooled_fires,0.0,0.0,255.0,255.0,False,False,1200,610,
leu,505382,pooled_fires,0.0,0.0,255.0,255.0,False,False,1200,605,
leu,689829,pooled_fires,0.0,0.0,255.0,255.0,False,False,1180,600,
leu,547068,pooled_fires,0.0,0.0,255.0,255.0,False,False,1200,529,
leu,547087,pooled_fires,0.0,0.0,255.0,255.0,False,False,1200,607,
leu,331702,pooled_fires,0.0,0.0,255.0,255.0,False,False,1200,611,
leu,332702,pooled_fires,0.0,0.0,255.0,255.0,False,False,1200,651,
leu,332743,pooled_fires,0.0,0.0,255.0,255.0,False,False,1200,566,
leu,577220,pooled_fires,0.0,0.0,255.0,255.0,False,False,1200,598,
leu,476022,pooled_fires,0.0,0.0,255.0,255.0,False,False,1200,586,
leu,550171,pooled_fires,0.49,0.4,255.0,255.0,False,False,1200,620,
leu,503774,pooled_fires,0.0,0.0,255.0,255.0,False,False,1200,582,
leu,304511,pooled_fires,0.0,0.0,255.0,255.0,False,False,1200,611,
leu,540849,pooled_fires,0.0,0.0,255.0,255.0,False,False,1200,588,
leu,349198,pooled_fires,0.0,0.0,255.0,255.0,False,False,1200,711,
leu,690335,pooled_fires,0.0,0.0,255.0,255.0,False,False,1200,585,
leu,515669,pooled_fires,0.0,0.0,255.0,255.0,False,False,1200,561,
leu,551909,pooled_fires,0.0,0.0,255.0,255.0,False,False,1200,609,
leu,307687,pooled_fires,0.0,0.0,255.0,255.0,False,False,1200,589,
leu,547977,pooled_fires,0.0,0.0,255.0,255.0,False,False,1200,606,
leu,495445,pooled_fires,0.0,0.0,255.0,255.0,False,False,1200,606,
leu,564870,pooled_fires,0.0,0.0,255.0,255.0,False,False,1200,608,
leu,507076,pooled_fires,0.0,0.0,255.0,255.0,False,False,1200,627,
leu,539839,pooled_fires,0.0,0.0,255.0,255.0,False,False,1200,594,
leu,487120,pooled_fires,0.271,0.466,255.0,255.0,False,False,1200,624,
leu,484964,pooled_fires,0.0,0.0,255.0,255.0,False,False,1200,598,
leu,304065,pooled_fires,0.0,0.0,255.0,255.0,False,False,1200,609,
leu,347609,pooled_fires,0.0,0.0,255.0,255.0,False,False,1200,568,
leu,523043,neither,29.913,35.498,220.649,220.649,False,False,1180,800,
leu,305150,pooled_fires,0.0,0.0,255.0,255.0,False,False,1200,609,
leu,565619,pooled_fires,0.0,0.0,255.0,255.0,False,False,1200,547,
leu,475664,pooled_fires,0.0,0.0,255.0,255.0,False,False,1200,606,
leu,488542,pooled_fires,0.0,0.0,255.0,255.0,False,False,1200,617,
leu,531408,pooled_fires,0.0,0.0,255.0,255.0,False,False,1200,588,
leu,476621,pooled_fires,0.0,0.0,255.0,255.0,False,False,1200,642,
leu,489708,pooled_fires,0.0,0.0,255.0,255.0,False,False,1200,581,
leu,333372,pooled_fires,0.0,0.0,255.0,255.0,False,False,1200,550,
leu,476423,pooled_fires,0.0,0.0,255.0,255.0,False,False,1200,531,
leu,650983,pooled_fires,0.0,0.0,255.0,255.0,False,False,1200,587,
leu,575796,pooled_fires,0.0,0.0,255.0,255.0,False,False,1200,555,
leu,565557,pooled_fires,0.0,0.0,255.0,255.0,False,False,1200,543,
leu,547294,pooled_fires,0.477,0.49,255.0,255.0,False,False,1200,613,
leu,295381,pooled_fires,0.0,0.0,255.0,255.0,False,False,1200,569,
leu,481497,pooled_fires,0.0,0.0,255.0,255.0,False,False,1200,550,
leu,534982,pooled_fires,0.0,0.0,255.0,255.0,False,False,1200,566,
leu,294900,pooled_fires,0.0,0.0,255.0,255.0,False,False,1200,651,
leu,304910,pooled_fires,0.0,0.0,255.0,255.0,False,False,1200,629,
leu,555185,neither,36.013,39.405,215.175,215.175,False,False,1179,800,
leu,565938,pooled_fires,0.0,0.0,255.0,255.0,False,False,1200,593,
leu,548101,pooled_fires,0.0,0.0,255.0,255.0,False,False,1200,610,
leu,346177,pooled_fires,0.0,0.0,255.0,255.0,False,False,1200,610,
leu,507175,pooled_fires,0.0,0.0,255.0,255.0,False,False,1200,609,
leu,558424,pooled_fires,0.0,0.0,255.0,255.0,False,False,1200,603,
leu,685315,pooled_fires,0.0,0.0,255.0,255.0,False,False,1200,597,
leu,544702,pooled_fires,0.0,0.0,255.0,255.0,False,False,1200,665,
leu,509310,pooled_fires,0.0,0.0,255.0,255.0,False,False,1200,618,
leu,478801,pooled_fires,0.0,0.0,255.0,255.0,False,False,1200,607,
leu,498469,neither,88.018,102.774,221.461,221.461,False,False,1179,800,
leu,563486,pooled_fires,0.0,0.0,255.0,255.0,False,False,1200,628,
leu,511602,pooled_fires,0.0,0.0,255.0,255.0,False,False,1200,585,
leu,511800,pooled_fires,0.0,0.0,255.0,255.0,False,False,1200,600,
leu,347749,pooled_fires,0.0,0.0,255.0,255.0,False,False,1200,556,
leu,576766,pooled_fires,0.0,0.0,255.0,255.0,False,False,1200,599,
leu,573022,pooled_fires,0.0,0.0,255.0,255.0,False,False,1200,542,
leu,525386,pooled_fires,0.0,0.0,255.0,255.0,False,False,1200,608,
leu,347781,pooled_fires,0.0,0.0,255.0,255.0,False,False,1200,573,
leu,574278,pooled_fires,0.0,0.0,255.0,255.0,False,False,1200,585,
leu,566252,pooled_fires,0.0,0.0,255.0,255.0,False,False,1200,609,
leu,365716,pooled_fires,0.0,0.0,255.0,255.0,False,False,1200,600,
leu,517670,pooled_fires,0.0,0.0,255.0,255.0,False,False,1200,575,
leu,518204,pooled_fires,0.0,0.0,255.0,255.0,False,False,1200,586,
leu,498311,pooled_fires,0.0,0.0,255.0,255.0,False,False,1200,603,
leu,483626,pooled_fires,0.0,0.0,255.0,255.0,False,False,1200,590,
leu,547096,pooled_fires,0.0,0.0,255.0,255.0,False,False,1200,578,
leu,481706,pooled_fires,0.0,0.0,255.0,255.0,False,False,1200,613,
leu,549258,pooled_fires,0.0,0.0,255.0,255.0,False,False,1200,569,
leu,520783,pooled_fires,0.0,0.0,255.0,255.0,False,False,1200,615,
leu,490388,pooled_fires,0.0,0.0,255.0,255.0,False,False,1200,595,
leu,550530,pooled_fires,0.0,0.0,255.0,255.0,False,False,1200,591,
leu,350507,pooled_fires,0.0,0.0,255.0,255.0,False,False,1200,630,
leu,476757,pooled_fires,0.0,0.0,255.0,255.0,False,False,1200,618,
leu,295699,pooled_fires,0.0,0.0,255.0,255.0,False,False,1200,592,
leu,352698,pooled_fires,0.0,0.0,255.0,255.0,False,False,1200,580,
leu,505247,pooled_fires,0.0,0.0,255.0,255.0,False,False,1200,595,
leu,504866,pooled_fires,0.0,0.0,255.0,255.0,False,False,860,800,
leu,296470,pooled_fires,0.0,0.0,255.0,255.0,False,False,1200,599,
leu,535464,pooled_fires,0.0,0.0,255.0,255.0,False,False,1200,596,
leu,560471,pooled_fires,0.0,0.0,255.0,255.0,False,False,1200,551,
leu,486494,pooled_fires,0.0,0.0,255.0,255.0,False,False,1200,598,
leu,544665,pooled_fires,0.0,0.0,255.0,255.0,False,False,1200,536,
leu,574065,pooled_fires,0.0,0.0,255.0,255.0,False,False,1200,553,
leu,575714,pooled_fires,0.0,0.0,255.0,255.0,False,False,1200,594,
leu,689556,pooled_fires,0.0,0.0,255.0,255.0,False,False,1200,598,
leu,518689,pooled_fires,0.0,0.0,255.0,255.0,False,False,1200,595,
leu,555358,pooled_fires,0.0,0.0,255.0,255.0,False,False,1200,607,
leu,532412,pooled_fires,0.0,0.0,255.0,255.0,False,False,1200,600,
leu,518232,pooled_fires,0.0,0.0,255.0,255.0,False,False,1200,605,
leu,481585,pooled_fires,0.0,0.0,255.0,255.0,False,False,1200,585,
leu,478484,pooled_fires,0.0,0.0,255.0,255.0,False,False,1200,583,
leu,573692,pooled_fires,0.0,0.0,255.0,255.0,False,False,1200,642,
leu,507677,pooled_fires,0.0,0.0,255.0,255.0,False,False,1200,600,
leu,334060,pooled_fires,0.0,0.0,255.0,255.0,False,False,1200,602,
leu,364770,pooled_fires,0.0,0.0,255.0,255.0,False,False,1200,600,
leu,502915,pooled_fires,0.347,0.48,255.0,255.0,False,False,1200,629,
leu,495159,pooled_fires,0.271,0.4,255.0,255.0,False,False,1200,589,
leu,304294,pooled_fires,0.0,0.0,255.0,255.0,False,False,1200,610,
leu,538544,pooled_fires,0.0,0.0,255.0,255.0,False,False,1200,593,
leu,553779,pooled_fires,0.0,0.0,255.0,255.0,False,False,1200,592,
leu,540267,pooled_fires,0.0,0.0,255.0,255.0,False,False,1200,598,
leu,555914,pooled_fires,0.0,0.0,255.0,255.0,False,False,1200,635,
leu,536643,neither,69.439,94.237,1.0,1.0,False,False,1179,800,
leu,687423,pooled_fires,0.0,0.0,255.0,255.0,False,False,1166,600,
leu,514554,pooled_fires,0.0,0.0,255.0,255.0,False,False,1200,616,
leu,542634,pooled_fires,0.0,0.0,255.0,255.0,False,False,1200,594,
leu,531414,pooled_fires,0.0,0.0,255.0,255.0,False,False,1200,578,
leu,513638,pooled_fires,0.0,0.0,255.0,255.0,False,False,1200,572,
leu,520740,pooled_fires,0.0,0.0,255.0,255.0,False,False,1200,224,
leu,307117,pooled_fires,0.0,0.0,255.0,255.0,False,False,1200,588,
leu,550406,pooled_fires,0.0,0.0,255.0,255.0,False,False,1200,597,
leu,571335,pooled_fires,0.0,0.0,255.0,255.0,False,False,1200,583,
leu,520943,pooled_fires,0.0,0.0,255.0,255.0,False,False,1200,615,
leu,542626,pooled_fires,0.0,0.0,255.0,255.0,False,False,1200,609,
leu,503831,pooled_fires,0.0,0.0,255.0,255.0,False,False,1200,579,
leu,473821,pooled_fires,0.0,0.0,255.0,255.0,False,False,1200,598,
leu,480394,pooled_fires,0.0,0.0,255.0,255.0,False,False,1200,611,
leu,538342,pooled_fires,0.0,0.0,255.0,255.0,False,False,1200,583,
leu,497167,pooled_fires,0.0,0.0,255.0,255.0,False,False,1200,589,
mashops,400516,pooled_fires,0.0,0.0,255.0,255.0,False,False,1416,726,
mashops,454404,pooled_fires,0.0,0.0,255.0,255.0,False,False,1425,734,
mashops,453794,pooled_fires,0.0,0.0,255.0,255.0,False,False,1600,1200,
mashops,370172,pooled_fires,0.0,0.0,255.0,255.0,False,False,1200,580,
mashops,463026,pooled_fires,0.0,0.0,255.0,255.0,False,False,1600,749,
mashops,404855,pooled_fires,0.0,0.0,255.0,255.0,False,False,1599,809,
mashops,443273,pooled_fires,0.0,0.0,255.0,255.0,False,False,1016,506,
mashops,444665,pooled_fires,2.225,3.858,255.0,255.0,False,False,1425,707,
mashops,389058,pooled_fires,0.0,0.0,255.0,255.0,False,False,1475,721,
mashops,384795,pooled_fires,0.0,0.0,255.0,255.0,False,False,1659,768,
mashops,450490,pooled_fires,0.0,0.0,255.0,255.0,False,False,1200,566,
mashops,451563,pooled_fires,0.0,0.0,255.0,255.0,False,False,1400,725,
mashops,451987,pooled_fires,0.0,0.0,255.0,255.0,False,False,1475,702,
mashops,419769,pooled_fires,0.0,0.0,255.0,255.0,False,False,1600,804,
mashops,435609,pooled_fires,0.0,0.0,255.0,255.0,False,False,1200,551,
mashops,416677,pooled_fires,0.0,0.0,255.0,255.0,False,False,650,325,
mashops,426037,pooled_fires,0.0,0.0,255.0,255.0,False,False,890,438,
mashops,370245,pooled_fires,0.0,0.0,255.0,255.0,False,False,1198,546,
mashops,417905,pooled_fires,0.0,0.0,255.0,255.0,False,False,1200,587,
mashops,438579,neither,31.533,46.251,253.927,253.927,False,False,1200,166,
mashops,444026,neither,81.883,83.201,3.99,3.99,False,False,1285,623,
mashops,399808,pooled_fires,0.0,0.0,255.0,255.0,False,False,1200,590,
mashops,437803,pooled_fires,0.0,0.0,255.0,255.0,False,False,1198,601,
mashops,453903,pooled_fires,2.634,3.374,51.0,51.0,False,False,1500,750,
mashops,443821,pooled_fires,0.0,0.0,255.0,255.0,False,False,960,501,
mashops,377268,pooled_fires,0.0,0.0,255.0,255.0,False,False,777,385,
mashops,396265,pooled_fires,4.78,1.166,252.5,252.5,False,False,1600,783,
mashops,374075,pooled_fires,0.4,0.49,255.0,255.0,False,False,1200,610,
mashops,463628,pooled_fires,0.5,0.0,254.5,254.5,False,False,1410,700,
mashops,441547,pooled_fires,0.0,0.0,255.0,255.0,False,False,448,253,
mashops,367451,pooled_fires,0.0,0.0,254.0,254.0,False,False,1200,599,
mashops,430165,pooled_fires,0.0,0.0,255.0,255.0,False,False,1198,548,
mashops,392974,pooled_fires,0.0,0.0,255.0,255.0,False,False,1300,546,
mashops,398630,pooled_fires,0.0,0.0,255.0,255.0,False,False,1600,721,
mashops,437861,pooled_fires,0.0,0.0,255.0,255.0,False,False,1271,650,
mashops,376181,pooled_fires,0.357,0.49,254.0,254.0,False,False,1350,675,
mashops,397877,pooled_fires,0.0,0.0,255.0,255.0,False,False,1200,625,
mashops,455226,pooled_fires,0.0,0.0,255.0,255.0,False,False,1199,624,
mashops,433786,pooled_fires,0.0,0.0,254.0,254.0,False,False,1198,590,
mashops,424300,pooled_fires,0.0,0.0,255.0,255.0,False,False,1196,619,
mashops,401004,pooled_fires,4.443,2.757,183.0,183.0,False,False,1700,829,
mashops,404495,pooled_fires,0.0,0.0,254.0,254.0,False,False,1200,572,
mashops,393473,pooled_fires,0.0,0.0,255.0,255.0,False,False,1023,499,
mashops,408878,pooled_fires,0.0,0.0,255.0,255.0,False,False,876,447,
mashops,414243,m1_fires,18.44,2.332,41.077,59.0,True,False,600,300,
mashops,441554,pooled_fires,8.556,6.573,237.5,237.5,False,False,549,274,
mashops,452040,pooled_fires,0.0,0.0,255.0,255.0,False,False,1600,680,
mashops,416396,pooled_fires,0.0,0.0,255.0,255.0,False,False,1800,830,
mashops,401157,pooled_fires,0.0,0.0,255.0,255.0,False,False,1200,628,
mashops,397879,pooled_fires,0.0,0.0,255.0,255.0,False,False,1200,527,
mashops,366596,pooled_fires,0.0,0.0,255.0,255.0,False,False,1413,704,
mashops,368779,neither,54.997,60.148,36.456,36.456,False,False,1296,1296,
mashops,375954,pooled_fires,0.0,0.0,255.0,255.0,False,False,1196,614,
mashops,422355,pooled_fires,0.0,0.0,255.0,255.0,False,False,1700,864,
mashops,453212,pooled_fires,0.0,0.0,255.0,255.0,False,False,1269,835,
mashops,389962,pooled_fires,0.0,0.0,255.0,255.0,False,False,1200,597,
mashops,440245,pooled_fires,0.0,0.0,254.0,254.0,False,False,1199,621,
mashops,411652,pooled_fires,0.0,0.0,255.0,255.0,False,False,1600,800,
mashops,456351,pooled_fires,0.0,0.0,255.0,255.0,False,False,1594,791,
mashops,464959,pooled_fires,0.0,0.0,255.0,255.0,False,False,1407,707,
mashops,382490,pooled_fires,0.0,0.0,255.0,255.0,False,False,1425,732,
mashops,462298,pooled_fires,0.0,0.0,254.0,254.0,False,False,1200,591,
mashops,451265,pooled_fires,0.597,1.176,255.0,255.0,False,False,1191,594,
mashops,423203,pooled_fires,0.0,0.0,255.0,255.0,False,False,1198,601,
mashops,410042,pooled_fires,0.5,0.0,254.5,254.5,False,False,1290,618,
mashops,439597,pooled_fires,0.0,0.0,255.0,255.0,False,False,642,372,
mashops,444808,m1_fires,80.057,2.034,76.0,74.0,True,False,1055,605,
mashops,458104,pooled_fires,0.0,0.0,255.0,255.0,False,False,930,479,
mashops,448651,pooled_fires,0.0,0.0,255.0,255.0,False,False,1475,737,
mashops,379510,neither,25.717,48.285,38.003,38.003,False,False,667,310,
mashops,375465,pooled_fires,0.337,0.614,255.0,255.0,False,False,650,325,
mashops,411653,pooled_fires,0.0,0.0,255.0,255.0,False,False,1425,685,
mashops,443180,pooled_fires,0.0,0.0,255.0,255.0,False,False,1042,556,
mashops,441831,pooled_fires,0.0,0.0,255.0,255.0,False,False,1021,546,
mashops,425253,pooled_fires,0.0,0.0,255.0,255.0,False,False,1413,705,
mashops,428431,pooled_fires,0.0,0.0,255.0,255.0,False,False,1700,865,
mashops,462219,pooled_fires,0.0,0.0,255.0,255.0,False,False,1200,577,
mashops,382608,pooled_fires,0.0,0.0,255.0,255.0,False,False,1200,593,
mashops,382372,pooled_fires,0.0,0.0,255.0,255.0,False,False,1198,630,
mashops,438610,pooled_fires,3.124,5.331,254.0,254.0,False,False,1200,190,
mashops,406083,pooled_fires,0.0,0.0,255.0,255.0,False,False,1411,706,
mashops,460834,pooled_fires,0.0,0.0,255.0,255.0,False,False,1198,617,
mashops,455546,pooled_fires,0.0,0.0,255.0,255.0,False,False,1200,576,
mashops,391789,pooled_fires,0.0,0.0,255.0,255.0,False,False,1200,590,
mashops,453325,pooled_fires,0.0,0.0,255.0,255.0,False,False,1789,996,
mashops,442502,pooled_fires,0.0,0.0,255.0,255.0,False,False,1419,721,
mashops,465645,pooled_fires,0.0,0.0,255.0,255.0,False,False,1387,721,
mashops,408435,pooled_fires,0.0,0.0,255.0,255.0,False,False,1200,568,
mashops,434701,pooled_fires,0.0,0.0,255.0,255.0,False,False,1290,595,
mashops,429171,neither,86.552,118.966,17.325,17.325,False,False,427,208,
mashops,454845,pooled_fires,0.0,0.0,255.0,255.0,False,False,1200,581,
mashops,417093,pooled_fires,0.5,0.0,254.5,254.5,False,False,1116,557,
mashops,462256,pooled_fires,0.0,0.0,255.0,255.0,False,False,1200,607,
mashops,450282,pooled_fires,0.0,0.0,255.0,255.0,False,False,1200,600,
mashops,411273,pooled_fires,0.0,0.0,255.0,255.0,False,False,838,413,
mashops,384275,pooled_fires,0.0,0.0,255.0,255.0,False,False,1185,600,
mashops,396590,pooled_fires,0.0,0.0,255.0,255.0,False,False,650,325,
mashops,430036,pooled_fires,0.0,0.0,255.0,255.0,False,False,1198,581,
mashops,391169,pooled_fires,0.0,0.0,255.0,255.0,False,False,899,450,
mashops,432289,m1_fires,105.367,0.0,16.514,12.0,True,False,1191,603,
mashops,389260,pooled_fires,0.0,0.0,255.0,255.0,False,False,1600,782,
mashops,376703,m1_fires,18.711,2.332,40.754,214.0,True,True,1158,548,
mashops,379508,pooled_fires,0.0,0.0,255.0,255.0,False,False,1483,792,
mashops,389048,pooled_fires,0.0,0.0,255.0,255.0,False,False,1049,499,
mashops,404772,pooled_fires,0.0,0.0,255.0,255.0,False,False,1700,852,
mashops,410589,pooled_fires,0.0,0.0,255.0,255.0,False,False,1200,587,
mashops,395535,pooled_fires,0.0,0.0,0.0,0.0,False,False,1043,500,
mashops,421880,pooled_fires,0.0,0.0,254.0,254.0,False,False,1200,572,
mashops,452472,pooled_fires,0.0,0.0,254.0,254.0,False,False,1334,650,
mashops,400330,pooled_fires,0.0,0.0,255.0,255.0,False,False,1988,1017,
mashops,402946,pooled_fires,0.0,0.0,255.0,255.0,False,False,1200,604,
mashops,433707,pooled_fires,0.0,0.0,255.0,255.0,False,False,1200,629,
mashops,462878,pooled_fires,0.0,0.0,255.0,255.0,False,False,1700,825,
mashops,383257,pooled_fires,0.0,0.0,255.0,255.0,False,False,1700,842,
mashops,427868,pooled_fires,0.0,0.0,254.0,254.0,False,False,1200,633,
mashops,429742,pooled_fires,0.0,0.0,255.0,255.0,False,False,910,745,
mashops,366836,pooled_fires,0.0,0.0,255.0,255.0,False,False,1309,617,
mashops,368350,pooled_fires,0.0,0.0,255.0,255.0,False,False,1548,774,
mashops,372468,neither,73.121,74.807,1.991,1.991,False,False,1286,622,
mashops,393976,pooled_fires,0.0,0.0,254.0,254.0,False,False,1200,595,
mashops,389743,pooled_fires,0.0,0.0,255.0,255.0,False,False,1200,562,
mashops,395364,pooled_fires,0.0,0.0,255.0,255.0,False,False,1200,558,
mashops,382870,pooled_fires,0.0,0.0,2.0,2.0,False,False,1700,854,
mashops,438651,pooled_fires,0.0,0.0,255.0,255.0,False,False,1089,590,
mashops,373040,pooled_fires,0.0,0.0,255.0,255.0,False,False,650,325,
mashops,407017,pooled_fires,0.0,0.0,255.0,255.0,False,False,1149,588,
mashops,450753,pooled_fires,4.246,3.307,179.0,179.0,False,False,2000,948,
mashops,367389,pooled_fires,0.0,0.0,254.0,254.0,False,False,1200,563,
mashops,393070,pooled_fires,0.0,0.0,0.0,0.0,False,False,972,476,
mashops,383858,pooled_fires,0.0,0.0,255.0,255.0,False,False,1451,687,
mashops,439920,pooled_fires,0.0,0.0,255.0,255.0,False,False,932,565,
mashops,372016,pooled_fires,0.0,0.0,255.0,255.0,False,False,1200,542,
mashops,389961,pooled_fires,0.0,0.0,255.0,255.0,False,False,1200,586,
mashops,399755,pooled_fires,0.0,0.0,255.0,255.0,False,False,1200,585,
mashops,458246,pooled_fires,0.0,0.0,255.0,255.0,False,False,1200,548,
mashops,397641,pooled_fires,0.0,0.0,255.0,255.0,False,False,1200,547,
mashops,389209,m1_fires,69.201,0.49,21.823,80.0,True,False,1200,540,
mashops,375477,pooled_fires,0.0,0.0,255.0,255.0,False,False,1287,592,
mashops,371174,pooled_fires,0.0,0.0,255.0,255.0,False,False,696,322,
mashops,409879,pooled_fires,0.0,0.0,255.0,255.0,False,False,1289,664,
mashops,392470,pooled_fires,0.0,0.0,255.0,255.0,False,False,1200,595,
mashops,388116,pooled_fires,0.0,0.0,255.0,255.0,False,False,1200,589,
mashops,379315,pooled_fires,0.357,0.49,254.0,254.0,False,False,1350,675,
mashops,390847,pooled_fires,0.0,0.0,255.0,255.0,False,False,1475,718,
mashops,380625,pooled_fires,0.0,0.0,255.0,255.0,False,False,1197,579,
mashops,376193,pooled_fires,0.0,0.0,255.0,255.0,False,False,909,436,
mashops,408206,neither,15.175,21.845,220.347,220.347,False,False,351,567,
mashops,377491,pooled_fires,0.0,0.0,255.0,255.0,False,False,1200,588,
mashops,373609,pooled_fires,0.0,0.0,255.0,255.0,False,False,1350,682,
mashops,408500,pooled_fires,0.0,0.0,254.0,254.0,False,False,1200,674,
mashops,400163,pooled_fires,0.0,0.0,255.0,255.0,False,False,1200,585,
mashops,451991,pooled_fires,0.0,0.0,255.0,255.0,False,False,999,484,
mashops,391828,pooled_fires,0.0,0.0,255.0,255.0,False,False,1198,545,
mashops,398705,neither,65.151,20.754,229.245,229.245,False,False,1200,548,
mashops,378135,pooled_fires,0.0,0.0,255.0,255.0,False,False,1200,611,
mashops,415243,pooled_fires,0.0,0.0,254.0,254.0,False,False,1200,561,
mashops,370393,pooled_fires,0.0,0.0,255.0,255.0,False,False,986,487,
mashops,411570,pooled_fires,7.708,14.037,255.0,255.0,False,False,1600,780,
mashops,472426,pooled_fires,0.0,0.0,255.0,255.0,False,False,894,450,
mashops,430372,pooled_fires,0.0,0.0,255.0,255.0,False,False,1198,601,
mashops,436210,neither,51.206,93.901,21.07,21.07,False,False,1517,750,
mashops,461684,pooled_fires,0.0,0.0,255.0,255.0,False,False,1198,596,
mashops,390842,pooled_fires,0.0,0.0,255.0,255.0,False,False,1300,631,
mashops,424864,pooled_fires,0.0,0.0,255.0,255.0,False,False,899,449,
mashops,383914,pooled_fires,0.0,0.0,255.0,255.0,False,False,1600,1200,
mashops,456749,pooled_fires,0.0,0.0,255.0,255.0,False,False,301,148,
mashops,373456,pooled_fires,0.0,0.0,255.0,255.0,False,False,1350,688,
mashops,375873,pooled_fires,0.0,0.0,255.0,255.0,False,False,1200,597,
mashops,389104,pooled_fires,0.0,0.0,255.0,255.0,False,False,1466,716,
mashops,441896,pooled_fires,0.0,0.0,254.0,254.0,False,False,1198,631,
mashops,401528,pooled_fires,0.0,0.0,255.0,255.0,False,False,1600,812,
mashops,458696,pooled_fires,0.0,0.0,255.0,255.0,False,False,1200,621,
mashops,400876,m1_fires,104.611,0.271,20.118,13.5,True,False,1061,528,
mashops,410203,pooled_fires,0.0,0.0,255.0,255.0,False,False,650,325,
mashops,367088,pooled_fires,0.0,0.0,255.0,255.0,False,False,1700,850,
mashops,378658,pooled_fires,0.337,0.614,255.0,255.0,False,False,650,325,
mashops,456256,pooled_fires,0.0,0.0,255.0,255.0,False,False,1418,715,
mashops,425911,pooled_fires,0.0,0.0,255.0,255.0,False,False,1800,907,
mashops,455103,pooled_fires,0.0,0.0,255.0,255.0,False,False,1200,656,
mashops,424746,pooled_fires,0.0,0.0,255.0,255.0,False,False,1300,600,
mashops,453588,m1_fires,30.223,5.103,255.0,194.5,True,False,1004,611,
mashops,390804,pooled_fires,0.0,0.0,255.0,255.0,False,False,1477,816,
mashops,440029,pooled_fires,0.0,0.0,255.0,255.0,False,False,667,342,
mashops,451913,neither,58.868,60.535,1.707,1.707,False,False,1265,632,
mashops,405542,pooled_fires,0.0,0.0,255.0,255.0,False,False,1300,675,
mashops,425528,pooled_fires,0.0,0.0,255.0,255.0,False,False,1585,786,
mashops,449705,pooled_fires,0.0,0.0,255.0,255.0,False,False,1199,577,
mashops,405840,pooled_fires,0.0,0.0,255.0,255.0,False,False,1700,823,
mashops,407160,pooled_fires,0.0,0.0,255.0,255.0,False,False,1290,645,
mashops,379976,pooled_fires,0.0,0.0,255.0,255.0,False,False,1199,564,
mashops,449455,pooled_fires,0.0,0.0,255.0,255.0,False,False,1198,577,
mashops,400069,pooled_fires,0.0,0.0,255.0,255.0,False,False,1200,595,
mashops,455422,pooled_fires,0.0,0.0,255.0,255.0,False,False,1200,608,
mashops,409166,pooled_fires,0.0,0.0,255.0,255.0,False,False,1287,644,
mashops,403455,pooled_fires,0.0,0.0,255.0,255.0,False,False,1200,579,
mashops,419264,neither,96.138,97.074,4.06,4.06,False,False,1200,566,
mashops,424416,pooled_fires,0.0,0.0,255.0,255.0,False,False,1007,487,
mashops,404327,pooled_fires,0.0,0.0,255.0,255.0,False,False,1330,761,
mashops,423892,pooled_fires,0.0,0.0,255.0,255.0,False,False,1414,602,
mashops,390428,pooled_fires,0.0,0.0,255.0,255.0,False,False,1199,607,
naumann,682129,neither,19.932,21.947,209.755,209.755,False,False,800,564,
naumann,668024,pooled_fires,0.0,0.0,255.0,255.0,False,False,800,412,
naumann,657479,pooled_fires,0.0,0.0,255.0,255.0,False,False,800,406,
naumann,681834,pooled_fires,0.0,0.0,255.0,255.0,False,False,800,382,
naumann,669267,pooled_fires,0.0,0.0,255.0,255.0,False,False,800,395,
naumann,681495,pooled_fires,0.0,0.0,255.0,255.0,False,False,800,412,
naumann,672013,pooled_fires,0.0,0.0,255.0,255.0,False,False,800,406,
naumann,680870,pooled_fires,0.0,0.0,255.0,255.0,False,False,800,424,
naumann,659028,pooled_fires,0.0,0.0,255.0,255.0,False,False,800,346,
naumann,675960,pooled_fires,0.0,0.0,255.0,255.0,False,False,800,408,
naumann,676330,pooled_fires,0.0,0.0,255.0,255.0,False,False,800,403,
naumann,683533,pooled_fires,5.435,1.098,203.0,203.0,False,False,800,270,
naumann,662186,pooled_fires,0.0,0.0,255.0,255.0,False,False,672,351,
naumann,669056,pooled_fires,0.0,0.0,255.0,255.0,False,False,799,396,
naumann,660245,pooled_fires,0.0,0.0,255.0,255.0,False,False,800,407,
naumann,659774,pooled_fires,0.0,0.0,255.0,255.0,False,False,800,388,
naumann,668250,pooled_fires,0.0,0.0,255.0,255.0,False,False,800,414,
naumann,655541,pooled_fires,0.0,0.0,255.0,255.0,False,False,800,402,
naumann,655870,pooled_fires,0.0,0.0,255.0,255.0,False,False,800,407,
naumann,659094,pooled_fires,0.0,0.0,255.0,255.0,False,False,800,427,
naumann,675762,pooled_fires,0.0,0.0,255.0,255.0,False,False,800,397,
naumann,670260,pooled_fires,0.0,0.0,255.0,255.0,False,False,800,408,
naumann,669026,pooled_fires,0.0,0.0,255.0,255.0,False,False,800,387,
naumann,673438,pooled_fires,0.0,0.0,255.0,255.0,False,False,800,368,
naumann,659465,pooled_fires,0.0,0.0,255.0,255.0,False,False,800,402,
naumann,672964,pooled_fires,0.0,0.0,255.0,255.0,False,False,800,401,
naumann,657224,pooled_fires,0.0,0.0,255.0,255.0,False,False,800,396,
naumann,653041,pooled_fires,0.0,0.0,255.0,255.0,False,False,800,405,
naumann,661702,pooled_fires,0.0,0.0,255.0,255.0,False,False,800,408,
naumann,661940,pooled_fires,13.136,0.543,209.0,209.0,False,False,800,374,
naumann,674707,pooled_fires,0.0,0.0,255.0,255.0,False,False,800,406,
naumann,654759,pooled_fires,0.0,0.0,255.0,255.0,False,False,628,338,
naumann,660173,pooled_fires,0.0,0.0,255.0,255.0,False,False,800,472,
naumann,673134,pooled_fires,0.0,0.0,255.0,255.0,False,False,800,387,
naumann,669393,pooled_fires,0.0,0.0,255.0,255.0,False,False,800,425,
naumann,692098,pooled_fires,5.298,1.233,226.0,226.0,False,False,800,209,
naumann,681796,pooled_fires,0.0,0.0,255.0,255.0,False,False,800,392,
naumann,671150,pooled_fires,0.0,0.0,255.0,255.0,False,False,800,399,
naumann,661689,pooled_fires,0.0,0.0,255.0,255.0,False,False,800,399,
naumann,671457,neither,54.651,73.972,220.077,220.077,False,False,799,547,
naumann,657220,pooled_fires,0.0,0.0,255.0,255.0,False,False,799,388,
naumann,668068,pooled_fires,0.0,0.0,255.0,255.0,False,False,800,395,
naumann,657730,pooled_fires,0.0,0.0,255.0,255.0,False,False,800,405,
naumann,683576,pooled_fires,6.165,0.697,219.5,219.5,False,False,800,191,
naumann,654015,pooled_fires,0.0,0.0,255.0,255.0,False,False,800,397,
naumann,663801,pooled_fires,0.0,0.0,255.0,255.0,False,False,800,410,
naumann,658206,pooled_fires,0.0,0.0,255.0,255.0,False,False,800,375,
naumann,659096,pooled_fires,0.0,0.0,255.0,255.0,False,False,800,400,
naumann,669983,pooled_fires,0.0,0.0,255.0,255.0,False,False,800,420,
naumann,672735,pooled_fires,6.594,0.8,213.0,213.0,False,False,800,223,
naumann,683150,pooled_fires,0.0,0.0,255.0,255.0,False,False,800,406,
naumann,673910,pooled_fires,0.0,0.0,255.0,255.0,False,False,800,382,
naumann,655961,pooled_fires,0.0,0.0,255.0,255.0,False,False,800,376,
naumann,655227,pooled_fires,0.0,0.0,255.0,255.0,False,False,800,417,
naumann,655338,pooled_fires,0.0,0.0,255.0,255.0,False,False,800,377,
naumann,663774,pooled_fires,0.0,0.0,255.0,255.0,False,False,800,448,
naumann,672683,pooled_fires,0.0,0.0,255.0,255.0,False,False,800,403,
naumann,655710,pooled_fires,0.0,0.0,255.0,255.0,False,False,800,391,
naumann,653696,pooled_fires,0.0,0.0,255.0,255.0,False,False,800,395,
naumann,674017,pooled_fires,0.0,0.0,255.0,255.0,False,False,800,396,
naumann,677162,pooled_fires,0.0,0.0,255.0,255.0,False,False,800,393,
naumann,682459,pooled_fires,0.0,0.0,255.0,255.0,False,False,800,412,
naumann,672368,pooled_fires,0.0,0.0,255.0,255.0,False,False,800,396,
naumann,659143,pooled_fires,0.0,0.0,255.0,255.0,False,False,800,391,
naumann,681570,pooled_fires,0.0,0.0,255.0,255.0,False,False,800,429,
naumann,672723,pooled_fires,5.557,0.8,211.5,211.5,False,False,800,198,
naumann,671776,pooled_fires,0.0,0.0,255.0,255.0,False,False,800,395,
naumann,669534,pooled_fires,0.0,0.0,255.0,255.0,False,False,800,425,
naumann,673232,pooled_fires,0.0,0.0,255.0,255.0,False,False,800,414,
naumann,674980,pooled_fires,12.88,0.601,217.0,217.0,False,False,800,364,
naumann,683394,pooled_fires,0.0,0.0,255.0,255.0,False,False,800,415,
naumann,671160,pooled_fires,0.0,0.0,255.0,255.0,False,False,800,411,
naumann,680471,pooled_fires,0.0,0.0,255.0,255.0,False,False,800,399,
naumann,683277,pooled_fires,0.0,0.0,255.0,255.0,False,False,800,387,
naumann,672232,pooled_fires,0.0,0.0,255.0,255.0,False,False,800,393,
naumann,660471,pooled_fires,0.0,0.0,255.0,255.0,False,False,800,448,
naumann,680186,pooled_fires,12.792,1.1,212.5,212.5,False,False,800,505,
naumann,659442,pooled_fires,0.0,0.0,255.0,255.0,False,False,800,412,
naumann,657329,pooled_fires,0.0,0.0,255.0,255.0,False,False,800,381,
naumann,672450,pooled_fires,0.0,0.0,255.0,255.0,False,False,800,406,
naumann,673204,pooled_fires,0.0,0.0,255.0,255.0,False,False,800,378,
naumann,663491,pooled_fires,0.0,0.0,255.0,255.0,False,False,800,406,
naumann,659908,pooled_fires,0.0,0.0,255.0,255.0,False,False,800,401,
naumann,674415,pooled_fires,0.0,0.0,255.0,255.0,False,False,800,368,
naumann,655808,pooled_fires,0.0,0.0,255.0,255.0,False,False,800,414,
naumann,673857,pooled_fires,0.0,0.0,255.0,255.0,False,False,800,413,
naumann,673287,pooled_fires,0.0,0.0,255.0,255.0,False,False,800,414,
naumann,662994,pooled_fires,0.0,0.0,255.0,255.0,False,False,800,416,
naumann,671172,pooled_fires,0.0,0.0,255.0,255.0,False,False,800,288,
naumann,653581,pooled_fires,0.0,0.0,255.0,255.0,False,False,800,399,
naumann,659966,pooled_fires,0.0,0.0,255.0,255.0,False,False,800,373,
naumann,669093,pooled_fires,0.0,0.0,255.0,255.0,False,False,800,415,
naumann,671747,pooled_fires,0.0,0.0,255.0,255.0,False,False,800,431,
naumann,683359,pooled_fires,0.0,0.0,255.0,255.0,False,False,800,416,
naumann,653462,pooled_fires,0.0,0.0,255.0,255.0,False,False,800,377,
naumann,673408,pooled_fires,0.0,0.0,255.0,255.0,False,False,800,393,
naumann,653604,pooled_fires,0.0,0.0,255.0,255.0,False,False,800,416,
naumann,656832,pooled_fires,0.0,0.0,255.0,255.0,False,False,800,370,
naumann,675986,pooled_fires,0.0,0.0,255.0,255.0,False,False,800,409,
naumann,679823,pooled_fires,0.0,0.0,255.0,255.0,False,False,800,424,
naumann,668972,pooled_fires,0.0,0.0,255.0,255.0,False,False,800,416,
naumann,663903,pooled_fires,0.0,0.0,255.0,255.0,False,False,800,407,
naumann,683322,pooled_fires,0.0,0.0,255.0,255.0,False,False,800,384,
naumann,670388,neither,29.271,17.623,219.548,219.548,False,False,800,561,
naumann,670298,pooled_fires,8.673,1.353,235.0,235.0,False,False,800,274,
naumann,680052,pooled_fires,5.832,0.665,213.5,213.5,False,False,800,202,
naumann,671288,pooled_fires,0.0,0.0,255.0,255.0,False,False,800,406,
naumann,673618,pooled_fires,0.0,0.0,255.0,255.0,False,False,800,410,
naumann,680093,pooled_fires,7.151,0.796,205.5,205.5,False,False,800,175,
naumann,654046,pooled_fires,0.0,0.0,255.0,255.0,False,False,800,401,
naumann,661389,pooled_fires,0.0,0.0,255.0,255.0,False,False,800,400,
naumann,670060,pooled_fires,0.0,0.0,255.0,255.0,False,False,800,410,
naumann,660656,pooled_fires,7.361,0.8,223.5,223.5,False,False,800,172,
naumann,662429,pooled_fires,0.0,0.0,255.0,255.0,False,False,800,366,
naumann,676398,pooled_fires,0.0,0.0,255.0,255.0,False,False,800,413,
naumann,657414,pooled_fires,0.0,0.0,255.0,255.0,False,False,800,395,
naumann,653109,pooled_fires,0.0,0.0,255.0,255.0,False,False,800,384,
naumann,670615,pooled_fires,0.0,0.0,255.0,255.0,False,False,800,419,
naumann,661971,pooled_fires,0.0,0.0,255.0,255.0,False,False,800,428,
naumann,655885,pooled_fires,0.0,0.0,255.0,255.0,False,False,800,404,
naumann,672616,pooled_fires,0.0,0.0,255.0,255.0,False,False,800,390,
naumann,682492,pooled_fires,0.0,0.0,255.0,255.0,False,False,800,413,
naumann,661326,pooled_fires,0.0,0.0,255.0,255.0,False,False,800,372,
naumann,660193,pooled_fires,0.0,0.0,255.0,255.0,False,False,800,402,
naumann,657541,pooled_fires,0.0,0.0,255.0,255.0,False,False,800,399,
naumann,674189,pooled_fires,0.0,0.0,255.0,255.0,False,False,800,382,
naumann,671731,pooled_fires,0.0,0.0,255.0,255.0,False,False,800,426,
naumann,679899,pooled_fires,0.0,0.0,255.0,255.0,False,False,800,407,
naumann,659404,neither,53.418,65.707,32.423,32.423,False,False,800,269,
naumann,655613,pooled_fires,0.0,0.0,255.0,255.0,False,False,800,398,
naumann,676601,pooled_fires,0.0,0.0,255.0,255.0,False,False,800,376,
naumann,679523,pooled_fires,0.0,0.0,255.0,255.0,False,False,800,408,
naumann,684553,pooled_fires,0.0,0.0,255.0,255.0,False,False,800,382,
naumann,679679,pooled_fires,0.0,0.0,255.0,255.0,False,False,800,418,
naumann,654562,pooled_fires,0.0,0.0,255.0,255.0,False,False,800,397,
naumann,682980,pooled_fires,0.0,0.0,255.0,255.0,False,False,800,394,
naumann,682171,pooled_fires,4.688,0.8,210.0,210.0,False,False,800,259,
naumann,671668,pooled_fires,0.0,0.0,255.0,255.0,False,False,800,414,
naumann,669913,pooled_fires,0.0,0.0,255.0,255.0,False,False,800,407,
naumann,661413,pooled_fires,0.0,0.0,255.0,255.0,False,False,800,385,
naumann,660083,pooled_fires,0.0,0.0,255.0,255.0,False,False,800,411,
naumann,684529,pooled_fires,0.0,0.0,255.0,255.0,False,False,799,409,
naumann,656729,pooled_fires,0.0,0.0,255.0,255.0,False,False,800,406,
naumann,680077,pooled_fires,10.941,0.674,188.0,188.0,False,False,800,474,
naumann,654353,pooled_fires,0.0,0.0,255.0,255.0,False,False,800,418,
naumann,673461,pooled_fires,0.0,0.0,255.0,255.0,False,False,800,418,
naumann,674448,pooled_fires,0.0,0.0,255.0,255.0,False,False,800,436,
naumann,656270,neither,35.754,43.104,225.54,225.54,False,False,800,269,
naumann,655895,pooled_fires,0.0,0.0,255.0,255.0,False,False,800,388,
naumann,660367,pooled_fires,0.0,0.0,255.0,255.0,False,False,800,411,
naumann,671876,pooled_fires,0.0,0.0,255.0,255.0,False,False,800,414,
naumann,674766,pooled_fires,0.0,0.0,255.0,255.0,False,False,800,417,
naumann,661370,pooled_fires,0.0,0.0,255.0,255.0,False,False,800,402,
naumann,670061,pooled_fires,0.0,0.0,255.0,255.0,False,False,800,412,
naumann,675809,pooled_fires,0.0,0.0,255.0,255.0,False,False,800,391,
naumann,657072,pooled_fires,0.0,0.0,255.0,255.0,False,False,800,396,
naumann,663274,m1_fires,18.159,0.496,231.177,232.5,True,False,800,355,
naumann,661744,pooled_fires,5.315,7.31,254.0,254.0,False,False,800,335,
naumann,673740,pooled_fires,0.0,0.0,255.0,255.0,False,False,799,387,
naumann,674197,pooled_fires,0.0,0.0,255.0,255.0,False,False,800,395,
naumann,660085,pooled_fires,0.0,0.0,255.0,255.0,False,False,800,395,
naumann,680554,pooled_fires,0.0,0.0,255.0,255.0,False,False,800,392,
naumann,662917,pooled_fires,0.0,0.0,255.0,255.0,False,False,800,402,
naumann,675932,pooled_fires,0.0,0.0,255.0,255.0,False,False,800,410,
naumann,674322,pooled_fires,0.0,0.0,255.0,255.0,False,False,800,392,
naumann,681304,pooled_fires,0.0,0.0,255.0,255.0,False,False,800,394,
naumann,681723,pooled_fires,0.0,0.0,255.0,255.0,False,False,800,403,
naumann,672256,pooled_fires,0.0,0.0,255.0,255.0,False,False,800,378,
naumann,669145,pooled_fires,0.0,0.0,255.0,255.0,False,False,800,421,
naumann,679539,pooled_fires,0.0,0.0,255.0,255.0,False,False,800,383,
naumann,681292,pooled_fires,0.0,0.0,255.0,255.0,False,False,800,398,
naumann,680837,pooled_fires,0.0,0.0,255.0,255.0,False,False,800,410,
naumann,679828,pooled_fires,0.0,0.0,255.0,255.0,False,False,800,414,
naumann,662923,pooled_fires,0.0,0.0,255.0,255.0,False,False,800,414,
naumann,657654,pooled_fires,0.0,0.0,255.0,255.0,False,False,800,403,
naumann,663286,neither,62.984,86.013,28.002,28.002,False,False,800,269,
naumann,671096,pooled_fires,0.0,0.0,255.0,255.0,False,False,800,366,
naumann,672479,pooled_fires,0.0,0.0,255.0,255.0,False,False,800,393,
naumann,667990,pooled_fires,0.0,0.0,255.0,255.0,False,False,800,434,
naumann,683307,pooled_fires,0.0,0.0,255.0,255.0,False,False,800,387,
naumann,671410,pooled_fires,10.101,1.134,199.0,199.0,False,False,800,424,
naumann,683449,pooled_fires,0.0,0.0,255.0,255.0,False,False,800,406,
naumann,654004,pooled_fires,0.0,0.0,255.0,255.0,False,False,800,436,
naumann,660547,pooled_fires,0.0,0.0,255.0,255.0,False,False,800,392,
naumann,654169,pooled_fires,0.0,0.0,255.0,255.0,False,False,800,395,
naumann,680417,pooled_fires,0.0,0.0,255.0,255.0,False,False,800,397,
naumann,692148,neither,20.849,28.71,219.06,219.06,False,False,800,717,
naumann,676216,pooled_fires,6.123,0.566,224.0,224.0,False,False,800,271,
naumann,669650,pooled_fires,0.0,0.0,255.0,255.0,False,False,800,408,
naumann,661033,pooled_fires,0.0,0.0,255.0,255.0,False,False,800,402,
naumann,672223,pooled_fires,0.0,0.0,255.0,255.0,False,False,800,406,
naumann,671248,pooled_fires,0.0,0.0,255.0,255.0,False,False,800,406,
naumann,663342,pooled_fires,0.0,0.0,255.0,255.0,False,False,800,419,
naumann,680320,pooled_fires,0.0,0.0,255.0,255.0,False,False,800,404,
naumann,661843,neither,22.027,28.33,220.033,220.033,False,False,800,269,
naumann,673816,pooled_fires,0.0,0.0,255.0,255.0,False,False,800,417,
naumann,657726,pooled_fires,0.0,0.0,255.0,255.0,False,False,800,400,
naumann,668510,pooled_fires,0.0,0.0,255.0,255.0,False,False,800,404,
naumann,655216,pooled_fires,0.0,0.0,255.0,255.0,False,False,800,394,
naumann,679644,pooled_fires,0.0,0.0,255.0,255.0,False,False,800,374,
nomos,596761,pooled_fires,0.0,0.0,255.0,255.0,False,False,800,405,
nomos,595882,pooled_fires,0.0,0.0,255.0,255.0,False,False,1200,581,
nomos,579486,pooled_fires,0.0,0.0,255.0,255.0,False,False,1200,559,
nomos,592243,pooled_fires,0.0,0.0,255.0,255.0,False,False,2172,1043,
nomos,584743,pooled_fires,0.0,0.0,255.0,255.0,False,False,800,411,
nomos,595509,pooled_fires,0.0,0.0,255.0,255.0,False,False,2522,1350,
nomos,580754,pooled_fires,0.0,0.0,255.0,255.0,False,False,1200,635,
nomos,302249,pooled_fires,0.0,0.0,255.0,255.0,False,False,802,387,
nomos,355295,pooled_fires,0.0,0.0,255.0,255.0,False,False,1200,598,
nomos,592859,pooled_fires,0.0,0.0,255.0,255.0,False,False,1200,622,
nomos,290726,pooled_fires,0.5,0.0,254.5,254.5,False,False,750,800,
nomos,597502,pooled_fires,0.0,0.0,255.0,255.0,False,False,778,398,
nomos,590704,pooled_fires,0.0,0.0,255.0,255.0,False,False,1200,554,
nomos,596942,pooled_fires,0.0,0.0,255.0,255.0,False,False,779,407,
nomos,596609,pooled_fires,0.0,0.0,255.0,255.0,False,False,777,409,
nomos,357654,pooled_fires,0.0,0.0,255.0,255.0,False,False,1200,563,
nomos,591688,pooled_fires,0.0,0.0,255.0,255.0,False,False,3200,1588,
nomos,584581,pooled_fires,0.0,0.0,255.0,255.0,False,False,800,381,
nomos,357547,pooled_fires,0.0,0.0,255.0,255.0,False,False,1200,590,
nomos,592736,pooled_fires,0.0,0.0,255.0,255.0,False,False,1200,580,
nomos,596857,pooled_fires,0.0,0.0,255.0,255.0,False,False,875,427,
nomos,302606,pooled_fires,0.0,0.0,255.0,255.0,False,False,800,394,
nomos,598646,pooled_fires,0.0,0.0,255.0,255.0,False,False,843,438,
nomos,588657,pooled_fires,0.0,0.0,255.0,255.0,False,False,1200,587,
nomos,580883,pooled_fires,0.0,0.0,255.0,255.0,False,False,1200,444,
nomos,590055,pooled_fires,0.0,0.0,255.0,255.0,False,False,1200,588,
nomos,593064,pooled_fires,0.0,0.0,255.0,255.0,False,False,1200,518,
nomos,589683,pooled_fires,0.0,0.0,255.0,255.0,False,False,1200,627,
nomos,589875,pooled_fires,0.0,0.0,255.0,255.0,False,False,1200,572,
nomos,596729,pooled_fires,0.0,0.0,255.0,255.0,False,False,800,391,
nomos,302286,pooled_fires,0.0,0.0,255.0,255.0,False,False,738,398,
nomos,594645,pooled_fires,0.0,0.0,255.0,255.0,False,False,1200,564,
nomos,357667,pooled_fires,0.0,0.0,255.0,255.0,False,False,1200,586,
nomos,356211,pooled_fires,0.0,0.0,255.0,255.0,False,False,1200,578,
nomos,591968,pooled_fires,0.0,0.0,255.0,255.0,False,False,1811,881,
nomos,587875,pooled_fires,0.0,0.0,255.0,255.0,False,False,1200,573,
nomos,590616,pooled_fires,0.0,0.0,255.0,255.0,False,False,1200,611,
nomos,356323,pooled_fires,0.0,0.0,255.0,255.0,False,False,1200,583,
nomos,592089,pooled_fires,0.0,0.0,255.0,255.0,False,False,3200,1505,
nomos,585909,pooled_fires,0.0,0.0,255.0,255.0,False,False,1200,600,
nomos,592752,pooled_fires,0.0,0.0,255.0,255.0,False,False,1200,598,
nomos,356318,pooled_fires,0.0,0.0,255.0,255.0,False,False,1200,573,
nomos,594860,pooled_fires,0.0,0.0,255.0,255.0,False,False,1200,1159,
nomos,579820,pooled_fires,0.0,0.0,255.0,255.0,False,False,1200,560,
nomos,586576,pooled_fires,0.0,0.0,255.0,255.0,False,False,1200,581,
nomos,649118,pooled_fires,0.0,0.0,255.0,255.0,False,False,1200,597,
nomos,579548,pooled_fires,0.0,0.0,255.0,255.0,False,False,1200,590,
nomos,649457,pooled_fires,0.0,0.0,255.0,255.0,False,False,1200,609,
nomos,355214,pooled_fires,0.0,0.0,255.0,255.0,False,False,1340,696,
nomos,594744,pooled_fires,0.0,0.0,255.0,255.0,False,False,1200,600,
nomos,582176,pooled_fires,0.0,0.0,255.0,255.0,False,False,1200,659,
nomos,593318,pooled_fires,0.0,0.0,255.0,255.0,False,False,1200,567,
nomos,583796,pooled_fires,0.0,0.0,255.0,255.0,False,False,800,374,
nomos,357618,pooled_fires,0.0,0.0,255.0,255.0,False,False,1200,596,
nomos,583302,pooled_fires,0.0,0.0,255.0,255.0,False,False,800,412,
nomos,356905,pooled_fires,0.0,0.0,255.0,255.0,False,False,1200,580,
nomos,590571,pooled_fires,0.0,0.0,255.0,255.0,False,False,1200,624,
nomos,357539,pooled_fires,0.0,0.0,255.0,255.0,False,False,1200,571,
nomos,598783,pooled_fires,0.0,0.0,255.0,255.0,False,False,838,438,
nomos,590809,pooled_fires,0.0,0.0,255.0,255.0,False,False,1200,564,
nomos,357045,pooled_fires,0.0,0.0,255.0,255.0,False,False,1200,623,
nomos,589925,pooled_fires,0.0,0.0,255.0,255.0,False,False,1200,594,
nomos,592102,pooled_fires,0.0,0.0,255.0,255.0,False,False,3200,1528,
nomos,587548,pooled_fires,0.0,0.0,255.0,255.0,False,False,1200,565,
nomos,595123,pooled_fires,0.0,0.0,255.0,255.0,False,False,3140,1539,
nomos,357225,pooled_fires,0.0,0.0,255.0,255.0,False,False,1200,541,
nomos,598727,pooled_fires,0.0,0.0,255.0,255.0,False,False,858,414,
nomos,355843,pooled_fires,0.0,0.0,255.0,255.0,False,False,1200,599,
nomos,584718,pooled_fires,0.0,0.0,255.0,255.0,False,False,800,406,
nomos,355676,pooled_fires,0.0,0.0,255.0,255.0,False,False,1200,601,
nomos,595431,pooled_fires,0.0,0.0,255.0,255.0,False,False,2595,1294,
nomos,581229,pooled_fires,0.0,0.0,255.0,255.0,False,False,1200,584,
nomos,578724,pooled_fires,0.0,0.0,255.0,255.0,False,False,763,398,
nomos,288060,pooled_fires,0.0,0.0,255.0,255.0,False,False,828,395,
nomos,356833,pooled_fires,0.0,0.0,255.0,255.0,False,False,1200,605,
nomos,592109,pooled_fires,0.0,0.0,255.0,255.0,False,False,3200,1572,
nomos,356510,pooled_fires,0.0,0.0,255.0,255.0,False,False,1200,601,
nomos,597909,pooled_fires,0.0,0.0,255.0,255.0,False,False,802,380,
nomos,355787,pooled_fires,0.0,0.0,255.0,255.0,False,False,1200,595,
nomos,649184,pooled_fires,0.0,0.0,255.0,255.0,False,False,1200,596,
nomos,590846,pooled_fires,0.0,0.0,255.0,255.0,False,False,1200,577,
nomos,593398,pooled_fires,0.0,0.0,255.0,255.0,False,False,1200,580,
nomos,595140,pooled_fires,0.0,0.0,255.0,255.0,False,False,1260,642,
nomos,302657,pooled_fires,0.0,0.0,255.0,255.0,False,False,800,403,
nomos,317709,pooled_fires,0.0,0.0,255.0,255.0,False,False,1200,620,
nomos,588530,pooled_fires,0.0,0.0,255.0,255.0,False,False,1200,567,
nomos,356486,pooled_fires,0.0,0.0,255.0,255.0,False,False,1200,594,
nomos,290679,pooled_fires,0.608,0.693,255.0,255.0,False,False,1200,605,
nomos,598519,pooled_fires,0.0,0.0,255.0,255.0,False,False,806,438,
nomos,356292,pooled_fires,0.0,0.0,255.0,255.0,False,False,1200,593,
nomos,355572,pooled_fires,0.0,0.0,255.0,255.0,False,False,809,800,
nomos,593781,pooled_fires,0.0,0.0,255.0,255.0,False,False,1200,621,
nomos,590514,pooled_fires,0.0,0.0,255.0,255.0,False,False,1200,548,
nomos,594601,pooled_fires,0.0,0.0,255.0,255.0,False,False,1200,600,
nomos,597380,pooled_fires,0.0,0.0,255.0,255.0,False,False,800,400,
nomos,302801,pooled_fires,0.477,0.49,253.0,253.0,False,False,918,507,
nomos,356191,pooled_fires,0.0,0.0,255.0,255.0,False,False,1200,596,
nomos,579741,pooled_fires,0.0,0.0,255.0,255.0,False,False,1200,564,
nomos,290473,pooled_fires,0.584,0.427,255.0,255.0,False,False,1200,634,
nomos,580635,pooled_fires,0.0,0.0,255.0,255.0,False,False,1200,596,
nomos,590844,pooled_fires,0.0,0.0,255.0,255.0,False,False,1200,574,
nomos,594652,pooled_fires,0.0,0.0,255.0,255.0,False,False,828,454,
nomos,356220,pooled_fires,0.0,0.0,255.0,255.0,False,False,1200,578,
nomos,584559,pooled_fires,0.0,0.0,255.0,255.0,False,False,800,371,
nomos,582153,pooled_fires,0.0,0.0,255.0,255.0,False,False,1200,588,
nomos,593775,pooled_fires,0.0,0.0,255.0,255.0,False,False,1200,552,
nomos,593268,pooled_fires,0.0,0.0,255.0,255.0,False,False,1200,577,
nomos,355131,pooled_fires,0.0,0.0,255.0,255.0,False,False,1412,697,
nomos,590011,pooled_fires,0.0,0.0,255.0,255.0,False,False,1200,579,
nomos,649557,pooled_fires,0.0,0.0,255.0,255.0,False,False,1200,590,
nomos,649207,pooled_fires,0.0,0.0,255.0,255.0,False,False,1200,558,
nomos,587932,pooled_fires,0.0,0.0,255.0,255.0,False,False,1200,566,
nomos,649155,pooled_fires,0.0,0.0,255.0,255.0,False,False,1200,574,
nomos,356299,pooled_fires,0.0,0.0,255.0,255.0,False,False,1200,564,
nomos,596289,pooled_fires,0.0,0.0,255.0,255.0,False,False,829,400,
nomos,357036,pooled_fires,0.0,0.0,255.0,255.0,False,False,1200,626,
nomos,579220,pooled_fires,0.0,0.0,255.0,255.0,False,False,1200,564,
nomos,355926,pooled_fires,0.0,0.0,255.0,255.0,False,False,1200,586,
nomos,586476,pooled_fires,0.0,0.0,255.0,255.0,False,False,1200,606,
nomos,579177,pooled_fires,0.0,0.0,255.0,255.0,False,False,1200,587,
nomos,582273,pooled_fires,0.0,0.0,255.0,255.0,False,False,1200,568,
nomos,596603,pooled_fires,0.0,0.0,255.0,255.0,False,False,718,410,
nomos,583713,pooled_fires,0.0,0.0,255.0,255.0,False,False,800,396,
nomos,593145,pooled_fires,0.0,0.0,255.0,255.0,False,False,1200,594,
nomos,356514,pooled_fires,0.0,0.0,255.0,255.0,False,False,1200,593,
nomos,590690,pooled_fires,0.0,0.0,255.0,255.0,False,False,1200,526,
nomos,591882,pooled_fires,0.0,0.0,255.0,255.0,False,False,2778,1391,
nomos,591635,pooled_fires,0.0,0.0,255.0,255.0,False,False,2855,1394,
nomos,357261,pooled_fires,0.0,0.0,255.0,255.0,False,False,1200,567,
nomos,598766,pooled_fires,0.0,0.0,255.0,255.0,False,False,858,430,
nomos,583608,pooled_fires,0.0,0.0,255.0,255.0,False,False,800,392,
nomos,357392,pooled_fires,0.0,0.0,255.0,255.0,False,False,1200,657,
nomos,355548,pooled_fires,0.0,0.0,255.0,255.0,False,False,1200,606,
nomos,596593,pooled_fires,0.0,0.0,255.0,255.0,False,False,800,398,
nomos,356675,pooled_fires,0.0,0.0,255.0,255.0,False,False,1200,586,
nomos,597974,pooled_fires,0.0,0.0,255.0,255.0,False,False,802,376,
nomos,586562,pooled_fires,0.0,0.0,255.0,255.0,False,False,1200,592,
nomos,597606,pooled_fires,0.0,0.0,255.0,255.0,False,False,801,396,
nomos,590530,pooled_fires,0.0,0.0,255.0,255.0,False,False,1200,633,
nomos,584768,pooled_fires,0.0,0.0,255.0,255.0,False,False,800,397,
nomos,587600,pooled_fires,0.0,0.0,255.0,255.0,False,False,1200,595,
nomos,592059,pooled_fires,0.0,0.0,255.0,255.0,False,False,3200,1582,
nomos,302425,pooled_fires,0.0,0.0,255.0,255.0,False,False,798,397,
nomos,579138,pooled_fires,0.0,0.0,255.0,255.0,False,False,1200,625,
nomos,588924,pooled_fires,0.0,0.0,255.0,255.0,False,False,1200,549,
nomos,580621,pooled_fires,0.0,0.0,255.0,255.0,False,False,1200,627,
nomos,302319,pooled_fires,0.0,0.0,255.0,255.0,False,False,765,401,
nomos,594587,pooled_fires,0.0,0.0,255.0,255.0,False,False,1200,599,
nomos,593123,pooled_fires,0.0,0.0,255.0,255.0,False,False,1200,646,
nomos,357691,pooled_fires,0.0,0.0,255.0,255.0,False,False,1200,580,
nomos,586654,pooled_fires,0.0,0.0,255.0,255.0,False,False,1200,559,
nomos,579306,pooled_fires,0.0,0.0,255.0,255.0,False,False,1200,579,
nomos,357620,pooled_fires,0.0,0.0,255.0,255.0,False,False,1200,568,
nomos,579897,pooled_fires,0.0,0.0,255.0,255.0,False,False,1200,597,
nomos,597916,pooled_fires,0.0,0.0,255.0,255.0,False,False,801,392,
nomos,586399,pooled_fires,0.0,0.0,255.0,255.0,False,False,1200,590,
nomos,584692,pooled_fires,0.0,0.0,255.0,255.0,False,False,800,434,
nomos,592043,pooled_fires,0.0,0.0,255.0,255.0,False,False,1984,979,
nomos,302756,pooled_fires,0.0,0.0,255.0,255.0,False,False,800,381,
nomos,598458,pooled_fires,0.0,0.0,255.0,255.0,False,False,772,439,
nomos,579159,pooled_fires,0.0,0.0,255.0,255.0,False,False,1200,600,
nomos,290647,pooled_fires,0.099,0.196,255.0,255.0,False,False,1200,570,
nomos,596914,pooled_fires,0.0,0.0,255.0,255.0,False,False,873,427,
nomos,592189,pooled_fires,0.0,0.0,255.0,255.0,False,False,3200,1608,
nomos,355443,pooled_fires,0.0,0.0,255.0,255.0,False,False,1200,554,
nomos,583876,pooled_fires,0.0,0.0,255.0,255.0,False,False,800,386,
nomos,288072,pooled_fires,0.0,0.0,255.0,255.0,False,False,825,408,
nomos,355659,pooled_fires,0.0,0.0,255.0,255.0,False,False,1200,596,
nomos,596318,pooled_fires,0.0,0.0,255.0,255.0,False,False,832,405,
nomos,598539,pooled_fires,0.0,0.0,255.0,255.0,False,False,858,431,
nomos,596497,pooled_fires,0.0,0.0,255.0,255.0,False,False,800,402,
nomos,586105,pooled_fires,0.0,0.0,255.0,255.0,False,False,1200,574,
nomos,302336,pooled_fires,0.0,0.0,255.0,255.0,False,False,784,399,
nomos,302791,pooled_fires,1.505,1.789,252.0,252.0,False,False,1026,506,
nomos,589723,pooled_fires,0.0,0.0,255.0,255.0,False,False,1200,629,
nomos,355562,pooled_fires,0.0,0.0,255.0,255.0,False,False,1200,581,
nomos,290676,pooled_fires,0.591,0.445,255.0,255.0,False,False,1200,587,
nomos,597402,pooled_fires,0.0,0.0,255.0,255.0,False,False,800,395,
nomos,598456,pooled_fires,0.0,0.0,255.0,255.0,False,False,843,438,
nomos,288170,pooled_fires,0.0,0.0,255.0,255.0,False,False,828,403,
nomos,592114,pooled_fires,0.0,0.0,255.0,255.0,False,False,1945,949,
nomos,588155,pooled_fires,0.0,0.0,255.0,255.0,False,False,1200,574,
nomos,290698,pooled_fires,0.587,0.709,255.0,255.0,False,False,1200,551,
nomos,357554,pooled_fires,0.0,0.0,255.0,255.0,False,False,1200,635,
nomos,356955,pooled_fires,0.0,0.0,255.0,255.0,False,False,1200,588,
nomos,579566,pooled_fires,0.0,0.0,255.0,255.0,False,False,1200,614,
nomos,357062,pooled_fires,0.0,0.0,255.0,255.0,False,False,1200,597,
nomos,596668,pooled_fires,0.0,0.0,255.0,255.0,False,False,800,360,
nomos,596910,pooled_fires,0.0,0.0,255.0,255.0,False,False,828,391,
nomos,586478,pooled_fires,0.0,0.0,255.0,255.0,False,False,1200,656,
nomos,596136,pooled_fires,0.0,0.0,255.0,255.0,False,False,1200,599,
nomos,596500,pooled_fires,0.0,0.0,255.0,255.0,False,False,800,402,
nomos,589775,pooled_fires,0.0,0.0,255.0,255.0,False,False,1200,587,
nomos,290509,pooled_fires,0.0,0.0,255.0,255.0,False,False,1200,568,
nomos,583906,pooled_fires,0.0,0.0,255.0,255.0,False,False,800,375,
nomos,356253,pooled_fires,0.0,0.0,255.0,255.0,False,False,1200,619,
nomos,579683,pooled_fires,0.0,0.0,255.0,255.0,False,False,1200,658,
nomos,302205,pooled_fires,0.0,0.0,255.0,255.0,False,False,776,398,
nomos,317663,pooled_fires,0.0,0.0,255.0,255.0,False,False,1200,598,
nomos,586584,pooled_fires,0.0,0.0,255.0,255.0,False,False,1200,605,
noonans,326025,pooled_fires,0.0,0.0,255.0,255.0,False,False,3000,1401,
noonans,326236,pooled_fires,0.0,0.0,255.0,255.0,False,False,2790,1308,
noonans,321758,pooled_fires,0.0,0.0,255.0,255.0,False,False,2629,1190,
noonans,325867,pooled_fires,0.0,0.0,255.0,255.0,False,False,2080,891,
noonans,321686,pooled_fires,0.0,0.0,255.0,255.0,False,False,3200,1570,
noonans,326383,pooled_fires,0.0,0.0,255.0,255.0,False,False,3009,1427,
noonans,325960,pooled_fires,0.0,0.0,255.0,255.0,False,False,2969,1368,
noonans,316465,pooled_fires,0.0,0.0,255.0,255.0,False,False,3200,1479,
noonans,326032,pooled_fires,0.0,0.0,255.0,255.0,False,False,3200,1501,
noonans,327836,pooled_fires,0.0,0.0,255.0,255.0,False,False,3200,1489,
noonans,326008,pooled_fires,0.0,0.0,255.0,255.0,False,False,3000,1421,
noonans,326298,pooled_fires,0.0,0.0,255.0,255.0,False,False,3000,1402,
noonans,325822,pooled_fires,0.0,0.0,255.0,255.0,False,False,1653,1305,
noonans,321692,pooled_fires,0.0,0.0,255.0,255.0,False,False,3000,1433,
noonans,326112,pooled_fires,0.0,0.0,255.0,255.0,False,False,3000,1439,
noonans,326201,pooled_fires,0.0,0.0,255.0,255.0,False,False,3000,1402,
noonans,325958,pooled_fires,0.0,0.0,255.0,255.0,False,False,3132,1447,
noonans,321593,pooled_fires,0.0,0.0,255.0,255.0,False,False,3000,2922,
noonans,326225,pooled_fires,0.0,0.0,255.0,255.0,False,False,3200,1529,
noonans,326352,pooled_fires,0.0,0.0,255.0,255.0,False,False,3200,1463,
noonans,327809,pooled_fires,0.0,0.0,255.0,255.0,False,False,3000,1445,
noonans,326434,pooled_fires,0.0,0.0,255.0,255.0,False,False,2948,1268,
noonans,325928,pooled_fires,0.0,0.0,255.0,255.0,False,False,2130,1019,
noonans,325911,pooled_fires,0.0,0.0,255.0,255.0,False,False,2237,994,
noonans,321380,pooled_fires,0.0,0.0,255.0,255.0,False,False,3050,1477,
noonans,326135,pooled_fires,0.0,0.0,255.0,255.0,False,False,3000,1393,
noonans,327794,pooled_fires,0.0,0.0,255.0,255.0,False,False,2420,1230,
noonans,325872,pooled_fires,0.0,0.0,255.0,255.0,False,False,2371,1079,
noonans,326055,pooled_fires,0.0,0.0,255.0,255.0,False,False,1843,877,
noonans,325744,pooled_fires,0.0,0.0,255.0,255.0,False,False,3000,1419,
noonans,327793,pooled_fires,0.0,0.0,255.0,255.0,False,False,2251,1070,
noonans,325797,pooled_fires,0.0,0.0,255.0,255.0,False,False,2320,1056,
noonans,325918,pooled_fires,0.0,0.0,255.0,255.0,False,False,2351,1031,
noonans,316495,pooled_fires,0.0,0.0,255.0,255.0,False,False,2916,1378,
noonans,321355,pooled_fires,0.0,0.0,255.0,255.0,False,False,2167,1002,
noonans,316445,pooled_fires,0.0,0.0,255.0,255.0,False,False,2284,1038,
noonans,325845,pooled_fires,0.0,0.0,255.0,255.0,False,False,3119,1469,
noonans,326292,pooled_fires,0.0,0.0,255.0,255.0,False,False,3000,1448,
noonans,321534,pooled_fires,0.0,0.0,255.0,255.0,False,False,3000,911,
noonans,326022,pooled_fires,0.0,0.0,255.0,255.0,False,False,3000,1430,
noonans,316536,pooled_fires,0.0,0.0,255.0,255.0,False,False,3000,1423,
noonans,326173,pooled_fires,0.0,0.0,255.0,255.0,False,False,3103,1549,
noonans,325940,pooled_fires,0.0,0.0,255.0,255.0,False,False,3200,1492,
noonans,316515,pooled_fires,0.0,0.0,255.0,255.0,False,False,3000,1414,
noonans,326205,pooled_fires,0.0,0.0,255.0,255.0,False,False,3000,1457,
noonans,321690,pooled_fires,0.0,0.0,255.0,255.0,False,False,3000,1439,
noonans,321715,pooled_fires,0.0,0.0,255.0,255.0,False,False,3000,1455,
noonans,316477,pooled_fires,0.0,0.0,255.0,255.0,False,False,3181,1481,
noonans,316529,pooled_fires,0.0,0.0,255.0,255.0,False,False,2461,1177,
noonans,316522,pooled_fires,0.0,0.0,255.0,255.0,False,False,3000,1429,
noonans,321625,pooled_fires,0.0,0.0,255.0,255.0,False,False,3000,1418,
noonans,326010,pooled_fires,0.0,0.0,255.0,255.0,False,False,3000,1409,
noonans,321497,pooled_fires,0.0,0.0,255.0,255.0,False,False,3200,1458,
noonans,325863,pooled_fires,0.0,0.0,255.0,255.0,False,False,2600,1107,
noonans,326358,pooled_fires,0.0,0.0,255.0,255.0,False,False,3000,1405,
noonans,327881,pooled_fires,0.0,0.0,255.0,255.0,False,False,3000,1444,
noonans,321685,pooled_fires,0.0,0.0,255.0,255.0,False,False,3000,1430,
noonans,326184,pooled_fires,0.0,0.0,255.0,255.0,False,False,2294,1079,
noonans,326220,pooled_fires,0.0,0.0,255.0,255.0,False,False,3200,1556,
noonans,321755,pooled_fires,0.0,0.0,255.0,255.0,False,False,3200,1514,
noonans,326413,pooled_fires,0.0,0.0,255.0,255.0,False,False,3003,1524,
noonans,316466,pooled_fires,0.0,0.0,255.0,255.0,False,False,3200,1476,
noonans,326043,pooled_fires,0.0,0.0,255.0,255.0,False,False,3000,1436,
noonans,326258,pooled_fires,0.0,0.0,255.0,255.0,False,False,1850,855,
noonans,326460,pooled_fires,0.0,0.0,255.0,255.0,False,False,3200,1384,
noonans,325834,pooled_fires,0.0,0.0,255.0,255.0,False,False,3200,1484,
noonans,326118,pooled_fires,0.0,0.0,255.0,255.0,False,False,3000,1439,
noonans,326315,pooled_fires,0.0,0.0,255.0,255.0,False,False,2987,1415,
noonans,327890,pooled_fires,0.0,0.0,255.0,255.0,False,False,2846,1350,
noonans,326266,pooled_fires,0.0,0.0,255.0,255.0,False,False,3000,1353,
noonans,326061,pooled_fires,0.0,0.0,255.0,255.0,False,False,3000,1453,
noonans,326067,pooled_fires,0.0,0.0,255.0,255.0,False,False,3000,1460,
noonans,321402,pooled_fires,0.0,0.0,255.0,255.0,False,False,2924,1468,
noonans,325775,pooled_fires,0.0,0.0,255.0,255.0,False,False,2175,985,
noonans,321490,pooled_fires,0.0,0.0,255.0,255.0,False,False,2373,1081,
noonans,326193,pooled_fires,0.0,0.0,255.0,255.0,False,False,1808,812,
noonans,321431,pooled_fires,0.0,0.0,255.0,255.0,False,False,2313,1077,
noonans,326308,pooled_fires,0.0,0.0,255.0,255.0,False,False,3000,1476,
noonans,325907,pooled_fires,0.0,0.0,255.0,255.0,False,False,2160,1035,
noonans,326134,pooled_fires,0.0,0.0,255.0,255.0,False,False,2344,1060,
noonans,321712,pooled_fires,0.0,0.0,255.0,255.0,False,False,3000,1431,
noonans,326216,pooled_fires,0.0,0.0,255.0,255.0,False,False,3000,1425,
noonans,325885,pooled_fires,0.0,0.0,255.0,255.0,False,False,2084,932,
noonans,327789,pooled_fires,0.0,0.0,255.0,255.0,False,False,1944,845,
noonans,321558,pooled_fires,0.0,0.0,255.0,255.0,False,False,1956,987,
noonans,316480,pooled_fires,0.0,0.0,255.0,255.0,False,False,3000,1406,
noonans,326477,pooled_fires,0.0,0.0,255.0,255.0,False,False,3200,1455,
noonans,325931,pooled_fires,0.0,0.0,255.0,255.0,False,False,2399,1121,
noonans,325877,pooled_fires,0.0,0.0,255.0,255.0,False,False,2240,1025,
noonans,321812,pooled_fires,0.0,0.0,255.0,255.0,False,False,3000,1498,
noonans,321524,pooled_fires,0.0,0.0,255.0,255.0,False,False,3000,1648,
noonans,321636,pooled_fires,0.0,0.0,255.0,255.0,False,False,3000,1423,
noonans,326178,pooled_fires,0.0,0.0,255.0,255.0,False,False,2359,2293,
noonans,325899,pooled_fires,0.0,0.0,255.0,255.0,False,False,2187,1010,
noonans,326283,pooled_fires,0.0,0.0,255.0,255.0,False,False,3000,1477,
noonans,321475,pooled_fires,0.0,0.0,255.0,255.0,False,False,2995,1482,
noonans,327810,pooled_fires,0.0,0.0,255.0,255.0,False,False,3175,1516,
noonans,321778,pooled_fires,0.0,0.0,255.0,255.0,False,False,3200,1553,
noonans,321394,pooled_fires,0.0,0.0,255.0,255.0,False,False,2322,1033,
noonans,321509,pooled_fires,0.0,0.0,255.0,255.0,False,False,3010,1379,
noonans,325760,pooled_fires,0.0,0.0,255.0,255.0,False,False,2120,964,
noonans,321576,pooled_fires,0.0,0.0,255.0,255.0,False,False,2374,1115,
noonans,327832,pooled_fires,0.0,0.0,255.0,255.0,False,False,3200,1501,
noonans,326146,pooled_fires,0.0,0.0,255.0,255.0,False,False,2990,1305,
noonans,321708,pooled_fires,0.0,0.0,255.0,255.0,False,False,3000,1466,
noonans,316521,pooled_fires,0.0,0.0,255.0,255.0,False,False,3000,1440,
noonans,321450,pooled_fires,0.0,0.0,255.0,255.0,False,False,2548,1171,
noonans,321647,pooled_fires,0.0,0.0,255.0,255.0,False,False,3000,1430,
noonans,316460,pooled_fires,0.0,0.0,255.0,255.0,False,False,2195,1014,
noonans,321761,pooled_fires,0.0,0.0,255.0,255.0,False,False,2457,1149,
noonans,321814,pooled_fires,0.0,0.0,255.0,255.0,False,False,3200,1528,
noonans,321607,pooled_fires,0.0,0.0,255.0,255.0,False,False,2419,1141,
noonans,326085,pooled_fires,0.0,0.0,255.0,255.0,False,False,3200,1509,
noonans,321735,pooled_fires,0.0,0.0,255.0,255.0,False,False,3000,1418,
noonans,325864,pooled_fires,0.0,0.0,255.0,255.0,False,False,2442,1124,
noonans,325895,pooled_fires,0.0,0.0,255.0,255.0,False,False,1982,904,
noonans,325789,pooled_fires,0.0,0.0,255.0,255.0,False,False,2277,1064,
noonans,321734,pooled_fires,0.0,0.0,255.0,255.0,False,False,3200,1540,
noonans,326361,pooled_fires,0.0,0.0,255.0,255.0,False,False,3000,1427,
noonans,321797,pooled_fires,0.0,0.0,255.0,255.0,False,False,3200,1509,
noonans,321756,pooled_fires,0.0,0.0,255.0,255.0,False,False,3134,1405,
noonans,321727,pooled_fires,0.0,0.0,255.0,255.0,False,False,2653,1244,
noonans,326081,pooled_fires,0.0,0.0,255.0,255.0,False,False,3200,1523,
noonans,326427,pooled_fires,0.0,0.0,255.0,255.0,False,False,3193,1440,
noonans,321696,pooled_fires,0.0,0.0,255.0,255.0,False,False,3000,1460,
noonans,326226,pooled_fires,0.0,0.0,255.0,255.0,False,False,3200,1485,
noonans,321354,pooled_fires,0.0,0.0,255.0,255.0,False,False,2069,945,
noonans,325964,pooled_fires,0.0,0.0,255.0,255.0,False,False,2548,1164,
noonans,321726,pooled_fires,0.0,0.0,255.0,255.0,False,False,2533,1169,
noonans,326158,pooled_fires,0.0,0.0,255.0,255.0,False,False,2362,1054,
noonans,326152,pooled_fires,0.0,0.0,255.0,255.0,False,False,2371,1118,
noonans,325904,pooled_fires,0.0,0.0,255.0,255.0,False,False,2188,1019,
noonans,326340,pooled_fires,0.0,0.0,255.0,255.0,False,False,3136,1523,
noonans,326382,pooled_fires,0.0,0.0,255.0,255.0,False,False,3200,1420,
noonans,326462,pooled_fires,0.0,0.0,255.0,255.0,False,False,3000,1447,
noonans,321673,pooled_fires,0.0,0.0,255.0,255.0,False,False,3097,1466,
noonans,321775,pooled_fires,0.0,0.0,255.0,255.0,False,False,2988,1448,
noonans,325881,pooled_fires,0.0,0.0,255.0,255.0,False,False,3000,1405,
noonans,326246,pooled_fires,0.0,0.0,255.0,255.0,False,False,3000,1468,
noonans,325971,pooled_fires,0.0,0.0,255.0,255.0,False,False,3200,1488,
noonans,321599,pooled_fires,0.0,0.0,255.0,255.0,False,False,2566,1170,
noonans,325829,pooled_fires,0.0,0.0,255.0,255.0,False,False,3094,1444,
noonans,316517,pooled_fires,0.0,0.0,255.0,255.0,False,False,3000,1448,
noonans,316532,pooled_fires,0.0,0.0,255.0,255.0,False,False,3000,1601,
noonans,321772,pooled_fires,0.0,0.0,255.0,255.0,False,False,2426,1162,
noonans,321499,pooled_fires,0.0,0.0,255.0,255.0,False,False,2263,1031,
noonans,325855,pooled_fires,0.0,0.0,255.0,255.0,False,False,2065,924,
noonans,325857,pooled_fires,0.0,0.0,255.0,255.0,False,False,1865,841,
noonans,316502,pooled_fires,0.0,0.0,255.0,255.0,False,False,3000,1456,
noonans,327869,pooled_fires,0.0,0.0,255.0,255.0,False,False,3000,1374,
noonans,321397,pooled_fires,0.0,0.0,255.0,255.0,False,False,2250,964,
noonans,316503,pooled_fires,0.0,0.0,255.0,255.0,False,False,1875,1536,
noonans,326312,pooled_fires,0.0,0.0,255.0,255.0,False,False,2807,1357,
noonans,325922,pooled_fires,0.0,0.0,255.0,255.0,False,False,2465,1199,
noonans,316439,pooled_fires,0.0,0.0,255.0,255.0,False,False,2418,1062,
noonans,321578,pooled_fires,0.0,0.0,255.0,255.0,False,False,1785,1649,
noonans,326047,pooled_fires,0.0,0.0,255.0,255.0,False,False,3000,1375,
noonans,325999,pooled_fires,0.0,0.0,255.0,255.0,False,False,3200,1501,
noonans,325893,pooled_fires,0.0,0.0,255.0,255.0,False,False,2131,1042,
noonans,327815,pooled_fires,0.0,0.0,255.0,255.0,False,False,3000,3007,
noonans,326130,pooled_fires,0.0,0.0,255.0,255.0,False,False,2242,1014,
noonans,326168,pooled_fires,0.0,0.0,255.0,255.0,False,False,2438,1162,
noonans,325731,pooled_fires,0.0,0.0,255.0,255.0,False,False,2541,1115,
noonans,321787,pooled_fires,0.0,0.0,255.0,255.0,False,False,3200,1556,
noonans,326328,pooled_fires,0.0,0.0,255.0,255.0,False,False,2986,1356,
noonans,316492,pooled_fires,0.0,0.0,255.0,255.0,False,False,2465,1142,
noonans,321399,pooled_fires,0.0,0.0,255.0,255.0,False,False,1534,658,
noonans,326400,pooled_fires,0.0,0.0,255.0,255.0,False,False,3142,1520,
noonans,321670,pooled_fires,0.0,0.0,255.0,255.0,False,False,3000,1411,
noonans,316550,pooled_fires,0.0,0.0,255.0,255.0,False,False,3000,1454,
noonans,326421,pooled_fires,0.0,0.0,255.0,255.0,False,False,3000,1422,
noonans,321720,pooled_fires,0.0,0.0,255.0,255.0,False,False,3000,1426,
noonans,321439,pooled_fires,0.0,0.0,255.0,255.0,False,False,2437,1140,
noonans,325736,pooled_fires,0.0,0.0,255.0,255.0,False,False,2466,1069,
noonans,316549,pooled_fires,0.0,0.0,255.0,255.0,False,False,3000,1451,
noonans,321723,pooled_fires,0.0,0.0,255.0,255.0,False,False,3000,1463,
noonans,326440,pooled_fires,0.0,0.0,255.0,255.0,False,False,3000,1433,
noonans,326213,pooled_fires,0.0,0.0,255.0,255.0,False,False,3000,1339,
noonans,325996,pooled_fires,0.0,0.0,255.0,255.0,False,False,3000,1426,
noonans,326039,pooled_fires,0.0,0.0,255.0,255.0,False,False,3000,1457,
noonans,326351,pooled_fires,0.0,0.0,255.0,255.0,False,False,3000,1382,
noonans,327892,pooled_fires,0.0,0.0,255.0,255.0,False,False,3000,1443,
noonans,316490,pooled_fires,0.0,0.0,255.0,255.0,False,False,2512,1186,
noonans,321449,pooled_fires,0.0,0.0,255.0,255.0,False,False,2464,1130,
noonans,321785,pooled_fires,0.0,0.0,255.0,255.0,False,False,3200,1567,
noonans,321587,pooled_fires,0.0,0.0,255.0,255.0,False,False,2032,1038,
noonans,325933,pooled_fires,0.0,0.0,255.0,255.0,False,False,2223,1045,
noonans,321706,pooled_fires,0.0,0.0,255.0,255.0,False,False,3000,1451,
noonans,327811,pooled_fires,0.0,0.0,255.0,255.0,False,False,3000,1416,
noonans,321818,pooled_fires,0.0,0.0,255.0,255.0,False,False,3200,1530,
noonans,326122,pooled_fires,0.0,0.0,255.0,255.0,False,False,3200,1498,
noonans,321648,pooled_fires,0.0,0.0,255.0,255.0,False,False,2936,1351,
noonans,321553,pooled_fires,0.0,0.0,255.0,255.0,False,False,2847,1326,
noonans,325991,pooled_fires,0.0,0.0,255.0,255.0,False,False,3000,1394,
noonans,325873,pooled_fires,0.0,0.0,255.0,255.0,False,False,3200,1457,
noonans,327840,pooled_fires,0.0,0.0,255.0,255.0,False,False,3000,1412,
noonans,321741,pooled_fires,0.0,0.0,255.0,255.0,False,False,3200,1506,
noonans,321395,pooled_fires,0.0,0.0,255.0,255.0,False,False,2179,1073,
noonans,325984,pooled_fires,0.0,0.0,255.0,255.0,False,False,3129,1457,
noonans,325795,pooled_fires,0.0,0.0,255.0,255.0,False,False,2208,1015,
numisbids,339556,pooled_fires,0.0,0.0,255.0,255.0,False,False,1393,658,
numisbids,339454,pooled_fires,0.0,0.0,255.0,255.0,False,False,965,421,
numisbids,339599,pooled_fires,0.0,0.0,255.0,255.0,False,False,973,447,
numisbids,339938,pooled_fires,0.0,0.0,255.0,255.0,False,False,876,423,
numisbids,340817,pooled_fires,0.0,0.0,255.0,255.0,False,False,1230,610,
numisbids,339649,pooled_fires,0.0,0.0,255.0,255.0,False,False,1043,486,
numisbids,340205,pooled_fires,0.0,0.0,255.0,255.0,False,False,1108,564,
numisbids,340625,pooled_fires,0.0,0.0,255.0,255.0,False,False,532,246,
numisbids,339523,pooled_fires,0.0,0.0,255.0,255.0,False,False,963,468,
numisbids,339854,pooled_fires,0.0,0.0,255.0,255.0,False,False,610,296,
numisbids,339944,pooled_fires,0.0,0.0,255.0,255.0,False,False,902,432,
numisbids,340568,pooled_fires,0.0,0.0,255.0,255.0,False,False,945,467,
numisbids,341249,pooled_fires,0.0,0.0,255.0,255.0,False,False,754,385,
numisbids,340469,pooled_fires,0.0,0.0,255.0,255.0,False,False,756,379,
numisbids,340025,pooled_fires,0.0,0.0,255.0,255.0,False,False,814,407,
numisbids,339489,pooled_fires,0.0,0.0,255.0,255.0,False,False,991,459,
numisbids,339462,pooled_fires,0.0,0.0,255.0,255.0,False,False,985,462,
numisbids,341462,pooled_fires,0.0,0.0,255.0,255.0,False,False,559,280,
numisbids,340835,pooled_fires,0.0,0.0,255.0,255.0,False,False,1224,619,
numisbids,340310,pooled_fires,0.0,0.0,255.0,255.0,False,False,663,331,
numisbids,340667,pooled_fires,0.0,0.0,255.0,255.0,False,False,564,270,
numisbids,341411,pooled_fires,0.0,0.0,255.0,255.0,False,False,943,470,
numisbids,340178,pooled_fires,0.0,0.0,255.0,255.0,False,False,675,328,
numisbids,341049,pooled_fires,0.0,0.0,255.0,255.0,False,False,1500,743,
numisbids,341184,pooled_fires,3.358,6.222,255.0,255.0,False,False,899,427,
numisbids,339485,pooled_fires,0.0,0.0,255.0,255.0,False,False,931,460,
numisbids,339782,pooled_fires,0.0,0.0,255.0,255.0,False,False,859,405,
numisbids,340700,pooled_fires,0.0,0.0,255.0,255.0,False,False,1089,531,
numisbids,340184,pooled_fires,0.0,0.0,255.0,255.0,False,False,1242,614,
numisbids,339668,pooled_fires,0.0,0.0,255.0,255.0,False,False,681,312,
numisbids,340718,pooled_fires,0.0,0.0,255.0,255.0,False,False,1081,533,
numisbids,341341,pooled_fires,0.0,0.0,255.0,255.0,False,False,1226,615,
numisbids,339878,pooled_fires,0.0,0.0,255.0,255.0,False,False,523,251,
numisbids,340235,pooled_fires,0.0,0.0,255.0,255.0,False,False,1334,666,
numisbids,339656,pooled_fires,0.0,0.0,255.0,255.0,False,False,1072,489,
numisbids,340142,pooled_fires,0.0,0.0,255.0,255.0,False,False,843,411,
numisbids,340592,pooled_fires,0.0,0.0,255.0,255.0,False,False,1130,548,
numisbids,340406,pooled_fires,0.0,0.0,255.0,255.0,False,False,1278,633,
numisbids,340952,pooled_fires,0.0,0.0,255.0,255.0,False,False,566,287,
numisbids,341000,pooled_fires,0.0,0.0,255.0,255.0,False,False,1461,729,
numisbids,341383,pooled_fires,0.0,0.0,255.0,255.0,False,False,565,288,
numisbids,339474,pooled_fires,0.0,0.0,255.0,255.0,False,False,997,448,
numisbids,341028,pooled_fires,0.0,0.0,255.0,255.0,False,False,1500,751,
numisbids,341414,pooled_fires,0.0,0.0,255.0,255.0,False,False,942,445,
numisbids,339674,pooled_fires,0.0,0.0,255.0,255.0,False,False,1289,627,
numisbids,340637,pooled_fires,0.0,0.0,255.0,255.0,False,False,851,426,
numisbids,339770,pooled_fires,0.0,0.0,255.0,255.0,False,False,865,459,
numisbids,341270,pooled_fires,0.0,0.0,255.0,255.0,False,False,895,454,
numisbids,340829,pooled_fires,0.0,0.0,255.0,255.0,False,False,472,230,
numisbids,340727,pooled_fires,0.0,0.0,255.0,255.0,False,False,1085,535,
numisbids,339623,pooled_fires,0.0,0.0,255.0,255.0,False,False,1283,625,
numisbids,340070,pooled_fires,0.0,0.0,255.0,255.0,False,False,743,365,
numisbids,341308,pooled_fires,0.0,0.0,255.0,255.0,False,False,943,472,
numisbids,340013,pooled_fires,0.0,0.0,255.0,255.0,False,False,655,333,
numisbids,340259,pooled_fires,0.0,0.0,255.0,255.0,False,False,851,422,
numisbids,340424,pooled_fires,0.0,0.0,255.0,255.0,False,False,1227,606,
numisbids,341076,pooled_fires,0.0,0.0,255.0,255.0,False,False,1499,745,
numisbids,341172,pooled_fires,0.0,0.0,255.0,255.0,False,False,900,441,
numisbids,340241,pooled_fires,0.0,0.0,255.0,255.0,False,False,1131,557,
numisbids,340778,pooled_fires,0.0,0.0,255.0,255.0,False,False,1148,563,
numisbids,340892,pooled_fires,0.0,0.0,255.0,255.0,False,False,898,443,
numisbids,340199,pooled_fires,0.0,0.0,255.0,255.0,False,False,699,345,
numisbids,341247,pooled_fires,0.0,0.0,255.0,255.0,False,False,899,449,
numisbids,340679,pooled_fires,0.0,0.0,255.0,255.0,False,False,1288,629,
numisbids,340928,pooled_fires,0.0,0.0,255.0,255.0,False,False,1321,653,
numisbids,339761,pooled_fires,0.0,0.0,255.0,255.0,False,False,1281,643,
numisbids,339471,pooled_fires,0.0,0.0,255.0,255.0,False,False,985,426,
numisbids,339548,pooled_fires,0.0,0.0,255.0,255.0,False,False,466,210,
numisbids,340229,pooled_fires,0.0,0.0,255.0,255.0,False,False,1192,591,
numisbids,340448,pooled_fires,0.0,0.0,255.0,255.0,False,False,708,348,
numisbids,340028,pooled_fires,0.0,0.0,255.0,255.0,False,False,646,345,
numisbids,340295,pooled_fires,0.0,0.0,255.0,255.0,False,False,1181,591,
numisbids,339550,pooled_fires,0.0,0.0,255.0,255.0,False,False,851,404,
numisbids,339740,pooled_fires,0.0,0.0,255.0,255.0,False,False,1045,452,
numisbids,341279,pooled_fires,0.0,0.0,255.0,255.0,False,False,947,451,
numisbids,340580,pooled_fires,0.0,0.0,255.0,255.0,False,False,659,334,
numisbids,340106,pooled_fires,0.0,0.0,255.0,255.0,False,False,866,412,
numisbids,340937,pooled_fires,0.0,0.0,255.0,255.0,False,False,1414,1357,
numisbids,340067,pooled_fires,0.0,0.0,255.0,255.0,False,False,1003,499,
numisbids,339905,pooled_fires,0.0,0.0,255.0,255.0,False,False,887,439,
numisbids,340304,pooled_fires,0.0,0.0,255.0,255.0,False,False,992,498,
numisbids,339806,pooled_fires,0.0,0.0,255.0,255.0,False,False,1500,743,
numisbids,339676,pooled_fires,0.0,0.0,255.0,255.0,False,False,1017,457,
numisbids,341350,pooled_fires,0.0,0.0,255.0,255.0,False,False,802,406,
numisbids,340703,pooled_fires,0.0,0.0,255.0,255.0,False,False,1057,530,
numisbids,339459,pooled_fires,0.0,0.0,255.0,255.0,False,False,980,441,
numisbids,340316,pooled_fires,0.0,0.0,255.0,255.0,False,False,1225,611,
numisbids,341151,pooled_fires,0.0,0.0,255.0,255.0,False,False,900,452,
numisbids,339521,pooled_fires,0.0,0.0,255.0,255.0,False,False,1485,687,
numisbids,340157,pooled_fires,0.0,0.0,255.0,255.0,False,False,698,340,
numisbids,339641,pooled_fires,0.0,0.0,255.0,255.0,False,False,1338,623,
numisbids,339530,pooled_fires,0.0,0.0,255.0,255.0,False,False,983,955,
numisbids,340118,pooled_fires,0.0,0.0,255.0,255.0,False,False,1039,508,
numisbids,339461,pooled_fires,0.0,0.0,255.0,255.0,False,False,951,451,
numisbids,339767,pooled_fires,0.0,0.0,255.0,255.0,False,False,896,468,
numisbids,339562,pooled_fires,0.0,0.0,255.0,255.0,False,False,839,400,
numisbids,339484,pooled_fires,0.0,0.0,255.0,255.0,False,False,818,410,
numisbids,340634,pooled_fires,0.0,0.0,255.0,255.0,False,False,598,293,
numisbids,339671,pooled_fires,0.0,0.0,255.0,255.0,False,False,629,310,
numisbids,341144,pooled_fires,0.0,0.0,255.0,255.0,False,False,993,507,
numisbids,339842,pooled_fires,0.0,0.0,255.0,255.0,False,False,699,1307,
numisbids,339659,pooled_fires,0.0,0.0,255.0,255.0,False,False,1257,590,
numisbids,340607,pooled_fires,0.0,0.0,255.0,255.0,False,False,1096,537,
numisbids,339494,pooled_fires,0.0,0.0,255.0,255.0,False,False,918,417,
numisbids,339815,pooled_fires,0.0,0.0,255.0,255.0,False,False,1495,756,
numisbids,339547,pooled_fires,0.0,0.0,255.0,255.0,False,False,842,413,
numisbids,340151,pooled_fires,0.0,0.0,255.0,255.0,False,False,1221,604,
numisbids,340523,pooled_fires,0.0,0.0,255.0,255.0,False,False,1324,663,
numisbids,340508,pooled_fires,0.0,0.0,255.0,255.0,False,False,1371,694,
numisbids,339785,pooled_fires,0.0,0.0,255.0,255.0,False,False,737,364,
numisbids,340916,pooled_fires,0.0,0.0,255.0,255.0,False,False,946,459,
numisbids,340394,pooled_fires,0.0,0.0,255.0,255.0,False,False,1297,628,
numisbids,340874,pooled_fires,0.0,0.0,255.0,255.0,False,False,1417,713,
numisbids,340670,pooled_fires,0.0,0.0,255.0,255.0,False,False,1039,512,
numisbids,341426,pooled_fires,0.0,0.0,255.0,255.0,False,False,852,424,
numisbids,339499,pooled_fires,0.0,0.0,255.0,255.0,False,False,813,422,
numisbids,339724,pooled_fires,0.0,0.0,255.0,255.0,False,False,1335,644,
numisbids,340628,pooled_fires,0.0,0.0,255.0,255.0,False,False,709,355,
numisbids,340529,pooled_fires,0.0,0.0,255.0,255.0,False,False,1321,651,
numisbids,339809,pooled_fires,0.0,0.0,255.0,255.0,False,False,1311,654,
numisbids,339712,pooled_fires,0.0,0.0,255.0,255.0,False,False,1478,668,
numisbids,340169,pooled_fires,0.0,0.0,255.0,255.0,False,False,722,350,
numisbids,341196,pooled_fires,0.0,0.0,255.0,255.0,False,False,814,405,
numisbids,340498,pooled_fires,0.0,0.0,255.0,255.0,False,False,1041,515,
numisbids,341284,pooled_fires,0.0,0.0,255.0,255.0,False,False,706,354,
numisbids,340622,pooled_fires,0.0,0.0,255.0,255.0,False,False,378,191,
numisbids,340577,pooled_fires,0.0,0.0,255.0,255.0,False,False,804,398,
numisbids,339572,pooled_fires,0.0,0.0,255.0,255.0,False,False,1075,437,
numisbids,339482,pooled_fires,0.0,0.0,255.0,255.0,False,False,938,436,
numisbids,339613,pooled_fires,0.0,0.0,255.0,255.0,False,False,1398,674,
numisbids,340706,pooled_fires,0.0,0.0,255.0,255.0,False,False,941,473,
numisbids,341323,pooled_fires,0.0,0.0,255.0,255.0,False,False,849,432,
numisbids,341204,pooled_fires,0.0,0.0,255.0,255.0,False,False,898,444,
numisbids,341106,pooled_fires,0.0,0.0,255.0,255.0,False,False,799,390,
numisbids,340898,pooled_fires,0.0,0.0,255.0,255.0,False,False,531,258,
numisbids,339703,pooled_fires,0.0,0.0,255.0,255.0,False,False,984,430,
numisbids,339487,pooled_fires,0.0,0.0,255.0,255.0,False,False,844,401,
numisbids,341255,pooled_fires,0.0,0.0,255.0,255.0,False,False,804,423,
numisbids,341058,pooled_fires,0.0,0.0,255.0,255.0,False,False,1500,755,
numisbids,341229,pooled_fires,0.0,0.0,255.0,255.0,False,False,942,453,
numisbids,340514,pooled_fires,0.0,0.0,255.0,255.0,False,False,1278,625,
numisbids,339647,pooled_fires,0.0,0.0,255.0,255.0,False,False,1103,506,
numisbids,339497,pooled_fires,0.0,0.0,255.0,255.0,False,False,1411,656,
numisbids,339477,pooled_fires,0.0,0.0,255.0,255.0,False,False,975,460,
numisbids,340715,pooled_fires,0.0,0.0,255.0,255.0,False,False,472,223,
numisbids,341404,pooled_fires,0.0,0.0,255.0,255.0,False,False,1084,537,
numisbids,341238,pooled_fires,0.0,0.0,255.0,255.0,False,False,900,456,
numisbids,339881,pooled_fires,0.0,0.0,255.0,255.0,False,False,943,463,
numisbids,340313,pooled_fires,0.0,0.0,255.0,255.0,False,False,993,496,
numisbids,340685,pooled_fires,0.0,0.0,255.0,255.0,False,False,1254,632,
numisbids,340163,pooled_fires,0.0,0.0,255.0,255.0,False,False,778,421,
numisbids,340277,pooled_fires,0.0,0.0,255.0,255.0,False,False,1038,518,
numisbids,341112,pooled_fires,0.0,0.0,255.0,255.0,False,False,945,465,
numisbids,340983,pooled_fires,0.0,0.0,255.0,255.0,False,False,1457,739,
numisbids,340757,pooled_fires,0.0,0.0,255.0,255.0,False,False,565,277,
numisbids,341043,pooled_fires,0.0,0.0,255.0,255.0,False,False,1500,744,
numisbids,340262,pooled_fires,0.0,0.0,255.0,255.0,False,False,1039,516,
numisbids,339725,pooled_fires,0.0,0.0,255.0,255.0,False,False,1100,528,
numisbids,339707,pooled_fires,0.0,0.0,255.0,255.0,False,False,643,298,
numisbids,339998,pooled_fires,0.0,0.0,255.0,255.0,False,False,474,225,
numisbids,339662,pooled_fires,0.0,0.0,255.0,255.0,False,False,971,436,
numisbids,341464,pooled_fires,0.0,0.0,255.0,255.0,False,False,899,445,
numisbids,340145,pooled_fires,0.0,0.0,255.0,255.0,False,False,1339,674,
numisbids,339664,pooled_fires,0.0,0.0,255.0,255.0,False,False,1014,453,
numisbids,339686,pooled_fires,0.0,0.0,255.0,255.0,False,False,984,444,
numisbids,339788,pooled_fires,0.0,0.0,255.0,255.0,False,False,1476,769,
numisbids,341124,pooled_fires,0.0,0.0,255.0,255.0,False,False,946,451,
numisbids,339764,pooled_fires,0.0,0.0,255.0,255.0,False,False,1288,610,
numisbids,339568,pooled_fires,0.0,0.0,255.0,255.0,False,False,1034,446,
numisbids,341085,pooled_fires,0.0,0.0,255.0,255.0,False,False,1500,529,
numisbids,340868,pooled_fires,0.0,0.0,255.0,255.0,False,False,1363,673,
numisbids,340571,pooled_fires,0.0,0.0,255.0,255.0,False,False,989,505,
numisbids,340565,pooled_fires,0.0,0.0,255.0,255.0,False,False,1085,535,
numisbids,339932,pooled_fires,0.0,0.0,255.0,255.0,False,False,1163,575,
numisbids,339457,pooled_fires,0.0,0.0,255.0,255.0,False,False,1018,494,
numisbids,339617,pooled_fires,0.0,0.0,255.0,255.0,False,False,912,426,
numisbids,339476,pooled_fires,0.0,0.0,255.0,255.0,False,False,917,432,
numisbids,340538,pooled_fires,0.0,0.0,255.0,255.0,False,False,993,497,
numisbids,339500,pooled_fires,0.0,0.0,255.0,255.0,False,False,1486,707,
numisbids,339698,pooled_fires,0.0,0.0,255.0,255.0,False,False,1346,628,
numisbids,341252,pooled_fires,0.0,0.0,255.0,255.0,False,False,707,338,
numisbids,341169,pooled_fires,0.0,0.0,255.0,255.0,False,False,898,450,
numisbids,339695,pooled_fires,0.0,0.0,255.0,255.0,False,False,1088,432,
numisbids,340268,pooled_fires,0.0,0.0,255.0,255.0,False,False,993,499,
numisbids,340691,pooled_fires,0.0,0.0,255.0,255.0,False,False,947,473,
numisbids,339697,pooled_fires,0.0,0.0,255.0,255.0,False,False,988,423,
numisbids,339857,pooled_fires,0.0,0.0,255.0,255.0,False,False,940,438,
numisbids,339692,pooled_fires,0.0,0.0,255.0,255.0,False,False,1304,597,
numisbids,339527,pooled_fires,0.0,0.0,255.0,255.0,False,False,1479,670,
numisbids,341347,pooled_fires,0.0,0.0,255.0,255.0,False,False,1178,582,
numisbids,339604,pooled_fires,0.0,0.0,255.0,255.0,False,False,1500,684,
numisbids,340850,pooled_fires,0.0,0.0,255.0,255.0,False,False,644,311,
numisbids,340370,pooled_fires,0.0,0.0,255.0,255.0,False,False,1182,582,
numisbids,339929,pooled_fires,0.0,0.0,255.0,255.0,False,False,1153,563,
numisbids,340495,pooled_fires,0.0,0.0,255.0,255.0,False,False,708,351,
numisbids,341244,pooled_fires,0.0,0.0,255.0,255.0,False,False,897,430,
numisbids,340454,pooled_fires,0.0,0.0,255.0,255.0,False,False,703,342,
numisbids,339517,pooled_fires,0.0,0.0,255.0,255.0,False,False,903,433,
numisbids,340631,pooled_fires,0.0,0.0,255.0,255.0,False,False,901,451,
numisbids,339727,pooled_fires,0.0,0.0,255.0,255.0,False,False,1047,462,
obolos,637870,pooled_fires,0.0,0.0,255.0,255.0,False,False,1502,704,
obolos,647527,pooled_fires,0.0,0.0,255.0,255.0,False,False,1612,695,
obolos,601734,pooled_fires,0.0,0.0,255.0,255.0,False,False,1281,652,
obolos,644402,pooled_fires,0.0,0.0,255.0,255.0,False,False,1741,845,
obolos,593666,pooled_fires,0.0,0.0,255.0,255.0,False,False,1364,650,
obolos,581010,pooled_fires,0.0,0.0,255.0,255.0,False,False,1278,702,
obolos,601581,pooled_fires,0.0,0.0,255.0,255.0,False,False,1398,647,
obolos,589383,pooled_fires,0.0,0.0,255.0,255.0,False,False,1433,699,
obolos,582955,pooled_fires,0.0,0.0,255.0,255.0,False,False,1435,700,
obolos,601309,pooled_fires,0.0,0.0,255.0,255.0,False,False,1258,648,
obolos,602837,pooled_fires,0.0,0.0,255.0,255.0,False,False,1377,651,
obolos,635612,pooled_fires,0.0,0.0,255.0,255.0,False,False,1513,705,
obolos,595496,pooled_fires,0.0,0.0,255.0,255.0,False,False,1427,646,
obolos,578949,pooled_fires,0.0,0.0,255.0,255.0,False,False,1301,648,
obolos,642567,pooled_fires,0.0,0.0,255.0,255.0,False,False,1200,597,
obolos,634744,pooled_fires,0.0,0.0,255.0,255.0,False,False,1404,703,
obolos,589986,pooled_fires,0.0,0.0,255.0,255.0,False,False,1332,703,
obolos,578715,pooled_fires,0.0,0.0,255.0,255.0,False,False,1289,651,
obolos,593150,pooled_fires,0.0,0.0,255.0,255.0,False,False,1342,653,
obolos,291260,pooled_fires,0.0,0.0,255.0,255.0,False,False,1417,697,
obolos,361536,pooled_fires,0.0,0.0,255.0,255.0,False,False,1404,697,
obolos,588533,pooled_fires,0.0,0.0,255.0,255.0,False,False,1450,703,
obolos,592828,pooled_fires,0.0,0.0,255.0,255.0,False,False,1311,646,
obolos,600571,pooled_fires,0.0,0.0,255.0,255.0,False,False,1448,647,
obolos,634459,pooled_fires,0.0,0.0,255.0,255.0,False,False,1355,695,
obolos,648234,pooled_fires,0.0,0.0,255.0,255.0,False,False,1416,703,
obolos,604298,pooled_fires,0.0,0.0,255.0,255.0,False,False,1200,629,
obolos,708048,pooled_fires,0.0,0.0,255.0,255.0,False,False,1442,695,
obolos,602087,pooled_fires,0.0,0.0,255.0,255.0,False,False,1396,655,
obolos,632841,pooled_fires,0.0,0.0,255.0,255.0,False,False,1325,647,
obolos,651891,pooled_fires,0.0,0.0,255.0,255.0,False,False,1352,706,
obolos,589874,pooled_fires,0.0,0.0,255.0,255.0,False,False,1478,701,
obolos,640492,pooled_fires,0.0,0.0,255.0,255.0,False,False,1163,568,
obolos,601239,pooled_fires,0.0,0.0,255.0,255.0,False,False,1379,648,
obolos,291241,pooled_fires,0.0,0.0,255.0,255.0,False,False,1437,696,
obolos,643731,pooled_fires,0.0,0.0,255.0,255.0,False,False,1908,978,
obolos,639698,pooled_fires,0.0,0.0,255.0,255.0,False,False,2252,1111,
obolos,586514,pooled_fires,0.0,0.0,255.0,255.0,False,False,1412,694,
obolos,640631,pooled_fires,0.0,0.0,255.0,255.0,False,False,1208,579,
obolos,601756,pooled_fires,0.0,0.0,255.0,255.0,False,False,1347,647,
obolos,642380,pooled_fires,0.0,0.0,255.0,255.0,False,False,1200,582,
obolos,595779,pooled_fires,0.0,0.0,255.0,255.0,False,False,1361,645,
obolos,580272,pooled_fires,0.0,0.0,255.0,255.0,False,False,1529,698,
obolos,344927,pooled_fires,0.0,0.0,255.0,255.0,False,False,1345,701,
obolos,589287,pooled_fires,0.0,0.0,255.0,255.0,False,False,1425,697,
obolos,291242,pooled_fires,0.0,0.0,255.0,255.0,False,False,1421,700,
obolos,644627,pooled_fires,0.0,0.0,255.0,255.0,False,False,1698,849,
obolos,590312,pooled_fires,0.0,0.0,255.0,255.0,False,False,1425,722,
obolos,641222,pooled_fires,0.0,0.0,255.0,255.0,False,False,1707,822,
obolos,344558,pooled_fires,0.0,0.0,255.0,255.0,False,False,1494,697,
obolos,638746,pooled_fires,0.0,0.0,255.0,255.0,False,False,1200,546,
obolos,585764,pooled_fires,0.0,0.0,255.0,255.0,False,False,1533,698,
obolos,633493,pooled_fires,0.0,0.0,255.0,255.0,False,False,1200,540,
obolos,584389,pooled_fires,0.0,0.0,255.0,255.0,False,False,1282,702,
obolos,631202,pooled_fires,0.0,0.0,255.0,255.0,False,False,1513,699,
obolos,600003,pooled_fires,0.0,0.0,255.0,255.0,False,False,1370,641,
obolos,582625,pooled_fires,0.0,0.0,255.0,255.0,False,False,946,473,
obolos,632118,pooled_fires,0.0,0.0,255.0,255.0,False,False,1200,571,
obolos,595018,pooled_fires,0.0,0.0,255.0,255.0,False,False,1328,651,
obolos,603676,pooled_fires,0.0,0.0,255.0,255.0,False,False,1338,687,
obolos,640599,pooled_fires,0.0,0.0,255.0,255.0,False,False,1526,699,
obolos,586328,pooled_fires,0.0,0.0,255.0,255.0,False,False,1387,698,
obolos,645052,pooled_fires,0.0,0.0,255.0,255.0,False,False,1558,796,
obolos,639793,pooled_fires,0.0,0.0,255.0,255.0,False,False,869,418,
obolos,634991,pooled_fires,0.0,0.0,255.0,255.0,False,False,1420,702,
obolos,580132,pooled_fires,0.0,0.0,255.0,255.0,False,False,1468,700,
obolos,585151,pooled_fires,0.0,0.0,255.0,255.0,False,False,1352,701,
obolos,600868,pooled_fires,0.0,0.0,255.0,255.0,False,False,1171,645,
obolos,310788,pooled_fires,0.0,0.0,255.0,255.0,False,False,1424,700,
obolos,583217,pooled_fires,0.0,0.0,255.0,255.0,False,False,1475,700,
obolos,603594,pooled_fires,0.0,0.0,255.0,255.0,False,False,1358,703,
obolos,589096,pooled_fires,0.0,0.0,255.0,255.0,False,False,1406,699,
obolos,589538,pooled_fires,0.0,0.0,255.0,255.0,False,False,1484,708,
obolos,601361,pooled_fires,0.0,0.0,255.0,255.0,False,False,1327,654,
obolos,591885,pooled_fires,0.0,0.0,255.0,255.0,False,False,1432,706,
obolos,707598,pooled_fires,0.0,0.0,255.0,255.0,False,False,1398,703,
obolos,642449,pooled_fires,0.0,0.0,255.0,255.0,False,False,1198,652,
obolos,591422,pooled_fires,0.0,0.0,255.0,255.0,False,False,1568,696,
obolos,583985,pooled_fires,0.0,0.0,255.0,255.0,False,False,1347,692,
obolos,603486,pooled_fires,0.0,0.0,255.0,255.0,False,False,1371,698,
obolos,361772,pooled_fires,0.0,0.0,255.0,255.0,False,False,1594,701,
obolos,600296,pooled_fires,0.0,0.0,255.0,255.0,False,False,1473,653,
obolos,639988,pooled_fires,0.0,0.0,255.0,255.0,False,False,2063,1032,
obolos,291703,pooled_fires,0.0,0.0,255.0,255.0,False,False,937,481,
obolos,591981,pooled_fires,0.0,0.0,255.0,255.0,False,False,3032,2095,
obolos,652103,pooled_fires,0.0,0.0,255.0,255.0,False,False,1465,704,
obolos,590350,pooled_fires,0.0,0.0,255.0,255.0,False,False,2180,378,
obolos,361966,pooled_fires,0.0,0.0,255.0,255.0,False,False,1508,699,
obolos,647361,pooled_fires,0.0,0.0,255.0,255.0,False,False,1513,703,
obolos,344424,pooled_fires,0.0,0.0,255.0,255.0,False,False,1430,700,
obolos,652021,pooled_fires,0.0,0.0,255.0,255.0,False,False,1435,695,
obolos,642945,pooled_fires,0.0,0.0,255.0,255.0,False,False,1055,493,
obolos,645979,pooled_fires,0.0,0.0,255.0,255.0,False,False,1432,699,
obolos,632452,pooled_fires,0.0,0.0,255.0,255.0,False,False,1395,695,
obolos,637791,pooled_fires,0.0,0.0,255.0,255.0,False,False,1434,698,
obolos,590338,pooled_fires,0.0,0.0,255.0,255.0,False,False,1451,696,
obolos,588054,pooled_fires,0.0,0.0,255.0,255.0,False,False,995,484,
obolos,591342,pooled_fires,0.0,0.0,255.0,255.0,False,False,1335,698,
obolos,640908,pooled_fires,0.0,0.0,255.0,255.0,False,False,3200,1547,
obolos,344559,pooled_fires,0.0,0.0,255.0,255.0,False,False,985,510,
obolos,631117,pooled_fires,0.0,0.0,255.0,255.0,False,False,1452,697,
obolos,630897,pooled_fires,0.0,0.0,255.0,255.0,False,False,1537,704,
obolos,643441,pooled_fires,0.0,0.0,255.0,255.0,False,False,1388,690,
obolos,590771,pooled_fires,0.0,0.0,255.0,255.0,False,False,1389,695,
obolos,599724,pooled_fires,0.0,0.0,255.0,255.0,False,False,1330,646,
obolos,640794,pooled_fires,0.0,0.0,255.0,255.0,False,False,828,409,
obolos,708509,pooled_fires,0.0,0.0,255.0,255.0,False,False,1414,707,
obolos,344234,pooled_fires,0.0,0.0,255.0,255.0,False,False,913,483,
obolos,360947,pooled_fires,0.0,0.0,255.0,255.0,False,False,1415,702,
obolos,641988,pooled_fires,0.0,0.0,255.0,255.0,False,False,1200,470,
obolos,642054,pooled_fires,0.0,0.0,255.0,255.0,False,False,1200,597,
obolos,602801,pooled_fires,0.0,0.0,255.0,255.0,False,False,1314,652,
obolos,602806,pooled_fires,0.0,0.0,255.0,255.0,False,False,1411,650,
obolos,648280,pooled_fires,0.0,0.0,255.0,255.0,False,False,1378,694,
obolos,600827,pooled_fires,0.0,0.0,255.0,255.0,False,False,1199,600,
obolos,642964,pooled_fires,0.0,0.0,255.0,255.0,False,False,3019,1528,
obolos,641175,pooled_fires,0.0,0.0,255.0,255.0,False,False,1019,601,
obolos,645091,pooled_fires,0.0,0.0,255.0,255.0,False,False,1404,694,
obolos,599923,pooled_fires,0.0,0.0,255.0,255.0,False,False,1309,655,
obolos,647203,pooled_fires,0.0,0.0,255.0,255.0,False,False,1305,700,
obolos,633489,pooled_fires,0.0,0.0,255.0,255.0,False,False,1200,562,
obolos,360941,pooled_fires,0.0,0.0,255.0,255.0,False,False,1442,696,
obolos,631656,pooled_fires,0.0,0.0,255.0,255.0,False,False,1200,591,
obolos,636981,pooled_fires,0.0,0.0,255.0,255.0,False,False,1425,703,
obolos,633551,pooled_fires,0.0,0.0,255.0,255.0,False,False,1200,562,
obolos,600788,pooled_fires,0.0,0.0,255.0,255.0,False,False,1351,644,
obolos,600731,pooled_fires,0.0,0.0,255.0,255.0,False,False,1392,646,
obolos,633557,pooled_fires,0.0,0.0,255.0,255.0,False,False,1200,568,
obolos,579588,pooled_fires,0.0,0.0,255.0,255.0,False,False,984,506,
obolos,581571,pooled_fires,0.0,0.0,255.0,255.0,False,False,1274,673,
obolos,591145,pooled_fires,0.0,0.0,255.0,255.0,False,False,1249,527,
obolos,344639,pooled_fires,0.0,0.0,255.0,255.0,False,False,792,393,
obolos,580062,pooled_fires,0.0,0.0,255.0,255.0,False,False,1412,703,
obolos,579965,pooled_fires,0.0,0.0,255.0,255.0,False,False,1400,693,
obolos,651997,pooled_fires,0.0,0.0,255.0,255.0,False,False,1417,690,
obolos,592984,pooled_fires,0.0,0.0,255.0,255.0,False,False,1323,648,
obolos,594099,pooled_fires,0.0,0.0,255.0,255.0,False,False,1412,650,
obolos,639241,pooled_fires,0.0,0.0,255.0,255.0,False,False,1200,575,
obolos,597898,pooled_fires,0.0,0.0,255.0,255.0,False,False,1242,651,
obolos,589952,pooled_fires,0.0,0.0,255.0,255.0,False,False,1462,703,
obolos,317235,pooled_fires,0.0,0.0,255.0,255.0,False,False,1393,699,
obolos,578739,pooled_fires,0.0,0.0,255.0,255.0,False,False,1205,650,
obolos,592880,pooled_fires,0.0,0.0,255.0,255.0,False,False,1256,644,
obolos,633261,pooled_fires,0.0,0.0,255.0,255.0,False,False,1200,551,
obolos,598392,pooled_fires,0.0,0.0,255.0,255.0,False,False,1267,646,
obolos,707287,pooled_fires,0.0,0.0,255.0,255.0,False,False,1335,700,
obolos,584513,pooled_fires,0.0,0.0,255.0,255.0,False,False,1311,647,
obolos,652121,pooled_fires,0.0,0.0,255.0,255.0,False,False,1434,703,
obolos,290765,pooled_fires,0.0,0.0,255.0,255.0,False,False,1953,694,
obolos,344902,pooled_fires,0.0,0.0,255.0,255.0,False,False,1423,696,
obolos,290980,pooled_fires,0.0,0.0,255.0,255.0,False,False,1369,697,
obolos,588296,pooled_fires,0.0,0.0,255.0,255.0,False,False,1255,702,
obolos,581384,pooled_fires,0.0,0.0,255.0,255.0,False,False,1317,696,
obolos,594037,pooled_fires,0.0,0.0,255.0,255.0,False,False,1411,644,
obolos,708396,pooled_fires,0.0,0.0,255.0,255.0,False,False,1468,698,
obolos,634462,pooled_fires,0.0,0.0,255.0,255.0,False,False,1389,703,
obolos,589584,pooled_fires,0.0,0.0,255.0,255.0,False,False,1429,702,
obolos,603618,pooled_fires,0.0,0.0,255.0,255.0,False,False,1389,704,
obolos,593806,pooled_fires,0.0,0.0,255.0,255.0,False,False,1381,651,
obolos,344870,pooled_fires,0.0,0.0,255.0,255.0,False,False,1445,702,
obolos,642153,pooled_fires,0.0,0.0,255.0,255.0,False,False,1200,580,
obolos,586347,pooled_fires,0.0,0.0,255.0,255.0,False,False,1403,699,
obolos,644198,pooled_fires,0.0,0.0,255.0,255.0,False,False,1633,852,
obolos,604389,pooled_fires,0.0,0.0,255.0,255.0,False,False,1200,584,
obolos,632844,pooled_fires,0.0,0.0,255.0,255.0,False,False,1430,698,
obolos,583653,m1_fires,15.819,1.537,225.281,221.0,True,False,3200,3084,
obolos,708172,pooled_fires,0.0,0.0,255.0,255.0,False,False,1295,698,
obolos,591166,pooled_fires,0.0,0.0,255.0,255.0,False,False,1450,702,
obolos,641989,pooled_fires,0.0,0.0,255.0,255.0,False,False,1200,629,
obolos,595526,pooled_fires,0.0,0.0,255.0,255.0,False,False,1401,651,
obolos,290939,pooled_fires,0.0,0.0,255.0,255.0,False,False,1336,702,
obolos,643627,pooled_fires,0.0,0.0,255.0,255.0,False,False,1891,1009,
obolos,361870,pooled_fires,0.0,0.0,255.0,255.0,False,False,1471,697,
obolos,587150,pooled_fires,0.0,0.0,255.0,255.0,False,False,1442,701,
obolos,311248,pooled_fires,0.0,0.0,255.0,255.0,False,False,1467,700,
obolos,707641,pooled_fires,0.0,0.0,255.0,255.0,False,False,973,550,
obolos,601440,pooled_fires,0.0,0.0,255.0,255.0,False,False,1344,646,
obolos,640168,pooled_fires,0.0,0.0,255.0,255.0,False,False,2437,1154,
obolos,582948,pooled_fires,0.0,0.0,255.0,255.0,False,False,1443,701,
obolos,578754,pooled_fires,0.0,0.0,255.0,255.0,False,False,1264,650,
obolos,640886,pooled_fires,0.0,0.0,255.0,255.0,False,False,1491,714,
obolos,598792,pooled_fires,0.0,0.0,255.0,255.0,False,False,1344,648,
obolos,311459,pooled_fires,0.0,0.0,255.0,255.0,False,False,1415,698,
obolos,631328,pooled_fires,0.0,0.0,255.0,255.0,False,False,1409,703,
obolos,599064,pooled_fires,0.0,0.0,255.0,255.0,False,False,1346,653,
obolos,579043,pooled_fires,0.0,0.0,255.0,255.0,False,False,1207,646,
obolos,590121,pooled_fires,0.0,0.0,255.0,255.0,False,False,1415,696,
obolos,603006,pooled_fires,0.0,0.0,255.0,255.0,False,False,1232,615,
obolos,586344,pooled_fires,0.0,0.0,255.0,255.0,False,False,1404,652,
obolos,600980,pooled_fires,0.0,0.0,255.0,255.0,False,False,1349,650,
obolos,603004,pooled_fires,0.0,0.0,255.0,255.0,False,False,1175,646,
obolos,588197,pooled_fires,0.0,0.0,255.0,255.0,False,False,1385,700,
obolos,584515,pooled_fires,0.0,0.0,255.0,255.0,False,False,2232,1120,
obolos,589401,pooled_fires,0.0,0.0,255.0,255.0,False,False,2036,1000,
obolos,633422,pooled_fires,0.0,0.0,255.0,255.0,False,False,1200,533,
obolos,581917,pooled_fires,11.552,1.196,226.0,226.0,False,False,3200,1615,
obolos,593114,pooled_fires,0.0,0.0,255.0,255.0,False,False,1347,647,
obolos,311246,pooled_fires,0.0,0.0,255.0,255.0,False,False,1440,707,
obolos,632889,pooled_fires,8.553,2.685,196.0,196.0,False,False,645,298,
obolos,646190,pooled_fires,0.0,0.0,255.0,255.0,False,False,1011,697,
spink,292848,pooled_fires,0.0,0.0,254.0,254.0,False,False,500,240,
spink,292908,pooled_fires,0.0,0.0,254.0,254.0,False,False,500,246,
spink,292822,pooled_fires,0.0,0.0,254.0,254.0,False,False,500,249,
spink,292809,pooled_fires,0.0,0.0,254.0,254.0,False,False,500,249,
spink,292846,pooled_fires,0.0,0.0,254.0,254.0,False,False,500,253,
spink,292937,pooled_fires,0.0,0.0,254.0,254.0,False,False,500,261,
spink,292841,pooled_fires,0.0,0.0,254.0,254.0,False,False,500,258,
spink,292859,pooled_fires,0.0,0.0,254.0,254.0,False,False,500,257,
spink,292817,pooled_fires,0.0,0.0,254.0,254.0,False,False,500,239,
spink,292935,pooled_fires,0.0,0.0,254.0,254.0,False,False,500,261,
spink,292922,pooled_fires,0.0,0.0,254.0,254.0,False,False,500,250,
spink,292886,pooled_fires,0.0,0.0,254.0,254.0,False,False,500,247,
spink,292808,pooled_fires,0.0,0.0,254.0,254.0,False,False,500,255,
spink,292940,pooled_fires,0.0,0.0,254.0,254.0,False,False,500,244,
spink,292816,pooled_fires,0.0,0.0,254.0,254.0,False,False,500,256,
spink,292936,pooled_fires,0.0,0.0,254.0,254.0,False,False,500,249,
spink,292844,pooled_fires,0.0,0.0,254.0,254.0,False,False,500,243,
spink,292923,pooled_fires,0.0,0.0,254.0,254.0,False,False,500,245,
spink,292830,pooled_fires,0.0,0.0,254.0,254.0,False,False,500,266,
spink,292887,pooled_fires,0.0,0.0,254.0,254.0,False,False,500,264,
spink,292860,pooled_fires,0.0,0.0,254.0,254.0,False,False,500,258,
spink,292823,pooled_fires,0.0,0.0,254.0,254.0,False,False,500,258,
spink,292866,pooled_fires,0.0,0.0,254.0,254.0,False,False,500,261,
spink,292909,pooled_fires,0.0,0.0,254.0,254.0,False,False,500,261,
spink,292871,pooled_fires,0.0,0.0,254.0,254.0,False,False,500,231,
spink,292858,pooled_fires,0.0,0.0,254.0,254.0,False,False,500,259,
spink,292831,pooled_fires,0.0,0.0,254.0,254.0,False,False,500,243,
spink,292906,pooled_fires,0.0,0.0,254.0,254.0,False,False,500,233,
spink,292870,pooled_fires,0.0,0.0,254.0,254.0,False,False,500,250,
spink,292810,pooled_fires,0.0,0.0,254.0,254.0,False,False,500,260,
spink,292945,pooled_fires,0.0,0.0,254.0,254.0,False,False,500,238,
spink,292884,pooled_fires,0.0,0.0,254.0,254.0,False,False,500,252,
spink,292814,pooled_fires,0.0,0.0,254.0,254.0,False,False,500,250,
spink,292883,pooled_fires,0.0,0.0,254.0,254.0,False,False,500,253,
spink,292849,pooled_fires,0.0,0.0,254.0,254.0,False,False,500,251,
spink,292876,pooled_fires,0.0,0.0,254.0,254.0,False,False,500,247,
spink,292854,pooled_fires,0.0,0.0,254.0,254.0,False,False,500,252,
spink,292845,pooled_fires,0.0,0.0,254.0,254.0,False,False,500,254,
spink,292902,pooled_fires,0.0,0.0,254.0,254.0,False,False,500,235,
spink,292930,pooled_fires,0.0,0.0,254.0,254.0,False,False,500,247,
spink,292880,pooled_fires,0.0,0.0,254.0,254.0,False,False,500,254,
spink,292926,pooled_fires,0.0,0.0,254.0,254.0,False,False,500,260,
spink,292815,pooled_fires,0.0,0.0,254.0,254.0,False,False,500,266,
spink,292807,pooled_fires,0.0,0.0,254.0,254.0,False,False,500,251,
spink,292891,pooled_fires,0.0,0.0,254.0,254.0,False,False,500,255,
spink,307724,pooled_fires,0.0,0.0,254.0,254.0,False,False,500,245,
spink,292806,pooled_fires,0.0,0.0,254.0,254.0,False,False,500,253,
spink,292847,pooled_fires,0.0,0.0,254.0,254.0,False,False,500,242,
spink,292798,pooled_fires,0.0,0.0,254.0,254.0,False,False,500,245,
spink,292934,pooled_fires,0.0,0.0,254.0,254.0,False,False,500,248,
spink,292905,pooled_fires,0.0,0.0,254.0,254.0,False,False,500,246,
spink,292920,pooled_fires,0.0,0.0,254.0,254.0,False,False,500,265,
spink,292869,pooled_fires,0.0,0.0,254.0,254.0,False,False,500,239,
spink,292919,pooled_fires,0.0,0.0,254.0,254.0,False,False,500,241,
spink,292797,pooled_fires,0.0,0.0,254.0,254.0,False,False,500,244,
spink,292903,pooled_fires,0.0,0.0,254.0,254.0,False,False,500,212,
spink,292890,pooled_fires,0.0,0.0,254.0,254.0,False,False,500,258,
spink,292827,pooled_fires,0.0,0.0,254.0,254.0,False,False,500,274,
spink,292941,pooled_fires,0.0,0.0,254.0,254.0,False,False,500,251,
spink,292840,pooled_fires,0.0,0.0,254.0,254.0,False,False,500,262,
spink,292927,pooled_fires,0.0,0.0,254.0,254.0,False,False,500,238,
spink,292928,pooled_fires,0.0,0.0,254.0,254.0,False,False,500,251,
spink,292874,pooled_fires,0.0,0.0,254.0,254.0,False,False,500,237,
spink,292944,pooled_fires,0.0,0.0,254.0,254.0,False,False,500,255,
spink,292914,pooled_fires,0.0,0.0,254.0,254.0,False,False,500,251,
spink,292803,pooled_fires,0.0,0.0,254.0,254.0,False,False,500,249,
spink,292931,pooled_fires,0.0,0.0,254.0,254.0,False,False,500,267,
spink,292882,pooled_fires,0.0,0.0,254.0,254.0,False,False,500,242,
spink,292915,pooled_fires,0.0,0.0,254.0,254.0,False,False,500,243,
spink,292839,pooled_fires,0.0,0.0,254.0,254.0,False,False,500,252,
spink,292855,pooled_fires,0.0,0.0,254.0,254.0,False,False,500,239,
spink,292851,pooled_fires,0.0,0.0,254.0,254.0,False,False,500,256,
spink,292857,pooled_fires,0.0,0.0,254.0,254.0,False,False,500,257,
spink,292929,pooled_fires,0.0,0.0,254.0,254.0,False,False,500,246,
spink,292856,pooled_fires,0.0,0.0,254.0,254.0,False,False,500,251,
spink,292852,pooled_fires,0.0,0.0,254.0,254.0,False,False,500,257,
spink,292800,pooled_fires,0.0,0.0,254.0,254.0,False,False,500,272,
spink,292824,pooled_fires,0.0,0.0,254.0,254.0,False,False,500,242,
spink,292820,pooled_fires,0.0,0.0,254.0,254.0,False,False,500,259,
spink,292838,pooled_fires,0.0,0.0,254.0,254.0,False,False,500,244,
spink,292873,pooled_fires,0.0,0.0,254.0,254.0,False,False,500,250,
spink,292878,pooled_fires,0.0,0.0,254.0,254.0,False,False,500,225,
spink,292911,pooled_fires,0.0,0.0,254.0,254.0,False,False,500,240,
spink,292812,pooled_fires,0.0,0.0,254.0,254.0,False,False,500,260,
spink,292861,pooled_fires,0.0,0.0,254.0,254.0,False,False,500,260,
spink,292881,pooled_fires,0.0,0.0,254.0,254.0,False,False,500,253,
spink,292868,pooled_fires,0.0,0.0,254.0,254.0,False,False,500,254,
spink,292917,pooled_fires,0.0,0.0,254.0,254.0,False,False,500,253,
spink,292862,pooled_fires,0.0,0.0,254.0,254.0,False,False,500,263,
spink,292818,pooled_fires,0.0,0.0,254.0,254.0,False,False,500,237,
spink,292825,pooled_fires,0.0,0.0,254.0,254.0,False,False,500,253,
spink,292910,pooled_fires,0.0,0.0,254.0,254.0,False,False,500,254,
spink,292811,pooled_fires,0.0,0.0,254.0,254.0,False,False,500,258,
spink,292900,pooled_fires,0.0,0.0,254.0,254.0,False,False,500,239,
spink,292921,pooled_fires,0.0,0.0,254.0,254.0,False,False,500,252,
spink,292872,pooled_fires,0.0,0.0,254.0,254.0,False,False,500,235,
spink,292898,pooled_fires,0.0,0.0,254.0,254.0,False,False,500,249,
spink,292875,pooled_fires,0.691,1.017,254.0,254.0,False,False,500,234,
spink,292924,pooled_fires,0.0,0.0,254.0,254.0,False,False,500,258,
spink,292837,pooled_fires,0.0,0.0,254.0,254.0,False,False,500,248,
spink,292904,pooled_fires,0.0,0.0,254.0,254.0,False,False,500,252,
spink,292835,pooled_fires,0.0,0.0,254.0,254.0,False,False,500,240,
spink,292897,pooled_fires,0.0,0.0,254.0,254.0,False,False,500,238,
spink,292896,pooled_fires,0.0,0.0,254.0,254.0,False,False,500,242,
spink,292828,pooled_fires,0.0,0.0,254.0,254.0,False,False,500,250,
spink,292933,pooled_fires,0.0,0.0,254.0,254.0,False,False,500,253,
spink,292867,pooled_fires,0.0,0.0,254.0,254.0,False,False,500,268,
spink,292877,pooled_fires,0.0,0.0,254.0,254.0,False,False,500,252,
spink,292842,pooled_fires,0.0,0.0,254.0,254.0,False,False,500,255,
spink,292942,pooled_fires,0.0,0.0,254.0,254.0,False,False,500,314,
spink,292895,pooled_fires,0.0,0.0,254.0,254.0,False,False,500,240,
spink,292804,pooled_fires,0.0,0.0,254.0,254.0,False,False,500,254,
spink,292834,pooled_fires,0.0,0.0,254.0,254.0,False,False,500,250,
spink,292912,pooled_fires,0.0,0.0,254.0,254.0,False,False,500,256,
spink,292946,pooled_fires,0.0,0.0,254.0,254.0,False,False,500,245,
spink,292850,pooled_fires,0.0,0.0,254.0,254.0,False,False,500,248,
spink,292918,pooled_fires,0.0,0.0,254.0,254.0,False,False,500,247,
spink,292865,pooled_fires,0.0,0.0,254.0,254.0,False,False,500,251,
spink,292829,pooled_fires,0.0,0.0,254.0,254.0,False,False,500,252,
spink,292943,pooled_fires,0.0,0.0,254.0,254.0,False,False,500,243,
spink,292826,pooled_fires,0.0,0.0,254.0,254.0,False,False,500,257,
spink,292899,pooled_fires,0.0,0.0,254.0,254.0,False,False,500,235,
spink,292832,pooled_fires,0.0,0.0,254.0,254.0,False,False,500,262,
spink,292836,pooled_fires,0.0,0.0,254.0,254.0,False,False,500,253,
spink,292833,pooled_fires,0.0,0.0,254.0,254.0,False,False,500,245,
spink,292843,pooled_fires,0.0,0.0,254.0,254.0,False,False,500,248,
spink,292932,pooled_fires,0.0,0.0,254.0,254.0,False,False,500,248,
spink,292805,pooled_fires,0.0,0.0,254.0,254.0,False,False,500,253,
spink,292907,pooled_fires,0.0,0.0,254.0,254.0,False,False,500,250,
spink,292821,pooled_fires,0.0,0.0,254.0,254.0,False,False,500,261,
spink,292864,pooled_fires,0.0,0.0,254.0,254.0,False,False,500,257,
spink,292813,pooled_fires,0.0,0.0,254.0,254.0,False,False,500,253,
spink,292938,pooled_fires,0.0,0.0,254.0,254.0,False,False,500,249,
spink,292863,pooled_fires,0.0,0.0,254.0,254.0,False,False,500,274,
spink,292916,pooled_fires,0.0,0.0,254.0,254.0,False,False,500,249,
spink,292801,pooled_fires,0.0,0.0,254.0,254.0,False,False,500,252,
spink,292901,pooled_fires,0.0,0.0,254.0,254.0,False,False,500,252,
spink,292894,pooled_fires,0.0,0.0,254.0,254.0,False,False,500,233,
spink,292802,pooled_fires,0.0,0.0,254.0,254.0,False,False,500,241,
spink,292853,pooled_fires,0.0,0.0,254.0,254.0,False,False,500,260,
spink,292888,pooled_fires,0.0,0.0,254.0,254.0,False,False,500,248,
spink,292889,pooled_fires,0.0,0.0,254.0,254.0,False,False,500,236,
spink,292892,pooled_fires,0.0,0.0,254.0,254.0,False,False,500,240,
spink,292819,pooled_fires,0.0,0.0,254.0,254.0,False,False,500,252,
spink,292799,pooled_fires,0.0,0.0,254.0,254.0,False,False,500,260,
spink,292939,pooled_fires,0.0,0.0,254.0,254.0,False,False,500,242,
spink,292925,pooled_fires,0.0,0.0,254.0,254.0,False,False,500,256,
spink,292893,pooled_fires,0.0,0.0,254.0,254.0,False,False,500,236,
spink,292879,pooled_fires,0.0,0.0,254.0,254.0,False,False,500,255,
spink,292885,pooled_fires,0.0,0.0,254.0,254.0,False,False,500,252,
spink,292913,pooled_fires,0.0,0.0,254.0,254.0,False,False,500,243,
spink,292796,pooled_fires,0.0,0.0,254.0,254.0,False,False,500,255,
stacksbowers,665942,pooled_fires,0.3,0.49,254.0,254.0,False,False,3197,1587,
stacksbowers,665702,pooled_fires,0.0,0.0,255.0,255.0,False,False,3200,1551,
stacksbowers,665341,pooled_fires,0.0,0.0,255.0,255.0,False,False,3200,1671,
stacksbowers,665666,pooled_fires,0.0,0.0,255.0,255.0,False,False,3200,1613,
stacksbowers,666154,pooled_fires,0.0,0.0,254.0,254.0,False,False,3178,1511,
stacksbowers,666120,pooled_fires,0.0,0.0,254.0,254.0,False,False,3163,1594,
stacksbowers,665981,pooled_fires,0.0,0.0,254.0,254.0,False,False,3136,1549,
stacksbowers,665525,pooled_fires,0.0,0.0,255.0,255.0,False,False,3200,1648,
stacksbowers,666058,pooled_fires,0.0,0.0,254.0,254.0,False,False,3190,1559,
stacksbowers,577735,pooled_fires,0.0,0.0,254.0,254.0,False,False,3198,1505,
stacksbowers,577646,pooled_fires,0.0,0.0,255.0,255.0,False,False,3200,1526,
stacksbowers,665529,pooled_fires,0.0,0.0,255.0,255.0,False,False,3200,1560,
stacksbowers,666369,pooled_fires,0.0,0.0,254.0,254.0,False,False,3141,1484,
stacksbowers,665685,pooled_fires,0.0,0.0,255.0,255.0,False,False,3200,1630,
stacksbowers,666205,pooled_fires,0.0,0.0,254.0,254.0,False,False,3138,1600,
stacksbowers,665543,pooled_fires,0.0,0.0,255.0,255.0,False,False,3200,1549,
stacksbowers,666107,pooled_fires,0.0,0.0,254.0,254.0,False,False,3152,1536,
stacksbowers,665721,pooled_fires,0.0,0.0,255.0,255.0,False,False,3200,715,
stacksbowers,666039,pooled_fires,0.0,0.0,254.0,254.0,False,False,3199,1609,
stacksbowers,577681,pooled_fires,0.0,0.0,255.0,255.0,False,False,3199,1579,
stacksbowers,665528,pooled_fires,0.0,0.0,255.0,255.0,False,False,3200,1642,
stacksbowers,666073,pooled_fires,0.0,0.0,254.0,254.0,False,False,3102,1528,
stacksbowers,666377,pooled_fires,0.0,0.0,254.0,254.0,False,False,3185,1569,
stacksbowers,665682,pooled_fires,0.0,0.0,255.0,255.0,False,False,3200,1530,
stacksbowers,665541,pooled_fires,0.0,0.0,255.0,255.0,False,False,3200,1494,
stacksbowers,577842,pooled_fires,0.0,0.0,255.0,255.0,False,False,3200,1655,
stacksbowers,665571,pooled_fires,0.0,0.0,255.0,255.0,False,False,3200,1552,
stacksbowers,665715,pooled_fires,0.0,0.0,255.0,255.0,False,False,3200,1374,
stacksbowers,666280,pooled_fires,0.4,0.4,254.0,254.0,False,False,3171,1450,
stacksbowers,666357,pooled_fires,0.0,0.0,254.0,254.0,False,False,3136,1443,
stacksbowers,665535,pooled_fires,0.0,0.0,255.0,255.0,False,False,3200,1671,
stacksbowers,665370,pooled_fires,0.0,0.0,255.0,255.0,False,False,3200,1620,
stacksbowers,665884,pooled_fires,0.0,0.0,254.0,254.0,False,False,3200,1499,
stacksbowers,577623,pooled_fires,0.0,0.0,255.0,255.0,False,False,3151,1585,
stacksbowers,665328,pooled_fires,0.0,0.0,255.0,255.0,False,False,3200,1556,
stacksbowers,666005,pooled_fires,0.0,0.0,254.0,254.0,False,False,3193,1543,
stacksbowers,665562,pooled_fires,0.0,0.0,255.0,255.0,False,False,3200,1521,
stacksbowers,665404,pooled_fires,0.0,0.0,255.0,255.0,False,False,3200,1458,
stacksbowers,665687,pooled_fires,0.0,0.0,255.0,255.0,False,False,3200,1574,
stacksbowers,665396,pooled_fires,0.0,0.0,255.0,255.0,False,False,3200,1488,
stacksbowers,665638,pooled_fires,2.132,2.02,5.0,5.0,False,False,3200,859,
stacksbowers,577665,pooled_fires,0.0,0.0,254.0,254.0,False,False,3183,1453,
stacksbowers,665763,pooled_fires,0.0,0.0,255.0,255.0,False,False,3200,1524,
stacksbowers,666332,pooled_fires,0.0,0.0,254.0,254.0,False,False,3178,1566,
stacksbowers,666131,pooled_fires,0.0,0.0,254.0,254.0,False,False,3153,1690,
stacksbowers,665951,pooled_fires,0.0,0.0,254.0,254.0,False,False,3158,1575,
stacksbowers,666042,pooled_fires,0.0,0.0,254.0,254.0,False,False,3100,1554,
stacksbowers,665759,pooled_fires,0.0,0.0,255.0,255.0,False,False,3200,1453,
stacksbowers,665876,pooled_fires,0.0,0.0,255.0,255.0,False,False,3200,1589,
stacksbowers,666262,pooled_fires,0.0,0.0,254.0,254.0,False,False,3200,1553,
stacksbowers,665910,pooled_fires,0.218,0.4,254.0,254.0,False,False,3199,1576,
stacksbowers,665956,pooled_fires,0.49,0.49,254.0,254.0,False,False,3158,1560,
stacksbowers,665973,pooled_fires,0.0,0.0,254.0,254.0,False,False,3200,1608,
stacksbowers,577883,pooled_fires,13.405,17.371,253.0,253.0,False,False,987,500,
stacksbowers,666085,pooled_fires,0.0,0.0,254.0,254.0,False,False,3159,1567,
stacksbowers,577852,pooled_fires,0.0,0.0,255.0,255.0,False,False,3186,1429,
stacksbowers,665796,pooled_fires,0.0,0.0,255.0,255.0,False,False,3200,1663,
stacksbowers,665875,pooled_fires,0.0,0.0,255.0,255.0,False,False,3200,1559,
stacksbowers,665717,pooled_fires,0.0,0.0,255.0,255.0,False,False,3200,1573,
stacksbowers,666076,pooled_fires,0.0,0.0,254.0,254.0,False,False,3186,1657,
stacksbowers,665420,pooled_fires,0.0,0.0,255.0,255.0,False,False,3200,1593,
stacksbowers,666115,pooled_fires,0.357,0.49,254.0,254.0,False,False,3194,1589,
stacksbowers,665338,pooled_fires,0.0,0.0,255.0,255.0,False,False,3200,1583,
stacksbowers,577632,pooled_fires,0.0,0.0,255.0,255.0,False,False,3200,1592,
stacksbowers,665585,pooled_fires,0.0,0.0,255.0,255.0,False,False,3200,1594,
stacksbowers,665783,pooled_fires,0.0,0.0,255.0,255.0,False,False,3200,1560,
stacksbowers,665664,pooled_fires,0.0,0.0,255.0,255.0,False,False,3200,1588,
stacksbowers,665834,pooled_fires,0.0,0.0,254.0,254.0,False,False,3200,1598,
stacksbowers,665760,pooled_fires,0.0,0.0,255.0,255.0,False,False,3200,1642,
stacksbowers,665755,pooled_fires,0.0,0.0,255.0,255.0,False,False,3200,1567,
stacksbowers,665586,pooled_fires,0.0,0.0,255.0,255.0,False,False,3200,1519,
stacksbowers,666186,pooled_fires,0.0,0.0,254.0,254.0,False,False,3153,1485,
stacksbowers,665354,pooled_fires,0.0,0.0,255.0,255.0,False,False,3200,1517,
stacksbowers,665486,pooled_fires,0.0,0.0,255.0,255.0,False,False,3200,1688,
stacksbowers,577855,pooled_fires,0.0,0.0,254.0,254.0,False,False,3110,1549,
stacksbowers,666159,pooled_fires,0.0,0.0,254.0,254.0,False,False,3174,1636,
stacksbowers,665688,pooled_fires,0.0,0.0,255.0,255.0,False,False,3200,1458,
stacksbowers,665692,pooled_fires,1.795,1.371,4.0,4.0,False,False,3200,1279,
stacksbowers,665908,pooled_fires,0.0,0.0,254.0,254.0,False,False,3200,1577,
stacksbowers,665644,pooled_fires,0.0,0.0,255.0,255.0,False,False,3200,1597,
stacksbowers,666070,pooled_fires,0.0,0.0,254.0,254.0,False,False,3195,1683,
stacksbowers,665536,pooled_fires,0.0,0.0,255.0,255.0,False,False,3200,1583,
stacksbowers,665580,pooled_fires,0.0,0.0,255.0,255.0,False,False,3200,1492,
stacksbowers,665584,pooled_fires,0.0,0.0,255.0,255.0,False,False,3200,1617,
stacksbowers,665881,pooled_fires,0.357,0.49,254.0,254.0,False,False,3200,1498,
stacksbowers,665622,pooled_fires,0.0,0.0,255.0,255.0,False,False,3200,1571,
stacksbowers,666340,pooled_fires,0.0,0.0,254.0,254.0,False,False,3165,1581,
stacksbowers,666196,pooled_fires,0.0,0.0,254.0,254.0,False,False,3115,1588,
stacksbowers,665485,pooled_fires,0.0,0.0,255.0,255.0,False,False,3200,1419,
stacksbowers,665598,pooled_fires,0.0,0.0,255.0,255.0,False,False,3200,1484,
stacksbowers,666302,pooled_fires,0.0,0.0,254.0,254.0,False,False,3047,1459,
stacksbowers,666180,pooled_fires,0.0,0.0,254.0,254.0,False,False,3159,1572,
stacksbowers,665389,pooled_fires,0.0,0.0,255.0,255.0,False,False,3200,1609,
stacksbowers,665452,pooled_fires,0.0,0.0,255.0,255.0,False,False,3200,1592,
stacksbowers,666136,pooled_fires,0.0,0.0,254.0,254.0,False,False,3188,1535,
stacksbowers,666013,pooled_fires,0.0,0.0,254.0,254.0,False,False,3168,1442,
stacksbowers,665930,pooled_fires,0.3,0.49,254.0,254.0,False,False,3103,1551,
stacksbowers,665531,pooled_fires,0.0,0.0,255.0,255.0,False,False,3200,1559,
stacksbowers,665551,pooled_fires,0.0,0.0,255.0,255.0,False,False,3200,1585,
stacksbowers,665785,pooled_fires,0.0,0.0,255.0,255.0,False,False,3200,1533,
stacksbowers,666123,pooled_fires,0.0,0.0,254.0,254.0,False,False,3196,1627,
stacksbowers,666290,pooled_fires,0.0,0.0,254.0,254.0,False,False,3184,1505,
stacksbowers,665552,pooled_fires,0.0,0.0,255.0,255.0,False,False,3200,1515,
stacksbowers,577683,pooled_fires,0.0,0.0,255.0,255.0,False,False,3200,1580,
stacksbowers,665365,pooled_fires,0.0,0.0,0.0,0.0,False,False,3200,651,
stacksbowers,577730,pooled_fires,0.0,0.0,255.0,255.0,False,False,3191,1614,
stacksbowers,666268,pooled_fires,0.218,0.4,254.0,254.0,False,False,3179,1500,
stacksbowers,665921,pooled_fires,0.0,0.0,254.0,254.0,False,False,3200,1548,
stacksbowers,665725,pooled_fires,0.0,0.0,255.0,255.0,False,False,3200,1411,
stacksbowers,665542,pooled_fires,0.0,0.0,255.0,255.0,False,False,3200,1514,
stacksbowers,577879,pooled_fires,0.497,0.49,254.0,254.0,False,False,988,491,
stacksbowers,665860,pooled_fires,0.0,0.0,254.0,254.0,False,False,3200,1505,
stacksbowers,665490,pooled_fires,0.0,0.0,255.0,255.0,False,False,3200,1562,
stacksbowers,577726,m1_fires,19.82,3.131,36.076,198.0,True,True,1440,721,
stacksbowers,666322,pooled_fires,0.0,0.0,254.0,254.0,False,False,3178,1521,
stacksbowers,577950,pooled_fires,0.49,0.4,255.0,255.0,False,False,990,487,
stacksbowers,666001,pooled_fires,0.0,0.0,254.0,254.0,False,False,3192,1668,
stacksbowers,665482,pooled_fires,0.0,0.0,255.0,255.0,False,False,3200,1478,
stacksbowers,666315,pooled_fires,0.0,0.0,254.0,254.0,False,False,3083,1570,
stacksbowers,577844,pooled_fires,0.0,0.0,255.0,255.0,False,False,3200,1803,
stacksbowers,666242,pooled_fires,0.0,0.0,254.0,254.0,False,False,3186,1539,
stacksbowers,665824,pooled_fires,0.0,0.0,254.0,254.0,False,False,3200,1618,
stacksbowers,665802,pooled_fires,0.0,0.0,254.0,254.0,False,False,3200,1719,
stacksbowers,665408,pooled_fires,0.0,0.0,255.0,255.0,False,False,3200,1486,
stacksbowers,665840,pooled_fires,0.0,0.0,254.0,254.0,False,False,3200,1626,
stacksbowers,577871,pooled_fires,0.49,0.49,255.0,255.0,False,False,996,500,
stacksbowers,666308,pooled_fires,0.0,0.0,254.0,254.0,False,False,3173,1501,
stacksbowers,577650,pooled_fires,0.0,0.0,0.0,0.0,False,False,3200,1280,
stacksbowers,665390,pooled_fires,0.0,0.0,255.0,255.0,False,False,3200,1578,
stacksbowers,665927,pooled_fires,0.0,0.0,254.0,254.0,False,False,3199,1450,
stacksbowers,665749,pooled_fires,0.0,0.0,255.0,255.0,False,False,3200,1473,
stacksbowers,577598,pooled_fires,0.0,0.0,255.0,255.0,False,False,3199,1467,
stacksbowers,666041,pooled_fires,0.0,0.0,254.0,254.0,False,False,3160,1548,
stacksbowers,665606,pooled_fires,0.0,0.0,255.0,255.0,False,False,3200,1783,
stacksbowers,666354,pooled_fires,0.0,0.0,254.0,254.0,False,False,3179,1633,
stacksbowers,665618,pooled_fires,0.0,0.0,255.0,255.0,False,False,3200,1636,
stacksbowers,665334,pooled_fires,0.0,0.0,255.0,255.0,False,False,3200,1581,
stacksbowers,665517,pooled_fires,0.0,0.0,255.0,255.0,False,False,3200,1578,
stacksbowers,665355,pooled_fires,0.0,0.0,255.0,255.0,False,False,3200,1614,
stacksbowers,665997,pooled_fires,0.0,0.0,254.0,254.0,False,False,3161,1639,
stacksbowers,666245,pooled_fires,0.0,0.0,254.0,254.0,False,False,3197,1480,
stacksbowers,577836,pooled_fires,0.0,0.0,255.0,255.0,False,False,3200,1673,
stacksbowers,665798,pooled_fires,0.0,0.0,255.0,255.0,False,False,3200,1423,
stacksbowers,665920,pooled_fires,0.0,0.0,254.0,254.0,False,False,3200,1561,
stacksbowers,666356,pooled_fires,0.0,0.0,254.0,254.0,False,False,3163,1689,
stacksbowers,577966,pooled_fires,0.5,0.49,254.5,254.5,False,False,999,500,
stacksbowers,666359,pooled_fires,0.357,0.49,254.0,254.0,False,False,3199,1618,
stacksbowers,665714,pooled_fires,0.0,0.0,255.0,255.0,False,False,3200,1555,
stacksbowers,664140,pooled_fires,0.0,0.0,255.0,255.0,False,False,3200,1565,
stacksbowers,665386,pooled_fires,0.0,0.0,255.0,255.0,False,False,3200,1480,
stacksbowers,665799,pooled_fires,0.0,0.0,255.0,255.0,False,False,3200,1481,
stacksbowers,666050,pooled_fires,0.357,0.49,254.0,254.0,False,False,3175,1514,
stacksbowers,666282,pooled_fires,0.0,0.0,254.0,254.0,False,False,3123,1582,
stacksbowers,665304,pooled_fires,0.0,0.0,255.0,255.0,False,False,3200,1504,
stacksbowers,666124,pooled_fires,0.0,0.0,254.0,254.0,False,False,3197,1637,
stacksbowers,665844,pooled_fires,0.0,0.0,254.0,254.0,False,False,3200,1623,
stacksbowers,666158,pooled_fires,0.357,0.49,254.0,254.0,False,False,3194,1699,
stacksbowers,665388,pooled_fires,0.0,0.0,255.0,255.0,False,False,3200,1535,
stacksbowers,665923,pooled_fires,0.0,0.0,254.0,254.0,False,False,3200,1735,
stacksbowers,666097,pooled_fires,0.0,0.0,254.0,254.0,False,False,3077,1500,
stacksbowers,666102,pooled_fires,0.0,0.0,254.0,254.0,False,False,3195,1670,
stacksbowers,665361,pooled_fires,0.0,0.0,255.0,255.0,False,False,3199,1614,
stacksbowers,665358,pooled_fires,0.0,0.0,255.0,255.0,False,False,3200,1598,
stacksbowers,666146,pooled_fires,0.0,0.0,254.0,254.0,False,False,3124,1544,
stacksbowers,577874,pooled_fires,13.285,17.778,253.5,253.5,False,False,963,480,
stacksbowers,665831,pooled_fires,0.0,0.0,254.0,254.0,False,False,3200,1465,
stacksbowers,577678,pooled_fires,0.0,0.0,255.0,255.0,False,False,3200,1579,
stacksbowers,666165,pooled_fires,0.0,0.0,254.0,254.0,False,False,3001,1378,
stacksbowers,665440,pooled_fires,0.0,0.0,255.0,255.0,False,False,3200,1570,
stacksbowers,666179,pooled_fires,0.0,0.0,254.0,254.0,False,False,3129,1546,
stacksbowers,665672,pooled_fires,0.0,0.0,255.0,255.0,False,False,3200,1489,
stacksbowers,665786,pooled_fires,0.0,0.0,255.0,255.0,False,False,3200,1617,
stacksbowers,577863,pooled_fires,0.0,0.0,254.0,254.0,False,False,3200,1574,
stacksbowers,665351,pooled_fires,0.0,0.0,255.0,255.0,False,False,3200,1613,
stacksbowers,577611,pooled_fires,0.0,0.0,255.0,255.0,False,False,3200,768,
stacksbowers,577729,pooled_fires,0.0,0.0,2.0,2.0,False,False,3188,1131,
stacksbowers,577667,pooled_fires,0.0,0.0,254.0,254.0,False,False,3156,1579,
stacksbowers,666335,pooled_fires,0.0,0.0,254.0,254.0,False,False,3196,1635,
stacksbowers,666198,pooled_fires,0.0,0.0,254.0,254.0,False,False,3186,1638,
stacksbowers,577641,pooled_fires,0.0,0.0,255.0,255.0,False,False,3199,1601,
stacksbowers,666346,pooled_fires,0.0,0.0,254.0,254.0,False,False,3122,1541,
stacksbowers,665504,pooled_fires,0.0,0.0,255.0,255.0,False,False,3200,1587,
stacksbowers,577694,pooled_fires,0.0,0.0,255.0,255.0,False,False,3200,1049,
stacksbowers,666348,pooled_fires,0.0,0.0,254.0,254.0,False,False,3133,1526,
stacksbowers,665591,pooled_fires,0.0,0.0,255.0,255.0,False,False,3199,1639,
stacksbowers,666157,pooled_fires,0.0,0.0,254.0,254.0,False,False,3161,1546,
stacksbowers,666128,pooled_fires,0.0,0.0,254.0,254.0,False,False,3190,1521,
stacksbowers,665570,pooled_fires,0.0,0.0,255.0,255.0,False,False,3200,1734,
stacksbowers,577619,pooled_fires,0.0,0.0,255.0,255.0,False,False,3193,1592,
stacksbowers,577873,pooled_fires,12.665,16.439,253.0,253.0,False,False,994,482,
stacksbowers,665421,pooled_fires,0.0,0.0,255.0,255.0,False,False,3200,1515,
stacksbowers,665963,pooled_fires,0.4,0.4,254.0,254.0,False,False,3183,1569,
stacksbowers,665603,pooled_fires,0.0,0.0,255.0,255.0,False,False,3200,1548,
stacksbowers,666319,pooled_fires,0.0,0.0,254.0,254.0,False,False,3179,1586,
stacksbowers,665719,pooled_fires,0.0,0.0,255.0,255.0,False,False,3200,1582,
stacksbowers,577808,pooled_fires,0.0,0.0,255.0,255.0,False,False,3200,1658,
stacksbowers,665964,pooled_fires,0.0,0.0,254.0,254.0,False,False,3180,1592,
stacksbowers,665833,pooled_fires,0.0,0.0,254.0,254.0,False,False,3200,1500,
stacksbowers,665854,pooled_fires,0.0,0.0,254.0,254.0,False,False,3200,1535,
stacksbowers,666088,pooled_fires,0.0,0.0,254.0,254.0,False,False,3157,1626,
