id,side,polarity,avg_bg,backdrop_ring_mean,corner_path_trusted,contour_idx,mechanism,cost_tier,hole_frac,largest_hole_frac,n_holes,area_frac_frame,circularity,area_ratio,geo_conf,edge_support,enc_r,roi_px,touches_border,max_dip_run_deg,max_spike_run_deg,n_spike_runs,cv_r,solidity,roi_px_,deficit_frac_bglike,deficit_frac_darker,blob_mean,deficit_mean
755362,obv,BIN,29.53,78.94,False,3,sub_coin_noise_blob,cheap,0.0,0.0,0,0.00026,0.2973,0.2599,0.3352,0.0,26.3,2542,False,81.0,56.0,4,0.5224,0.6419,2542,0.0288,0.0,65.3449,58.3103
755362,obv,BIN,29.53,78.94,False,11,relief_self_segmentation,cheap,0.0,0.0,0,0.00031,0.3751,0.2074,0.3247,1.0,31.9,3072,False,92.0,61.0,2,0.5764,0.8415,3072,0.4774,0.2473,114.7231,32.3069
755362,obv,BIN,29.53,78.94,False,25,relief_self_segmentation,cheap,0.0,0.0,0,0.00063,0.5484,0.4301,0.53,1.0,31.8,3618,False,17.0,36.0,5,0.2285,0.8393,3618,0.2399,0.1353,167.0987,61.8156
755362,obv,BIN,29.53,78.94,False,28,relief_self_segmentation,cheap,0.0551,0.0169,3,0.03792,0.1119,0.3259,0.5135,0.9898,282.8,291081,False,70.0,39.0,5,0.3296,0.6809,291081,0.2026,0.1197,149.4717,84.4972
755362,obv,BIN,29.53,78.94,False,30,relief_self_segmentation,cheap,0.0,0.0,0,0.0008,0.2031,0.1771,0.3871,1.0,55.8,10816,False,133.0,68.0,2,0.8977,0.5017,10816,0.3913,0.1494,102.0208,48.8378
755362,obv,BIN,29.53,78.94,False,38,relief_self_segmentation,cheap,0.0,0.0,0,0.00051,0.3535,0.3391,0.5049,1.0,32.1,4466,False,58.0,37.0,5,0.3285,0.6334,4466,0.0331,0.004,163.8797,98.319
755362,obv,BIN,29.53,78.94,False,39,relief_self_segmentation,cheap,0.029,0.0,0,0.00373,0.2229,0.2946,0.4587,0.9948,93.3,30800,False,83.0,53.0,2,0.3107,0.5661,30800,0.2366,0.1132,161.4639,71.1818
755362,obv,BIN,29.53,78.94,False,50,relief_self_segmentation,cheap,0.0,0.0,0,0.00601,0.2633,0.3666,0.5297,0.9924,106.1,44238,False,57.0,37.0,4,0.2972,0.71,44238,0.0618,0.0402,176.0858,100.1355
755362,obv,BIN,29.53,78.94,False,53,relief_self_segmentation,cheap,0.0,0.0,0,0.00039,0.343,0.2056,0.3458,1.0,36.1,3393,False,117.0,65.0,2,0.7125,0.7167,3393,0.2269,0.0475,105.8172,48.695
755362,obv,BIN,29.53,78.94,False,54,relief_self_segmentation,cheap,0.0375,0.0143,1,0.02569,0.1164,0.1835,0.4073,0.9929,310.2,281903,False,65.0,86.0,2,0.447,0.6333,281903,0.1827,0.0732,119.7515,74.3992
755362,obv,BIN,29.53,78.94,False,71,relief_self_segmentation,cheap,0.0,0.0,0,0.00062,0.2784,0.1697,0.308,1.0,50.2,7480,False,82.0,65.0,2,0.7537,0.7712,7480,0.2265,0.0312,97.8928,64.7352
755362,obv,BIN,29.53,78.94,False,79,relief_self_segmentation,cheap,0.0069,0.0,0,0.0084,0.0666,0.1214,0.343,0.0801,218.2,144625,False,97.0,73.0,4,0.8676,0.4333,144625,0.1516,0.0403,91.3871,75.0982
755362,obv,BIN,29.53,78.94,False,96,relief_self_segmentation,cheap,0.0,0.0,0,0.00016,0.1391,0.1182,0.2876,0.0,30.7,2880,False,104.0,61.0,5,0.645,0.3688,2880,0.0,0.0,98.5435,94.1657
755362,obv,BIN,29.53,78.94,False,103,multi_object_weld,expensive,0.0868,0.0549,3,0.05482,0.0824,0.1662,0.4336,0.9986,476.3,762188,False,117.0,54.0,2,0.4813,0.3909,762188,0.1073,0.0383,145.7827,108.6144
755362,obv,BIN,29.53,78.94,False,106,multi_object_weld,expensive,0.063,0.0169,5,0.08064,0.023,0.3028,0.4937,0.9991,427.9,728330,False,50.0,37.0,4,0.3513,0.4692,728330,0.1508,0.0568,154.608,90.8763
755362,rev,BIN,29.93,78.95,False,7,relief_self_segmentation,cheap,0.0,0.0,0,0.00038,0.3757,0.3697,0.5152,1.0,26.7,2898,False,75.0,72.0,3,0.4553,0.6865,2898,0.0421,0.0105,152.2867,91.9951
755362,rev,BIN,29.93,78.95,False,12,relief_self_segmentation,cheap,0.0,0.0,0,0.00017,0.3961,0.3913,0.3641,0.0,17.1,1209,False,60.0,66.0,5,0.3345,0.6581,1209,0.0,0.0,94.3168,89.3
755362,rev,BIN,29.93,78.95,False,24,relief_self_segmentation,cheap,0.0,0.0,0,0.00032,0.4761,0.3569,0.4871,1.0,24.9,2352,False,94.0,58.0,3,0.3824,0.8164,2352,0.283,0.038,169.9827,61.246
755362,rev,BIN,29.93,78.95,False,27,relief_self_segmentation,cheap,0.0,0.0,0,0.0014,0.1238,0.2272,0.3226,0.0254,65.1,14351,False,62.0,72.0,3,0.5352,0.4874,14351,0.0122,0.0,94.8332,88.7159
755362,rev,BIN,29.93,78.95,False,35,relief_self_segmentation,cheap,0.0,0.0,0,0.00033,0.2168,0.262,0.3692,0.0,29.3,3402,False,71.0,56.0,4,0.4299,0.5076,3402,0.0,0.0,98.5977,93.6335
755362,rev,BIN,29.93,78.95,False,46,unclassified_ragged,expensive,0.1847,0.0772,44,0.31248,0.0588,0.7199,0.5063,0.99,546.3,1487814,False,1.0,0.0,0,0.0524,0.8442,1487814,0.1864,0.0858,141.5934,69.4634
755363,obv,BIN,96.0,78.94,False,10,sub_coin_noise_blob,cheap,0.0,0.0,0,0.00288,0.1872,0.2996,0.5134,1.0,81.3,25155,False,85.0,38.0,5,0.3226,0.5797,25155,0.1108,0.7648,151.1405,63.9671
755363,obv,BIN,96.0,78.94,False,17,sub_coin_noise_blob,cheap,0.0,0.0,0,0.00046,0.32,0.4057,0.5165,1.0,28.0,3080,False,92.0,40.0,3,0.2099,0.6617,3080,0.1661,0.7952,133.8594,63.9159
755363,obv,BIN,96.0,78.94,False,20,unclassified_ragged,expensive,0.2427,0.093,18,0.28185,0.052,0.7763,0.5504,0.9994,499.6,1381794,False,2.0,0.0,0,0.0662,0.8098,1381794,0.1628,0.7509,134.325,60.9208
755365,rev,BIN,28.99,78.95,False,31,sub_coin_noise_blob,cheap,0.0,0.0,0,0.00026,0.2387,0.2074,0.4604,1.0,29.4,2992,False,72.0,103.0,2,0.5925,0.61,2992,0.024,0.0,112.0739,89.6403
755366,obv,BIN,96.0,78.94,False,5,relief_self_segmentation,cheap,0.0,0.0,0,0.00067,0.1867,0.3131,0.5165,1.0,38.4,5696,False,56.0,54.0,4,0.479,0.5528,5696,0.253,0.5002,137.7182,76.568
755366,obv,BIN,96.0,78.94,False,10,relief_self_segmentation,cheap,0.0,0.0,0,0.00019,0.2211,0.1119,0.4316,1.0,34.6,3600,False,115.0,87.0,3,1.7767,0.7279,3600,0.1107,0.7009,131.0206,66.1893
755366,obv,BIN,96.0,78.94,False,24,relief_self_segmentation,cheap,0.0,0.0,0,0.00016,0.1544,0.0862,0.4091,1.0,35.6,3888,False,142.0,57.0,2,1.2128,0.4939,3888,0.1505,0.6735,162.0627,72.932
755366,obv,BIN,96.0,78.94,False,26,relief_self_segmentation,cheap,0.0,0.0,0,0.00099,0.1063,0.0576,0.3921,0.9978,108.5,18980,False,149.0,83.0,2,2.2464,0.5032,18980,0.2402,0.3342,137.7118,108.0226
755366,obv,BIN,96.0,78.94,False,38,relief_self_segmentation,cheap,0.0,0.0,0,0.00021,0.1425,0.0876,0.4153,1.0,40.3,5056,False,79.0,81.0,2,2.2473,0.4205,5056,0.2809,0.3917,155.5449,89.4556
755366,obv,BIN,96.0,78.94,False,68,relief_self_segmentation,expensive,0.1636,0.0531,18,0.26527,0.0334,0.723,0.5706,0.9991,502.3,1358388,False,1.0,0.0,0,0.0533,0.7739,1358388,0.2927,0.5065,143.9724,79.6946
755366,rev,BIN,33.53,78.95,False,2,sub_coin_noise_blob,cheap,0.0,0.0,0,0.00099,0.1692,0.0897,0.4062,1.0,87.1,11704,False,81.0,81.0,2,1.5947,0.7511,11704,0.2634,0.1913,132.6202,67.0594
755368,rev,BIN,96.0,78.95,False,2,sub_coin_noise_blob,cheap,0.0,0.0,0,0.00016,0.2286,0.1458,0.3591,1.0,27.2,2438,False,109.0,90.0,2,1.1922,0.5622,2438,0.5846,0.1534,129.9266,96.2457
755368,rev,BIN,96.0,78.95,False,30,sub_coin_noise_blob,cheap,0.0,0.0,0,0.00058,0.1163,0.2278,0.3528,0.2194,41.8,7760,False,64.0,67.0,4,0.4997,0.3832,7760,0.8782,0.1066,99.3276,92.4723
755369,obv,BIN,31.12,78.94,False,33,sub_coin_noise_blob,cheap,0.0,0.0,0,0.00022,0.2421,0.2459,0.4584,0.9847,24.5,2430,False,91.0,44.0,4,0.5084,0.5278,2430,0.3023,0.0205,113.6541,58.1673
755369,obv,BIN,31.12,78.94,False,41,sub_coin_noise_blob,cheap,0.0,0.0,0,0.00059,0.3217,0.3381,0.4611,1.0,34.6,5467,False,71.0,69.0,3,0.4777,0.641,5467,0.0713,0.2171,151.1952,70.8485
755369,obv,BIN,31.12,78.94,False,53,unclassified_ragged,expensive,0.1069,0.0234,18,0.26253,0.0352,0.6492,0.5147,0.9953,527.3,1463700,False,0.0,0.0,0,0.0528,0.725,1463700,0.2528,0.0856,126.7359,62.4004
755369,rev,BIN,30.36,78.95,False,6,sub_coin_noise_blob,cheap,0.0,0.0,0,0.00128,0.219,0.2473,0.357,0.0,59.7,12555,False,50.0,59.0,4,0.6743,0.63,12555,0.1217,0.0033,75.6646,65.3626
755369,rev,BIN,30.36,78.95,False,44,relief_self_segmentation,cheap,0.0,0.0,0,0.00022,0.0808,0.0566,0.4046,1.0,52.0,6669,False,90.0,123.0,2,2.4294,0.3143,6669,0.0049,0.0005,120.0671,96.0176
755369,rev,BIN,30.36,78.95,False,51,relief_self_segmentation,cheap,0.0,0.0,0,0.00024,0.1481,0.0773,0.3328,1.0,46.3,3663,False,100.0,99.0,2,2.7281,0.6697,3663,0.0298,0.004,130.8241,88.6336
755369,rev,BIN,30.36,78.95,False,54,low_contrast_coastline,expensive,0.1958,0.0571,27,0.3196,0.1752,0.8473,0.616,0.995,509.3,1433994,False,0.0,0.0,0,0.0538,0.9099,1433994,0.1124,0.0229,134.5869,81.1867
755377,obv,BIN,96.0,78.94,False,15,relief_self_segmentation,cheap,0.0,0.0,0,0.0004,0.2472,0.1772,0.4484,1.0,39.3,5280,False,122.0,62.0,2,0.5572,0.5423,5280,0.065,0.911,157.597,56.1595
755377,obv,BIN,96.0,78.94,False,55,relief_self_segmentation,cheap,0.0227,0.0,0,0.00733,0.1703,0.2429,0.3451,0.0,144.1,74229,False,77.0,79.0,4,0.5553,0.6914,74229,0.3774,0.5514,88.1532,72.7274
755377,obv,BIN,96.0,78.94,False,80,relief_self_segmentation,cheap,0.0,0.0,0,0.00021,0.6065,0.3921,0.4367,1.0,19.0,1100,False,69.0,97.0,2,0.4075,0.9048,1100,0.1449,0.7804,150.3837,55.4533
755377,obv,BIN,96.0,78.94,False,89,relief_self_segmentation,cheap,0.0,0.0,0,0.00151,0.1853,0.1962,0.437,1.0,72.8,16435,False,105.0,75.0,3,0.6743,0.5367,16435,0.2067,0.6898,134.9406,66.1245
755377,obv,BIN,96.0,78.94,False,115,unclassified_ragged,expensive,0.0978,0.0611,11,0.2079,0.0225,0.5582,0.5577,0.9776,506.0,1341837,False,13.0,8.0,1,0.085,0.656,1341837,0.3232,0.5818,142.5031,71.9023
755377,rev,BIN,96.0,78.95,False,14,relief_self_segmentation,cheap,0.0,0.0,0,0.00222,0.223,0.4229,0.5092,1.0,60.1,16482,False,63.0,53.0,4,0.3918,0.6175,16482,0.0797,0.8364,163.9213,50.9756
755377,rev,BIN,96.0,78.95,False,16,attached_artifact,expensive,0.2258,0.095,16,0.2053,0.0517,0.595,0.5329,0.9998,487.1,1202448,False,47.0,65.0,2,0.1853,0.6932,1202448,0.1923,0.4488,134.3756,93.5371
755377,rev,BIN,96.0,78.95,False,22,relief_self_segmentation,cheap,0.0474,0.0361,1,0.04212,0.1017,0.3019,0.558,1.0,309.7,341040,False,75.0,62.0,6,0.3986,0.6187,341040,0.371,0.3021,143.0428,105.1534
755377,rev,BIN,96.0,78.95,False,23,relief_self_segmentation,cheap,0.0,0.0,0,0.00133,0.1466,0.0825,0.4133,1.0,105.5,21165,False,80.0,92.0,2,1.9505,0.6982,21165,0.5012,0.1364,127.3311,108.7493
755380,obv,BIN,31.03,78.94,False,9,sub_coin_noise_blob,cheap,0.0,0.0,0,0.00024,0.2578,0.1561,0.3735,1.0,32.6,2574,False,114.0,70.0,3,0.7646,0.6595,2574,0.4855,0.1925,69.3684,35.8049
755380,obv,BIN,31.03,78.94,False,10,sub_coin_noise_blob,cheap,0.0,0.0,0,0.00127,0.291,0.205,0.41,1.0,65.3,9828,False,66.0,80.0,2,0.8828,0.7746,9828,0.3753,0.4684,85.0756,24.7168
755380,obv,BIN,31.03,78.94,False,13,sub_coin_noise_blob,cheap,0.0,0.0,0,0.0005,0.1067,0.0618,0.3429,0.9967,74.7,13860,False,77.0,94.0,3,1.729,0.5543,13860,0.393,0.1659,71.4972,49.3224
755380,obv,BIN,31.03,78.94,False,15,relief_self_segmentation,cheap,0.0,0.0,0,0.00061,0.1508,0.0781,0.3613,0.9966,73.3,10150,False,84.0,80.0,2,1.7696,0.64,10150,0.4069,0.1645,139.1219,51.1918
755380,obv,BIN,31.03,78.94,False,17,relief_self_segmentation,cheap,0.0,0.0,0,0.00014,0.3194,0.2151,0.3979,1.0,21.3,1521,False,83.0,102.0,2,0.5194,0.6959,1521,0.2764,0.501,99.4432,29.5176
755380,obv,BIN,31.03,78.94,False,30,sub_coin_noise_blob,cheap,0.0,0.0,0,0.00079,0.1343,0.1148,0.2923,0.0,69.0,14600,False,105.0,81.0,2,1.0734,0.4767,14600,0.1888,0.0132,76.7217,62.852
755380,obv,BIN,31.03,78.94,False,36,relief_self_segmentation,cheap,0.0,0.0,0,0.00247,0.1815,0.2798,0.4877,1.0,77.9,26576,False,82.0,81.0,3,0.5846,0.5146,26576,0.2236,0.016,118.9451,63.7673
755380,obv,BIN,31.03,78.94,False,54,relief_self_segmentation,cheap,0.0,0.0,0,0.00018,0.6204,0.5586,0.5742,1.0,15.1,1116,False,33.0,41.0,5,0.1806,0.8443,1116,0.0037,0.0,118.9224,84.1581
755380,obv,BIN,31.03,78.94,False,56,relief_self_segmentation,cheap,0.0,0.0,0,0.00282,0.219,0.3307,0.5117,0.998,76.6,23840,False,48.0,70.0,3,0.4029,0.6541,23840,0.1324,0.0057,144.4109,103.4269
755380,obv,BIN,31.03,78.94,False,57,relief_self_segmentation,cheap,0.0,0.0,0,0.00065,0.1848,0.1795,0.4472,1.0,49.8,8424,False,70.0,99.0,2,0.7522,0.4631,8424,0.255,0.0165,185.534,71.2935
755380,obv,BIN,31.03,78.94,False,60,relief_self_segmentation,cheap,0.0,0.0,0,0.00035,0.1458,0.091,0.3799,1.0,51.6,8778,False,110.0,97.0,3,1.8839,0.4315,8778,0.0267,0.0,132.5594,97.6936
755380,obv,BIN,31.03,78.94,False,61,relief_self_segmentation,cheap,0.0,0.0,0,0.00709,0.4379,0.3484,0.5153,0.9983,118.3,47472,False,65.0,85.0,2,0.5305,0.8438,47472,0.0375,0.0115,160.4108,98.3173
755380,obv,BIN,31.03,78.94,False,63,relief_self_segmentation,cheap,0.0,0.0,0,0.00026,0.5299,0.4546,0.5661,1.0,19.7,1287,False,56.0,10.0,2,0.1805,0.8233,1287,0.0947,0.0019,184.4983,116.1136
755380,obv,BIN,31.03,78.94,False,65,relief_self_segmentation,cheap,0.0,0.0,0,0.00166,0.1609,0.1912,0.4033,1.0,77.2,18300,False,54.0,86.0,2,0.5171,0.6032,18300,0.0253,0.0,134.561,92.4301
755380,obv,BIN,31.03,78.94,False,70,relief_self_segmentation,cheap,0.0,0.0,0,0.00086,0.4829,0.3594,0.4578,1.0,40.6,5952,False,76.0,49.0,4,0.3443,0.8423,5952,0.0406,0.0,122.4584,75.716
755380,obv,BIN,31.03,78.94,False,73,relief_self_segmentation,cheap,0.0,0.0,0,0.00102,0.2693,0.1521,0.2933,0.9808,68.0,14840,False,49.0,85.0,2,1.2454,0.7984,14840,0.0,0.0,146.0982,110.8117
755380,obv,BIN,31.03,78.94,False,75,relief_self_segmentation,cheap,0.0,0.0,0,0.00059,0.352,0.2165,0.3144,1.0,43.2,4900,False,86.0,83.0,2,0.6472,0.8143,4900,0.0,0.0,141.1881,112.5288
755380,obv,BIN,31.03,78.94,False,78,multi_object_weld,expensive,0.101,0.0533,10,0.15908,0.0231,0.4759,0.521,0.9935,479.4,1222536,False,33.0,8.0,2,0.1165,0.5663,1222536,0.15,0.0479,150.2433,80.3828
755380,obv,BIN,31.03,78.94,False,87,relief_self_segmentation,expensive,0.0139,0.0097,1,0.03223,0.0575,0.101,0.4244,0.9681,468.5,800445,False,112.0,57.0,2,0.5759,0.2247,800445,0.0933,0.0245,125.7517,114.1218
755381,rev,BIN,96.0,78.95,False,20,backdrop_vignette_blob,expensive,0.2971,0.1358,40,0.34327,0.2383,0.8493,0.5788,0.9975,527.2,1502115,False,0.0,0.0,0,0.0493,0.9295,1502115,0.4364,0.4915,131.6597,70.3789
755383,obv,BIN,96.0,78.94,False,6,relief_self_segmentation,cheap,0.0,0.0,0,0.00064,0.3951,0.3616,0.5403,1.0,34.9,4212,False,54.0,63.0,3,0.3634,0.7187,4212,0.2861,0.2768,192.7363,103.9559
755383,obv,BIN,96.0,78.94,False,12,relief_self_segmentation,cheap,0.0,0.0,0,0.00015,0.6331,0.4629,0.4972,1.0,14.7,726,False,84.0,40.0,3,0.247,0.8859,726,0.1007,0.8309,207.2521,60.7554
755383,obv,BIN,96.0,78.94,False,15,relief_self_segmentation,cheap,0.0,0.0,0,0.00196,0.2157,0.4369,0.4681,0.9976,55.5,14896,False,51.0,41.0,3,0.3444,0.6508,14896,0.1322,0.8182,153.2963,48.9575
755383,obv,BIN,96.0,78.94,False,45,relief_self_segmentation,cheap,0.0,0.0,0,0.0004,0.2124,0.1096,0.4834,1.0,50.2,7623,False,90.0,95.0,2,1.5309,0.6903,7623,0.1753,0.2694,212.1008,111.3281
755383,obv,BIN,96.0,78.94,False,50,relief_self_segmentation,cheap,0.0,0.0,0,0.00034,0.3261,0.2394,0.4817,1.0,31.0,3450,False,71.0,40.0,8,0.4083,0.6081,3450,0.1418,0.6869,176.0691,69.1477
755383,obv,BIN,96.0,78.94,False,54,relief_self_segmentation,cheap,0.0,0.0,0,0.0004,0.5762,0.617,0.5789,1.0,21.0,1936,False,25.0,21.0,5,0.1437,0.8292,1936,0.2408,0.6117,170.917,70.2343
755383,obv,BIN,96.0,78.94,False,60,relief_self_segmentation,cheap,0.0,0.0,0,0.00032,0.3267,0.3474,0.5222,1.0,25.0,2394,False,86.0,53.0,3,0.3776,0.655,2394,0.1861,0.6819,129.9161,65.301
755383,obv,BIN,96.0,78.94,False,66,multi_object_weld,expensive,0.0443,0.0052,11,0.22656,0.0182,0.5473,0.5278,0.9638,533.5,1365302,False,1.0,69.0,1,0.0969,0.6595,1365302,0.3712,0.5157,158.3794,75.5225
755384,obv,BIN,96.0,78.94,False,0,relief_self_segmentation,cheap,0.0,0.0,0,0.00022,0.096,0.0528,0.3282,1.0,53.7,6250,False,95.0,61.0,3,4.208,0.417,6250,0.2472,0.5777,117.2466,86.1089
755384,obv,BIN,96.0,78.94,False,3,relief_self_segmentation,cheap,0.0,0.0,0,0.00014,0.1758,0.0936,0.3621,1.0,32.5,1872,False,72.0,123.0,3,1.1289,0.6195,1872,0.2242,0.6179,110.1335,85.4004
755384,obv,BIN,96.0,78.94,False,7,relief_self_segmentation,cheap,0.0,0.0,0,0.00016,0.5615,0.4024,0.5059,1.0,16.6,1073,False,55.0,70.0,3,0.357,0.8831,1073,0.247,0.6475,172.6253,75.3189
755387,obv,BIN,29.66,78.94,False,11,sub_coin_noise_blob,cheap,0.0,0.0,0,0.0018,0.1829,0.1769,0.3307,0.0,83.7,20844,False,53.0,76.0,4,0.5821,0.6141,20844,0.1669,0.1653,65.3547,47.0404
755387,obv,BIN,29.66,78.94,False,12,sub_coin_noise_blob,cheap,0.0,0.0,0,0.00211,0.1289,0.1787,0.3118,0.0,90.0,27170,False,108.0,79.0,3,0.6776,0.5466,27170,0.1672,0.1332,65.536,49.4261
755387,obv,BIN,29.66,78.94,False,26,sub_coin_noise_blob,cheap,0.0,0.0,0,0.00096,0.1456,0.2301,0.3584,0.0,53.7,11880,False,57.0,73.0,3,0.6444,0.4816,11880,0.1451,0.0264,75.2927,61.5188
755387,obv,BIN,29.66,78.94,False,33,sub_coin_noise_blob,cheap,0.0,0.0,0,0.00314,0.1998,0.278,0.3853,0.0,88.1,28424,False,81.0,89.0,3,0.5269,0.62,28424,0.2087,0.0535,75.8129,58.1714
755387,obv,BIN,29.66,78.94,False,132,low_contrast_coastline,expensive,0.1839,0.0314,47,0.32165,0.2751,0.8432,0.6161,0.9996,512.1,1406496,False,0.0,0.0,0,0.0407,0.9393,1406496,0.2688,0.1764,104.6479,51.3218
755387,rev,BIN,30.35,78.95,False,11,sub_coin_noise_blob,cheap,0.0,0.0,0,0.00162,0.1557,0.1345,0.3039,0.0,91.1,24426,False,55.0,104.0,2,1.9801,0.525,24426,0.2058,0.1158,63.4141,47.9133
755387,rev,BIN,30.35,78.95,False,14,sub_coin_noise_blob,cheap,0.0,0.0,0,0.00318,0.1659,0.1532,0.3069,0.0,119.5,38056,False,111.0,57.0,4,0.5573,0.6784,38056,0.1731,0.1589,64.0921,49.2815
755387,rev,BIN,30.35,78.95,False,43,sub_coin_noise_blob,cheap,0.0,0.0,0,0.00027,0.3903,0.341,0.5277,1.0,23.4,1596,False,46.0,33.0,6,0.2268,0.6616,1596,0.1355,0.0049,76.4124,58.1642
755387,rev,BIN,30.35,78.95,False,60,sub_coin_noise_blob,cheap,0.0,0.0,0,0.00197,0.1883,0.1794,0.3525,0.0,87.0,22663,False,71.0,93.0,3,0.7262,0.6107,22663,0.1579,0.0186,74.3391,61.4242
755387,rev,BIN,30.35,78.95,False,65,sub_coin_noise_blob,cheap,0.0,0.0,0,0.00033,0.2544,0.2212,0.4398,1.0,31.8,3724,False,84.0,88.0,2,0.9422,0.5332,3724,0.2996,0.039,74.9974,50.9292
755387,rev,BIN,30.35,78.95,False,75,attached_artifact,cheap,0.0,0.0,0,0.00725,0.1318,0.1834,0.34,0.0,164.8,79056,False,109.0,58.0,5,0.6321,0.6271,79056,0.1308,0.053,77.5796,69.2597
755387,rev,BIN,30.35,78.95,False,146,low_contrast_coastline,expensive,0.1531,0.0148,49,0.33877,0.22,0.7842,0.5936,0.9993,545.0,1498880,False,0.0,0.0,0,0.0452,0.9263,1498880,0.2265,0.1223,107.77,59.9591
755391,obv,BIN,31.57,78.94,False,7,sub_coin_noise_blob,cheap,0.0,0.0,0,0.00061,0.2622,0.2202,0.3541,0.0,43.7,6006,False,91.0,38.0,4,0.4008,0.6232,6006,0.1535,0.0284,65.6407,54.4835
755392,obv,BIN,30.18,78.94,False,11,sub_coin_noise_blob,cheap,0.0,0.0,0,0.0011,0.2152,0.1732,0.3215,0.0,66.1,13005,False,89.0,58.0,4,0.6225,0.6096,13005,0.1458,0.0816,66.664,52.8405
755392,obv,BIN,30.18,78.94,False,17,relief_self_segmentation,cheap,0.0,0.0,0,0.00078,0.2191,0.1071,0.3263,0.9796,70.7,15162,False,110.0,81.0,2,1.5112,0.7793,15162,0.3551,0.1457,97.4994,48.0467
755392,obv,BIN,30.18,78.94,False,19,sub_coin_noise_blob,cheap,0.0,0.0,0,0.00182,0.1798,0.2336,0.3747,0.0,73.1,18080,False,81.0,61.0,4,0.5386,0.6078,18080,0.1314,0.0024,75.9756,65.852
755392,obv,BIN,30.18,78.94,False,21,relief_self_segmentation,cheap,0.0,0.0,0,0.00104,0.0933,0.0511,0.3414,0.9654,118.3,29505,False,150.0,81.0,2,5.1427,0.4198,29505,0.1383,0.0445,105.0116,87.0816
755392,obv,BIN,30.18,78.94,False,23,relief_self_segmentation,cheap,0.0,0.0,0,0.00022,0.0824,0.0416,0.3118,0.9958,60.5,7614,False,71.0,79.0,2,3.0331,0.5349,7614,0.0609,0.0002,120.2671,91.6329
755392,obv,BIN,30.18,78.94,False,37,relief_self_segmentation,expensive,0.0,0.0,0,0.01163,0.0412,0.0365,0.3761,0.9623,468.1,831168,False,119.0,64.0,2,0.8629,0.0913,831168,0.0531,0.0224,109.6289,115.5348
755393,obv,BIN,30.66,78.94,False,3,sub_coin_noise_blob,cheap,0.0,0.0,0,0.00035,0.33,0.4045,0.3542,0.0,24.4,2585,False,58.0,35.0,5,0.4034,0.6399,2585,0.0,0.0,65.9493,62.6928
755393,obv,BIN,30.66,78.94,False,11,sub_coin_noise_blob,cheap,0.0,0.0,0,0.00308,0.0404,0.0236,0.2704,0.956,299.9,187068,False,152.0,47.0,2,1.4188,0.1496,187068,0.1179,0.0573,82.2736,84.9115
755393,obv,BIN,30.66,78.94,False,14,relief_self_segmentation,cheap,0.0,0.0,0,0.00035,0.1099,0.0542,0.3654,0.9836,66.2,12180,False,103.0,90.0,2,2.7171,0.6715,12180,0.1418,0.0015,94.8101,70.4336
755393,obv,BIN,30.66,78.94,False,16,relief_self_segmentation,cheap,0.0,0.0,0,0.00055,0.0984,0.0535,0.3922,0.9664,83.9,18849,False,135.0,69.0,2,1.4198,0.5436,18849,0.1149,0.0023,97.5208,82.7798
755393,obv,BIN,30.66,78.94,False,18,relief_self_segmentation,cheap,0.0,0.0,0,0.00032,0.0922,0.0453,0.3299,1.0,69.9,8232,False,145.0,46.0,3,2.4249,0.5239,8232,0.0195,0.0,102.0656,80.1848
755394,obv,BIN,96.0,78.94,False,2,relief_self_segmentation,cheap,0.0,0.0,0,0.00029,0.2727,0.2213,0.4627,1.0,30.0,2948,False,103.0,83.0,3,0.593,0.6281,2948,0.1107,0.8333,138.7697,55.4225
755394,obv,BIN,96.0,78.94,False,33,relief_self_segmentation,cheap,0.0,0.0,0,0.00046,0.153,0.0929,0.4176,1.0,58.1,10750,False,140.0,83.0,3,1.587,0.3947,10750,0.1202,0.4533,197.7726,94.3901
755394,obv,BIN,96.0,78.94,False,47,relief_self_segmentation,cheap,0.0,0.0,0,0.00175,0.2431,0.3983,0.547,1.0,54.9,11590,False,61.0,62.0,4,0.3157,0.6699,11590,0.2025,0.3904,192.9025,98.7049
755394,obv,BIN,96.0,78.94,False,50,relief_self_segmentation,cheap,0.0,0.0,0,0.00021,0.2107,0.1613,0.454,1.0,29.6,2584,False,111.0,111.0,2,1.5459,0.5292,2584,0.2481,0.5458,151.4554,81.4142
755394,obv,BIN,96.0,78.94,False,62,relief_self_segmentation,cheap,0.07,0.035,1,0.04883,0.0517,0.318,0.5209,0.9991,324.9,408216,False,62.0,42.0,4,0.3475,0.5583,408216,0.1289,0.3482,182.0776,120.3053
755394,obv,BIN,96.0,78.94,False,65,multi_object_weld,expensive,0.1563,0.0283,17,0.19824,0.0445,0.5056,0.5424,0.9946,519.2,1477927,False,9.0,0.0,0,0.0801,0.5461,1477927,0.1776,0.4002,164.9617,107.5415
755395,obv,BIN,29.8,78.94,False,19,sub_coin_noise_blob,cheap,0.0,0.0,0,0.00029,0.2255,0.1363,0.3716,1.0,38.1,3784,False,123.0,42.0,2,0.7742,0.5984,3784,0.2182,0.0317,142.7179,66.8384
755395,obv,BIN,29.8,78.94,False,23,sub_coin_noise_blob,cheap,0.0,0.0,0,0.00029,0.5125,0.3568,0.5184,1.0,23.6,1960,False,65.0,65.0,4,0.3549,0.7858,1960,0.1176,0.0,158.9734,80.1795
755395,obv,BIN,29.8,78.94,False,31,backdrop_vignette_blob,expensive,0.2897,0.126,20,0.322,0.1706,0.8295,0.5861,0.9992,516.6,1461357,False,2.0,0.0,0,0.0567,0.9013,1461357,0.2189,0.0771,130.1302,69.4925
755395,rev,BIN,96.0,78.95,False,27,sub_coin_noise_blob,cheap,0.0,0.0,0,0.00024,0.4883,0.4191,0.4867,1.0,19.7,1485,False,70.0,51.0,4,0.3363,0.7981,1485,0.153,0.7791,157.9875,56.0052
755401,obv,BIN,29.51,78.94,False,14,sub_coin_noise_blob,cheap,0.0,0.0,0,0.00128,0.3962,0.2645,0.3551,0.0,57.7,10005,False,74.0,73.0,2,0.444,0.8092,10005,0.1386,0.0319,64.8039,55.3901
755401,obv,BIN,29.51,78.94,False,16,sub_coin_noise_blob,cheap,0.0,0.0,0,0.00224,0.3231,0.2553,0.357,0.0,77.7,18810,False,48.0,84.0,2,0.6087,0.7955,18810,0.1777,0.0827,64.461,50.7016
755401,obv,BIN,29.51,78.94,False,18,sub_coin_noise_blob,cheap,0.0,0.0,0,0.00056,0.102,0.0517,0.3233,0.997,86.2,18620,False,135.0,82.0,2,2.57,0.5225,18620,0.248,0.234,68.5095,55.2603
755401,obv,BIN,29.51,78.94,False,19,sub_coin_noise_blob,cheap,0.0,0.0,0,0.00023,0.1322,0.0629,0.3406,0.9824,49.7,7176,False,81.0,102.0,2,2.0298,0.6878,7176,0.4583,0.2746,80.8087,31.0438
755401,obv,BIN,29.51,78.94,False,27,sub_coin_noise_blob,cheap,0.0,0.0,0,0.00024,0.2842,0.1996,0.2867,0.0,28.7,2744,False,64.0,98.0,2,0.7974,0.6719,2744,0.0,0.0,75.5645,69.2386
755401,obv,BIN,29.51,78.94,False,36,sub_coin_noise_blob,cheap,0.0,0.0,0,0.00225,0.1686,0.2524,0.3828,0.0,78.2,20829,False,71.0,61.0,4,0.506,0.578,20829,0.1514,0.0022,75.992,65.1846
755401,obv,BIN,29.51,78.94,False,41,relief_self_segmentation,cheap,0.0,0.0,0,0.00166,0.0673,0.0337,0.3167,0.9903,184.1,74725,False,144.0,71.0,2,4.8314,0.3422,74725,0.0725,0.0028,103.3623,92.0865
755401,obv,BIN,29.51,78.94,False,112,relief_self_segmentation,cheap,0.0,0.0,0,0.00143,0.0735,0.0437,0.3728,1.0,150.1,64890,False,152.0,52.0,2,1.5477,0.3519,64890,0.0199,0.0002,121.9705,95.8962
755401,obv,BIN,29.51,78.94,False,225,low_contrast_coastline,expensive,0.1666,0.0144,40,0.32795,0.1595,0.8003,0.556,0.7662,530.8,1479222,False,0.0,0.0,0,0.0491,0.9112,1479222,0.1409,0.0909,112.3516,69.0711
755401,obv,BIN,29.51,78.94,False,228,relief_self_segmentation,cheap,0.0,0.0,0,0.0003,0.2111,0.1496,0.2723,0.216,37.0,4335,False,106.0,93.0,2,1.1887,0.5779,4335,0.0,0.0,102.1556,95.7438
755401,obv,BIN,29.51,78.94,False,233,relief_self_segmentation,cheap,0.0,0.0,0,0.00018,0.3151,0.2478,0.2998,0.0,22.3,1850,False,82.0,101.0,3,0.526,0.6675,1850,0.0,0.0,101.3597,97.0537
755401,obv,BIN,29.51,78.94,False,265,relief_self_segmentation,cheap,0.0,0.0,0,0.0003,0.0625,0.0617,0.2418,0.1987,57.5,7590,False,58.0,45.0,4,1.3876,0.2984,7590,0.0,0.0,102.8752,97.4344
755401,rev,BIN,28.39,78.95,False,94,sub_coin_noise_blob,cheap,0.0,0.0,0,0.0005,0.0233,0.0144,0.3242,0.9969,154.2,63206,False,154.0,46.0,2,2.1119,0.1578,63206,0.0002,0.0,127.2917,99.6496
755402,obv,BIN,96.0,78.94,False,47,relief_self_segmentation,cheap,0.0,0.0,0,0.00017,0.4946,0.3986,0.5325,1.0,17.2,1271,False,98.0,37.0,4,0.2894,0.7482,1271,0.4551,0.1429,164.1259,101.8367
755402,obv,BIN,96.0,78.94,False,50,relief_self_segmentation,cheap,0.0,0.0,0,0.00018,0.5734,0.4327,0.5346,1.0,16.8,1258,False,49.0,67.0,2,0.3869,0.8294,1258,0.3575,0.3731,175.7541,91.2332
755402,obv,BIN,96.0,78.94,False,52,relief_self_segmentation,expensive,0.22,0.0308,31,0.25889,0.0268,0.7159,0.521,0.999,498.6,1405398,False,2.0,0.0,0,0.0513,0.7502,1405398,0.295,0.4846,135.4565,82.1687
755402,rev,BIN,96.0,78.95,False,5,sub_coin_noise_blob,cheap,0.0,0.0,0,0.00074,0.1606,0.1292,0.4014,0.9607,62.6,11700,False,122.0,74.0,2,0.9463,0.4191,11700,0.0637,0.8036,131.4865,56.1981
755402,rev,BIN,96.0,78.95,False,22,sub_coin_noise_blob,cheap,0.0,0.0,0,0.00363,0.1099,0.1241,0.4236,0.9962,141.8,62217,False,65.0,60.0,6,0.7212,0.5285,62217,0.0585,0.6373,129.7432,91.4162
755402,rev,BIN,96.0,78.95,False,33,backdrop_vignette_blob,expensive,0.3976,0.1443,30,0.32231,0.2293,0.8017,0.5779,0.9941,525.7,1438044,False,14.0,0.0,0,0.0731,0.9043,1438044,0.2454,0.666,131.7786,64.3764
755403,obv,BIN,31.69,78.94,False,44,relief_self_segmentation,cheap,0.0,0.0,0,0.00052,0.1089,0.2128,0.4781,0.9867,41.1,6240,False,81.0,49.0,4,0.2859,0.4621,6240,0.1715,0.0307,119.3841,72.3242
755403,obv,BIN,31.69,78.94,False,47,relief_self_segmentation,cheap,0.0,0.0,0,0.00177,0.1758,0.3192,0.5164,1.0,61.8,14756,False,77.0,94.0,3,0.3628,0.5187,14756,0.221,0.0601,113.7961,62.1589
755403,obv,BIN,31.69,78.94,False,55,relief_self_segmentation,cheap,0.0,0.0,0,0.00038,0.2568,0.1492,0.4002,1.0,41.6,5278,False,96.0,82.0,2,1.0947,0.6883,5278,0.1453,0.0201,143.2165,82.9378
755403,obv,BIN,31.69,78.94,False,66,relief_self_segmentation,cheap,0.0,0.0,0,0.00016,0.5936,0.5603,0.5015,1.0,13.8,783,False,57.0,35.0,6,0.2446,0.8459,783,0.024,0.0,170.8697,103.6707
755403,obv,BIN,31.69,78.94,False,70,relief_self_segmentation,cheap,0.0,0.0,0,0.00032,0.1334,0.1242,0.4053,1.0,42.1,4848,False,108.0,83.0,2,0.6482,0.4115,4848,0.1447,0.0205,142.0025,80.6062
755403,obv,BIN,31.69,78.94,False,74,relief_self_segmentation,cheap,0.0,0.0,0,0.00016,0.3084,0.2165,0.4434,0.99,22.5,1537,False,74.0,46.0,4,0.628,0.6364,1537,0.1639,0.0089,127.2335,93.7795
755403,obv,BIN,31.69,78.94,False,77,attached_artifact,cheap,0.0846,0.0698,1,0.00501,0.1725,0.3399,0.4927,1.0,100.7,40096,False,44.0,31.0,3,0.284,0.6376,40096,0.2337,0.0505,106.9161,63.9736
755403,obv,BIN,31.69,78.94,False,82,relief_self_segmentation,cheap,0.1254,0.0,0,0.00092,0.1811,0.3572,0.5037,1.0,42.1,8585,False,36.0,49.0,4,0.2932,0.5512,8585,0.0,0.0,124.1501,112.3219
755403,obv,BIN,31.69,78.94,False,83,relief_self_segmentation,cheap,0.0,0.0,0,0.00015,0.5275,0.4543,0.5221,1.0,15.1,1080,False,69.0,80.0,2,0.3547,0.8096,1080,0.0491,0.0,102.4575,80.1156
755403,obv,BIN,31.69,78.94,False,94,relief_self_segmentation,cheap,0.0,0.0,0,0.00117,0.1361,0.2905,0.5161,1.0,52.6,12876,False,67.0,78.0,5,0.4164,0.4675,12876,0.218,0.1176,106.0857,56.9487
755403,obv,BIN,31.69,78.94,False,114,relief_self_segmentation,cheap,0.0,0.0,0,0.00016,0.2251,0.1313,0.3767,1.0,29.0,2508,False,121.0,76.0,3,1.6031,0.6077,2508,0.1861,0.1146,96.8695,61.453
755403,obv,BIN,31.69,78.94,False,125,relief_self_segmentation,cheap,0.0423,0.0,0,0.002,0.3355,0.4971,0.5392,1.0,52.6,14022,False,46.0,22.0,5,0.2047,0.6823,14022,0.2175,0.1524,120.8378,52.2666
755403,obv,BIN,31.69,78.94,False,143,relief_self_segmentation,cheap,0.0,0.0,0,0.00127,0.1877,0.3416,0.5003,1.0,50.5,10788,False,70.0,101.0,4,0.5009,0.5189,10788,0.2079,0.116,129.9339,58.338
755403,obv,BIN,31.69,78.94,False,144,relief_self_segmentation,cheap,0.0,0.0,0,0.00077,0.2924,0.3425,0.4604,1.0,39.3,6603,False,78.0,48.0,4,0.2512,0.588,6603,0.2413,0.1512,134.8821,54.4806
755403,obv,BIN,31.69,78.94,False,146,relief_self_segmentation,cheap,0.0,0.0,0,0.00044,0.2844,0.2313,0.4252,1.0,36.3,3915,False,105.0,95.0,2,1.3187,0.5623,3915,0.2493,0.1134,136.3547,54.3941
755403,obv,BIN,31.69,78.94,False,147,relief_self_segmentation,cheap,0.0,0.0,0,0.00146,0.1276,0.2507,0.49,1.0,63.3,15622,False,48.0,28.0,5,0.3607,0.4551,15622,0.2154,0.1598,137.9136,56.4576
755403,obv,BIN,31.69,78.94,False,149,relief_self_segmentation,cheap,0.0752,0.0,0,0.00286,0.1983,0.3194,0.4492,1.0,78.5,20091,False,107.0,72.0,2,0.5513,0.604,20091,0.1574,0.0905,131.0363,69.7602
755403,obv,BIN,31.69,78.94,False,165,multi_object_weld,expensive,0.0907,0.0095,21,0.18891,0.017,0.499,0.4999,0.9655,510.2,1369872,False,23.0,77.0,1,0.1444,0.5706,1369872,0.1253,0.0402,127.5553,79.1545
755403,rev,BIN,31.56,78.95,False,55,relief_self_segmentation,cheap,0.0169,0.0,0,0.00306,0.1339,0.3289,0.5338,1.0,80.0,24112,False,31.0,25.0,5,0.2253,0.5708,24112,0.2185,0.0867,119.2174,62.0273
755403,rev,BIN,31.56,78.95,False,75,relief_self_segmentation,cheap,0.0499,0.0229,2,0.03467,0.0823,0.2739,0.504,1.0,295.0,335808,False,100.0,69.0,3,0.4638,0.5407,335808,0.1253,0.0209,159.623,91.2711
755403,rev,BIN,31.56,78.95,False,98,relief_self_segmentation,cheap,0.0,0.0,0,0.00021,0.3219,0.3592,0.4552,1.0,20.2,1960,False,60.0,61.0,4,0.4393,0.6053,1960,0.0,0.0,109.5437,99.2024
755403,rev,BIN,31.56,78.95,False,103,relief_self_segmentation,cheap,0.0,0.0,0,0.0043,0.288,0.468,0.5113,1.0,79.5,30132,False,17.0,49.0,4,0.2428,0.7478,30132,0.2927,0.0595,157.4916,56.8791
755403,rev,BIN,31.56,78.95,False,107,relief_self_segmentation,cheap,0.0,0.0,0,0.00133,0.2342,0.3388,0.4527,1.0,51.9,11600,False,82.0,33.0,6,0.2908,0.5763,11600,0.1998,0.0519,138.8442,68.0213
755403,rev,BIN,31.56,78.95,False,109,sub_coin_noise_blob,cheap,0.0682,0.0641,1,0.00478,0.0839,0.1556,0.4676,1.0,145.4,73622,False,98.0,77.0,3,0.8992,0.4098,73622,0.1532,0.0514,117.7857,82.2839
755403,rev,BIN,31.56,78.95,False,111,relief_self_segmentation,cheap,0.107,0.0,0,0.00148,0.268,0.4265,0.5097,1.0,48.8,10120,False,37.0,16.0,4,0.2544,0.647,10120,0.0752,0.0654,98.5241,75.3746
755403,rev,BIN,31.56,78.95,False,113,relief_self_segmentation,cheap,0.0,0.0,0,0.00059,0.5303,0.4556,0.5311,1.0,29.8,3105,False,89.0,49.0,4,0.2619,0.8521,3105,0.2153,0.1867,139.9162,57.6505
755403,rev,BIN,31.56,78.95,False,120,multi_object_weld,expensive,0.1044,0.03,15,0.14204,0.0118,0.3973,0.5184,0.9971,495.8,1364215,False,6.0,20.0,6,0.1113,0.4196,1364215,0.138,0.0405,119.3172,91.1968
755404,obv,BIN,32.23,78.94,False,9,sub_coin_noise_blob,cheap,0.0,0.0,0,0.0007,0.0853,0.0439,0.3279,0.9711,104.9,25132,False,162.0,48.0,3,1.9444,0.4309,25132,0.2152,0.1099,82.7067,64.9965
755404,obv,BIN,32.23,78.94,False,13,sub_coin_noise_blob,cheap,0.0,0.0,0,0.0003,0.2746,0.1967,0.3371,0.0,32.5,3136,False,50.0,89.0,3,0.6443,0.6756,3136,0.0225,0.0,74.9175,68.3076
755406,obv,BIN,31.45,78.94,False,4,sub_coin_noise_blob,cheap,0.0,0.0,0,0.00041,0.3574,0.3455,0.3727,0.0,28.6,3150,False,45.0,36.0,4,0.3707,0.7116,3150,0.0,0.0,64.999,61.5836
755406,obv,BIN,31.45,78.94,False,11,relief_self_segmentation,cheap,0.0,0.0,0,0.00016,0.418,0.3082,0.5133,1.0,18.8,1148,False,72.0,30.0,6,0.3427,0.7395,1148,0.2354,0.0585,89.2104,56.3175
755406,obv,BIN,31.45,78.94,False,47,relief_self_segmentation,cheap,0.0,0.0,0,0.00017,0.2655,0.1956,0.4515,1.0,24.2,2132,False,53.0,91.0,2,0.7899,0.6419,2132,0.0072,0.0,116.9223,89.9321
755406,obv,BIN,31.45,78.94,False,56,relief_self_segmentation,cheap,0.0,0.0,0,0.00033,0.2907,0.2283,0.4361,1.0,31.3,3256,False,99.0,89.0,2,1.3397,0.5997,3256,0.0027,0.0004,119.4614,91.6817
755406,rev,BIN,30.83,78.95,False,7,sub_coin_noise_blob,cheap,0.0,0.0,0,0.00033,0.2208,0.1844,0.2886,0.0,34.9,4256,False,89.0,97.0,2,0.781,0.6,4256,0.0133,0.0,67.5582,61.5388
755406,rev,BIN,30.83,78.95,False,35,relief_self_segmentation,cheap,0.0,0.0,0,0.00056,0.2603,0.2468,0.5086,1.0,39.7,5508,False,55.0,77.0,2,0.5235,0.6654,5508,0.0127,0.0,111.7721,90.6399
755406,rev,BIN,30.83,78.95,False,40,relief_self_segmentation,cheap,0.0,0.0,0,0.0002,0.4756,0.3045,0.4869,1.0,21.2,1444,False,89.0,82.0,2,0.4471,0.8312,1444,0.0,0.0,135.9095,87.4917
755406,rev,BIN,30.83,78.95,False,53,relief_self_segmentation,cheap,0.0,0.0,0,0.00016,0.114,0.0812,0.3502,1.0,36.4,3965,False,97.0,68.0,2,0.73,0.3681,3965,0.0,0.0,113.3678,92.0008
755406,rev,BIN,30.83,78.95,False,68,relief_self_segmentation,expensive,0.2702,0.048,62,0.31014,0.2078,0.7931,0.6,0.9992,518.5,1360894,False,3.0,0.0,0,0.0603,0.9301,1360894,0.1223,0.0591,114.9222,74.4161
755406,rev,BIN,30.83,78.95,False,82,relief_self_segmentation,cheap,0.0,0.0,0,0.00032,0.158,0.0943,0.4023,1.0,48.4,5824,False,93.0,86.0,2,1.255,0.578,5824,0.021,0.0056,118.1321,86.4383
755406,rev,BIN,30.83,78.95,False,83,relief_self_segmentation,cheap,0.0,0.0,0,0.0003,0.0851,0.0612,0.3744,1.0,57.7,8448,False,77.0,56.0,2,1.825,0.408,8448,0.0001,0.0,106.4825,90.3381
755406,rev,BIN,30.83,78.95,False,104,relief_self_segmentation,cheap,0.0,0.0,0,0.00032,0.1462,0.1993,0.4554,1.0,33.4,3900,False,67.0,61.0,3,0.3968,0.4424,3900,0.0034,0.0,103.6517,90.8635
755407,obv,BIN,29.18,78.94,False,5,sub_coin_noise_blob,cheap,0.0,0.0,0,0.00017,0.23,0.2545,0.3301,0.0,21.5,1920,False,69.0,85.0,3,0.6185,0.4898,1920,0.0,0.0,67.5301,64.1821
755407,obv,BIN,29.18,78.94,False,11,sub_coin_noise_blob,cheap,0.0,0.0,0,0.00014,0.2367,0.1863,0.3368,0.0,22.9,1664,False,52.0,66.0,3,0.5188,0.5515,1664,0.0,0.0,76.7163,72.9311
755407,obv,BIN,29.18,78.94,False,17,sub_coin_noise_blob,cheap,0.0,0.0,0,0.00046,0.1651,0.129,0.3213,0.0,49.2,6901,False,43.0,89.0,4,0.9328,0.5096,6901,0.1176,0.0056,76.1548,64.8365
755407,obv,BIN,29.18,78.94,False,64,relief_self_segmentation,cheap,0.0,0.0,0,0.00017,0.031,0.0149,0.3264,0.9903,89.6,22253,False,168.0,44.0,2,2.7843,0.2006,22253,0.0107,0.0007,136.2154,95.6494
755407,obv,BIN,29.18,78.94,False,75,relief_self_segmentation,cheap,0.0,0.0,0,0.00024,0.16,0.1039,0.4102,1.0,39.5,3456,False,24.0,84.0,3,2.1446,0.4885,3456,0.0299,0.01,124.6555,90.2747
755407,rev,BIN,28.7,78.95,False,4,sub_coin_noise_blob,cheap,0.0,0.0,0,0.00015,0.2716,0.1507,0.3336,0.0,25.8,1767,False,94.0,77.0,2,0.8408,0.7236,1767,0.0,0.0,69.9946,63.1132
755407,rev,BIN,28.7,78.95,False,17,sub_coin_noise_blob,cheap,0.0,0.0,0,0.00072,0.1395,0.1795,0.2875,0.0,52.4,9785,False,76.0,92.0,2,1.1598,0.4574,9785,0.0612,0.0006,77.315,69.0879
755407,rev,BIN,28.7,78.95,False,65,relief_self_segmentation,cheap,0.0,0.0,0,0.00042,0.1377,0.1907,0.3153,0.0,39.1,4692,False,98.0,34.0,5,0.4522,0.4472,4692,0.0,0.0,94.9789,90.8315
755407,rev,BIN,28.7,78.95,False,72,relief_self_segmentation,cheap,0.0,0.0,0,0.0002,0.1757,0.1238,0.2652,0.0,33.6,2800,False,68.0,89.0,2,0.6685,0.5135,2800,0.0,0.0,96.6963,92.2036
755407,rev,BIN,28.7,78.95,False,104,relief_self_segmentation,cheap,0.0499,0.0,0,0.00758,0.0687,0.2119,0.3518,0.0502,156.8,93555,False,105.0,68.0,5,0.5558,0.4881,93555,0.0281,0.0027,93.674,87.119
755407,rev,BIN,28.7,78.95,False,130,relief_self_segmentation,cheap,0.0,0.0,0,0.00022,0.2506,0.1471,0.3961,1.0,32.1,2886,False,86.0,64.0,3,1.1812,0.7455,2886,0.0037,0.0,112.4455,82.506
755407,rev,BIN,28.7,78.95,False,134,relief_self_segmentation,cheap,0.0,0.0,0,0.00017,0.0951,0.1329,0.3355,0.0,29.8,2772,False,70.0,58.0,5,0.7445,0.3198,2772,0.0,0.0,99.0344,94.5456
755407,rev,BIN,28.7,78.95,False,150,relief_self_segmentation,cheap,0.0,0.0,0,0.00055,0.0653,0.0813,0.3701,0.9733,68.3,10530,False,82.0,81.0,3,2.0061,0.3306,10530,0.0054,0.0002,113.3321,87.8545
755407,rev,BIN,28.7,78.95,False,180,relief_self_segmentation,cheap,0.0,0.0,0,0.00026,0.0837,0.1494,0.334,0.324,34.8,3850,False,105.0,41.0,4,0.3731,0.3749,3850,0.0,0.0,103.7159,90.2751
755407,rev,BIN,28.7,78.95,False,203,attached_artifact,cheap,0.1541,0.0657,1,0.00654,0.093,0.2241,0.4243,0.2108,141.6,70720,False,78.0,46.0,4,0.3458,0.5605,70720,0.0009,0.0,97.0913,90.8621
755408,obv,BIN,26.79,78.94,False,0,sub_coin_noise_blob,cheap,0.211,0.0,0,0.00025,0.2427,0.2511,0.3557,0.0,26.3,2867,False,73.0,40.0,6,0.4548,0.5173,2867,0.0,0.0,65.3328,62.6044
755408,obv,BIN,26.79,78.94,False,2,sub_coin_noise_blob,cheap,0.0,0.0,0,0.00022,0.2322,0.1491,0.254,0.0,31.9,3034,False,45.0,102.0,2,0.8403,0.6058,3034,0.0004,0.0,67.7441,62.4032
755408,obv,BIN,26.79,78.94,False,23,attached_artifact,cheap,0.0143,0.0,0,0.00528,0.0877,0.1193,0.3451,0.0,174.4,77027,False,131.0,61.0,4,0.8409,0.4929,77027,0.1143,0.0399,79.626,72.5325
755408,obv,BIN,26.79,78.94,False,64,relief_self_segmentation,cheap,0.0,0.0,0,0.00071,0.0911,0.2361,0.3493,0.0557,45.5,7600,False,36.0,25.0,6,0.3225,0.387,7600,0.0,0.0,95.2712,91.145
755408,obv,BIN,26.79,78.94,False,78,relief_self_segmentation,cheap,0.0,0.0,0,0.00023,0.2384,0.1771,0.3224,0.0,29.9,2448,False,90.0,91.0,2,0.9539,0.5646,2448,0.0,0.0,96.8063,91.2404
755408,obv,BIN,26.79,78.94,False,81,relief_self_segmentation,cheap,0.029,0.0,0,0.00788,0.0771,0.1687,0.4114,0.0094,179.2,95667,False,88.0,101.0,3,1.0366,0.4545,95667,0.0634,0.0181,91.3592,83.6928
755408,obv,BIN,26.79,78.94,False,97,relief_self_segmentation,cheap,0.0,0.0,0,0.00039,0.1473,0.1879,0.3259,0.0,37.6,4590,False,103.0,60.0,3,0.3953,0.473,4590,0.0,0.0,98.3157,93.621
755408,obv,BIN,26.79,78.94,False,111,relief_self_segmentation,cheap,0.0,0.0,0,0.00037,0.171,0.106,0.3431,1.0,49.2,7830,False,76.0,115.0,2,2.4973,0.5793,7830,0.064,0.0316,102.8518,78.4328
755408,obv,BIN,26.79,78.94,False,132,relief_self_segmentation,cheap,0.0,0.0,0,0.00028,0.1304,0.1774,0.3388,0.0,32.6,3243,False,70.0,68.0,4,0.5099,0.4266,3243,0.0,0.0,98.125,94.1986
755408,obv,BIN,26.79,78.94,False,192,non_circular_flan,expensive,0.1883,0.0297,49,0.33008,0.1264,0.7517,0.5382,0.7128,549.5,1487772,False,3.0,5.0,5,0.0746,0.9015,1487772,0.1155,0.052,100.6505,73.278
755408,rev,BIN,27.94,78.95,False,17,sub_coin_noise_blob,cheap,0.0,0.0,0,0.00054,0.1016,0.1497,0.3383,0.0,49.9,7905,False,94.0,76.0,3,0.6858,0.4238,7905,0.0373,0.0,77.5913,70.2393
755408,rev,BIN,27.94,78.95,False,108,relief_self_segmentation,cheap,0.0,0.0,0,0.00019,0.2673,0.2396,0.4979,1.0,23.4,2064,False,110.0,66.0,2,0.4866,0.6121,2064,0.1931,0.0185,108.3347,65.2352
755408,rev,BIN,27.94,78.95,False,124,relief_self_segmentation,cheap,0.0,0.0,0,0.00015,0.2919,0.1948,0.3069,0.1078,22.9,1643,False,87.0,92.0,2,0.7594,0.6687,1643,0.0,0.0,100.7834,95.0679
755408,rev,BIN,27.94,78.95,False,179,relief_self_segmentation,cheap,0.0288,0.0,0,0.00218,0.1475,0.122,0.2628,0.209,110.8,27560,False,84.0,87.0,3,0.8706,0.6265,27560,0.009,0.0145,98.4333,92.0269
755408,rev,BIN,27.94,78.95,False,180,low_contrast_coastline,expensive,0.1591,0.0191,44,0.31151,0.1509,0.7945,0.616,0.9224,519.2,1414804,False,1.0,14.0,1,0.0522,0.9251,1414804,0.1212,0.0441,100.0074,72.1476
755409,obv,BIN,30.51,78.94,False,11,sub_coin_noise_blob,cheap,0.0,0.0,0,0.0013,0.2519,0.2224,0.2962,0.0,63.3,12900,False,75.0,83.0,2,0.6894,0.6729,12900,0.1627,0.0619,64.7453,53.6145
755409,obv,BIN,30.51,78.94,False,12,sub_coin_noise_blob,cheap,0.0,0.0,0,0.00196,0.2907,0.2643,0.3709,0.0,71.4,16642,False,47.0,78.0,2,0.6044,0.7391,16642,0.2438,0.1166,64.6023,46.9648
755409,obv,BIN,30.51,78.94,False,31,sub_coin_noise_blob,cheap,0.0,0.0,0,0.00121,0.2762,0.342,0.3755,0.0,49.4,9605,False,84.0,32.0,6,0.3421,0.6624,9605,0.0,0.0,76.5669,73.5568
755409,obv,BIN,30.51,78.94,False,32,sub_coin_noise_blob,cheap,0.0,0.0,0,0.00038,0.1221,0.1611,0.3199,0.0,40.4,5874,False,87.0,84.0,3,0.9551,0.3547,5874,0.0034,0.0,77.6053,72.1112
755409,rev,BIN,30.86,78.95,False,8,sub_coin_noise_blob,cheap,0.0,0.0,0,0.00026,0.1525,0.1333,0.2647,0.0,36.4,3870,False,102.0,63.0,3,0.8767,0.4157,3870,0.127,0.0003,67.195,57.2416
755409,rev,BIN,30.86,78.95,False,9,sub_coin_noise_blob,cheap,0.0452,0.0,0,0.00113,0.2671,0.2531,0.361,0.0,55.5,10296,False,67.0,78.0,2,0.4722,0.7154,10296,0.09,0.0035,65.5189,58.9316
755409,rev,BIN,30.86,78.95,False,90,relief_self_segmentation,cheap,0.1086,0.0,0,0.00097,0.3137,0.2806,0.4606,1.0,48.8,9064,False,87.0,92.0,2,0.7174,0.661,9064,0.0014,0.0,101.1316,82.7736
755409,rev,BIN,30.86,78.95,False,163,low_contrast_coastline,expensive,0.1988,0.0553,36,0.29296,0.149,0.8094,0.6157,0.9863,498.9,1355068,False,0.0,0.0,0,0.0489,0.9079,1355068,0.1314,0.0478,115.6923,70.3074
755410,obv,BIN,29.35,78.94,False,3,sub_coin_noise_blob,cheap,0.0,0.0,0,0.00021,0.233,0.1443,0.3251,0.0,31.9,3055,False,85.0,99.0,2,0.7722,0.6232,3055,0.0069,0.0,66.5415,59.8242
755410,obv,BIN,29.35,78.94,False,21,sub_coin_noise_blob,cheap,0.0,0.0,0,0.00067,0.285,0.2814,0.2827,0.0,40.3,6384,False,98.0,73.0,4,0.5992,0.6363,6384,0.0,0.0,74.6835,71.0789
755410,obv,BIN,29.35,78.94,False,32,relief_self_segmentation,cheap,0.0,0.0,0,0.00022,0.423,0.3365,0.4514,1.0,21.2,1530,False,90.0,98.0,2,0.4742,0.7218,1530,0.0083,0.0,117.4159,85.7344
755410,obv,BIN,29.35,78.94,False,38,relief_self_segmentation,cheap,0.0,0.0,0,0.00058,0.1229,0.1339,0.4879,1.0,54.7,9612,False,82.0,88.0,2,2.2188,0.4228,9612,0.1197,0.0089,107.1199,78.6452
755410,obv,BIN,29.35,78.94,False,74,relief_self_segmentation,cheap,0.0,0.0,0,0.00021,0.3851,0.2986,0.4452,0.9902,21.7,1568,False,93.0,114.0,3,0.4963,0.6971,1568,0.0226,0.0,116.8343,82.3484
755410,obv,BIN,29.35,78.94,False,93,relief_self_segmentation,cheap,0.0,0.0,0,0.00039,0.1436,0.1867,0.4527,0.9515,38.0,5340,False,89.0,92.0,4,0.827,0.3675,5340,0.0203,0.0,113.8546,81.7158
755410,obv,BIN,29.35,78.94,False,121,relief_self_segmentation,cheap,0.0,0.0,0,0.00036,0.2374,0.2565,0.3986,0.4048,30.9,3381,False,47.0,51.0,3,0.3731,0.5512,3381,0.003,0.0,98.6131,86.1987
755410,obv,BIN,29.35,78.94,False,143,unclassified_ragged,expensive,0.2563,0.0628,49,0.30637,0.1377,0.7954,0.5953,0.9078,514.6,1475784,False,4.0,3.0,2,0.0692,0.8796,1475784,0.1096,0.0556,123.277,73.7631
755410,rev,BIN,29.7,78.95,False,11,sub_coin_noise_blob,cheap,0.0,0.0,0,0.00026,0.2707,0.1915,0.3393,0.0,30.5,3243,False,50.0,77.0,3,0.9346,0.6424,3243,0.0473,0.0,68.336,59.3342
755410,rev,BIN,29.7,78.95,False,32,sub_coin_noise_blob,cheap,0.0,0.0,0,0.00083,0.3186,0.2953,0.3715,0.0,43.9,6716,False,53.0,87.0,2,0.3977,0.7251,6716,0.0282,0.0,77.2732,69.9628
755410,rev,BIN,29.7,78.95,False,71,relief_self_segmentation,cheap,0.0,0.0,0,0.00017,0.2241,0.2093,0.4535,1.0,23.9,1736,False,79.0,52.0,4,0.609,0.5095,1736,0.1469,0.0057,112.5455,66.3616
755410,rev,BIN,29.7,78.95,False,77,relief_self_segmentation,cheap,0.0,0.0,0,0.00015,0.2086,0.1529,0.5028,1.0,25.8,1830,False,53.0,133.0,2,0.8032,0.5311,1830,0.005,0.0,117.9184,86.7902
755410,rev,BIN,29.7,78.95,False,86,relief_self_segmentation,cheap,0.0,0.0,0,0.00029,0.1361,0.2124,0.2956,0.0348,30.5,3404,False,88.0,49.0,5,0.4893,0.4313,3404,0.0,0.0,95.4094,92.1016
755410,rev,BIN,29.7,78.95,False,104,relief_self_segmentation,cheap,0.0,0.0,0,0.00016,0.1646,0.2452,0.5001,1.0,21.5,1872,False,67.0,44.0,5,0.3163,0.4082,1872,0.0751,0.0,108.9082,74.6955
755410,rev,BIN,29.7,78.95,False,111,relief_self_segmentation,cheap,0.0,0.0,0,0.0002,0.2851,0.2952,0.4991,1.0,21.5,2304,False,58.0,77.0,5,0.4618,0.581,2304,0.0,0.0,108.7505,86.471
755410,rev,BIN,29.7,78.95,False,118,relief_self_segmentation,cheap,0.0,0.0,0,0.00028,0.2954,0.3464,0.5136,1.0,23.4,2052,False,93.0,36.0,7,0.244,0.671,2052,0.006,0.0,106.4294,81.167
755410,rev,BIN,29.7,78.95,False,124,relief_self_segmentation,cheap,0.0094,0.0,0,0.00549,0.0721,0.1143,0.4166,0.9991,181.6,93750,False,23.0,59.0,2,0.5379,0.5002,93750,0.0103,0.0001,117.262,91.8169
755410,rev,BIN,29.7,78.95,False,133,relief_self_segmentation,expensive,0.3007,0.0464,66,0.26317,0.1188,0.7649,0.5939,0.9992,486.4,1290172,False,20.0,0.0,0,0.0902,0.8778,1290172,0.1136,0.0681,113.9663,71.4989
755410,rev,BIN,29.7,78.95,False,157,relief_self_segmentation,cheap,0.0,0.0,0,0.0014,0.0714,0.0487,0.3755,0.9016,140.6,54775,False,126.0,59.0,4,1.5913,0.3736,54775,0.0043,0.0002,121.3309,93.3255
755410,rev,BIN,29.7,78.95,False,161,relief_self_segmentation,cheap,0.0,0.0,0,0.00021,0.0962,0.0982,0.2819,0.175,38.7,4505,False,101.0,92.0,2,0.9066,0.3736,4505,0.0051,0.0,100.8222,90.2687
755410,rev,BIN,29.7,78.95,False,164,relief_self_segmentation,cheap,0.0,0.0,0,0.00058,0.0886,0.1639,0.3405,0.1066,49.3,7371,False,55.0,48.0,3,0.5406,0.3636,7371,0.0436,0.0,100.0231,85.396
755411,obv,BIN,32.54,78.94,False,20,sub_coin_noise_blob,cheap,0.0,0.0,0,0.00119,0.2571,0.3133,0.3745,0.0,51.1,9048,False,52.0,53.0,4,0.384,0.6759,9048,0.1458,0.0202,65.9812,56.4911
755411,obv,BIN,32.54,78.94,False,21,sub_coin_noise_blob,cheap,0.0,0.0,0,0.00205,0.1734,0.1492,0.3089,0.0,97.1,26924,False,104.0,71.0,3,0.6951,0.632,26924,0.2039,0.1363,64.4311,49.1498
755411,obv,BIN,32.54,78.94,False,43,sub_coin_noise_blob,cheap,0.0,0.0,0,0.00232,0.1522,0.2528,0.3744,0.0,79.5,22560,False,76.0,64.0,4,0.5235,0.561,22560,0.1574,0.023,76.1011,62.1493
755411,obv,BIN,32.54,78.94,False,85,relief_self_segmentation,cheap,0.0,0.0,0,0.00021,0.3918,0.4241,0.3774,0.0,18.4,1600,False,64.0,57.0,5,0.3431,0.662,1600,0.0,0.0,96.4762,92.2701
755411,obv,BIN,32.54,78.94,False,92,relief_self_segmentation,cheap,0.0,0.0,0,0.00015,0.1114,0.076,0.2829,0.0,37.1,3115,False,98.0,39.0,5,0.7006,0.4062,3115,0.0,0.0,98.6908,92.8565
755411,obv,BIN,32.54,78.94,False,143,relief_self_segmentation,cheap,0.0,0.0,0,0.00084,0.2009,0.3942,0.4469,0.9819,38.2,6390,False,32.0,52.0,3,0.2048,0.6367,6390,0.0047,0.0,105.868,89.0917
755411,obv,BIN,32.54,78.94,False,192,low_contrast_coastline,expensive,0.1347,0.0489,25,0.312,0.2742,0.8099,0.5222,0.9813,514.6,1348723,False,0.0,0.0,0,0.0554,0.931,1348723,0.1205,0.0575,106.86,74.5896
755411,obv,BIN,32.54,78.94,False,230,relief_self_segmentation,cheap,0.0,0.0,0,0.00018,0.0557,0.043,0.2598,0.7918,54.3,8892,False,129.0,82.0,2,1.5769,0.2818,8892,0.0,0.0,113.981,93.3927
755411,obv,BIN,32.54,78.94,False,274,relief_self_segmentation,cheap,0.0,0.0,0,0.00042,0.1976,0.2488,0.369,0.3415,34.3,4484,False,62.0,62.0,5,0.4449,0.5113,4484,0.0,0.0,99.1977,92.4795
755411,obv,BIN,32.54,78.94,False,300,relief_self_segmentation,cheap,0.0,0.0,0,0.00122,0.0668,0.1012,0.2921,0.614,91.0,22788,False,133.0,48.0,3,0.755,0.337,22788,0.0,0.0,100.5525,95.6261
755411,obv,BIN,32.54,78.94,False,306,relief_self_segmentation,cheap,0.0,0.0,0,0.00023,0.1817,0.1286,0.251,0.4459,34.9,3476,False,113.0,83.0,2,1.5119,0.5203,3476,0.0,0.0,103.0454,95.4833
755411,obv,BIN,32.54,78.94,False,358,relief_self_segmentation,cheap,0.0,0.0,0,0.00023,0.0745,0.0773,0.2831,0.2605,45.1,5450,False,103.0,49.0,6,1.0572,0.3117,5450,0.0,0.0,103.2739,97.0865
755411,rev,BIN,31.67,78.95,False,14,sub_coin_noise_blob,cheap,0.0,0.0,0,0.00106,0.2119,0.2193,0.3563,0.0,57.7,12096,False,71.0,62.0,3,0.5408,0.6317,12096,0.2224,0.1034,65.4739,48.8103
755411,rev,BIN,31.67,78.95,False,15,sub_coin_noise_blob,cheap,0.0,0.0,0,0.00064,0.1474,0.1938,0.2974,0.0,47.6,9400,False,101.0,104.0,2,0.9566,0.4467,9400,0.0715,0.0,67.3281,60.3318
755411,rev,BIN,31.67,78.95,False,39,sub_coin_noise_blob,cheap,0.0,0.0,0,0.00102,0.1637,0.2437,0.3574,0.0,53.6,9555,False,52.0,43.0,4,0.4665,0.5014,9555,0.0,0.0,77.4798,74.9286
755411,rev,BIN,31.67,78.95,False,41,sub_coin_noise_blob,cheap,0.0483,0.0,0,0.00135,0.2869,0.4371,0.39,0.0,46.1,9030,False,72.0,92.0,3,0.3292,0.7142,9030,0.0,0.0,76.7112,72.7367
755411,rev,BIN,31.67,78.95,False,148,relief_self_segmentation,cheap,0.0,0.0,0,0.00022,0.1935,0.2074,0.315,0.0,27.0,2600,False,62.0,84.0,4,0.3972,0.4685,2600,0.0,0.0,95.5471,91.9224
755411,rev,BIN,31.67,78.95,False,163,relief_self_segmentation,cheap,0.0575,0.0,0,0.00095,0.1087,0.3012,0.3588,0.0604,46.5,8008,False,41.0,27.0,5,0.2573,0.4703,8008,0.0,0.0,95.6166,91.5527
755411,rev,BIN,31.67,78.95,False,184,relief_self_segmentation,cheap,0.0,0.0,0,0.00032,0.2421,0.1618,0.318,0.0,36.6,3520,False,64.0,65.0,3,0.6329,0.6054,3520,0.0,0.0,97.7454,91.6832
755411,rev,BIN,31.67,78.95,False,187,relief_self_segmentation,cheap,0.0,0.0,0,0.00024,0.1784,0.1826,0.2871,0.0,30.3,3212,False,105.0,92.0,2,0.7791,0.4409,3212,0.0,0.0,97.7286,93.1837
755411,rev,BIN,31.67,78.95,False,240,relief_self_segmentation,cheap,0.0,0.0,0,0.00054,0.1571,0.1784,0.3354,0.0,45.4,6222,False,107.0,45.0,5,0.5105,0.5148,6222,0.0,0.0,98.3642,93.7147
755411,rev,BIN,31.67,78.95,False,314,relief_self_segmentation,cheap,0.0,0.0,0,0.00014,0.1451,0.118,0.2797,0.0,29.0,2640,False,100.0,93.0,3,1.0528,0.365,2640,0.0,0.0,101.5916,95.8325
755411,rev,BIN,31.67,78.95,False,320,relief_self_segmentation,cheap,0.0,0.0,0,0.00064,0.1122,0.0712,0.3378,1.0,78.5,13176,False,105.0,128.0,2,2.1928,0.4753,13176,0.0034,0.0001,95.3305,85.6155
755411,rev,BIN,31.67,78.95,False,331,relief_self_segmentation,cheap,0.0,0.0,0,0.0003,0.0802,0.1585,0.35,0.0,36.1,5046,False,94.0,46.0,4,0.4106,0.3196,5046,0.0,0.0,98.9085,94.9276
755411,rev,BIN,31.67,78.95,False,339,relief_self_segmentation,cheap,0.0,0.0,0,0.00018,0.1729,0.2077,0.316,0.0,24.4,1824,False,60.0,81.0,2,0.5364,0.4585,1824,0.0,0.0,97.8891,94.4784
755411,rev,BIN,31.67,78.95,False,381,relief_self_segmentation,cheap,0.0,0.0,0,0.00017,0.121,0.1012,0.2728,0.2317,34.2,2835,False,106.0,51.0,3,0.6812,0.3804,2835,0.0,0.0,101.8706,96.6393
755411,rev,BIN,31.67,78.95,False,443,relief_self_segmentation,cheap,0.0,0.0,0,0.00034,0.1781,0.12,0.2564,0.0,44.3,4410,False,123.0,75.0,2,1.6427,0.5537,4410,0.0,0.0,101.3202,96.2865
755411,rev,BIN,31.67,78.95,False,475,relief_self_segmentation,cheap,0.0,0.0,0,0.00017,0.1369,0.2956,0.3607,0.0,19.7,2208,False,52.0,37.0,6,0.2745,0.4055,2208,0.0,0.0,101.5649,97.3476
755411,rev,BIN,31.67,78.95,False,512,non_circular_flan,expensive,0.139,0.0163,39,0.31603,0.1083,0.6978,0.4828,0.6728,558.0,1509432,False,0.0,43.0,4,0.096,0.8555,1509432,0.0624,0.0112,107.0184,81.2038
755411,rev,BIN,31.67,78.95,False,623,relief_self_segmentation,cheap,0.0,0.0,0,0.00018,0.2358,0.1614,0.3289,0.4758,27.5,1848,False,111.0,88.0,3,0.6829,0.6009,1848,0.0,0.0,104.4183,96.9009
755411,rev,BIN,31.67,78.95,False,639,relief_self_segmentation,cheap,0.0,0.0,0,0.00018,0.1205,0.132,0.3255,0.5057,31.0,2700,False,88.0,74.0,2,0.4649,0.4182,2700,0.0,0.0,105.8265,97.5032
755412,obv,BIN,30.87,78.94,False,16,sub_coin_noise_blob,cheap,0.0,0.0,0,0.0018,0.1984,0.1555,0.3067,0.0,89.2,22504,False,76.0,103.0,2,0.6867,0.6377,22504,0.2056,0.1189,64.5157,48.8507
755412,obv,BIN,30.87,78.94,False,17,sub_coin_noise_blob,cheap,0.0,0.0,0,0.00108,0.1687,0.1642,0.2833,0.0,67.4,15000,False,95.0,51.0,4,0.6372,0.5465,15000,0.2024,0.1206,65.5691,48.1978
755412,obv,BIN,30.87,78.94,False,29,sub_coin_noise_blob,cheap,0.0,0.0,0,0.00066,0.1462,0.2242,0.3481,0.0,45.0,8137,False,98.0,91.0,2,0.719,0.5095,8137,0.0916,0.0,76.9797,66.8172
755412,obv,BIN,30.87,78.94,False,32,sub_coin_noise_blob,cheap,0.0468,0.0,0,0.00159,0.136,0.2038,0.3483,0.0,73.2,18750,False,107.0,60.0,5,0.5556,0.5098,18750,0.2153,0.0204,76.9341,60.5841
755412,obv,BIN,30.87,78.94,False,38,sub_coin_noise_blob,cheap,0.0,0.0,0,0.00014,0.2403,0.1859,0.3134,0.0,22.9,1404,False,49.0,53.0,5,0.5644,0.6041,1404,0.0,0.0,84.3085,80.29
755412,obv,BIN,30.87,78.94,False,94,relief_self_segmentation,cheap,0.0953,0.0,0,0.00193,0.2468,0.5108,0.4093,0.0,50.9,12084,False,19.0,36.0,5,0.2021,0.707,12084,0.0026,0.0,93.829,88.7348
755412,obv,BIN,30.87,78.94,False,95,relief_self_segmentation,cheap,0.1648,0.0,0,0.0014,0.3852,0.4917,0.4104,0.056,44.2,8200,False,34.0,23.0,10,0.1966,0.7635,8200,0.0,0.0,93.2785,89.8833
755412,obv,BIN,30.87,78.94,False,103,relief_self_segmentation,cheap,0.0,0.0,0,0.00029,0.1971,0.2063,0.2875,0.0,30.8,3404,False,92.0,96.0,2,0.897,0.4864,3404,0.0,0.0,97.4587,93.0254
755412,obv,BIN,30.87,78.94,False,104,relief_self_segmentation,cheap,0.0,0.0,0,0.00015,0.1236,0.1375,0.2893,0.0,27.8,2730,False,109.0,60.0,3,0.4874,0.3555,2730,0.0,0.0,97.4334,93.1943
755412,obv,BIN,30.87,78.94,False,131,relief_self_segmentation,cheap,0.0,0.0,0,0.00164,0.041,0.1416,0.3045,0.2105,89.2,26412,False,97.0,58.0,3,0.5486,0.3251,26412,0.004,0.0001,98.2477,92.0956
755412,obv,BIN,30.87,78.94,False,153,relief_self_segmentation,cheap,0.0,0.0,0,0.00037,0.1341,0.0701,0.3864,1.0,60.5,11011,False,90.0,93.0,2,2.1947,0.598,11011,0.0161,0.0022,98.1187,83.7764
755412,obv,BIN,30.87,78.94,False,188,relief_self_segmentation,cheap,0.0,0.0,0,0.0002,0.0731,0.074,0.3115,0.1562,43.2,4429,False,60.0,69.0,4,0.6845,0.3146,4429,0.0,0.0,101.8354,96.0914
755412,obv,BIN,30.87,78.94,False,234,relief_self_segmentation,cheap,0.0,0.0,0,0.00016,0.1052,0.062,0.2434,0.3313,41.6,3600,False,104.0,133.0,2,2.5066,0.4095,3600,0.0,0.0,104.1939,97.2722
755412,obv,BIN,30.87,78.94,False,238,relief_self_segmentation,cheap,0.0,0.0,0,0.00015,0.2928,0.2624,0.3295,0.17,19.8,1305,False,77.0,84.0,3,0.5449,0.5677,1305,0.0,0.0,100.064,95.6767
755412,obv,BIN,30.87,78.94,False,290,non_circular_flan,expensive,0.2062,0.0296,44,0.36066,0.1464,0.7881,0.5263,0.6293,560.9,1573936,False,1.0,7.0,5,0.06,0.8942,1573936,0.0801,0.0204,101.8353,80.5716
755412,rev,BIN,31.33,78.95,False,12,sub_coin_noise_blob,cheap,0.0,0.0,0,0.00255,0.2308,0.1908,0.3603,0.0,95.9,27060,False,65.0,87.0,2,0.6081,0.6957,27060,0.2234,0.1196,63.9597,49.1157
755412,rev,BIN,31.33,78.95,False,15,sub_coin_noise_blob,cheap,0.0,0.0,0,0.00317,0.1633,0.2101,0.3606,0.0,101.9,33600,False,106.0,72.0,4,0.5276,0.6718,33600,0.1703,0.1349,65.2095,49.7019
755412,rev,BIN,31.33,78.95,False,44,sub_coin_noise_blob,cheap,0.0,0.0,0,0.00481,0.2441,0.3019,0.4032,0.0,104.6,35948,False,73.0,76.0,3,0.4574,0.773,35948,0.2057,0.0137,75.2575,60.8157
755412,rev,BIN,31.33,78.95,False,46,sub_coin_noise_blob,cheap,0.0,0.0,0,0.00032,0.2933,0.3564,0.351,0.0,24.8,2400,False,61.0,65.0,3,0.3918,0.6457,2400,0.0,0.0,83.189,79.4914
755412,rev,BIN,31.33,78.95,False,173,relief_self_segmentation,cheap,0.0717,0.0,0,0.0038,0.0542,0.2422,0.3845,0.0112,103.9,45355,False,26.0,66.0,3,0.363,0.4419,45355,0.0069,0.0,94.0111,89.2389
755412,rev,BIN,31.33,78.95,False,413,relief_self_segmentation,cheap,0.0,0.0,0,0.00015,0.2449,0.1631,0.2825,0.7857,24.9,1740,False,91.0,101.0,2,0.8812,0.5648,1740,0.0,0.0,103.3973,96.8015
755412,rev,BIN,31.33,78.95,False,419,non_circular_flan,expensive,0.1191,0.0095,40,0.39383,0.0551,0.6635,0.4804,0.4035,638.8,1726196,False,6.0,4.0,3,0.073,0.827,1726196,0.0979,0.0477,101.8,77.5661
755412,rev,BIN,31.33,78.95,False,484,relief_self_segmentation,cheap,0.0,0.0,0,0.00017,0.1361,0.2088,0.3299,0.4423,23.6,2491,False,78.0,66.0,3,0.3559,0.3548,2491,0.0,0.0,102.8677,98.8087
755412,rev,BIN,31.33,78.95,False,526,relief_self_segmentation,cheap,0.0,0.0,0,0.00021,0.2645,0.1823,0.3333,0.36,28.0,1943,False,120.0,55.0,3,0.6171,0.6412,1943,0.0,0.0,104.0078,96.8132
755412,rev,BIN,31.33,78.95,False,535,relief_self_segmentation,cheap,0.0,0.0,0,0.00014,0.1972,0.1257,0.256,0.4706,27.8,2405,False,113.0,98.0,2,1.1131,0.5457,2405,0.0,0.0,104.389,97.2128
755412,rev,BIN,31.33,78.95,False,566,relief_self_segmentation,cheap,0.0,0.0,0,0.00033,0.0583,0.0783,0.2711,0.3563,54.0,7353,False,103.0,72.0,4,1.3781,0.2942,7353,0.0,0.0,104.8761,98.0513
755413,obv,BIN,30.3,78.94,False,11,sub_coin_noise_blob,cheap,0.0,0.0,0,0.00164,0.2348,0.1818,0.3568,0.0,78.7,18144,False,56.0,86.0,2,0.7706,0.6569,18144,0.1946,0.0892,64.4815,50.4765
755413,obv,BIN,30.3,78.94,False,12,sub_coin_noise_blob,cheap,0.0,0.0,0,0.00118,0.2567,0.2307,0.347,0.0,59.3,10160,False,85.0,64.0,4,0.4746,0.6716,10160,0.1566,0.0767,65.5184,52.4893
755413,obv,BIN,30.3,78.94,False,30,sub_coin_noise_blob,cheap,0.0,0.0,0,0.00022,0.1331,0.1516,0.2874,0.0,31.9,3770,False,105.0,42.0,3,0.5421,0.3915,3770,0.0,0.0,79.3223,74.4423
755413,obv,BIN,30.3,78.94,False,40,sub_coin_noise_blob,cheap,0.0,0.0,0,0.00027,0.2377,0.2548,0.3558,0.0,27.1,2688,False,75.0,63.0,3,0.4857,0.5718,2688,0.0,0.0,83.4637,79.2327
755413,obv,BIN,30.3,78.94,False,75,attached_artifact,cheap,0.0183,0.0,0,0.0084,0.0588,0.0848,0.3668,0.0085,261.1,145464,False,151.0,98.0,2,2.1518,0.3605,145464,0.071,0.0208,84.743,85.0008
755413,obv,BIN,30.3,78.94,False,146,relief_self_segmentation,cheap,0.0471,0.0,0,0.00471,0.1248,0.3091,0.4027,0.0599,102.3,46893,False,81.0,75.0,2,0.4746,0.5627,46893,0.045,0.0001,93.695,85.2737
755413,obv,BIN,30.3,78.94,False,208,relief_self_segmentation,cheap,0.0,0.0,0,0.00022,0.1052,0.0794,0.2535,0.0,43.8,4326,False,119.0,60.0,2,1.8414,0.395,4326,0.0,0.0,102.6775,96.4185
755413,obv,BIN,30.3,78.94,False,241,unclassified_ragged,expensive,0.2887,0.0606,37,0.35839,0.1955,0.7399,0.5191,0.6547,577.1,1554479,False,0.0,18.0,3,0.072,0.9222,1554479,0.0954,0.0374,96.1177,78.7716
755413,rev,BIN,30.31,78.95,False,10,sub_coin_noise_blob,cheap,0.0,0.0,0,0.00014,0.2944,0.2979,0.3031,0.0,18.0,1280,False,86.0,47.0,3,0.509,0.553,1280,0.0,0.0,64.4957,61.4004
755413,rev,BIN,30.31,78.95,False,13,sub_coin_noise_blob,cheap,0.0,0.0,0,0.0003,0.228,0.2254,0.2917,0.0,30.4,3355,False,104.0,83.0,3,0.6709,0.5306,3355,0.104,0.0,65.4003,57.3943
755413,rev,BIN,30.31,78.95,False,16,sub_coin_noise_blob,cheap,0.0,0.0,0,0.00186,0.2543,0.2003,0.3656,0.0,79.8,18981,False,80.0,73.0,3,0.6525,0.6954,18981,0.1783,0.0906,64.7459,51.246
755413,rev,BIN,30.31,78.95,False,61,attached_artifact,cheap,0.0102,0.0,0,0.00752,0.096,0.183,0.3168,0.0,168.0,84102,False,116.0,68.0,4,0.8035,0.5575,84102,0.098,0.0015,78.84,71.809
755413,rev,BIN,30.31,78.95,False,64,attached_artifact,cheap,0.0118,0.0,0,0.00558,0.1106,0.1662,0.319,0.0,151.9,61560,False,113.0,79.0,4,0.845,0.6135,61560,0.0906,0.0348,81.0287,74.6526
755413,rev,BIN,30.31,78.95,False,72,relief_self_segmentation,cheap,0.0,0.0,0,0.00127,0.1508,0.3542,0.3687,0.0,49.6,9579,False,39.0,39.0,5,0.2508,0.6034,9579,0.0,0.0,88.1315,84.0383
755413,rev,BIN,30.31,78.95,False,73,relief_self_segmentation,cheap,0.0,0.0,0,0.00118,0.1508,0.2673,0.3582,0.0,55.0,12168,False,54.0,31.0,7,0.3817,0.5246,12168,0.0,0.0,88.5501,84.6499
755413,rev,BIN,30.31,78.95,False,79,relief_self_segmentation,cheap,0.0,0.0,0,0.00054,0.2496,0.2836,0.3668,0.0,36.3,5390,False,33.0,45.0,10,0.3854,0.5472,5390,0.0014,0.0,90.0071,84.5463
755413,rev,BIN,30.31,78.95,False,99,relief_self_segmentation,cheap,0.0,0.0,0,0.00015,0.24,0.2085,0.2822,0.0,22.4,1911,False,100.0,49.0,4,0.676,0.5066,1911,0.0,0.0,93.1384,88.6549
755413,rev,BIN,30.31,78.95,False,140,relief_self_segmentation,cheap,0.0243,0.0,0,0.00336,0.0515,0.1544,0.376,0.0,122.3,45402,False,112.0,62.0,4,0.9294,0.4049,45402,0.0417,0.0113,92.3383,85.8676
755413,rev,BIN,30.31,78.95,False,149,relief_self_segmentation,cheap,0.0,0.0,0,0.00028,0.2967,0.1904,0.3176,0.0,31.6,2550,False,71.0,80.0,2,0.8278,0.7178,2550,0.0,0.0,97.2658,91.2452
755413,rev,BIN,30.31,78.95,False,151,relief_self_segmentation,cheap,0.0,0.0,0,0.00126,0.0814,0.2103,0.3182,0.0,64.2,18348,False,112.0,58.0,5,0.4334,0.3953,18348,0.0292,0.0,94.4813,82.3501
755413,rev,BIN,30.31,78.95,False,152,relief_self_segmentation,cheap,0.0,0.0,0,0.00021,0.1535,0.1596,0.2831,0.0,29.8,3024,False,99.0,90.0,2,0.8357,0.3939,3024,0.0,0.0,98.0038,93.1841
755413,rev,BIN,30.31,78.95,False,215,relief_self_segmentation,cheap,0.0,0.0,0,0.00046,0.0733,0.1384,0.3345,0.0,47.8,7810,False,35.0,57.0,3,0.4313,0.3219,7810,0.0,0.0,98.2434,94.8866
755413,rev,BIN,30.31,78.95,False,285,relief_self_segmentation,cheap,0.0,0.0,0,0.00044,0.1142,0.1684,0.2853,0.0,42.6,7200,False,105.0,55.0,4,0.5932,0.3999,7200,0.0,0.0,99.8816,96.6858
755413,rev,BIN,30.31,78.95,False,313,non_circular_flan,expensive,0.2173,0.0287,51,0.35322,0.12,0.7104,0.5121,0.6025,584.7,1529326,False,10.0,3.0,2,0.0872,0.8839,1529326,0.1071,0.0379,96.2807,73.9138
755414,obv,BIN,29.22,78.94,False,3,sub_coin_noise_blob,cheap,0.0,0.0,0,0.00014,0.2266,0.1371,0.2536,0.0,26.9,2226,False,96.0,105.0,2,0.9617,0.5561,2226,0.0,0.0,66.9103,60.8131
755414,obv,BIN,29.22,78.94,False,6,sub_coin_noise_blob,cheap,0.0,0.0,0,0.0009,0.1737,0.2649,0.3634,0.0,48.4,9680,False,34.0,56.0,4,0.5305,0.5488,9680,0.1333,0.011,66.1561,56.6481
755414,obv,BIN,29.22,78.94,False,25,sub_coin_noise_blob,cheap,0.0,0.0,0,0.00062,0.1943,0.206,0.3001,0.0,45.7,8148,False,74.0,69.0,2,0.7005,0.536,8148,0.0022,0.0,77.2079,72.4349
755414,obv,BIN,29.22,78.94,False,26,relief_self_segmentation,cheap,0.0,0.0,0,0.00184,0.1979,0.1846,0.4477,1.0,82.8,21708,False,52.0,91.0,2,0.659,0.638,21708,0.342,0.1459,88.4588,50.6908
755414,obv,BIN,29.22,78.94,False,31,sub_coin_noise_blob,cheap,0.0897,0.0,0,0.00068,0.13,0.1559,0.3462,0.0,54.6,10209,False,67.0,91.0,3,0.9315,0.4796,10209,0.0713,0.0,78.7223,68.9744
755414,obv,BIN,29.22,78.94,False,34,sub_coin_noise_blob,cheap,0.0,0.0,0,0.0003,0.3174,0.2896,0.3202,0.0,26.6,2604,False,77.0,50.0,3,0.4829,0.6602,2604,0.0,0.0,83.323,79.547
755414,obv,BIN,29.22,78.94,False,83,relief_self_segmentation,cheap,0.0,0.0,0,0.00035,0.5204,0.4154,0.539,1.0,24.2,2280,False,50.0,76.0,3,0.3162,0.8028,2280,0.0389,0.0,102.866,73.0123
755414,obv,BIN,29.22,78.94,False,110,relief_self_segmentation,cheap,0.0,0.0,0,0.00099,0.1546,0.3602,0.3567,0.0623,43.5,7161,False,28.0,27.0,4,0.2128,0.5208,7161,0.0,0.0,94.3545,90.9767
755414,obv,BIN,29.22,78.94,False,161,relief_self_segmentation,cheap,0.0,0.0,0,0.00015,0.2509,0.2107,0.2917,0.2844,22.3,1734,False,110.0,89.0,2,1.1556,0.5388,1734,0.0,0.0,101.174,93.8732
755414,obv,BIN,29.22,78.94,False,168,relief_self_segmentation,cheap,0.1378,0.0,0,0.00055,0.2824,0.299,0.4753,1.0,35.4,4884,False,54.0,57.0,4,0.5152,0.6334,4884,0.2861,0.1072,110.7518,53.7534
755414,obv,BIN,29.22,78.94,False,170,relief_self_segmentation,cheap,0.0,0.0,0,0.00062,0.0714,0.1767,0.4737,1.0,49.1,9999,False,59.0,52.0,4,0.466,0.3419,9999,0.2074,0.1034,102.7553,61.8353
755414,obv,BIN,29.22,78.94,False,184,sub_coin_noise_blob,cheap,0.2874,0.2673,1,0.00138,0.096,0.1731,0.3699,0.1052,74.0,16464,False,44.0,31.0,5,0.4479,0.4665,16464,0.0001,0.0,96.856,92.7728
755414,obv,BIN,29.22,78.94,False,237,non_circular_flan,expensive,0.1971,0.031,43,0.29911,0.0613,0.7111,0.5592,0.8365,537.8,1526580,False,3.0,20.0,4,0.0833,0.8453,1526580,0.1379,0.0472,104.2802,71.0084
755414,rev,BIN,29.16,78.95,False,4,sub_coin_noise_blob,cheap,0.0,0.0,0,0.00042,0.215,0.2719,0.3352,0.0,32.6,3782,False,46.0,66.0,3,0.4427,0.5367,3782,0.0,0.0,66.6419,61.408
755414,rev,BIN,29.16,78.95,False,5,sub_coin_noise_blob,cheap,0.0,0.0,0,0.00021,0.2712,0.2032,0.3271,0.0,26.7,2745,False,83.0,73.0,3,0.9075,0.6217,2745,0.0,0.0,69.0484,61.9876
755414,rev,BIN,29.16,78.95,False,22,sub_coin_noise_blob,cheap,0.0,0.0,0,0.00039,0.1843,0.237,0.3188,0.0,33.8,4602,False,61.0,37.0,6,0.6045,0.5125,4602,0.0,0.0,79.2221,72.2251
755414,rev,BIN,29.16,78.95,False,25,sub_coin_noise_blob,cheap,0.0596,0.0,0,0.00124,0.236,0.288,0.373,0.0,54.4,10912,False,79.0,59.0,6,0.4031,0.6355,10912,0.1164,0.0006,77.3608,64.8056
755414,rev,BIN,29.16,78.95,False,30,sub_coin_noise_blob,cheap,0.0,0.0,0,0.0006,0.2389,0.3034,0.3533,0.0,36.8,5265,False,39.0,62.0,4,0.369,0.6104,5265,0.0,0.0,81.9879,78.2856
755414,rev,BIN,29.16,78.95,False,41,sub_coin_noise_blob,cheap,0.0,0.0,0,0.00015,0.3057,0.2271,0.2815,0.0,21.3,1400,False,99.0,76.0,5,0.5704,0.6559,1400,0.0,0.0,85.4385,82.2072
755414,rev,BIN,29.16,78.95,False,49,sub_coin_noise_blob,cheap,0.0,0.0,0,0.00193,0.1103,0.1672,0.3434,0.0,89.2,21670,False,88.0,80.0,2,0.8713,0.4896,21670,0.1275,0.0087,83.5394,69.7266
755414,rev,BIN,29.16,78.95,False,63,relief_self_segmentation,cheap,0.0,0.0,0,0.00059,0.1458,0.2155,0.3486,0.0,43.5,7735,False,66.0,72.0,4,0.5956,0.4448,7735,0.0,0.0,88.7879,82.6263
755414,rev,BIN,29.16,78.95,False,66,relief_self_segmentation,cheap,0.0,0.0,0,0.00042,0.201,0.2354,0.3612,0.0,35.0,4335,False,65.0,48.0,3,0.3824,0.5381,4335,0.0,0.0,90.1925,84.7144
755414,rev,BIN,29.16,78.95,False,73,relief_self_segmentation,cheap,0.0,0.0,0,0.0005,0.1099,0.21,0.3166,0.0,40.6,7566,False,68.0,39.0,5,0.5355,0.3905,7566,0.0,0.0,91.8912,89.1905
755414,rev,BIN,29.16,78.95,False,100,relief_self_segmentation,cheap,0.0,0.0,0,0.00027,0.5271,0.5032,0.4006,0.0,19.2,1600,False,42.0,28.0,2,0.2016,0.7941,1600,0.0,0.0,95.7021,91.9581
755414,rev,BIN,29.16,78.95,False,138,relief_self_segmentation,cheap,0.0,0.0,0,0.00047,0.2355,0.2262,0.4673,1.0,37.6,5104,False,60.0,81.0,3,0.5681,0.5211,5104,0.1753,0.1612,117.6733,57.5858
755414,rev,BIN,29.16,78.95,False,152,relief_self_segmentation,cheap,0.0,0.0,0,0.00069,0.1998,0.2966,0.4751,1.0,39.9,6375,False,57.0,29.0,5,0.4388,0.4982,6375,0.3289,0.115,120.3018,48.2948
755414,rev,BIN,29.16,78.95,False,204,relief_self_segmentation,cheap,0.0,0.0,0,0.00054,0.2198,0.1613,0.259,0.1389,48.1,6767,False,104.0,37.0,3,0.6564,0.5723,6767,0.0,0.0,100.3048,93.9597
755414,rev,BIN,29.16,78.95,False,207,low_contrast_coastline,expensive,0.2213,0.0411,54,0.29352,0.1441,0.7807,0.5737,0.8686,508.4,1386084,False,1.0,10.0,3,0.0574,0.8946,1386084,0.1558,0.0543,107.1457,68.4636
755415,obv,BIN,30.7,78.94,False,3,sub_coin_noise_blob,cheap,0.0,0.0,0,0.00024,0.2296,0.1634,0.2631,0.0,31.9,3392,False,71.0,107.0,2,0.8428,0.5752,3392,0.0223,0.0,67.1292,60.6639
755415,obv,BIN,30.7,78.94,False,7,sub_coin_noise_blob,cheap,0.0,0.0,0,0.00014,0.2794,0.2872,0.3055,0.0,18.5,1386,False,86.0,33.0,5,0.4864,0.5365,1386,0.0,0.0,76.7103,73.9894
755415,obv,BIN,30.7,78.94,False,84,relief_self_segmentation,cheap,0.0,0.0,0,0.00024,0.0972,0.0594,0.3248,0.9789,53.2,6096,False,134.0,53.0,5,0.7758,0.3921,6096,0.0288,0.0012,115.7253,87.627
755415,rev,BIN,30.7,78.95,False,39,relief_self_segmentation,cheap,0.0,0.0,0,0.00022,0.1284,0.07,0.347,1.0,46.5,5040,False,122.0,100.0,2,2.1738,0.612,5040,0.1084,0.0193,111.5915,93.2163
755415,rev,BIN,30.7,78.95,False,45,relief_self_segmentation,cheap,0.0,0.0,0,0.00016,0.1616,0.1195,0.3722,1.0,30.3,2336,False,136.0,54.0,4,0.7331,0.4638,2336,0.1605,0.0585,110.2241,80.2406
755415,rev,BIN,30.7,78.95,False,48,relief_self_segmentation,cheap,0.0,0.0,0,0.00021,0.3756,0.2587,0.4544,1.0,23.5,1750,False,80.0,60.0,3,0.5543,0.711,1750,0.1212,0.0338,106.2704,70.7801
755415,rev,BIN,30.7,78.95,False,51,relief_self_segmentation,cheap,0.0,0.0,0,0.00021,0.1755,0.1549,0.3885,1.0,30.6,2628,False,73.0,41.0,3,0.4799,0.4981,2628,0.1445,0.0799,113.9682,69.6024
755416,obv,BIN,29.7,78.94,False,4,sub_coin_noise_blob,cheap,0.0,0.0,0,0.00069,0.2826,0.2989,0.3641,0.0,39.8,5590,False,105.0,47.0,4,0.3765,0.6556,5590,0.0811,0.0,65.6656,58.2573
755416,obv,BIN,29.7,78.94,False,7,sub_coin_noise_blob,cheap,0.1371,0.0,0,0.00043,0.1368,0.1679,0.3284,0.0,42.1,6853,False,39.0,65.0,3,0.5942,0.4386,6853,0.1152,0.0004,65.9641,57.8452
755416,obv,BIN,29.7,78.94,False,83,relief_self_segmentation,cheap,0.0,0.0,0,0.00024,0.2167,0.1981,0.474,1.0,29.1,2688,False,68.0,48.0,6,0.4285,0.5451,2688,0.1186,0.0733,96.3706,71.1845
755416,obv,BIN,29.7,78.94,False,104,relief_self_segmentation,cheap,0.0,0.0,0,0.00038,0.1297,0.1359,0.3714,0.9345,43.6,5688,False,89.0,54.0,3,0.523,0.4812,5688,0.0183,0.0006,102.6703,87.2668
755416,obv,BIN,29.7,78.94,False,141,relief_self_segmentation,cheap,0.0,0.0,0,0.00016,0.099,0.1027,0.278,0.0,33.0,3744,False,100.0,67.0,3,0.8837,0.276,3744,0.0,0.0,100.9116,95.709
755416,rev,BIN,29.26,78.95,False,11,sub_coin_noise_blob,cheap,0.0,0.0,0,0.00077,0.2281,0.2134,0.3513,0.0,49.7,8250,False,84.0,44.0,6,0.4748,0.6011,8250,0.1493,0.0381,65.5712,53.709
755416,rev,BIN,29.26,78.95,False,15,sub_coin_noise_blob,cheap,0.0,0.0,0,0.00066,0.1458,0.196,0.2894,0.0,48.2,9682,False,105.0,61.0,2,0.5784,0.4603,9682,0.1213,0.0106,67.0374,56.8464
755416,rev,BIN,29.26,78.95,False,32,sub_coin_noise_blob,cheap,0.0,0.0,0,0.00374,0.2543,0.3742,0.3905,0.0,82.9,26884,False,68.0,72.0,4,0.3943,0.6903,26884,0.1862,0.0099,75.6696,61.7697
755416,rev,BIN,29.26,78.95,False,34,sub_coin_noise_blob,cheap,0.0261,0.0,0,0.00316,0.174,0.2809,0.3686,0.0,87.9,26988,False,89.0,63.0,4,0.4205,0.6752,26988,0.2121,0.0562,76.7904,58.4637
755416,rev,BIN,29.26,78.95,False,39,sub_coin_noise_blob,cheap,0.0,0.0,0,0.00026,0.1828,0.2012,0.3348,0.0,29.6,2772,False,70.0,58.0,3,0.6846,0.498,2772,0.0,0.0,83.887,79.5683
755416,rev,BIN,29.26,78.95,False,41,sub_coin_noise_blob,cheap,0.0,0.0,0,0.00053,0.3594,0.3939,0.3725,0.0,30.5,4148,False,65.0,47.0,4,0.3627,0.6919,4148,0.0,0.0,82.7486,78.866
755416,rev,BIN,29.26,78.95,False,46,sub_coin_noise_blob,cheap,0.0,0.0,0,0.00034,0.2813,0.3282,0.346,0.0,26.6,3038,False,59.0,70.0,3,0.5228,0.5791,3038,0.0,0.0,84.2335,79.7726
755416,rev,BIN,29.26,78.95,False,100,relief_self_segmentation,cheap,0.0,0.0,0,0.00018,0.1728,0.2358,0.3554,0.0,23.1,1872,False,51.0,36.0,4,0.2957,0.4539,1872,0.0,0.0,95.194,90.7563
755416,rev,BIN,29.26,78.95,False,110,relief_self_segmentation,cheap,0.07,0.0,0,0.00077,0.1029,0.2854,0.3572,0.0,43.1,6975,False,37.0,30.0,6,0.2632,0.4314,6975,0.0,0.0,95.7318,91.5183
755416,rev,BIN,29.26,78.95,False,111,relief_self_segmentation,cheap,0.0,0.0,0,0.00021,0.1858,0.1276,0.2637,0.0,33.6,2800,False,74.0,88.0,3,0.6809,0.5403,2800,0.0,0.0,96.7189,92.1841
755416,rev,BIN,29.26,78.95,False,221,relief_self_segmentation,cheap,0.0,0.0,0,0.00046,0.1529,0.2267,0.3567,0.0,37.5,5580,False,65.0,50.0,4,0.3889,0.4552,5580,0.0,0.0,97.8206,94.9304
755416,rev,BIN,29.26,78.95,False,304,low_contrast_coastline,expensive,0.141,0.0108,39,0.34728,0.2504,0.7673,0.5338,0.6118,557.8,1466172,False,0.0,5.0,1,0.0478,0.9295,1466172,0.0923,0.0166,103.9928,80.4281
755416,rev,BIN,29.26,78.95,False,335,relief_self_segmentation,cheap,0.0853,0.0,0,0.00075,0.1128,0.1054,0.2526,0.117,70.0,11830,False,87.0,89.0,4,0.9898,0.4337,11830,0.0,0.0,100.7763,97.3206
755417,obv,BIN,27.42,78.94,False,9,sub_coin_noise_blob,cheap,0.0332,0.0,0,0.00155,0.2369,0.199,0.3613,0.0,73.2,16065,False,54.0,81.0,2,0.6181,0.678,16065,0.1697,0.0855,64.9705,50.4759
755417,obv,BIN,27.42,78.94,False,10,sub_coin_noise_blob,cheap,0.0,0.0,0,0.00215,0.3183,0.2556,0.3599,0.0,76.1,17655,False,50.0,78.0,2,0.6155,0.7836,17655,0.2284,0.0872,64.447,47.9687
755417,obv,BIN,27.42,78.94,False,23,sub_coin_noise_blob,cheap,0.0,0.0,0,0.00148,0.1086,0.1855,0.3427,0.0,74.1,20320,False,73.0,56.0,4,0.6704,0.448,20320,0.205,0.078,76.406,56.0944
755417,obv,BIN,27.42,78.94,False,24,sub_coin_noise_blob,cheap,0.0,0.0,0,0.00184,0.157,0.2174,0.3537,0.0,76.3,18880,False,82.0,57.0,3,0.678,0.5643,18880,0.2012,0.0031,76.1976,61.6589
755417,obv,BIN,27.42,78.94,False,68,relief_self_segmentation,cheap,0.0,0.0,0,0.00031,0.2215,0.2478,0.3445,0.0,29.5,2881,False,64.0,36.0,5,0.4558,0.525,2881,0.0,0.0,94.4842,89.9691
755417,obv,BIN,27.42,78.94,False,80,relief_self_segmentation,cheap,0.0,0.0,0,0.00027,0.1757,0.1397,0.287,0.1345,36.2,3393,False,69.0,98.0,2,0.8549,0.521,3393,0.0,0.0,96.1822,92.3622
755417,obv,BIN,27.42,78.94,False,122,relief_self_segmentation,cheap,0.0,0.0,0,0.00042,0.0298,0.0137,0.2473,1.0,145.9,62928,False,166.0,50.0,2,3.6023,0.1917,62928,0.0087,0.0,122.1795,93.2345
755417,rev,BIN,29.2,78.95,False,11,sub_coin_noise_blob,cheap,0.0,0.0,0,0.00064,0.2999,0.2555,0.3385,0.0,41.5,5940,False,71.0,86.0,2,0.6376,0.6688,5940,0.1396,0.0,64.7374,56.1098
755417,rev,BIN,29.2,78.95,False,12,sub_coin_noise_blob,cheap,0.0,0.0,0,0.00203,0.2781,0.2279,0.3591,0.0,78.3,17820,False,88.0,85.0,2,0.5314,0.6908,17820,0.2033,0.0796,64.7665,50.7256
755417,rev,BIN,29.2,78.95,False,27,sub_coin_noise_blob,cheap,0.0,0.0,0,0.00083,0.14,0.1534,0.3135,0.0,60.9,12288,False,47.0,83.0,3,0.9328,0.4891,12288,0.155,0.0079,76.4015,63.3359
755417,rev,BIN,29.2,78.95,False,45,relief_self_segmentation,cheap,0.0,0.0,0,0.00026,0.2223,0.2247,0.2893,0.0,28.4,2912,False,91.0,121.0,2,0.9475,0.5018,2912,0.0,0.0,94.6584,90.2085
755417,rev,BIN,29.2,78.95,False,71,relief_self_segmentation,cheap,0.1124,0.0,0,0.00165,0.2983,0.4612,0.4064,0.0242,49.6,10608,False,50.0,30.0,6,0.2132,0.7038,10608,0.0359,0.0003,93.6786,86.5198
755417,rev,BIN,29.2,78.95,False,80,relief_self_segmentation,cheap,0.0,0.0,0,0.00024,0.1717,0.1882,0.3011,0.0,29.8,3096,False,92.0,99.0,2,0.9814,0.4488,3096,0.0,0.0,97.7286,93.0296
755418,obv,BIN,31.37,78.94,False,6,sub_coin_noise_blob,cheap,0.0,0.0,0,0.00129,0.2646,0.2543,0.3607,0.0,59.0,13034,False,75.0,57.0,4,0.5331,0.7029,13034,0.2061,0.118,65.0453,48.4282
755418,obv,BIN,31.37,78.94,False,22,sub_coin_noise_blob,cheap,0.0181,0.0,0,0.00289,0.2599,0.2966,0.3892,0.0,81.8,23408,False,70.0,84.0,3,0.5148,0.7063,23408,0.2331,0.065,75.53,57.1524
755418,obv,BIN,31.37,78.94,False,65,relief_self_segmentation,cheap,0.0,0.0,0,0.0003,0.2645,0.3438,0.3698,0.0,24.6,2184,False,35.0,43.0,4,0.3764,0.5955,2184,0.0,0.0,94.5846,90.0019
755418,obv,BIN,31.37,78.94,False,70,relief_self_segmentation,cheap,0.0,0.0,0,0.00017,0.355,0.385,0.3625,0.0,17.2,1240,False,77.0,75.0,7,0.4443,0.6119,1240,0.0,0.0,97.201,92.5952
755418,obv,BIN,31.37,78.94,False,79,relief_self_segmentation,cheap,0.0,0.0,0,0.00029,0.1958,0.146,0.32,0.1412,36.7,3344,False,66.0,94.0,3,0.8805,0.5591,3344,0.0,0.0,96.0725,92.3256
755418,obv,BIN,31.37,78.94,False,89,relief_self_segmentation,cheap,0.0,0.0,0,0.00022,0.2247,0.1646,0.2603,0.1449,30.5,2701,False,87.0,76.0,2,1.1209,0.5522,2701,0.0,0.0,99.2156,91.6633
755418,obv,BIN,31.37,78.94,False,117,relief_self_segmentation,cheap,0.0,0.0,0,0.00021,0.157,0.173,0.328,0.087,28.7,2652,False,81.0,44.0,3,0.5043,0.4362,2652,0.0,0.0,98.917,92.6903
755418,obv,BIN,31.37,78.94,False,172,relief_self_segmentation,cheap,0.0,0.0,0,0.00016,0.1053,0.1162,0.3208,0.0,30.7,2880,False,85.0,66.0,3,0.6616,0.3078,2880,0.0,0.0,99.1183,94.2212
755418,obv,BIN,31.37,78.94,False,241,low_contrast_coastline,expensive,0.151,0.0323,28,0.33709,0.1809,0.8207,0.5998,0.7803,531.4,1454267,False,0.0,2.0,1,0.0386,0.9318,1454267,0.0537,0.0081,106.7956,83.7596
755418,obv,BIN,31.37,78.94,False,245,relief_self_segmentation,cheap,0.0,0.0,0,0.00019,0.2037,0.1111,0.2575,0.3971,34.5,3354,False,107.0,101.0,3,2.0059,0.6394,3354,0.0,0.0,103.6054,95.6151
755418,obv,BIN,31.37,78.94,False,251,relief_self_segmentation,cheap,0.0,0.0,0,0.00016,0.3666,0.2234,0.2877,0.0,22.2,1419,False,96.0,69.0,3,0.5198,0.7246,1419,0.0,0.0,101.4137,96.8996
755418,obv,BIN,31.37,78.94,False,285,relief_self_segmentation,cheap,0.0,0.0,0,0.00023,0.0738,0.0779,0.2849,0.2647,44.6,5400,False,99.0,48.0,4,1.0286,0.312,5400,0.0,0.0,103.2902,97.074
755418,rev,BIN,30.46,78.95,False,13,sub_coin_noise_blob,cheap,0.0,0.0,0,0.00042,0.1781,0.174,0.3154,0.0,40.5,5742,False,69.0,82.0,4,0.8654,0.5074,5742,0.1692,0.035,64.7968,53.369
755418,rev,BIN,30.46,78.95,False,14,sub_coin_noise_blob,cheap,0.0458,0.0,0,0.0011,0.156,0.1621,0.345,0.0,68.2,13741,False,84.0,50.0,5,0.6061,0.5191,13741,0.1703,0.0868,66.1331,51.734
755418,rev,BIN,30.46,78.95,False,26,sub_coin_noise_blob,cheap,0.0,0.0,0,0.00091,0.1758,0.2101,0.3569,0.0,54.6,10355,False,87.0,50.0,5,0.5516,0.5674,10355,0.1841,0.0209,75.5715,59.9453
755418,rev,BIN,30.46,78.95,False,77,relief_self_segmentation,cheap,0.123,0.0,0,0.00124,0.2972,0.4448,0.3904,0.0174,43.8,8160,False,39.0,18.0,5,0.2203,0.7029,8160,0.0,0.0,93.8579,89.5597
755418,rev,BIN,30.46,78.95,False,89,relief_self_segmentation,cheap,0.0,0.0,0,0.00022,0.1596,0.1699,0.3081,0.0,29.8,3168,False,92.0,110.0,2,1.2252,0.401,3168,0.0,0.0,97.9173,93.0948
755418,rev,BIN,30.46,78.95,False,143,low_contrast_coastline,expensive,0.1853,0.0196,47,0.31277,0.2748,0.8494,0.6175,0.9998,503.2,1333735,False,1.0,0.0,0,0.0532,0.9443,1333735,0.1191,0.1061,110.6987,64.9342
755418,rev,BIN,30.46,78.95,False,149,relief_self_segmentation,cheap,0.0,0.0,0,0.00024,0.3082,0.3756,0.5493,0.9918,21.1,1710,False,59.0,49.0,3,0.3576,0.611,1710,0.1118,0.0264,89.041,68.0842
755418,rev,BIN,30.46,78.95,False,168,relief_self_segmentation,cheap,0.0,0.0,0,0.00022,0.1976,0.2724,0.465,1.0,23.6,2184,False,69.0,66.0,4,0.4127,0.4964,2184,0.0027,0.0,95.5372,77.8045
755418,rev,BIN,30.46,78.95,False,178,relief_self_segmentation,cheap,0.0,0.0,0,0.00019,0.1135,0.1006,0.2661,0.0,35.8,3096,False,100.0,61.0,4,2.0496,0.3615,3096,0.0,0.0,101.2736,95.6319
755418,rev,BIN,30.46,78.95,False,212,relief_self_segmentation,cheap,0.1345,0.0543,1,0.01305,0.051,0.0947,0.3781,0.3529,307.8,210330,False,124.0,75.0,3,1.3056,0.4073,210330,0.0167,0.0028,98.2782,97.2367
755418,rev,BIN,30.46,78.95,False,234,relief_self_segmentation,cheap,0.0,0.0,0,0.00044,0.062,0.0634,0.2544,0.3242,69.1,10560,False,102.0,74.0,4,0.9559,0.32,10560,0.0,0.0,102.1048,97.3811
755419,obv,BIN,33.1,78.94,False,32,sub_coin_noise_blob,cheap,0.0,0.0,0,0.00467,0.1871,0.214,0.3118,0.0,122.5,50373,False,102.0,83.0,2,0.5532,0.6879,50373,0.2659,0.1272,64.1715,48.9312
755419,obv,BIN,33.1,78.94,False,36,sub_coin_noise_blob,cheap,0.0308,0.0,0,0.00483,0.1967,0.1703,0.3177,0.0,139.6,57330,False,106.0,74.0,2,0.6683,0.7169,57330,0.1749,0.1164,65.3517,56.3538
755419,obv,BIN,33.1,78.94,False,57,sub_coin_noise_blob,cheap,0.0,0.0,0,0.00018,0.0771,0.042,0.3728,1.0,54.4,8505,False,131.0,61.0,2,1.5711,0.4096,8505,0.3923,0.1604,82.7232,52.0172
755419,obv,BIN,33.1,78.94,False,63,sub_coin_noise_blob,cheap,0.0105,0.0,0,0.00499,0.2184,0.3132,0.4097,0.0,104.6,36784,False,65.0,72.0,3,0.4573,0.6933,36784,0.1192,0.0063,75.7369,66.3951
755419,obv,BIN,33.1,78.94,False,69,sub_coin_noise_blob,cheap,0.0,0.0,0,0.00078,0.2471,0.2957,0.3061,0.0,42.7,6666,False,78.0,64.0,3,0.524,0.6091,6666,0.0,0.0,82.1756,78.6
755419,obv,BIN,33.1,78.94,False,95,relief_self_segmentation,cheap,0.0,0.0,0,0.00017,0.4999,0.4079,0.3593,0.0,16.8,1224,False,54.0,68.0,3,0.3772,0.7861,1224,0.0,0.0,87.7015,82.9802
755419,obv,BIN,33.1,78.94,False,110,relief_self_segmentation,cheap,0.0,0.0,0,0.0006,0.136,0.2589,0.3479,0.0,40.0,5920,False,86.0,30.0,8,0.3894,0.4809,5920,0.0,0.0,89.4741,85.3056
755419,obv,BIN,33.1,78.94,False,263,sub_coin_noise_blob,cheap,0.0,0.0,0,0.00015,0.1748,0.1233,0.4383,1.0,28.8,2368,False,132.0,73.0,2,2.326,0.4205,2368,0.4783,0.1182,70.4729,42.6409
755419,obv,BIN,33.1,78.94,False,443,non_circular_flan,expensive,0.1703,0.0182,45,0.39047,0.0349,0.6095,0.4776,0.5625,663.7,1980370,False,0.0,3.0,7,0.0707,0.7844,1980370,0.1443,0.0522,90.7827,67.1975
755419,obv,BIN,33.1,78.94,False,502,relief_self_segmentation,cheap,0.0,0.0,0,0.00017,0.1473,0.2347,0.3305,0.6149,22.0,2300,False,77.0,26.0,6,0.3613,0.3736,2300,0.0,0.0,103.0301,98.6817
755419,obv,BIN,33.1,78.94,False,552,relief_self_segmentation,cheap,0.0,0.0,0,0.00021,0.2984,0.1938,0.3266,0.395,27.0,1820,False,87.0,81.0,2,0.6579,0.6797,1820,0.0,0.0,103.9505,96.7161
755419,obv,BIN,33.1,78.94,False,571,relief_self_segmentation,cheap,0.0,0.0,0,0.00016,0.1537,0.0905,0.2508,0.2374,35.3,3564,False,118.0,104.0,2,1.6127,0.5072,3564,0.0,0.0,104.2033,97.6922
755419,obv,BIN,33.1,78.94,False,591,relief_self_segmentation,cheap,0.0,0.0,0,0.00037,0.0639,0.0871,0.2734,0.409,54.0,7869,False,101.0,78.0,3,1.3727,0.3079,7869,0.0,0.0,104.4835,98.0531
755419,rev,BIN,32.64,78.95,False,188,relief_self_segmentation,cheap,0.0,0.0,0,0.00024,0.0943,0.0896,0.287,0.1306,42.7,5369,False,69.0,56.0,3,1.0373,0.3041,5369,0.0,0.0,98.1965,94.1207
755419,rev,BIN,32.64,78.95,False,195,relief_self_segmentation,cheap,0.0,0.0,0,0.00024,0.2502,0.1987,0.3048,0.0,28.6,2350,True,86.0,54.0,2,0.7375,0.5967,2350,0.0,0.0,97.6993,94.7533
755419,rev,BIN,32.64,78.95,False,203,relief_self_segmentation,cheap,0.0,0.0,0,0.00015,0.4078,0.3404,0.3621,0.0,17.4,1080,False,64.0,61.0,3,0.4106,0.7048,1080,0.0,0.0,98.7065,95.859
755419,rev,BIN,32.64,78.95,False,209,relief_self_segmentation,cheap,0.0,0.0,0,0.00051,0.059,0.1336,0.3454,0.0,51.2,8064,False,50.0,56.0,5,0.4072,0.3227,8064,0.0,0.0,98.8035,95.7358
755419,rev,BIN,32.64,78.95,False,213,relief_self_segmentation,cheap,0.0,0.0,0,0.00072,0.0909,0.1759,0.3427,0.0208,53.0,12250,False,88.0,46.0,5,0.4645,0.3775,12250,0.0,0.0,98.7746,95.4904
755419,rev,BIN,32.64,78.95,False,219,relief_self_segmentation,cheap,0.0,0.0,0,0.00032,0.0774,0.094,0.2657,0.0,48.6,6136,True,103.0,67.0,3,2.2247,0.2622,6136,0.0,0.0,99.3092,96.9405
755419,rev,BIN,32.64,78.95,False,228,relief_self_segmentation,cheap,0.0,0.0,0,0.00035,0.126,0.0661,0.0,0.0516,60.7,4234,True,169.0,149.0,1,0.6513,0.6137,4234,0.0,0.0,101.1829,97.9549
755419,rev,BIN,32.64,78.95,False,229,non_circular_flan,expensive,0.2615,0.0552,90,0.64078,0.0448,0.5798,0.4349,0.1764,871.7,2160000,True,13.0,63.0,4,0.2953,0.8262,2160000,0.1142,0.0596,82.621,71.4555
755420,obv,BIN,33.76,78.94,False,3,sub_coin_noise_blob,cheap,0.0,0.0,0,0.00017,0.0644,0.0334,0.3248,0.9221,58.6,4900,False,166.0,72.0,2,3.479,0.3919,4900,0.3275,0.2089,80.8873,57.0315
755420,obv,BIN,33.76,78.94,False,149,non_circular_flan,expensive,0.2746,0.0315,49,0.33063,0.3092,0.7718,0.5342,0.6683,542.7,1432114,False,0.0,4.0,4,0.0636,0.941,1432114,0.1129,0.031,104.6468,75.8403
755420,obv,BIN,33.76,78.94,False,164,sub_coin_noise_blob,cheap,0.0,0.0,0,0.00029,0.0956,0.0967,0.3209,0.2427,45.6,5720,False,100.0,112.0,3,1.0425,0.3695,5720,0.0,0.0,102.6233,97.0053
755421,obv,BIN,29.63,78.94,False,13,relief_self_segmentation,cheap,0.0,0.0,0,0.00016,0.2054,0.1508,0.4307,1.0,26.9,2035,False,109.0,35.0,4,0.8297,0.5252,2035,0.1513,0.0593,108.8818,74.0285
755421,obv,BIN,29.63,78.94,False,27,relief_self_segmentation,cheap,0.0,0.0,0,0.00017,0.1695,0.0989,0.4344,1.0,34.5,3519,False,109.0,142.0,2,1.2532,0.4831,3519,0.1278,0.0579,122.1758,74.528
755421,obv,BIN,29.63,78.94,False,36,relief_self_segmentation,cheap,0.0,0.0,0,0.00016,0.2202,0.2033,0.4894,1.0,23.3,2160,False,81.0,74.0,5,0.8035,0.5302,2160,0.2033,0.0367,113.4384,73.3493
755421,obv,BIN,29.63,78.94,False,58,relief_self_segmentation,cheap,0.0,0.0,0,0.00026,0.0742,0.068,0.3815,0.9961,51.3,8208,False,107.0,72.0,2,0.8369,0.3624,8208,0.0437,0.0167,111.9207,89.2187
755421,obv,BIN,29.63,78.94,False,65,relief_self_segmentation,cheap,0.0,0.0,0,0.00029,0.259,0.3144,0.4869,1.0,25.2,2400,False,35.0,37.0,5,0.326,0.5817,2400,0.0056,0.0016,104.1489,88.5274
755421,obv,BIN,29.63,78.94,False,71,relief_self_segmentation,cheap,0.0,0.0,0,0.00021,0.3365,0.2341,0.4495,1.0,24.6,1860,False,61.0,96.0,3,0.6154,0.7013,1860,0.0587,0.0046,103.8825,84.9985
755422,obv,BIN,28.41,78.94,False,201,relief_self_segmentation,cheap,0.0,0.0,0,0.00015,0.3454,0.3954,0.3816,0.092,16.1,1260,False,76.0,47.0,5,0.3051,0.6181,1260,0.0,0.0,99.4087,96.7852
755422,obv,BIN,28.41,78.94,False,211,relief_self_segmentation,cheap,0.0,0.0,0,0.00029,0.236,0.1865,0.2843,0.4241,32.5,3042,False,97.0,60.0,5,0.5737,0.5638,3042,0.0,0.0,99.5571,96.218
755422,obv,BIN,28.41,78.94,False,250,relief_self_segmentation,cheap,0.0,0.0,0,0.00018,0.4424,0.3557,0.3626,0.0978,18.7,1075,False,1.0,53.0,5,0.3556,0.764,1075,0.0,0.0,101.5629,96.286
755422,obv,BIN,28.41,78.94,False,255,relief_self_segmentation,cheap,0.0,0.0,0,0.00026,0.3235,0.3109,0.3615,0.2937,23.9,1890,False,62.0,86.0,2,0.4175,0.649,1890,0.0,0.0,101.2087,96.3662
755422,obv,BIN,28.41,78.94,False,293,relief_self_segmentation,cheap,0.0,0.0,0,0.00014,0.1907,0.1131,0.2477,0.0656,29.2,1794,False,95.0,123.0,2,1.1847,0.535,1794,0.0,0.0,102.489,97.2811
755422,obv,BIN,28.41,78.94,False,340,relief_self_segmentation,cheap,0.0,0.0,0,0.00018,0.1109,0.0818,0.2543,0.4804,39.2,3588,False,122.0,53.0,4,0.6089,0.4073,3588,0.0,0.0,103.4074,98.0144
755422,obv,BIN,28.41,78.94,False,413,relief_self_segmentation,cheap,0.0,0.0,0,0.00016,0.115,0.1068,0.2791,0.3049,32.1,3003,False,104.0,37.0,3,0.564,0.3712,3003,0.0,0.0,103.8205,97.8278
755422,obv,BIN,28.41,78.94,False,448,relief_self_segmentation,cheap,0.0,0.0,0,0.00033,0.1042,0.2086,0.365,0.3944,33.0,3710,True,71.0,24.0,5,0.3728,0.3812,3710,0.0,0.0,102.4464,97.8716
755422,obv,BIN,28.41,78.94,False,451,unclassified_ragged,expensive,0.1579,0.0174,53,0.50808,0.0582,0.6995,0.4626,0.2214,706.7,2103000,False,4.0,0.0,0,0.0689,0.8324,2103000,0.0736,0.0385,82.3925,71.4144
755422,obv,BIN,28.41,78.94,False,492,relief_self_segmentation,cheap,0.0,0.0,0,0.00029,0.3361,0.2548,0.347,0.3759,28.0,2546,False,78.0,96.0,2,0.5354,0.6941,2546,0.0,0.0,102.6968,96.5528
755422,obv,BIN,28.41,78.94,False,507,relief_self_segmentation,cheap,0.0,0.0,0,0.00017,0.249,0.1515,0.3025,0.1379,27.4,2108,False,84.0,89.0,2,1.415,0.615,2108,0.0,0.0,104.1611,97.0336
755422,obv,BIN,28.41,78.94,False,510,relief_self_segmentation,cheap,0.0,0.0,0,0.00014,0.1536,0.1645,0.3026,0.0,24.3,2392,False,120.0,74.0,2,0.5269,0.4128,2392,0.0,0.0,104.0243,98.0498
755422,obv,BIN,28.41,78.94,False,515,relief_self_segmentation,cheap,0.0,0.0,0,0.00026,0.1157,0.1307,0.296,0.1923,37.2,4350,False,87.0,23.0,6,0.4279,0.3717,4350,0.0,0.0,103.1677,97.6192
755422,obv,BIN,28.41,78.94,False,519,relief_self_segmentation,cheap,0.0,0.0,0,0.00015,0.2387,0.2019,0.2862,0.0,22.4,1650,False,94.0,73.0,3,0.6598,0.5048,1650,0.0,0.0,102.7707,97.5656
755422,obv,BIN,28.41,78.94,False,520,relief_self_segmentation,cheap,0.0,0.0,0,0.00021,0.2319,0.2117,0.2882,0.3116,26.3,2880,False,106.0,74.0,3,0.7463,0.473,2880,0.0,0.0,101.6925,98.3901
755422,obv,BIN,28.41,78.94,False,541,relief_self_segmentation,cheap,0.1441,0.0,0,0.00064,0.0885,0.1378,0.3065,0.2884,56.6,10336,False,88.0,70.0,5,0.7216,0.3584,10336,0.0,0.0,102.4622,98.0509
755422,obv,BIN,28.41,78.94,False,566,relief_self_segmentation,cheap,0.0,0.0,0,0.00018,0.1424,0.2097,0.3087,0.2781,24.1,2250,True,70.0,46.0,4,0.8857,0.3392,2250,0.0,0.0,102.3557,98.0898
755422,rev,BIN,30.72,78.95,False,7,sub_coin_noise_blob,cheap,0.0,0.0,0,0.0022,0.2015,0.1653,0.3515,0.0,95.7,26703,False,75.0,89.0,2,0.8163,0.6574,26703,0.1531,0.128,64.2407,50.9509
755422,rev,BIN,30.72,78.95,False,17,sub_coin_noise_blob,cheap,0.0,0.0,0,0.00017,0.1305,0.107,0.2596,0.0,32.9,3080,False,111.0,29.0,3,0.4986,0.4231,3080,0.0,0.0,72.3296,69.0256
755422,rev,BIN,30.72,78.95,False,75,relief_self_segmentation,cheap,0.0,0.0,0,0.00018,0.321,0.3141,0.3508,0.0865,19.9,1672,False,96.0,74.0,2,0.4714,0.6173,1672,0.0,0.0,93.5213,89.7281
755422,rev,BIN,30.72,78.95,False,88,relief_self_segmentation,cheap,0.0,0.0,0,0.00017,0.2252,0.1356,0.301,0.0952,29.1,1794,False,106.0,91.0,4,1.6367,0.5995,1794,0.0,0.0,98.1816,91.8927
755422,rev,BIN,30.72,78.95,False,111,attached_artifact,expensive,0.0125,0.0,0,0.02801,0.0526,0.0989,0.3829,0.0019,441.2,618639,False,131.0,48.0,2,0.6866,0.3016,618639,0.1053,0.0389,80.1131,77.6309
755422,rev,BIN,30.72,78.95,False,130,relief_self_segmentation,cheap,0.0,0.0,0,0.00026,0.2555,0.246,0.3478,0.0,27.1,2496,False,79.0,39.0,7,0.4565,0.5853,2496,0.0012,0.0,96.0486,90.7126
755422,rev,BIN,30.72,78.95,False,135,relief_self_segmentation,cheap,0.0,0.0,0,0.00039,0.2011,0.2321,0.2989,0.0,33.9,4345,False,92.0,110.0,3,0.8172,0.4841,4345,0.0,0.0,96.8847,93.0712
755422,rev,BIN,30.72,78.95,False,172,attached_artifact,cheap,0.009,0.0,0,0.03282,0.0559,0.1529,0.3832,0.0175,384.1,418155,False,136.0,75.0,3,1.2685,0.4125,418155,0.0811,0.0239,86.1915,83.2622
755422,rev,BIN,30.72,78.95,False,250,relief_self_segmentation,cheap,0.0,0.0,0,0.00025,0.2153,0.174,0.2798,0.474,31.5,2964,False,93.0,60.0,4,0.5503,0.5466,2964,0.0,0.0,99.6232,96.2395
755422,rev,BIN,30.72,78.95,False,279,relief_self_segmentation,cheap,0.0,0.0,0,0.00078,0.096,0.1946,0.35,0.0,52.5,9919,False,58.0,46.0,5,0.4066,0.4123,9919,0.0,0.0,97.584,95.0825
755422,rev,BIN,30.72,78.95,False,308,relief_self_segmentation,cheap,0.0,0.0,0,0.00016,0.373,0.3038,0.3591,0.2021,19.2,1100,False,44.0,52.0,3,0.4115,0.6961,1100,0.0,0.0,101.8321,96.3839
755422,rev,BIN,30.72,78.95,False,317,relief_self_segmentation,cheap,0.0,0.0,0,0.00024,0.3059,0.2893,0.3554,0.2,23.9,1836,False,63.0,82.0,2,0.3936,0.6248,1836,0.0,0.0,101.3093,96.5428
755422,rev,BIN,30.72,78.95,False,333,relief_self_segmentation,cheap,0.0,0.0,0,0.00028,0.0923,0.2188,0.3444,0.0,29.5,3752,False,36.0,54.0,6,0.4592,0.3354,3752,0.0,0.0,101.0293,95.7151
755422,rev,BIN,30.72,78.95,False,355,relief_self_segmentation,cheap,0.0,0.0,0,0.0003,0.1714,0.1099,0.2951,0.3424,43.5,4851,False,100.0,99.0,2,1.5532,0.5696,4851,0.0,0.0,102.2909,96.3801
755422,rev,BIN,30.72,78.95,False,388,relief_self_segmentation,cheap,0.0,0.0,0,0.00019,0.1085,0.0817,0.255,0.0,40.0,4032,False,115.0,88.0,2,2.8827,0.3757,4032,0.0,0.0,103.0454,96.0639
755422,rev,BIN,30.72,78.95,False,409,relief_self_segmentation,cheap,0.0,0.0,0,0.00014,0.3513,0.1917,0.3051,0.0,22.3,1152,True,72.0,92.0,2,1.1721,0.8463,1152,0.0,0.0,105.5735,96.6906
755422,rev,BIN,30.72,78.95,False,428,relief_self_segmentation,cheap,0.0,0.0,0,0.00023,0.1647,0.302,0.3665,0.0,22.9,2538,False,52.0,52.0,5,0.2758,0.4766,2538,0.0,0.0,100.9211,97.034
755422,rev,BIN,30.72,78.95,False,434,relief_self_segmentation,cheap,0.0,0.0,0,0.0002,0.1235,0.0875,0.254,0.5909,39.2,3496,False,120.0,48.0,2,0.5649,0.439,3496,0.0,0.0,103.1621,97.992
755422,rev,BIN,30.72,78.95,False,439,attached_artifact,expensive,0.1856,0.0607,40,0.35726,0.1904,0.6975,0.5156,0.6399,593.4,1572624,False,2.0,31.0,2,0.0887,0.9248,1572624,0.0787,0.0241,87.9872,81.012
755422,rev,BIN,30.72,78.95,False,488,relief_self_segmentation,cheap,0.0,0.0,0,0.00125,0.0909,0.1707,0.3554,0.2042,71.1,19323,False,36.0,95.0,3,0.5228,0.3887,19323,0.0,0.0,100.641,97.0093
755422,rev,BIN,30.72,78.95,False,561,relief_self_segmentation,cheap,0.0,0.0,0,0.00033,0.1025,0.2081,0.368,0.3548,32.9,3657,True,73.0,23.0,4,0.3579,0.383,3657,0.0,0.0,102.383,97.9118
755422,rev,BIN,30.72,78.95,False,563,relief_self_segmentation,cheap,0.0,0.0,0,0.00036,0.0902,0.1246,0.2822,0.4203,44.6,8100,False,108.0,57.0,4,1.4733,0.2833,8100,0.0,0.0,102.3713,97.7275
755422,rev,BIN,30.72,78.95,False,601,relief_self_segmentation,cheap,0.0,0.0,0,0.00014,0.1832,0.208,0.2893,0.3966,21.6,1924,False,95.0,72.0,3,0.5282,0.4263,1924,0.0,0.0,102.1758,98.4359
755422,rev,BIN,30.72,78.95,False,611,relief_self_segmentation,cheap,0.0,0.0,0,0.00016,0.2401,0.1501,0.311,0.0,26.9,2040,False,78.0,92.0,2,1.3956,0.6137,2040,0.0,0.0,104.1328,97.0058
755422,rev,BIN,30.72,78.95,False,613,relief_self_segmentation,cheap,0.0,0.0,0,0.0005,0.1116,0.0872,0.2628,0.3549,63.0,9513,False,107.0,48.0,3,0.6893,0.3765,9513,0.0,0.0,102.9814,97.7705
755422,rev,BIN,30.72,78.95,False,618,relief_self_segmentation,cheap,0.0,0.0,0,0.00016,0.1729,0.1755,0.2972,0.1591,24.6,2430,False,101.0,85.0,3,0.7875,0.442,2430,0.0,0.0,103.8333,97.9878
755422,rev,BIN,30.72,78.95,False,624,relief_self_segmentation,cheap,0.0,0.0,0,0.00027,0.269,0.2747,0.3566,0.45,25.8,2508,False,91.0,41.0,5,0.403,0.5549,2508,0.0,0.0,100.9258,98.483
755422,rev,BIN,30.72,78.95,False,650,relief_self_segmentation,cheap,0.0,0.0,0,0.00051,0.0567,0.108,0.309,0.3747,57.1,10412,False,89.0,77.0,6,0.7191,0.2897,10412,0.0,0.0,103.6951,97.9939
755422,rev,BIN,30.72,78.95,False,676,relief_self_segmentation,cheap,0.0,0.0,0,0.00017,0.1394,0.215,0.335,0.3856,23.5,2068,True,65.0,49.0,4,0.8679,0.3421,2068,0.0,0.0,102.5644,98.0706
755422,rev,BIN,30.72,78.95,False,687,relief_self_segmentation,cheap,0.0,0.0,0,0.00023,0.086,0.1396,0.3104,0.0,33.5,3280,True,57.0,61.0,4,0.5347,0.2951,3280,0.0,0.0,103.1672,98.1284
755423,obv,BIN,32.25,78.94,False,41,sub_coin_noise_blob,cheap,0.0,0.0,0,0.00017,0.1992,0.1256,0.2505,0.2598,30.5,2967,False,92.0,92.0,2,1.7501,0.5861,2967,0.0,0.0,103.8218,95.353
755425,obv,BIN,30.59,78.94,False,10,sub_coin_noise_blob,cheap,0.0,0.0,0,0.00017,0.2175,0.124,0.2517,0.0,30.4,2584,False,104.0,70.0,3,1.0135,0.6318,2584,0.0,0.0,69.6967,62.7953
755425,obv,BIN,30.59,78.94,False,11,sub_coin_noise_blob,cheap,0.0,0.0,0,0.00142,0.2469,0.2329,0.3574,0.0,64.6,13900,False,75.0,65.0,7,0.5734,0.6988,13900,0.1719,0.0847,64.996,51.2702
755425,obv,BIN,30.59,78.94,False,24,sub_coin_noise_blob,cheap,0.1638,0.0,0,0.001,0.2066,0.3557,0.3654,0.0,43.9,8232,False,78.0,68.0,3,0.3961,0.611,8232,0.0011,0.0,76.7819,71.6695
755425,obv,BIN,30.59,78.94,False,51,relief_self_segmentation,cheap,0.0,0.0,0,0.00024,0.2456,0.1768,0.4523,1.0,30.4,3420,False,121.0,61.0,2,0.7399,0.5905,3420,0.2296,0.0445,113.8351,71.4032
755425,obv,BIN,30.59,78.94,False,86,relief_self_segmentation,cheap,0.0,0.0,0,0.00014,0.0961,0.0707,0.2926,0.0,37.1,3115,False,75.0,34.0,5,0.7796,0.3688,3115,0.0,0.0,99.0076,92.8458
755425,obv,BIN,30.59,78.94,False,221,relief_self_segmentation,cheap,0.0,0.0,0,0.00017,0.1187,0.0926,0.2577,0.0,35.3,3192,False,127.0,83.0,3,2.7028,0.3908,3192,0.0,0.0,103.058,96.3798
755425,obv,BIN,30.59,78.94,False,253,relief_self_segmentation,expensive,0.0903,0.0336,17,0.30619,0.0455,0.6678,0.5562,0.8224,561.5,1501173,False,0.0,42.0,1,0.0846,0.8333,1501173,0.0963,0.0289,107.8406,76.9933
755425,rev,BIN,30.15,78.95,False,6,sub_coin_noise_blob,cheap,0.0695,0.0,0,0.00086,0.1784,0.1941,0.3458,0.0,55.1,9690,False,53.0,79.0,3,0.5584,0.5998,9690,0.1123,0.0245,65.2095,57.3028
755425,rev,BIN,30.15,78.95,False,54,relief_self_segmentation,cheap,0.0,0.0,0,0.0004,0.1238,0.17,0.3147,0.0,40.1,4896,False,102.0,36.0,4,0.4694,0.4263,4896,0.0,0.0,95.1876,90.7889
755425,rev,BIN,30.15,78.95,False,62,relief_self_segmentation,cheap,0.0,0.0,0,0.0002,0.1759,0.1163,0.2681,0.1267,34.1,2673,False,75.0,88.0,2,0.6802,0.5254,2673,0.0,0.0,96.7669,92.2658
755425,rev,BIN,30.15,78.95,False,177,relief_self_segmentation,cheap,0.0,0.0,0,0.00046,0.3078,0.2885,0.3816,0.1412,33.0,3850,False,59.0,53.0,4,0.3816,0.6105,3850,0.0,0.0,98.6586,92.5572
755425,rev,BIN,30.15,78.95,False,204,low_contrast_coastline,expensive,0.1288,0.0124,36,0.32592,0.2153,0.7936,0.5921,0.7563,531.4,1413428,False,0.0,9.0,4,0.0548,0.9261,1413428,0.0882,0.016,105.9036,79.0825
755425,rev,BIN,30.15,78.95,False,223,relief_self_segmentation,cheap,0.0,0.0,0,0.00018,0.1147,0.0867,0.2561,0.0,37.6,3432,False,130.0,73.0,3,2.2749,0.3903,3432,0.0,0.0,102.88,96.4016
755426,obv,BIN,32.26,78.94,False,14,sub_coin_noise_blob,cheap,0.0,0.0,0,0.00271,0.2513,0.2751,0.3745,0.0,82.2,23584,False,73.0,77.0,3,0.5468,0.6916,23584,0.1887,0.0755,75.3295,58.2336
755426,obv,BIN,32.26,78.94,False,117,backdrop_vignette_blob,expensive,0.3448,0.2227,30,0.36418,0.2931,0.8196,0.5739,0.5984,552.7,1548708,False,0.0,0.0,0,0.0424,0.9371,1548708,0.141,0.105,100.7484,68.9661
755426,obv,BIN,32.26,78.94,False,133,sub_coin_noise_blob,cheap,0.0,0.0,0,0.00019,0.1141,0.1057,0.3175,0.2667,35.0,3360,False,100.0,87.0,2,1.3852,0.3625,3360,0.0,0.0,103.2274,96.7796
755426,rev,BIN,31.53,78.95,False,29,relief_self_segmentation,cheap,0.0,0.0,0,0.00056,0.3387,0.2132,0.4353,1.0,42.4,4040,False,87.0,75.0,2,0.6179,0.811,4040,0.302,0.0328,114.6185,61.6593
755426,rev,BIN,31.53,78.95,False,52,relief_self_segmentation,cheap,0.1838,0.0,0,0.00039,0.4373,0.2875,0.4992,1.0,30.4,2993,False,86.0,52.0,3,0.387,0.8183,2993,0.2274,0.0151,117.9535,66.0748
755426,rev,BIN,31.53,78.95,False,56,attached_artifact,cheap,0.1359,0.1077,1,0.01107,0.0845,0.1638,0.527,1.0,215.6,119280,False,84.0,82.0,2,1.046,0.5817,119280,0.0982,0.0091,105.2951,117.648
755426,rev,BIN,31.53,78.95,False,69,relief_self_segmentation,cheap,0.0,0.0,0,0.00261,0.1733,0.1648,0.4506,1.0,104.3,31964,False,125.0,85.0,2,1.6387,0.5291,31964,0.1545,0.013,142.5158,95.8741
755426,rev,BIN,31.53,78.95,False,94,relief_self_segmentation,expensive,0.1306,0.0325,18,0.23269,0.0253,0.64,0.5786,1.0,500.0,1397024,False,0.0,2.0,1,0.0865,0.6671,1397024,0.099,0.0411,120.4434,76.563
755427,obv,BIN,28.51,78.94,False,10,sub_coin_noise_blob,cheap,0.0,0.0,0,0.00042,0.163,0.169,0.3233,0.0,41.3,5874,False,72.0,81.0,2,0.8435,0.4964,5874,0.1447,0.0073,65.1472,55.1079
755427,obv,BIN,28.51,78.94,False,12,sub_coin_noise_blob,cheap,0.0,0.0,0,0.00193,0.2638,0.2153,0.36,0.0,78.5,18648,False,87.0,83.0,3,0.5479,0.6993,18648,0.1433,0.1153,65.1056,50.1735
755427,obv,BIN,28.51,78.94,False,30,sub_coin_noise_blob,cheap,0.0,0.0,0,0.00078,0.0882,0.1028,0.3462,0.0,72.3,18056,False,111.0,68.0,3,1.1509,0.3657,18056,0.1658,0.0208,77.2688,63.2673
755427,obv,BIN,28.51,78.94,False,31,sub_coin_noise_blob,cheap,0.0,0.0,0,0.00108,0.0835,0.1381,0.3336,0.0,73.2,18560,False,62.0,63.0,3,0.9067,0.359,18560,0.1619,0.001,76.6645,64.0632
755427,obv,BIN,28.51,78.94,False,77,relief_self_segmentation,cheap,0.0,0.0,0,0.00019,0.2122,0.1833,0.2783,0.0,27.0,3111,False,125.0,67.0,2,1.3022,0.4658,3111,0.0,0.0,92.8107,88.6764
755427,obv,BIN,28.51,78.94,False,109,relief_self_segmentation,cheap,0.0,0.0,0,0.00015,0.211,0.1314,0.2493,0.129,28.0,1742,False,102.0,62.0,2,1.5815,0.5864,1742,0.0,0.0,98.5039,91.8772
755427,obv,BIN,28.51,78.94,False,132,relief_self_segmentation,cheap,0.0,0.0,0,0.00086,0.1001,0.3023,0.3643,0.022,44.2,8137,False,56.0,32.0,6,0.277,0.4688,8137,0.0,0.0,95.1808,90.0539
755427,obv,BIN,28.51,78.94,False,147,relief_self_segmentation,cheap,0.0,0.0,0,0.00022,0.2041,0.1598,0.3321,0.0357,30.4,2482,False,69.0,102.0,2,1.0833,0.5237,2482,0.0,0.0,96.9758,90.5129
755427,obv,BIN,28.51,78.94,False,154,relief_self_segmentation,cheap,0.0,0.0,0,0.00039,0.2358,0.2411,0.3427,0.0,33.2,3792,False,88.0,107.0,3,0.778,0.5608,3792,0.0,0.0,96.8335,93.1838
755427,obv,BIN,28.51,78.94,False,160,relief_self_segmentation,cheap,0.0886,0.0,0,0.00633,0.0943,0.2692,0.4182,0.1719,127.2,66220,False,36.0,57.0,6,0.2933,0.5655,66220,0.0025,0.0,93.6822,90.0968
755427,obv,BIN,28.51,78.94,False,195,relief_self_segmentation,cheap,0.0,0.0,0,0.00039,0.078,0.153,0.3566,0.2092,41.9,6400,False,53.0,47.0,4,0.5588,0.3025,6400,0.0002,0.0,98.223,87.39
755427,obv,BIN,28.51,78.94,False,201,relief_self_segmentation,cheap,0.0,0.0,0,0.00107,0.2411,0.2071,0.2982,0.079,59.6,10530,False,53.0,71.0,7,0.589,0.6806,10530,0.0,0.0,96.642,93.5819
755427,obv,BIN,28.51,78.94,False,270,relief_self_segmentation,cheap,0.0,0.0,0,0.00029,0.236,0.1865,0.2843,0.4241,32.5,3042,False,97.0,60.0,5,0.5737,0.5638,3042,0.0,0.0,99.5571,96.218
755427,obv,BIN,28.51,78.94,False,321,relief_self_segmentation,cheap,0.0,0.0,0,0.00018,0.453,0.3489,0.3704,0.0989,18.7,1075,False,0.0,51.0,4,0.3588,0.765,1075,0.0,0.0,101.5524,96.3658
755427,obv,BIN,28.51,78.94,False,329,relief_self_segmentation,cheap,0.0,0.0,0,0.00026,0.3283,0.3095,0.361,0.304,23.9,1890,False,62.0,86.0,2,0.4149,0.6507,1890,0.0,0.0,101.2032,96.3834
755427,obv,BIN,28.51,78.94,False,357,relief_self_segmentation,cheap,0.0,0.0,0,0.00016,0.1909,0.2125,0.3482,0.0,22.6,1804,False,39.0,74.0,3,0.6614,0.4343,1804,0.0,0.0,100.3399,96.3121
755427,obv,BIN,28.51,78.94,False,381,relief_self_segmentation,cheap,0.0,0.0,0,0.00014,0.1901,0.1127,0.2498,0.0656,29.2,1794,False,95.0,123.0,2,1.1834,0.5337,1794,0.0,0.0,102.4904,97.2831
755427,obv,BIN,28.51,78.94,False,395,relief_self_segmentation,cheap,0.0,0.0,0,0.00016,0.234,0.1967,0.3004,0.3043,23.7,1836,False,80.0,82.0,3,0.5535,0.5062,1836,0.0,0.0,100.1007,95.9992
755427,obv,BIN,28.51,78.94,False,424,relief_self_segmentation,cheap,0.0,0.0,0,0.00018,0.1073,0.0803,0.2546,0.4833,39.2,3588,False,122.0,53.0,4,0.6147,0.3996,3588,0.0,0.0,103.4697,98.0163
755427,obv,BIN,28.51,78.94,False,440,relief_self_segmentation,cheap,0.0,0.0,0,0.00018,0.1204,0.0714,0.241,0.2286,41.6,3600,False,105.0,118.0,2,2.5756,0.4398,3600,0.0,0.0,103.7122,97.1264
755427,obv,BIN,28.51,78.94,False,475,unclassified_ragged,expensive,0.1774,0.0928,30,0.37664,0.1299,0.7358,0.4891,0.4452,593.2,1592014,False,2.0,12.0,6,0.0783,0.8916,1592014,0.06,0.0347,106.6073,81.5394
755427,obv,BIN,28.51,78.94,False,543,relief_self_segmentation,cheap,0.0,0.0,0,0.00033,0.1042,0.2086,0.365,0.3944,33.0,3710,True,71.0,24.0,5,0.3728,0.3812,3710,0.0,0.0,102.4464,97.8716
755427,obv,BIN,28.51,78.94,False,546,relief_self_segmentation,cheap,0.0,0.0,0,0.00026,0.1606,0.1532,0.2824,0.4551,33.9,4176,False,124.0,83.0,2,0.8987,0.3787,4176,0.0,0.0,102.609,97.6657
755427,obv,BIN,28.51,78.94,False,587,relief_self_segmentation,cheap,0.0,0.0,0,0.00029,0.3361,0.2548,0.347,0.3759,28.0,2546,False,78.0,96.0,2,0.5354,0.6941,2546,0.0,0.0,102.6968,96.5528
755427,obv,BIN,28.51,78.94,False,602,relief_self_segmentation,cheap,0.0,0.0,0,0.00017,0.249,0.1515,0.3025,0.1379,27.4,2108,False,84.0,89.0,2,1.415,0.615,2108,0.0,0.0,104.1611,97.0336
755427,obv,BIN,28.51,78.94,False,605,relief_self_segmentation,cheap,0.0,0.0,0,0.00014,0.1536,0.1645,0.3026,0.0,24.3,2392,False,120.0,74.0,2,0.5269,0.4128,2392,0.0,0.0,104.0243,98.0498
755427,obv,BIN,28.51,78.94,False,610,relief_self_segmentation,cheap,0.0,0.0,0,0.00026,0.1157,0.1307,0.296,0.1923,37.2,4350,False,87.0,23.0,6,0.4279,0.3717,4350,0.0,0.0,103.1677,97.6192
755427,obv,BIN,28.51,78.94,False,614,relief_self_segmentation,cheap,0.0,0.0,0,0.00015,0.2387,0.2019,0.2862,0.0,22.4,1650,False,94.0,73.0,3,0.6598,0.5048,1650,0.0,0.0,102.7707,97.5656
755427,obv,BIN,28.51,78.94,False,615,relief_self_segmentation,cheap,0.0,0.0,0,0.00021,0.2319,0.2117,0.2882,0.3116,26.3,2880,False,106.0,74.0,3,0.7463,0.473,2880,0.0,0.0,101.6925,98.3901
755427,obv,BIN,28.51,78.94,False,636,relief_self_segmentation,cheap,0.1441,0.0,0,0.00064,0.0885,0.1378,0.3065,0.2884,56.6,10336,False,88.0,70.0,5,0.7216,0.3584,10336,0.0,0.0,102.4622,98.0509
755427,obv,BIN,28.51,78.94,False,661,relief_self_segmentation,cheap,0.0,0.0,0,0.00018,0.1424,0.2097,0.3087,0.2781,24.1,2250,True,70.0,46.0,4,0.8857,0.3392,2250,0.0,0.0,102.3557,98.0898
755427,rev,BIN,29.08,78.95,False,22,sub_coin_noise_blob,cheap,0.0142,0.0,0,0.00448,0.1687,0.2261,0.362,0.0,116.7,45672,False,94.0,78.0,4,0.5174,0.6348,45672,0.1633,0.0913,64.4,54.5565
755427,rev,BIN,29.08,78.95,False,24,sub_coin_noise_blob,cheap,0.0,0.0,0,0.00395,0.1686,0.1776,0.2754,0.0,123.7,49950,False,76.0,74.0,2,0.5771,0.6661,49950,0.1406,0.0863,64.5809,59.3769
755427,rev,BIN,29.08,78.95,False,76,attached_artifact,cheap,0.0,0.0,0,0.00607,0.1474,0.2487,0.3737,0.0,129.6,55536,False,92.0,69.0,4,0.4828,0.6473,55536,0.1251,0.0241,76.2665,71.9507
755427,rev,BIN,29.08,78.95,False,132,sub_coin_noise_blob,cheap,0.0,0.0,0,0.00037,0.3564,0.3113,0.3609,0.0,28.5,2652,False,99.0,68.0,2,0.4142,0.6782,2652,0.0,0.0,86.534,83.5787
755427,rev,BIN,29.08,78.95,False,171,relief_self_segmentation,cheap,0.0,0.0,0,0.00178,0.0906,0.2276,0.3507,0.0,73.3,19722,False,78.0,56.0,5,0.4254,0.4636,19722,0.0,0.0,89.5037,86.8864
755427,rev,BIN,29.08,78.95,False,178,relief_self_segmentation,cheap,0.0,0.0,0,0.00017,0.2915,0.3405,0.3199,0.0,18.3,1404,True,60.0,65.0,4,0.5425,0.5556,1404,0.0,0.0,92.1108,88.3273
755427,rev,BIN,29.08,78.95,False,235,relief_self_segmentation,cheap,0.0,0.0,0,0.00022,0.0774,0.1085,0.3002,0.0,37.0,4437,False,59.0,35.0,4,0.4272,0.2864,4437,0.0,0.0,95.453,90.8515
755427,rev,BIN,29.08,78.95,False,236,relief_self_segmentation,cheap,0.0,0.0,0,0.00037,0.0692,0.1404,0.3317,0.0,42.6,5022,True,46.0,69.0,2,0.6157,0.3527,5022,0.0,0.0,95.6181,90.1113
755427,rev,BIN,29.08,78.95,False,276,relief_self_segmentation,cheap,0.0,0.0,0,0.00018,0.2202,0.2629,0.401,1.0,21.7,1845,False,81.0,96.0,3,0.5617,0.4848,1845,0.0,0.0,93.3921,80.8652
755427,rev,BIN,29.08,78.95,False,280,relief_self_segmentation,cheap,0.0,0.0,0,0.00024,0.3993,0.356,0.3418,0.0,21.6,1470,True,50.0,110.0,3,0.5338,0.6849,1470,0.0,0.0,98.0936,95.4207
755427,rev,BIN,29.08,78.95,False,283,relief_self_segmentation,cheap,0.0,0.0,0,0.00019,0.3522,0.3072,0.3127,0.0,20.9,1500,True,81.0,64.0,3,0.556,0.634,1500,0.0,0.0,100.0505,97.4611
755427,rev,BIN,29.08,78.95,False,284,relief_self_segmentation,cheap,0.0,0.0,0,0.00044,0.1466,0.0797,0.0,0.0467,61.7,4292,True,164.0,150.0,1,0.6081,0.6241,4292,0.0,0.0,100.9149,97.9194
755427,rev,BIN,29.08,78.95,False,285,non_circular_flan,expensive,0.1653,0.0248,87,0.5941,0.0733,0.5737,0.4181,0.2955,843.8,2029500,True,25.0,77.0,4,0.3659,0.8701,2029500,0.0939,0.0483,99.1913,73.459
755428,obv,BIN,28.21,78.94,False,7,sub_coin_noise_blob,cheap,0.0,0.0,0,0.00115,0.2365,0.2276,0.3521,0.0,59.1,12288,False,84.0,60.0,5,0.5702,0.6834,12288,0.2252,0.097,65.2732,47.6311
755428,obv,BIN,28.21,78.94,False,8,sub_coin_noise_blob,cheap,0.0435,0.0,0,0.00152,0.1593,0.1751,0.3589,0.0,77.2,20184,False,85.0,66.0,2,0.5604,0.592,20184,0.1736,0.1055,65.8744,49.66
755428,obv,BIN,28.21,78.94,False,23,sub_coin_noise_blob,cheap,0.0527,0.0,0,0.00128,0.3675,0.4034,0.3777,0.0,46.8,8925,False,82.0,66.0,4,0.4003,0.7512,8925,0.0907,0.0,76.2063,65.3252
755428,obv,BIN,28.21,78.94,False,27,sub_coin_noise_blob,cheap,0.0,0.0,0,0.0016,0.1249,0.1788,0.3658,0.0,78.6,21280,False,57.0,108.0,2,0.9136,0.5136,21280,0.1702,0.0649,76.838,58.833
755428,obv,BIN,28.21,78.94,False,174,relief_self_segmentation,cheap,0.078,0.0,0,0.00073,0.062,0.1833,0.3662,0.2234,52.4,9300,False,85.0,21.0,7,0.3528,0.3693,9300,0.0,0.0,101.1834,93.5501
755428,obv,BIN,28.21,78.94,False,183,relief_self_segmentation,cheap,0.0,0.0,0,0.00275,0.0303,0.0793,0.3211,0.1492,154.4,55784,False,124.0,57.0,3,1.2284,0.3411,55784,0.0131,0.003,99.9201,92.914
755428,obv,BIN,28.21,78.94,False,186,relief_self_segmentation,cheap,0.0,0.0,0,0.00031,0.2287,0.1614,0.2777,0.205,36.2,3969,False,105.0,99.0,2,1.1952,0.6009,3969,0.0,0.0,102.0067,95.6319
755428,obv,BIN,28.21,78.94,False,189,relief_self_segmentation,cheap,0.0,0.0,0,0.00017,0.2997,0.238,0.2946,0.0,22.3,1850,False,84.0,77.0,3,0.5316,0.6481,1850,0.0,0.0,101.3513,97.1079
755428,obv,BIN,28.21,78.94,False,221,relief_self_segmentation,cheap,0.0,0.0,0,0.00024,0.0774,0.0818,0.2916,0.2614,45.1,5559,False,103.0,50.0,4,0.9797,0.3227,5559,0.0,0.0,103.1731,97.0654
755428,rev,BIN,30.08,78.95,False,0,sub_coin_noise_blob,cheap,0.0,0.0,0,0.00017,0.1225,0.1687,0.3292,0.0,26.0,2580,False,100.0,22.0,8,0.4452,0.3687,2580,0.0,0.0,66.4218,61.845
755428,rev,BIN,30.08,78.95,False,4,sub_coin_noise_blob,cheap,0.0,0.0,0,0.00033,0.3216,0.3772,0.3481,0.0,24.4,2688,False,58.0,34.0,6,0.3911,0.6185,2688,0.0,0.0,65.9161,63.3187
755428,rev,BIN,30.08,78.95,False,85,relief_self_segmentation,cheap,0.0,0.0,0,0.00021,0.1711,0.153,0.3969,1.0,30.4,3672,False,107.0,54.0,6,0.6783,0.4149,3672,0.0247,0.0022,101.1811,81.023
755428,rev,BIN,30.08,78.95,False,103,relief_self_segmentation,cheap,0.0,0.0,0,0.00019,0.1098,0.1445,0.3432,0.0,30.5,2816,False,76.0,65.0,5,0.6717,0.3545,2816,0.0,0.0,98.8469,94.5026
755428,rev,BIN,30.08,78.95,False,148,relief_self_segmentation,cheap,0.0,0.0,0,0.00031,0.1913,0.138,0.3049,0.3466,39.2,4872,False,102.0,60.0,3,1.3127,0.5163,4872,0.0,0.0,101.7536,93.6301
755429,obv,BIN,30.92,78.94,False,4,sub_coin_noise_blob,cheap,0.2241,0.0,0,0.00024,0.2392,0.2363,0.3413,0.0,26.2,2666,False,73.0,41.0,4,0.4689,0.5231,2666,0.0,0.0,65.4,62.4249
755429,obv,BIN,30.92,78.94,False,6,sub_coin_noise_blob,cheap,0.0,0.0,0,0.00073,0.3324,0.2949,0.3362,0.0,41.2,5940,False,56.0,73.0,3,0.4772,0.7471,5940,0.154,0.0014,64.8639,56.1089
755429,rev,BIN,31.71,78.95,False,6,sub_coin_noise_blob,cheap,0.0,0.0,0,0.0011,0.2391,0.2177,0.3399,0.0,58.8,11176,False,83.0,61.0,3,0.6845,0.6504,11176,0.1665,0.1031,64.5354,50.8912
755429,rev,BIN,31.71,78.95,False,8,sub_coin_noise_blob,cheap,0.0,0.0,0,0.00138,0.1786,0.187,0.3542,0.0,71.2,16500,False,74.0,81.0,2,0.5728,0.6092,16500,0.1155,0.0642,66.0098,55.0492
755429,rev,BIN,31.71,78.95,False,22,sub_coin_noise_blob,cheap,0.0323,0.0,0,0.00189,0.1783,0.2169,0.3553,0.0,77.3,20709,False,89.0,61.0,3,0.6748,0.5908,20709,0.1987,0.0105,75.7593,62.6952
755429,rev,BIN,31.71,78.95,False,24,sub_coin_noise_blob,cheap,0.0,0.0,0,0.0017,0.1438,0.1825,0.3314,0.0,79.9,21488,False,85.0,96.0,2,1.0633,0.5862,21488,0.1536,0.0245,77.6274,64.4998
755429,rev,BIN,31.71,78.95,False,29,sub_coin_noise_blob,cheap,0.0,0.0,0,0.00035,0.4473,0.3411,0.3479,0.0,26.6,2520,False,85.0,64.0,4,0.4566,0.7956,2520,0.0,0.0,83.1133,78.98
755429,rev,BIN,31.71,78.95,False,113,sub_coin_noise_blob,cheap,0.0,0.0,0,0.00016,0.2721,0.2975,0.4816,1.0,19.4,1452,False,80.0,63.0,4,0.5884,0.5468,1452,0.0287,0.0,85.0713,75.8538
755429,rev,BIN,31.71,78.95,False,140,relief_self_segmentation,cheap,0.0,0.0,0,0.00022,0.1409,0.2414,0.4919,1.0,25.0,2499,False,92.0,27.0,4,0.3006,0.4293,2499,0.1452,0.0142,87.725,63.1772
755429,rev,BIN,31.71,78.95,False,172,relief_self_segmentation,cheap,0.0,0.0,0,0.00017,0.3426,0.367,0.4863,1.0,17.7,1476,False,76.0,37.0,6,0.4183,0.6045,1476,0.002,0.0,98.3487,71.554
755429,rev,BIN,31.71,78.95,False,347,non_circular_flan,expensive,0.1096,0.0358,15,0.37754,0.0436,0.6708,0.5266,0.569,622.1,1917528,False,0.0,5.0,13,0.0728,0.8106,1917528,0.0725,0.0159,104.5976,81.2647
755430,obv,BIN,31.19,78.94,False,12,sub_coin_noise_blob,cheap,0.0,0.0,0,0.00092,0.3727,0.3107,0.3614,0.0,45.0,7110,False,64.0,91.0,2,0.5365,0.7792,7110,0.1862,0.0573,64.7087,52.4308
755430,obv,BIN,31.19,78.94,False,15,sub_coin_noise_blob,cheap,0.0,0.0,0,0.00157,0.0831,0.1176,0.3012,0.0,95.9,29458,False,88.0,59.0,4,0.8911,0.4661,29458,0.2,0.1093,66.4538,50.5205
755430,obv,BIN,31.19,78.94,False,27,sub_coin_noise_blob,cheap,0.0,0.0,0,0.00014,0.2728,0.1759,0.3191,0.0,23.8,1512,False,70.0,48.0,4,0.6252,0.6136,1512,0.0,0.0,76.8209,72.2456
755430,obv,BIN,31.19,78.94,False,31,sub_coin_noise_blob,cheap,0.025,0.0,0,0.00207,0.2207,0.2996,0.369,0.0,69.0,16750,False,90.0,70.0,3,0.423,0.6648,16750,0.1524,0.0075,77.2434,64.6444
755430,obv,BIN,31.19,78.94,False,36,sub_coin_noise_blob,cheap,0.0,0.0,0,0.0006,0.2387,0.2545,0.3108,0.0,40.2,6300,False,61.0,64.0,4,0.4648,0.5894,6300,0.0,0.0,82.3236,78.6893
755430,obv,BIN,31.19,78.94,False,47,relief_self_segmentation,cheap,0.0,0.0,0,0.00015,0.4372,0.372,0.3499,0.0,16.6,1188,False,70.0,54.0,3,0.4113,0.7385,1188,0.0,0.0,87.7285,83.2235
755430,obv,BIN,31.19,78.94,False,56,relief_self_segmentation,cheap,0.0,0.0,0,0.00024,0.1089,0.1581,0.3058,0.0,32.0,4096,False,90.0,40.0,4,0.5177,0.3102,4096,0.0,0.0,90.7941,85.717
755430,obv,BIN,31.19,78.94,False,87,attached_artifact,cheap,0.0207,0.0,0,0.01785,0.067,0.1197,0.3827,0.0071,320.2,271984,False,141.0,68.0,4,1.2499,0.3965,271984,0.1096,0.0397,85.7291,85.1025
755430,obv,BIN,31.19,78.94,False,182,unclassified_ragged,expensive,0.2909,0.0714,47,0.34921,0.2206,0.7991,0.5497,0.6533,548.1,1516086,False,0.0,0.0,0,0.0512,0.9375,1516086,0.1609,0.057,89.9785,71.4567
755430,rev,BIN,31.48,78.95,False,9,sub_coin_noise_blob,cheap,0.0,0.0,0,0.00017,0.2742,0.1736,0.2606,0.0,26.1,1575,False,79.0,55.0,3,0.7482,0.7147,1575,0.0,0.0,65.5535,59.6177
755430,rev,BIN,31.48,78.95,False,12,sub_coin_noise_blob,cheap,0.0,0.0,0,0.00148,0.1455,0.1638,0.3449,0.0,78.7,17850,False,49.0,79.0,3,0.6319,0.5582,17850,0.1933,0.1586,65.1075,47.1976
755430,rev,BIN,31.48,78.95,False,16,sub_coin_noise_blob,cheap,0.0,0.0,0,0.002,0.1325,0.1436,0.3099,0.0,97.9,30096,False,93.0,84.0,3,0.8528,0.5735,30096,0.188,0.1749,65.643,48.6102
755430,rev,BIN,31.48,78.95,False,34,sub_coin_noise_blob,cheap,0.0,0.0,0,0.00109,0.2312,0.3455,0.3597,0.0,46.5,8715,False,70.0,73.0,3,0.5005,0.6666,8715,0.0959,0.0002,76.5487,66.3564
755430,rev,BIN,31.48,78.95,False,56,relief_self_segmentation,cheap,0.0,0.0,0,0.00021,0.1094,0.1101,0.2732,0.0,36.5,4386,False,117.0,29.0,5,0.5252,0.3252,4386,0.0,0.0,91.5645,86.6063
755430,rev,BIN,31.48,78.95,False,109,relief_self_segmentation,cheap,0.0,0.0,0,0.00039,0.201,0.2235,0.3652,0.2204,34.6,4200,False,79.0,63.0,3,0.5023,0.5156,4200,0.0004,0.0,95.0715,88.617
755430,rev,BIN,31.48,78.95,False,125,relief_self_segmentation,cheap,0.0,0.0,0,0.00019,0.1615,0.1541,0.2718,0.0,29.3,2760,False,93.0,112.0,2,1.4428,0.4121,2760,0.0,0.0,98.1481,93.2211
755430,rev,BIN,31.48,78.95,False,176,relief_self_segmentation,cheap,0.0,0.0,0,0.00041,0.0796,0.1311,0.3311,0.0,46.7,7560,False,38.0,44.0,5,0.4744,0.3214,7560,0.0,0.0,98.1629,94.9428
755430,rev,BIN,31.48,78.95,False,236,relief_self_segmentation,cheap,0.0,0.0,0,0.00017,0.1213,0.2383,0.3509,0.0,21.9,2304,False,60.0,20.0,5,0.292,0.3757,2304,0.0,0.0,101.5034,97.4995
755430,rev,BIN,31.48,78.95,False,255,unclassified_ragged,expensive,0.2989,0.0899,52,0.36858,0.101,0.8054,0.5192,0.4413,560.9,1693770,False,0.0,0.0,0,0.0531,0.8789,1693770,0.1371,0.0942,89.4663,70.4872
755431,obv,BIN,31.72,78.94,False,24,sub_coin_noise_blob,cheap,0.0,0.0,0,0.00144,0.1258,0.1103,0.3103,0.0,94.7,24960,False,88.0,67.0,3,0.9788,0.5582,24960,0.1805,0.0914,65.0159,53.3251
755431,obv,BIN,31.72,78.94,False,41,sub_coin_noise_blob,cheap,0.0,0.0,0,0.00272,0.2221,0.2811,0.3815,0.0,81.5,23895,False,40.0,74.0,4,0.4417,0.6548,23895,0.1972,0.0843,75.4325,57.3684
755431,obv,BIN,31.72,78.94,False,91,relief_self_segmentation,cheap,0.0,0.0,0,0.00016,0.1315,0.0865,0.2516,0.1401,35.6,3010,False,103.0,87.0,2,0.8479,0.4238,3010,0.0,0.0,97.3709,92.3418
755431,obv,BIN,31.72,78.94,False,133,relief_self_segmentation,cheap,0.0,0.0,0,0.00036,0.1249,0.1643,0.3599,0.0,38.8,5046,False,53.0,70.0,3,0.5632,0.4461,5046,0.0,0.0,96.6734,90.9194
755431,obv,BIN,31.72,78.94,False,175,relief_self_segmentation,cheap,0.0,0.0,0,0.00033,0.0892,0.0946,0.298,0.1381,48.7,5452,False,67.0,65.0,4,0.7902,0.3686,5452,0.0,0.0,100.5137,95.8963
755431,obv,BIN,31.72,78.94,False,239,relief_self_segmentation,cheap,0.0,0.0,0,0.00014,0.1386,0.2517,0.3304,0.0,19.6,1920,False,65.0,53.0,6,0.3655,0.3608,1920,0.0,0.0,101.7314,97.1961
755431,obv,BIN,31.72,78.94,False,268,low_contrast_coastline,expensive,0.1468,0.0134,45,0.36753,0.087,0.7678,0.5856,0.7166,573.7,1639174,False,0.0,7.0,2,0.0568,0.8896,1639174,0.0883,0.0199,99.4429,79.6635
755431,rev,BIN,31.33,78.95,False,34,sub_coin_noise_blob,cheap,0.0,0.0,0,0.0014,0.1915,0.165,0.3359,0.0,76.4,17365,False,92.0,86.0,2,0.8755,0.6301,17365,0.1469,0.0884,64.7874,52.7412
755431,rev,BIN,31.33,78.95,False,35,sub_coin_noise_blob,cheap,0.0,0.0,0,0.0029,0.2732,0.2139,0.3799,0.0,96.6,27872,False,72.0,92.0,3,0.5832,0.7462,27872,0.1994,0.1331,63.7723,49.1047
755431,rev,BIN,31.33,78.95,False,66,attached_artifact,cheap,0.0,0.0,0,0.00523,0.1666,0.2222,0.344,0.0,127.2,51816,False,97.0,74.0,3,0.608,0.6481,51816,0.1655,0.0481,75.2717,66.0057
755431,rev,BIN,31.33,78.95,False,71,sub_coin_noise_blob,cheap,0.0,0.0,0,0.00479,0.1516,0.166,0.3589,0.0,140.9,56256,False,101.0,79.0,4,0.6631,0.6249,56256,0.1451,0.0256,75.9186,68.0693
755431,rev,BIN,31.33,78.95,False,79,sub_coin_noise_blob,cheap,0.0,0.0,0,0.00021,0.4442,0.4427,0.3827,0.0,18.1,1295,False,68.0,44.0,4,0.2887,0.7217,1295,0.0,0.0,86.7842,83.5791
755431,rev,BIN,31.33,78.95,False,105,relief_self_segmentation,cheap,0.0,0.0,0,0.00069,0.1693,0.2567,0.3592,0.0,43.0,6834,False,72.0,64.0,3,0.565,0.4834,6834,0.0,0.0,88.7057,83.8335
755431,rev,BIN,31.33,78.95,False,112,relief_self_segmentation,cheap,0.0,0.0,0,0.00028,0.5189,0.5955,0.4019,0.0,18.1,1520,False,45.0,23.0,7,0.1982,0.7846,1520,0.0,0.0,89.1241,86.9462
755431,rev,BIN,31.33,78.95,False,244,relief_self_segmentation,cheap,0.0,0.0,0,0.0002,0.0995,0.1601,0.3436,0.0,29.0,3120,False,98.0,93.0,3,0.3407,0.3407,3120,0.0,0.0,101.6463,95.3729
755431,rev,BIN,31.33,78.95,False,285,relief_self_segmentation,cheap,0.0,0.0,0,0.00017,0.1215,0.1001,0.2757,0.0,34.1,2835,False,106.0,51.0,3,0.6718,0.3829,2835,0.0,0.0,101.8797,96.6464
755431,rev,BIN,31.33,78.95,False,391,low_contrast_coastline,expensive,0.1339,0.0201,47,0.41887,0.0966,0.7511,0.5465,0.4003,619.2,1925096,False,0.0,2.0,5,0.0551,0.8837,1925096,0.0868,0.0314,95.7309,81.3143
755431,rev,BIN,31.33,78.95,False,505,relief_self_segmentation,cheap,0.0,0.0,0,0.00018,0.2358,0.1614,0.3289,0.4113,27.5,1848,False,111.0,88.0,3,0.6829,0.6009,1848,0.0,0.0,104.4183,96.9009
755431,rev,BIN,31.33,78.95,False,521,relief_self_segmentation,cheap,0.0,0.0,0,0.00018,0.1205,0.132,0.3255,0.5057,31.0,2700,False,88.0,74.0,2,0.4649,0.4182,2700,0.0,0.0,105.8265,97.5032
755432,obv,BIN,31.77,78.94,False,14,sub_coin_noise_blob,cheap,0.0,0.0,0,0.00354,0.1732,0.1781,0.3112,0.0,116.9,41184,False,93.0,51.0,3,0.6406,0.6501,41184,0.2162,0.1132,63.4808,50.1768
755432,obv,BIN,31.77,78.94,False,17,attached_artifact,cheap,0.0,0.0,0,0.00505,0.1613,0.1999,0.3256,0.0,131.7,54435,False,89.0,56.0,5,0.5491,0.6601,54435,0.1935,0.1142,64.169,53.1896
755432,obv,BIN,31.77,78.94,False,41,sub_coin_noise_blob,cheap,0.0317,0.0,0,0.00397,0.2089,0.2391,0.387,0.0,106.8,36540,False,79.0,76.0,2,0.577,0.7157,36540,0.1798,0.0063,75.6862,63.3027
755432,obv,BIN,31.77,78.94,False,44,attached_artifact,cheap,0.0158,0.0,0,0.0055,0.2477,0.2646,0.3422,0.0,119.6,48260,False,97.0,83.0,2,0.6282,0.7198,48260,0.1489,0.0173,76.1352,65.8427
755432,obv,BIN,31.77,78.94,False,45,sub_coin_noise_blob,cheap,0.0,0.0,0,0.00036,0.2829,0.3079,0.3619,0.0,28.2,2814,False,47.0,69.0,3,0.3238,0.6104,2814,0.0,0.0,82.8632,79.0558
755432,obv,BIN,31.77,78.94,False,99,relief_self_segmentation,cheap,0.0,0.0,0,0.00021,0.1852,0.2784,0.3625,0.0,23.0,2392,False,40.0,57.0,6,0.4624,0.4526,2392,0.0,0.0,90.7379,86.5795
755432,obv,BIN,31.77,78.94,False,449,multi_object_weld,expensive,0.0618,0.0061,4,0.06542,0.0337,0.1205,0.3547,0.1312,611.0,1025433,False,122.0,56.0,2,0.5873,0.3167,1025433,0.0229,0.0047,96.036,100.2032
755432,obv,BIN,31.77,78.94,False,508,relief_self_segmentation,cheap,0.0,0.0,0,0.00017,0.1473,0.2347,0.3305,0.6149,22.0,2300,False,77.0,26.0,6,0.3613,0.3736,2300,0.0,0.0,103.0301,98.6817
755432,obv,BIN,31.77,78.94,False,558,relief_self_segmentation,cheap,0.0,0.0,0,0.00021,0.2984,0.1938,0.3266,0.395,27.0,1820,False,87.0,81.0,2,0.6579,0.6797,1820,0.0,0.0,103.9505,96.7161
755432,obv,BIN,31.77,78.94,False,577,relief_self_segmentation,cheap,0.0,0.0,0,0.00016,0.1537,0.0905,0.2508,0.2374,35.3,3564,False,118.0,104.0,2,1.6127,0.5072,3564,0.0,0.0,104.2033,97.6922
755432,obv,BIN,31.77,78.94,False,597,relief_self_segmentation,cheap,0.0,0.0,0,0.00037,0.0639,0.0871,0.2734,0.409,54.0,7869,False,101.0,78.0,3,1.3727,0.3079,7869,0.0,0.0,104.4835,98.0531
755432,rev,BIN,30.18,78.95,False,13,sub_coin_noise_blob,cheap,0.0,0.0,0,0.00273,0.2609,0.2039,0.3563,0.0,95.9,27192,False,93.0,91.0,3,0.5917,0.7212,27192,0.2229,0.1374,63.8051,47.0209
755432,rev,BIN,30.18,78.95,False,15,sub_coin_noise_blob,cheap,0.0,0.0,0,0.00424,0.2535,0.2231,0.3952,0.0,114.3,42312,False,84.0,55.0,4,0.4264,0.7349,42312,0.2157,0.1141,64.0989,50.9194
755432,rev,BIN,30.18,78.95,False,35,sub_coin_noise_blob,cheap,0.0,0.0,0,0.00404,0.183,0.2673,0.396,0.0,102.0,34320,False,84.0,74.0,2,0.5144,0.71,34320,0.1846,0.0064,75.343,62.1391
755432,rev,BIN,30.18,78.95,False,41,attached_artifact,cheap,0.0273,0.0,0,0.00565,0.2094,0.2783,0.3436,0.0,118.1,46736,False,101.0,59.0,4,0.4586,0.7191,46736,0.1763,0.0347,75.9805,63.8705
755432,rev,BIN,30.18,78.95,False,150,relief_self_segmentation,cheap,0.0,0.0,0,0.00019,0.1998,0.1357,0.27,0.0,31.4,2475,False,95.0,96.0,2,1.0536,0.5709,2475,0.0,0.0,97.6069,91.6812
755432,rev,BIN,30.18,78.95,False,157,relief_self_segmentation,cheap,0.0324,0.0,0,0.00287,0.0738,0.333,0.3745,0.0449,76.9,31842,False,53.0,24.0,7,0.3121,0.4537,31842,0.0,0.0,94.5989,91.07
755432,rev,BIN,30.18,78.95,False,158,relief_self_segmentation,cheap,0.1639,0.0,0,0.00405,0.1432,0.3094,0.3973,0.0176,94.9,38916,False,71.0,46.0,5,0.3389,0.571,38916,0.0039,0.0,93.3335,87.9228
755432,rev,BIN,30.18,78.95,False,199,relief_self_segmentation,cheap,0.0881,0.0,0,0.00072,0.2518,0.2247,0.2931,0.0,47.0,6510,False,97.0,82.0,2,0.5621,0.6111,6510,0.0,0.0,96.9083,93.3716
755432,rev,BIN,30.18,78.95,False,202,relief_self_segmentation,cheap,0.0,0.0,0,0.00082,0.25,0.2678,0.3522,0.0,45.9,6489,False,88.0,78.0,2,0.45,0.6825,6489,0.0,0.0,97.4199,93.4675
755432,rev,BIN,30.18,78.95,False,211,relief_self_segmentation,cheap,0.0,0.0,0,0.00019,0.0957,0.1933,0.3317,0.0895,26.1,3120,False,82.0,72.0,3,0.5338,0.3074,3120,0.0,0.0,97.8023,92.9556
755432,rev,BIN,30.18,78.95,False,254,relief_self_segmentation,cheap,0.0,0.0,0,0.00096,0.1109,0.1399,0.3957,1.0,68.8,15748,False,107.0,104.0,2,1.0379,0.4479,15748,0.0,0.0,99.2086,88.4597
755432,rev,BIN,30.18,78.95,False,297,relief_self_segmentation,cheap,0.0,0.0,0,0.00035,0.2755,0.2683,0.481,1.0,29.8,3111,False,53.0,60.0,4,0.4815,0.5715,3111,0.0022,0.0,95.347,80.5706
755432,rev,BIN,30.18,78.95,False,318,relief_self_segmentation,cheap,0.0,0.0,0,0.00015,0.189,0.2137,0.2872,0.0,22.2,2120,False,96.0,87.0,3,1.5353,0.4225,2120,0.0,0.0,99.5772,95.8313
755432,rev,BIN,30.18,78.95,False,393,relief_self_segmentation,cheap,0.0,0.0,0,0.0002,0.1141,0.2237,0.3381,0.1333,24.5,2438,False,75.0,65.0,2,0.2982,0.3315,2438,0.0,0.0,100.9201,97.5058
755432,rev,BIN,30.18,78.95,False,406,relief_self_segmentation,cheap,0.0,0.0,0,0.00018,0.2796,0.2207,0.3189,0.1284,23.6,1836,False,68.0,95.0,5,0.4732,0.5678,1836,0.0,0.0,100.0113,95.884
755432,rev,BIN,30.18,78.95,False,431,relief_self_segmentation,cheap,0.1403,0.0335,2,0.01196,0.0653,0.1523,0.3571,0.0696,232.3,158550,False,113.0,71.0,3,0.6797,0.5177,158550,0.0025,0.0,97.1409,95.3161
755432,rev,BIN,30.18,78.95,False,451,relief_self_segmentation,cheap,0.0,0.0,0,0.00016,0.1327,0.0716,0.3142,0.0,38.8,3094,False,112.0,83.0,4,1.8473,0.4974,3094,0.0,0.0,104.4569,97.0517
755432,rev,BIN,30.18,78.95,False,476,relief_self_segmentation,expensive,0.1232,0.012,39,0.33421,0.131,0.677,0.5453,0.6953,582.6,1551956,False,8.0,46.0,1,0.0998,0.8594,1551956,0.074,0.0368,106.7579,79.3198
755432,rev,BIN,30.18,78.95,False,561,relief_self_segmentation,cheap,0.0,0.0,0,0.00017,0.1361,0.2088,0.3299,0.5128,23.6,2491,False,78.0,66.0,3,0.3559,0.3548,2491,0.0,0.0,102.8677,98.8087
755432,rev,BIN,30.18,78.95,False,603,relief_self_segmentation,cheap,0.0,0.0,0,0.00021,0.2645,0.1823,0.3333,0.456,28.0,1943,False,120.0,55.0,3,0.6171,0.6412,1943,0.0,0.0,104.0078,96.8132
755432,rev,BIN,30.18,78.95,False,612,relief_self_segmentation,cheap,0.0,0.0,0,0.00014,0.1972,0.1257,0.256,0.4706,27.8,2405,False,113.0,98.0,2,1.1131,0.5457,2405,0.0,0.0,104.389,97.2128
755432,rev,BIN,30.18,78.95,False,643,relief_self_segmentation,cheap,0.0,0.0,0,0.00033,0.0583,0.0783,0.2711,0.4311,54.0,7353,False,103.0,72.0,4,1.3781,0.2942,7353,0.0,0.0,104.8761,98.0513
755433,obv,BIN,30.53,78.94,False,19,sub_coin_noise_blob,cheap,0.0,0.0,0,0.00152,0.3096,0.264,0.3499,0.0,62.9,12928,False,94.0,70.0,3,0.5585,0.6955,12928,0.1554,0.0615,64.5047,53.8391
755433,obv,BIN,30.53,78.94,False,20,sub_coin_noise_blob,cheap,0.0,0.0,0,0.00163,0.2678,0.2567,0.3585,0.0,66.0,14382,False,70.0,84.0,2,0.6384,0.7,14382,0.1899,0.0868,64.209,50.3698
755433,obv,BIN,30.53,78.94,False,34,sub_coin_noise_blob,cheap,0.0389,0.0,0,0.00131,0.2063,0.2354,0.359,0.0,61.8,12400,False,85.0,68.0,3,0.5325,0.6438,12400,0.0867,0.0002,76.519,67.3938
755433,obv,BIN,30.53,78.94,False,37,sub_coin_noise_blob,cheap,0.0,0.0,0,0.00174,0.1575,0.2254,0.3645,0.0,72.9,17967,False,74.0,77.0,4,0.646,0.5492,17967,0.1018,0.001,76.1885,66.9652
755433,rev,BIN,30.19,78.95,False,7,sub_coin_noise_blob,cheap,0.0,0.0,0,0.00022,0.2455,0.1198,0.3197,0.7746,35.6,2408,False,127.0,93.0,2,1.4379,0.758,2408,0.3487,0.4155,86.6953,28.5621
755433,rev,BIN,30.19,78.95,False,12,sub_coin_noise_blob,cheap,0.0,0.0,0,0.00103,0.251,0.2384,0.3548,0.0,54.5,10764,False,62.0,71.0,2,0.5916,0.6872,10764,0.1973,0.0886,64.8099,50.1576
755433,rev,BIN,30.19,78.95,False,13,sub_coin_noise_blob,cheap,0.0,0.0,0,0.00132,0.295,0.2793,0.3607,0.0,57.0,10890,False,63.0,85.0,2,0.5349,0.7519,10890,0.117,0.022,65.2821,56.9192
755433,rev,BIN,30.19,78.95,False,15,sub_coin_noise_blob,cheap,0.0,0.0,0,0.0002,0.2735,0.1446,0.4287,1.0,30.9,2448,False,29.0,89.0,2,1.0164,0.7557,2448,0.3571,0.3481,80.9435,31.4309
755433,rev,BIN,30.19,78.95,False,23,sub_coin_noise_blob,cheap,0.1218,0.0,0,0.00113,0.307,0.3682,0.377,0.0,45.9,8295,False,77.0,40.0,4,0.3687,0.7121,8295,0.0055,0.0,76.4091,71.5584
755433,rev,BIN,30.19,78.95,False,25,sub_coin_noise_blob,cheap,0.0,0.0,0,0.00156,0.1876,0.2194,0.3087,0.0,70.0,16236,False,86.0,76.0,2,0.5331,0.5919,16236,0.0568,0.0003,76.8004,70.1139
755434,obv,BIN,29.02,78.94,False,9,sub_coin_noise_blob,cheap,0.0,0.0,0,0.00064,0.137,0.1324,0.3321,0.0,57.5,10614,False,86.0,92.0,2,0.909,0.4943,10614,0.1622,0.0925,64.9023,50.7571
755434,obv,BIN,29.02,78.94,False,11,sub_coin_noise_blob,cheap,0.0427,0.0,0,0.00141,0.1793,0.1633,0.3514,0.0,77.2,16952,False,69.0,82.0,2,0.6083,0.6332,16952,0.1305,0.061,66.0018,54.3223
755434,obv,BIN,29.02,78.94,False,26,sub_coin_noise_blob,cheap,0.0,0.0,0,0.00254,0.1261,0.234,0.3614,0.0,86.3,27348,False,73.0,64.0,5,0.5073,0.5694,27348,0.1788,0.0642,77.0367,60.6419
755434,obv,BIN,29.02,78.94,False,27,sub_coin_noise_blob,cheap,0.0,0.0,0,0.0032,0.199,0.2702,0.3708,0.0,90.3,26865,False,66.0,76.0,3,0.5637,0.646,26865,0.1951,0.0121,75.7455,61.4936
755434,obv,BIN,29.02,78.94,False,30,sub_coin_noise_blob,cheap,0.0,0.0,0,0.00028,0.1876,0.2664,0.3334,0.0,26.8,2501,False,82.0,54.0,3,0.5416,0.4725,2501,0.0,0.0,83.9709,78.7993
755434,obv,BIN,29.02,78.94,False,32,sub_coin_noise_blob,cheap,0.0,0.0,0,0.00036,0.3879,0.3264,0.3473,0.0,27.5,2646,False,87.0,105.0,2,0.5347,0.7066,2646,0.0,0.0,83.4568,79.2281
755434,obv,BIN,29.02,78.94,False,75,relief_self_segmentation,cheap,0.0,0.0,0,0.00038,0.1091,0.1829,0.3167,0.0,38.0,5600,False,81.0,65.0,4,0.6564,0.3377,5600,0.0,0.0,90.4849,86.287
755434,obv,BIN,29.02,78.94,False,76,relief_self_segmentation,cheap,0.0,0.0,0,0.00042,0.1232,0.246,0.3587,0.0,34.4,4312,False,40.0,44.0,5,0.3366,0.4708,4312,0.0,0.0,89.6612,86.6627
755434,obv,BIN,29.02,78.94,False,80,relief_self_segmentation,cheap,0.0,0.0,0,0.00021,0.5029,0.5033,0.4036,0.0,17.0,1023,False,44.0,26.0,7,0.1887,0.7861,1023,0.0,0.0,90.0771,88.2344
755434,obv,BIN,29.02,78.94,False,113,relief_self_segmentation,cheap,0.0415,0.0,0,0.00174,0.0959,0.2287,0.3391,0.0259,72.3,21307,False,80.0,54.0,6,0.4333,0.4659,21307,0.0,0.0,92.6028,89.787
755434,obv,BIN,29.02,78.94,False,312,relief_self_segmentation,cheap,0.0,0.0,0,0.00023,0.126,0.2623,0.3376,0.1398,24.5,2491,False,69.0,63.0,4,0.3114,0.3652,2491,0.0,0.0,100.5407,97.5111
755434,obv,BIN,29.02,78.94,False,327,relief_self_segmentation,cheap,0.0,0.0,0,0.0002,0.2748,0.2281,0.3093,0.1695,24.7,1960,False,72.0,50.0,3,0.4742,0.5629,1960,0.0,0.0,99.7056,96.0307
755434,obv,BIN,29.02,78.94,False,365,relief_self_segmentation,cheap,0.0,0.0,0,0.00014,0.1258,0.0672,0.255,0.2763,38.3,2970,False,115.0,71.0,5,1.8092,0.4751,2970,0.0,0.0,104.4833,97.1718
755434,obv,BIN,29.02,78.94,False,387,non_circular_flan,expensive,0.1269,0.028,32,0.38785,0.1032,0.7419,0.5035,0.389,599.5,1765457,False,0.0,4.0,3,0.0688,0.8709,1765457,0.084,0.0289,101.2517,80.654
755434,obv,BIN,29.02,78.94,False,401,relief_self_segmentation,cheap,0.0,0.0,0,0.00014,0.2664,0.1664,0.2788,0.514,24.1,1512,False,92.0,119.0,2,0.9373,0.6036,1512,0.0,0.0,103.5989,96.9304
755434,obv,BIN,29.02,78.94,False,501,relief_self_segmentation,cheap,0.0,0.0,0,0.00018,0.2536,0.1717,0.3265,0.4322,26.5,1728,False,82.0,83.0,3,0.7679,0.6259,1728,0.0,0.0,104.3257,96.8481
755434,obv,BIN,29.02,78.94,False,515,relief_self_segmentation,cheap,0.0,0.0,0,0.0002,0.1168,0.1345,0.3286,0.6223,32.0,2772,False,77.0,74.0,4,0.4671,0.4307,2772,0.0,0.0,105.5841,97.4653
755434,rev,BIN,29.98,78.95,False,12,sub_coin_noise_blob,cheap,0.0,0.0,0,0.00351,0.2212,0.1996,0.3782,0.0,109.9,36208,False,97.0,99.0,3,0.5622,0.6879,36208,0.2113,0.1301,63.8223,48.5917
755434,rev,BIN,29.98,78.95,False,17,sub_coin_noise_blob,cheap,0.0159,0.0,0,0.00477,0.1715,0.1913,0.3151,0.0,131.0,52309,False,111.0,60.0,4,0.436,0.6807,52309,0.1726,0.1139,64.8611,53.5954
755434,rev,BIN,29.98,78.95,False,280,relief_self_segmentation,cheap,0.0,0.0,0,0.00025,0.2153,0.174,0.2798,0.2792,31.5,2964,False,93.0,60.0,4,0.5503,0.5466,2964,0.0,0.0,99.6232,96.2395
755434,rev,BIN,29.98,78.95,False,319,relief_self_segmentation,cheap,0.0,0.0,0,0.00016,0.373,0.3038,0.3591,0.2021,19.2,1100,False,44.0,52.0,3,0.4115,0.6961,1100,0.0,0.0,101.8321,96.3839
755434,rev,BIN,29.98,78.95,False,325,relief_self_segmentation,cheap,0.0,0.0,0,0.00024,0.3059,0.2893,0.3554,0.192,23.9,1836,False,63.0,82.0,2,0.3936,0.6248,1836,0.0,0.0,101.3093,96.5428
755434,rev,BIN,29.98,78.95,False,389,relief_self_segmentation,cheap,0.0,0.0,0,0.00014,0.3513,0.1917,0.3051,0.0,22.3,1152,True,72.0,92.0,2,1.1721,0.8463,1152,0.0,0.0,105.5735,96.6906
755434,rev,BIN,29.98,78.95,False,409,relief_self_segmentation,cheap,0.0,0.0,0,0.0002,0.1235,0.0875,0.254,0.5284,39.2,3496,False,120.0,48.0,2,0.5649,0.439,3496,0.0,0.0,103.1621,97.992
755434,rev,BIN,29.98,78.95,False,521,relief_self_segmentation,cheap,0.0,0.0,0,0.00033,0.1025,0.2081,0.368,0.3508,32.9,3657,True,73.0,23.0,4,0.3579,0.383,3657,0.0,0.0,102.383,97.9118
755434,rev,BIN,29.98,78.95,False,523,relief_self_segmentation,expensive,0.0451,0.0044,15,0.40886,0.0301,0.6532,0.4313,0.4157,656.0,1928952,False,0.0,0.0,0,0.0744,0.7743,1928952,0.106,0.0465,98.2129,70.6157
755434,rev,BIN,29.98,78.95,False,561,relief_self_segmentation,cheap,0.0,0.0,0,0.00014,0.1832,0.208,0.2893,0.3793,21.6,1924,False,95.0,72.0,3,0.5282,0.4263,1924,0.0,0.0,102.1758,98.4359
755434,rev,BIN,29.98,78.95,False,571,relief_self_segmentation,cheap,0.0,0.0,0,0.00016,0.2401,0.1501,0.311,0.0,26.9,2040,False,78.0,92.0,2,1.3956,0.6137,2040,0.0,0.0,104.1328,97.0058
755434,rev,BIN,29.98,78.95,False,573,relief_self_segmentation,cheap,0.0,0.0,0,0.0005,0.1116,0.0872,0.2628,0.3379,63.0,9513,False,107.0,48.0,3,0.6893,0.3765,9513,0.0,0.0,102.9814,97.7705
755434,rev,BIN,29.98,78.95,False,578,relief_self_segmentation,cheap,0.0,0.0,0,0.00016,0.1729,0.1755,0.2972,0.1591,24.6,2430,False,101.0,85.0,3,0.7875,0.442,2430,0.0,0.0,103.8333,97.9878
755434,rev,BIN,29.98,78.95,False,584,relief_self_segmentation,cheap,0.0,0.0,0,0.00027,0.269,0.2747,0.3566,0.2214,25.8,2508,False,91.0,41.0,5,0.403,0.5549,2508,0.0,0.0,100.9258,98.483
755434,rev,BIN,29.98,78.95,False,610,relief_self_segmentation,cheap,0.0,0.0,0,0.00051,0.0567,0.108,0.309,0.2822,57.1,10412,False,89.0,77.0,6,0.7191,0.2897,10412,0.0,0.0,103.6951,97.9939
755434,rev,BIN,29.98,78.95,False,636,relief_self_segmentation,cheap,0.0,0.0,0,0.00017,0.1394,0.215,0.335,0.2745,23.5,2068,True,65.0,49.0,4,0.8679,0.3421,2068,0.0,0.0,102.5644,98.0706
755434,rev,BIN,29.98,78.95,False,647,relief_self_segmentation,cheap,0.0,0.0,0,0.00023,0.086,0.1396,0.3104,0.0,33.5,3280,True,57.0,61.0,4,0.5347,0.2951,3280,0.0,0.0,103.1672,98.1284
755435,obv,BIN,31.46,78.94,False,16,sub_coin_noise_blob,cheap,0.0,0.0,0,0.00329,0.2111,0.1667,0.3175,0.0,116.5,38036,False,106.0,90.0,3,0.6199,0.6676,38036,0.1682,0.1299,63.7143,53.0453
755435,obv,BIN,31.46,78.94,False,20,sub_coin_noise_blob,cheap,0.0112,0.0,0,0.00464,0.1536,0.1408,0.3356,0.0,150.5,65538,False,96.0,52.0,4,0.5795,0.6355,65538,0.1454,0.1008,64.3673,58.288
755435,obv,BIN,31.46,78.94,False,29,sub_coin_noise_blob,cheap,0.0,0.0,0,0.00014,0.2603,0.2433,0.2943,0.0,20.0,1568,False,95.0,87.0,2,0.6428,0.5257,1568,0.0,0.0,72.1727,68.9
755435,obv,BIN,31.46,78.94,False,41,sub_coin_noise_blob,cheap,0.0155,0.0,0,0.0042,0.2187,0.2474,0.4001,0.0,108.0,35800,False,76.0,72.0,4,0.5296,0.6875,35800,0.1833,0.0291,74.9218,63.5575
755435,obv,BIN,31.46,78.94,False,44,sub_coin_noise_blob,cheap,0.0,0.0,0,0.00014,0.1857,0.2488,0.3294,0.0,19.7,1470,False,65.0,21.0,4,0.3033,0.426,1470,0.0,0.0,83.7459,79.7041
755435,obv,BIN,31.46,78.94,False,97,relief_self_segmentation,cheap,0.0,0.0,0,0.00017,0.1264,0.0877,0.2546,0.0,36.2,3741,False,144.0,59.0,2,1.2472,0.385,3741,0.0,0.0,93.2799,88.451
755435,obv,BIN,31.46,78.94,False,225,relief_self_segmentation,cheap,0.0,0.0,0,0.00024,0.2093,0.1621,0.265,0.3247,32.0,3003,False,98.0,64.0,6,0.5945,0.5236,3003,0.0,0.0,99.7467,96.2931
755435,obv,BIN,31.46,78.94,False,257,relief_self_segmentation,cheap,0.0,0.0,0,0.00017,0.4376,0.337,0.3692,0.0989,18.7,1075,False,8.0,50.0,4,0.3654,0.748,1075,0.0,0.0,101.6274,96.4264
755435,obv,BIN,31.46,78.94,False,261,relief_self_segmentation,cheap,0.0,0.0,0,0.00023,0.2977,0.2909,0.3622,0.2869,23.1,1749,False,46.0,78.0,2,0.4258,0.6077,1749,0.0,0.0,101.2641,96.6618
755435,obv,BIN,31.46,78.94,False,333,relief_self_segmentation,cheap,0.0,0.0,0,0.00016,0.1219,0.0925,0.2557,0.5419,33.9,2720,False,115.0,75.0,2,0.6854,0.4088,2720,0.0,0.0,103.7367,97.5593
755435,obv,BIN,31.46,78.94,False,413,non_circular_flan,expensive,0.0904,0.008,35,0.45846,0.0887,0.6824,0.4884,0.2992,679.7,1981376,False,0.0,12.0,4,0.0648,0.8744,1981376,0.0917,0.0477,93.2103,72.7686
755435,obv,BIN,31.46,78.94,False,455,relief_self_segmentation,cheap,0.0,0.0,0,0.00026,0.1202,0.2577,0.3738,0.4634,26.5,2576,False,41.0,19.0,8,0.2071,0.4071,2576,0.0,0.0,102.4509,98.2072
755435,obv,BIN,31.46,78.94,False,499,relief_self_segmentation,cheap,0.0,0.0,0,0.00022,0.2946,0.1984,0.34,0.3934,27.5,1848,False,112.0,84.0,2,0.6059,0.6831,1848,0.0,0.0,103.897,96.6295
755435,obv,BIN,31.46,78.94,False,516,relief_self_segmentation,cheap,0.0,0.0,0,0.00015,0.2307,0.1392,0.2814,0.1161,26.9,2013,False,86.0,87.0,2,1.3663,0.5942,2013,0.0,0.0,104.3067,97.0959
755435,obv,BIN,31.46,78.94,False,517,relief_self_segmentation,cheap,0.0,0.0,0,0.00019,0.1584,0.0984,0.2522,0.2685,36.3,3995,False,123.0,97.0,2,1.4375,0.4785,3995,0.0,0.0,103.8178,97.736
755435,obv,BIN,31.46,78.94,False,533,relief_self_segmentation,cheap,0.0,0.0,0,0.00016,0.1743,0.1702,0.2785,0.3431,25.2,2508,False,110.0,69.0,2,0.5677,0.4049,2508,0.0,0.0,102.291,98.2674
755435,obv,BIN,31.46,78.94,False,541,relief_self_segmentation,cheap,0.0,0.0,0,0.00044,0.0677,0.0963,0.2783,0.3864,56.1,9315,False,98.0,72.0,4,1.3107,0.3212,9315,0.0,0.0,103.9176,98.0912
755435,obv,BIN,31.46,78.94,False,588,relief_self_segmentation,cheap,0.0,0.0,0,0.00014,0.1207,0.1745,0.3373,0.2966,23.5,2064,True,66.0,45.0,4,0.926,0.3,2064,0.0,0.0,102.8677,98.1084
755435,rev,BIN,28.24,78.95,False,7,sub_coin_noise_blob,cheap,0.0,0.0,0,0.00092,0.1977,0.2505,0.3668,0.0,50.2,9460,False,45.0,74.0,3,0.5163,0.6315,9460,0.125,0.011,65.7769,55.9984
755435,rev,BIN,28.24,78.95,False,42,relief_self_segmentation,cheap,0.1897,0.0,0,0.00035,0.3397,0.413,0.377,0.0,24.3,2597,False,43.0,31.0,5,0.2996,0.6449,2597,0.0,0.0,93.9737,91.1426
755435,rev,BIN,28.24,78.95,False,47,relief_self_segmentation,cheap,0.0,0.0,0,0.00021,0.243,0.1611,0.3022,0.0074,30.0,2482,False,88.0,106.0,3,0.6909,0.6232,2482,0.0,0.0,97.4552,92.1066
755435,rev,BIN,28.24,78.95,False,54,relief_self_segmentation,cheap,0.0,0.0,0,0.00021,0.1573,0.1636,0.2846,0.0,29.8,3024,False,94.0,107.0,2,1.0547,0.4015,3024,0.0,0.0,97.9851,93.1604
755435,rev,BIN,28.24,78.95,False,102,relief_self_segmentation,cheap,0.0,0.0,0,0.00016,0.1002,0.1639,0.4701,1.0,25.7,2679,False,98.0,29.0,4,0.3181,0.3476,2679,0.0,0.0,108.23,88.463
755435,rev,BIN,28.24,78.95,False,142,relief_self_segmentation,cheap,0.0,0.0,0,0.00035,0.0995,0.1793,0.3496,0.0,36.6,5016,False,98.0,46.0,5,0.4591,0.3746,5016,0.0,0.0,98.5209,94.9049
755435,rev,BIN,28.24,78.95,False,150,relief_self_segmentation,cheap,0.0,0.0,0,0.00023,0.174,0.1476,0.2681,0.0,32.6,3234,False,110.0,72.0,5,0.7445,0.4606,3234,0.0,0.0,98.0437,94.8509
755435,rev,BIN,28.24,78.95,False,167,relief_self_segmentation,cheap,0.0,0.0,0,0.00015,0.2505,0.1609,0.3285,0.0,25.2,1708,False,81.0,96.0,3,0.8161,0.6303,1708,0.0,0.0,100.4628,95.6045
755435,rev,BIN,28.24,78.95,False,176,relief_self_segmentation,cheap,0.0,0.0,0,0.00028,0.42,0.4365,0.374,0.2281,21.2,2000,False,72.0,49.0,3,0.3236,0.6989,2000,0.0,0.0,99.3601,96.0014
755435,rev,BIN,28.24,78.95,False,206,relief_self_segmentation,cheap,0.0,0.0,0,0.00027,0.2048,0.138,0.2777,0.3962,36.4,3864,False,109.0,95.0,2,1.3424,0.5744,3864,0.0,0.0,102.5489,96.6222
755435,rev,BIN,28.24,78.95,False,212,low_contrast_coastline,expensive,0.1614,0.021,47,0.35378,0.1236,0.7533,0.604,0.7826,568.3,1568546,False,1.0,4.0,2,0.0527,0.8923,1568546,0.0419,0.0116,111.3565,86.2716
755436,obv,BIN,31.65,78.94,False,23,relief_self_segmentation,cheap,0.0,0.0,0,0.00019,0.456,0.3277,0.5036,1.0,20.0,1290,False,61.0,88.0,2,0.4631,0.8115,1290,0.2325,0.0044,166.7059,67.7003
755436,obv,BIN,31.65,78.94,False,51,relief_self_segmentation,cheap,0.0,0.0,0,0.00021,0.5529,0.4546,0.5571,1.0,17.7,1320,False,72.0,40.0,5,0.2606,0.8452,1320,0.1544,0.0903,113.5287,65.5059
755436,obv,BIN,31.65,78.94,False,59,relief_self_segmentation,cheap,0.0,0.0,0,0.00024,0.5332,0.522,0.5548,1.0,17.7,1332,False,73.0,35.0,2,0.1992,0.7849,1332,0.4155,0.0268,144.6261,54.6729
755436,obv,BIN,31.65,78.94,False,77,relief_self_segmentation,cheap,0.0,0.0,0,0.00016,0.297,0.36,0.5405,1.0,17.7,1482,False,67.0,56.0,4,0.3831,0.5769,1482,0.1366,0.0059,130.2079,66.1743
755436,obv,BIN,31.65,78.94,False,80,relief_self_segmentation,cheap,0.0,0.0,0,0.00021,0.314,0.2085,0.4178,1.0,26.2,1922,False,81.0,101.0,2,1.2175,0.7204,1922,0.2173,0.0588,104.0848,55.4755
755436,obv,BIN,31.65,78.94,False,103,relief_self_segmentation,cheap,0.0,0.0,0,0.00054,0.1713,0.1177,0.3431,1.0,56.0,6075,False,97.0,95.0,2,1.5487,0.6051,6075,0.2442,0.1033,118.5062,59.4738
755436,obv,BIN,31.65,78.94,False,132,attached_artifact,expensive,0.1879,0.0814,36,0.26608,0.0208,0.6692,0.5407,0.9077,522.9,1448658,False,0.0,58.0,2,0.0906,0.7412,1448658,0.1734,0.0362,126.8464,69.584
755436,obv,BIN,31.65,78.94,False,142,relief_self_segmentation,cheap,0.0,0.0,0,0.00024,0.0956,0.084,0.2802,0.2176,44.6,5400,False,96.0,102.0,2,1.0706,0.3463,5400,0.0,0.0,102.7121,97.0887
755436,rev,BIN,30.81,78.95,False,3,sub_coin_noise_blob,cheap,0.0,0.0,0,0.00028,0.1697,0.2435,0.3324,0.0,28.0,2915,False,57.0,67.0,4,0.3572,0.4387,2915,0.0,0.0,66.7594,62.5677
755436,rev,BIN,30.81,78.95,False,12,sub_coin_noise_blob,cheap,0.0,0.0,0,0.00198,0.2503,0.2901,0.3639,0.0,68.4,16440,False,81.0,92.0,2,0.5512,0.6451,16440,0.1257,0.001,77.2692,67.0599
755436,rev,BIN,30.81,78.95,False,49,relief_self_segmentation,cheap,0.0135,0.0,0,0.00949,0.0635,0.1113,0.3695,0.0035,242.1,157451,False,132.0,55.0,5,1.1398,0.4002,157451,0.0778,0.0239,87.7239,81.4849
755436,rev,BIN,30.81,78.95,False,65,relief_self_segmentation,cheap,0.0,0.0,0,0.00063,0.0944,0.1402,0.4621,1.0,55.6,11583,False,68.0,49.0,3,0.702,0.2906,11583,0.3099,0.0756,118.7929,54.0248
755436,rev,BIN,30.81,78.95,False,84,unclassified_ragged,expensive,0.2464,0.0708,35,0.2619,0.0592,0.7753,0.5929,0.9994,481.9,1206150,False,2.0,8.0,1,0.0794,0.8459,1206150,0.2308,0.087,117.1437,56.1201
755436,rev,BIN,30.81,78.95,False,85,relief_self_segmentation,cheap,0.0,0.0,0,0.00047,0.178,0.1198,0.4045,1.0,52.1,6500,False,110.0,72.0,2,0.7986,0.543,6500,0.1381,0.1091,102.8936,64.552
755436,rev,BIN,30.81,78.95,False,128,relief_self_segmentation,cheap,0.0,0.0,0,0.00017,0.3365,0.2921,0.33,0.0,20.0,1488,False,67.0,60.0,4,0.4337,0.6187,1488,0.0,0.0,99.9189,95.6437
755436,rev,BIN,30.81,78.95,False,137,relief_self_segmentation,cheap,0.0352,0.0111,2,0.03237,0.0521,0.1353,0.3832,0.3061,405.6,441970,False,135.0,97.0,2,1.3827,0.4141,441970,0.0773,0.0227,96.2288,97.1111
755437,obv,BIN,32.98,78.94,False,19,sub_coin_noise_blob,cheap,0.0,0.0,0,0.00073,0.1993,0.1998,0.3411,0.0,50.0,8925,False,51.0,68.0,2,0.5699,0.5849,8925,0.107,0.0015,65.3707,59.1703
755437,obv,BIN,32.98,78.94,False,26,relief_self_segmentation,cheap,0.0,0.0,0,0.00014,0.2057,0.1762,0.4427,1.0,23.5,1938,False,63.0,65.0,3,0.8915,0.5104,1938,0.5288,0.0177,98.7163,46.8066
755437,obv,BIN,32.98,78.94,False,36,sub_coin_noise_blob,cheap,0.0,0.0,0,0.00109,0.1834,0.203,0.2912,0.0,60.8,15120,False,74.0,71.0,3,1.2922,0.5611,15120,0.1581,0.0186,77.4453,63.2326
755437,obv,BIN,32.98,78.94,False,40,sub_coin_noise_blob,cheap,0.0,0.0,0,0.00036,0.3443,0.3426,0.3609,0.0,26.9,3286,False,64.0,48.0,7,0.413,0.6582,3286,0.0,0.0,82.9894,78.9914
755437,obv,BIN,32.98,78.94,False,42,relief_self_segmentation,cheap,0.0916,0.0,0,0.00082,0.3993,0.2434,0.4434,1.0,48.3,8342,False,107.0,86.0,2,0.7873,0.8158,8342,0.3732,0.0129,147.114,58.8027
755437,obv,BIN,32.98,78.94,False,44,relief_self_segmentation,cheap,0.0,0.0,0,0.00056,0.1891,0.2695,0.5157,1.0,37.7,6942,False,73.0,62.0,3,0.2386,0.4282,6942,0.4763,0.0628,141.4167,45.4209
755437,obv,BIN,32.98,78.94,False,50,sub_coin_noise_blob,cheap,0.0,0.0,0,0.0002,0.1499,0.1735,0.3041,0.0,28.5,2795,False,102.0,89.0,4,0.8503,0.3594,2795,0.0,0.0,85.5916,81.4475
755437,obv,BIN,32.98,78.94,False,58,relief_self_segmentation,cheap,0.0,0.0,0,0.00017,0.2865,0.2451,0.4372,1.0,22.0,1820,False,79.0,120.0,2,0.6777,0.5591,1820,0.5214,0.1001,160.9625,46.487
755437,obv,BIN,32.98,78.94,False,65,relief_self_segmentation,cheap,0.0,0.0,0,0.00073,0.279,0.2009,0.4471,1.0,50.1,8256,False,117.0,75.0,2,0.7238,0.5974,8256,0.2342,0.0521,173.4336,71.0648
755437,obv,BIN,32.98,78.94,False,93,relief_self_segmentation,cheap,0.0,0.0,0,0.00059,0.1234,0.2658,0.4998,1.0,39.2,7553,False,77.0,82.0,3,0.3907,0.4032,7553,0.5568,0.1303,143.0746,41.4809
755437,obv,BIN,32.98,78.94,False,98,relief_self_segmentation,cheap,0.0,0.0,0,0.00023,0.4671,0.4667,0.5229,1.0,18.3,1558,False,73.0,43.0,4,0.3035,0.7105,1558,0.36,0.1368,118.8336,51.1621
755437,obv,BIN,32.98,78.94,False,102,relief_self_segmentation,cheap,0.0,0.0,0,0.00027,0.4927,0.4516,0.5012,1.0,20.4,1672,False,68.0,22.0,3,0.2261,0.7518,1672,0.3173,0.1218,145.7807,53.9551
755437,obv,BIN,32.98,78.94,False,104,relief_self_segmentation,cheap,0.0,0.0,0,0.00035,0.2116,0.2866,0.5257,1.0,28.8,3575,False,82.0,51.0,3,0.3129,0.4396,3575,0.4746,0.2144,145.589,39.4325
755437,obv,BIN,32.98,78.94,False,109,relief_self_segmentation,cheap,0.0,0.0,0,0.00031,0.583,0.5966,0.538,1.0,18.8,1640,False,58.0,31.0,2,0.2127,0.8267,1640,0.2607,0.0031,141.3058,60.5583
755437,obv,BIN,32.98,78.94,False,115,multi_object_weld,expensive,0.1315,0.0177,20,0.13383,0.0181,0.4897,0.5383,0.9997,433.5,933300,False,57.0,16.0,8,0.1685,0.5825,933300,0.2953,0.0451,137.5566,72.6564
755437,obv,BIN,32.98,78.94,False,124,relief_self_segmentation,expensive,0.1126,0.0137,9,0.04566,0.0416,0.1356,0.4315,1.0,481.1,783090,False,109.0,78.0,2,0.8626,0.2798,783090,0.2119,0.0386,116.5065,96.5744
755437,obv,BIN,32.98,78.94,False,138,relief_self_segmentation,cheap,0.0,0.0,0,0.00054,0.0484,0.1395,0.3488,0.0839,51.4,8296,False,70.0,97.0,3,0.524,0.3127,8296,0.0029,0.0001,100.3823,95.9329
755437,obv,BIN,32.98,78.94,False,141,relief_self_segmentation,cheap,0.0,0.0,0,0.00034,0.1987,0.1404,0.3116,0.2011,40.5,5073,False,112.0,64.0,3,1.1985,0.5269,5073,0.0021,0.0,101.5681,94.0503
755437,obv,BIN,32.98,78.94,False,142,relief_self_segmentation,expensive,0.0154,0.0,0,0.02005,0.0153,0.0532,0.4469,0.8816,509.2,883775,False,115.0,59.0,2,0.4471,0.1081,883775,0.1842,0.0347,103.4018,96.3677
755437,rev,BIN,32.3,78.95,False,3,relief_self_segmentation,cheap,0.0,0.0,0,0.00041,0.4302,0.4732,0.5707,1.0,24.4,2756,False,60.0,38.0,4,0.2317,0.7026,2756,0.0012,0.0,155.489,103.9431
755437,rev,BIN,32.3,78.95,False,16,relief_self_segmentation,cheap,0.0,0.0,0,0.00034,0.3435,0.2039,0.5052,1.0,33.6,2844,False,68.0,81.0,2,0.9293,0.8072,2844,0.2464,0.0666,127.7356,72.8451
755437,rev,BIN,32.3,78.95,False,19,relief_self_segmentation,cheap,0.0,0.0,0,0.00025,0.1749,0.1112,0.4117,1.0,39.7,4680,False,85.0,126.0,2,1.8255,0.5069,4680,0.2212,0.0942,123.1874,59.2005
755437,rev,BIN,32.3,78.95,False,90,non_circular_flan,expensive,0.1658,0.0128,48,0.30925,0.0416,0.7319,0.5563,0.905,539.0,1543960,False,0.0,14.0,4,0.0632,0.8383,1543960,0.1383,0.0391,121.0578,75.8475
755439,obv,BIN,31.21,78.94,False,4,sub_coin_noise_blob,cheap,0.0,0.0,0,0.00025,0.1636,0.2125,0.3254,0.0,28.2,2970,False,60.0,67.0,3,0.4008,0.4416,2970,0.0,0.0,66.4935,62.4731
755439,obv,BIN,31.21,78.94,False,11,sub_coin_noise_blob,cheap,0.0,0.0,0,0.00096,0.1919,0.3128,0.3465,0.0,45.9,8216,False,70.0,80.0,2,0.5044,0.634,8216,0.1333,0.0012,76.6405,64.4821
755439,obv,BIN,31.21,78.94,False,32,sub_coin_noise_blob,cheap,0.2042,0.195,1,0.00282,0.2257,0.2659,0.5117,1.0,85.3,24882,False,99.0,92.0,2,0.5208,0.613,24882,0.0708,0.0206,135.0341,102.1528
755439,obv,BIN,31.21,78.94,False,35,relief_self_segmentation,cheap,0.0,0.0,0,0.00089,0.1341,0.0961,0.4233,1.0,79.8,11712,False,78.0,79.0,2,1.666,0.5993,11712,0.0242,0.0017,128.2268,117.083
755439,obv,BIN,31.21,78.94,False,38,low_contrast_coastline,expensive,0.2384,0.028,45,0.28213,0.08,0.8218,0.5717,1.0,485.9,1299519,False,1.0,0.0,0,0.0471,0.8626,1299519,0.1396,0.0179,131.9564,82.2414
755440,obv,BIN,29.99,78.94,False,9,relief_self_segmentation,cheap,0.0,0.0,0,0.00014,0.5887,0.4961,0.5742,1.0,14.2,891,False,63.0,26.0,3,0.2183,0.8347,891,0.0149,0.0037,104.585,78.9664
755440,obv,BIN,29.99,78.94,False,12,relief_self_segmentation,cheap,0.0,0.0,0,0.00016,0.4085,0.3162,0.5414,1.0,18.6,1161,False,98.0,60.0,6,0.421,0.711,1161,0.0127,0.0,111.4922,84.1016
755440,obv,BIN,29.99,78.94,False,38,relief_self_segmentation,cheap,0.0,0.0,0,0.00134,0.1114,0.0919,0.3699,1.0,100.1,32342,False,76.0,95.0,2,2.5512,0.5305,32342,0.0186,0.0025,123.4557,102.4969
755440,obv,BIN,29.99,78.94,False,46,relief_self_segmentation,cheap,0.0,0.0,0,0.00022,0.0621,0.0387,0.3598,1.0,62.2,8967,False,151.0,43.0,3,2.5459,0.2893,8967,0.0168,0.0011,125.4152,95.1938
755440,rev,BIN,30.1,78.95,False,13,relief_self_segmentation,cheap,0.0,0.0,0,0.00023,0.3538,0.2452,0.4597,1.0,25.6,1984,False,104.0,72.0,3,0.7369,0.7049,1984,0.1081,0.0177,141.1702,77.2721
755440,rev,BIN,30.1,78.95,False,55,relief_self_segmentation,cheap,0.0066,0.0,0,0.00988,0.2531,0.3004,0.5104,1.0,150.4,59670,False,57.0,78.0,2,0.6592,0.7414,59670,0.0242,0.0024,153.444,118.3863
755440,rev,BIN,30.1,78.95,False,72,unclassified_ragged,cheap,0.2595,0.198,4,0.05184,0.3059,0.5902,0.5952,1.0,245.8,232960,False,45.0,8.0,4,0.1426,0.8439,232960,0.0346,0.0057,126.68,105.2664
755440,rev,BIN,30.1,78.95,False,95,relief_self_segmentation,cheap,0.0,0.0,0,0.00051,0.1138,0.1126,0.4038,1.0,55.6,8442,False,100.0,93.0,2,0.966,0.3976,8442,0.0267,0.0008,105.8615,87.6466
755440,rev,BIN,30.1,78.95,False,99,multi_object_weld,expensive,0.2012,0.0438,45,0.19335,0.0286,0.5111,0.5454,0.9991,510.0,1373496,False,18.0,0.0,0,0.0892,0.5642,1373496,0.06,0.0296,124.8497,97.0559
755441,obv,BIN,31.14,78.94,False,6,sub_coin_noise_blob,cheap,0.0,0.0,0,0.00031,0.2224,0.2164,0.307,0.0,31.3,3672,False,96.0,43.0,3,0.4914,0.5733,3672,0.1011,0.0,65.1976,57.2119
755441,obv,BIN,31.14,78.94,False,8,sub_coin_noise_blob,cheap,0.0,0.0,0,0.00042,0.1426,0.1508,0.2974,0.0,43.7,7007,False,109.0,95.0,3,1.0747,0.3936,7007,0.144,0.0226,67.0842,55.9514
755441,obv,BIN,31.14,78.94,False,14,sub_coin_noise_blob,cheap,0.0,0.0,0,0.00053,0.1784,0.1935,0.2925,0.0,43.6,6450,False,107.0,84.0,2,0.8525,0.4856,6450,0.0162,0.0,75.0008,69.6282
755441,obv,BIN,31.14,78.94,False,25,sub_coin_noise_blob,cheap,0.0,0.0,0,0.00118,0.1126,0.1456,0.3037,0.0,74.8,18648,False,70.0,92.0,2,1.2498,0.4918,18648,0.2019,0.0251,77.1665,61.1474
755441,obv,BIN,31.14,78.94,False,30,relief_self_segmentation,cheap,0.0,0.0,0,0.00014,0.1207,0.0568,0.385,1.0,41.2,3234,False,93.0,91.0,3,2.083,0.5961,3234,0.1156,0.0018,100.8364,72.4685
755441,obv,BIN,31.14,78.94,False,61,relief_self_segmentation,cheap,0.0,0.0,0,0.00022,0.2173,0.389,0.378,0.0,19.6,1584,False,35.0,48.0,4,0.2297,0.5599,1584,0.0,0.0,94.8725,91.4157
755441,obv,BIN,31.14,78.94,False,71,relief_self_segmentation,cheap,0.0,0.0,0,0.00021,0.2246,0.141,0.3057,0.0,32.1,2695,False,76.0,100.0,3,0.664,0.6001,2695,0.0,0.0,97.4118,92.2455
755441,obv,BIN,31.14,78.94,False,129,relief_self_segmentation,cheap,0.0,0.0,0,0.00038,0.2064,0.193,0.3452,0.0,37.0,4785,False,96.0,85.0,2,0.7517,0.5409,4785,0.0009,0.0,97.2387,90.144
755441,obv,BIN,31.14,78.94,False,175,relief_self_segmentation,cheap,0.0,0.0,0,0.00017,0.1063,0.0832,0.2579,0.0,37.1,3393,False,132.0,71.0,3,1.8532,0.3715,3393,0.0,0.0,102.9799,96.4502
755441,obv,BIN,31.14,78.94,False,193,relief_self_segmentation,cheap,0.0,0.0,0,0.00019,0.1172,0.1083,0.3124,0.2652,35.1,3440,False,103.0,93.0,2,1.0693,0.3712,3440,0.0,0.0,103.1624,96.7718
755441,rev,BIN,30.91,78.95,False,8,sub_coin_noise_blob,cheap,0.0,0.0,0,0.00157,0.2184,0.1756,0.3451,0.0,78.5,18144,False,93.0,87.0,2,0.7183,0.6347,18144,0.2116,0.1076,64.5003,49.0684
755441,rev,BIN,30.91,78.95,False,33,relief_self_segmentation,cheap,0.0,0.0,0,0.00022,0.1453,0.249,0.3633,0.0,24.7,2166,False,37.0,47.0,7,0.3356,0.4558,2166,0.0,0.0,95.3055,90.582
755441,rev,BIN,30.91,78.95,False,43,relief_self_segmentation,cheap,0.0,0.0,0,0.00025,0.1977,0.123,0.2792,0.0,37.1,3382,False,57.0,99.0,2,0.765,0.5886,3382,0.0,0.0,97.1207,92.4441
755441,rev,BIN,30.91,78.95,False,139,relief_self_segmentation,cheap,0.0,0.0,0,0.00016,0.099,0.1406,0.3443,0.0,28.1,2376,False,37.0,38.0,4,0.4975,0.3438,2376,0.0,0.0,102.0364,95.8671
755441,rev,BIN,30.91,78.95,False,147,relief_self_segmentation,cheap,0.0,0.0,0,0.00052,0.2545,0.1705,0.2573,0.0,45.9,6200,False,105.0,86.0,3,0.6002,0.6361,6200,0.0,0.0,100.5183,94.0628
755441,rev,BIN,30.91,78.95,False,149,relief_self_segmentation,cheap,0.0,0.0,0,0.00025,0.1931,0.1348,0.268,0.4088,35.9,3645,False,103.0,92.0,2,1.5677,0.545,3645,0.0,0.0,102.8339,95.4807
755442,obv,BIN,32.15,78.94,False,12,sub_coin_noise_blob,cheap,0.0,0.0,0,0.00023,0.0997,0.0477,0.3648,1.0,57.9,6664,False,142.0,72.0,2,2.2999,0.6442,6664,0.2623,0.2575,68.224,51.9732
755442,obv,BIN,32.15,78.94,False,15,sub_coin_noise_blob,cheap,0.0141,0.0,0,0.0037,0.2311,0.2012,0.3802,0.0,112.5,36036,False,95.0,61.0,4,0.5004,0.7358,36036,0.1547,0.1211,64.0967,53.6898
755442,obv,BIN,32.15,78.94,False,20,sub_coin_noise_blob,cheap,0.0304,0.0,0,0.00428,0.1445,0.1667,0.3235,0.0,132.8,53835,False,116.0,57.0,4,0.4617,0.6259,53835,0.1549,0.0909,64.9483,58.7229
755442,obv,BIN,32.15,78.94,False,49,sub_coin_noise_blob,cheap,0.0,0.0,0,0.00462,0.1978,0.313,0.3985,0.0,100.8,35024,False,50.0,70.0,5,0.4345,0.6617,35024,0.1381,0.0183,76.0948,65.4205
755442,obv,BIN,32.15,78.94,False,55,sub_coin_noise_blob,cheap,0.0,0.0,0,0.00069,0.204,0.2333,0.3419,0.0,45.1,6540,False,93.0,99.0,2,0.5571,0.5465,6540,0.0,0.0,82.7553,79.0998
755442,obv,BIN,32.15,78.94,False,101,sub_coin_noise_blob,cheap,0.1795,0.0,0,0.00073,0.2257,0.2794,0.3546,0.0,42.3,6565,False,67.0,53.0,7,0.4591,0.5494,6565,0.0,0.0,86.0524,83.4601
755442,obv,BIN,32.15,78.94,False,124,relief_self_segmentation,cheap,0.1308,0.0,0,0.00194,0.169,0.3057,0.3662,0.0,66.0,16048,False,36.0,38.0,6,0.3026,0.5713,16048,0.0,0.0,88.5124,85.7686
755442,obv,BIN,32.15,78.94,False,183,relief_self_segmentation,cheap,0.0,0.0,0,0.00016,0.2243,0.1463,0.3217,0.0,27.6,1782,False,90.0,53.0,2,0.8104,0.6075,1782,0.0,0.0,97.7543,92.1673
755442,obv,BIN,32.15,78.94,False,184,relief_self_segmentation,cheap,0.0,0.0,0,0.00018,0.2526,0.1803,0.2777,0.0,26.5,1856,False,87.0,83.0,3,0.6668,0.6258,1856,0.0,0.0,96.6231,92.4223
755442,obv,BIN,32.15,78.94,False,230,relief_self_segmentation,cheap,0.0,0.0,0,0.0002,0.1763,0.2378,0.3289,0.1973,23.9,1976,True,115.0,57.0,4,0.5297,0.5129,1976,0.0,0.0,97.9344,94.4648
755442,obv,BIN,32.15,78.94,False,261,relief_self_segmentation,cheap,0.0,0.0,0,0.00026,0.1009,0.1586,0.3431,0.0,33.7,3713,False,71.0,58.0,4,0.7457,0.3608,3713,0.0,0.0,99.232,94.6502
755442,obv,BIN,32.15,78.94,False,262,relief_self_segmentation,cheap,0.0,0.0,0,0.00046,0.0659,0.1007,0.3315,0.1393,56.0,10260,True,57.0,87.0,2,1.2813,0.3047,10260,0.0,0.0,99.3859,94.5033
755442,obv,BIN,32.15,78.94,False,294,relief_self_segmentation,cheap,0.0,0.0,0,0.00023,0.1667,0.1916,0.3157,0.0,28.5,3584,False,74.0,47.0,4,0.4878,0.3911,3584,0.0,0.0,99.3444,95.4902
755442,obv,BIN,32.15,78.94,False,297,relief_self_segmentation,cheap,0.0,0.0,0,0.00026,0.2893,0.3028,0.3623,0.062,24.2,2508,False,56.0,37.0,6,0.3519,0.5806,2508,0.0,0.0,99.0721,95.6218
755442,obv,BIN,32.15,78.94,False,303,relief_self_segmentation,cheap,0.0,0.0,0,0.00047,0.1585,0.1205,0.2612,0.2996,52.0,6840,True,79.0,133.0,3,2.468,0.4574,6840,0.0,0.0,99.7751,95.7183
755442,obv,BIN,32.15,78.94,False,308,relief_self_segmentation,cheap,0.0,0.0,0,0.00018,0.1514,0.1414,0.2902,0.106,29.6,2881,False,76.0,71.0,4,0.7451,0.4074,2881,0.0,0.0,99.8366,95.5136
755442,obv,BIN,32.15,78.94,False,335,relief_self_segmentation,cheap,0.0,0.0,0,0.00026,0.3919,0.3256,0.3534,0.0708,23.5,1680,False,46.0,67.0,5,0.3271,0.7482,1680,0.0,0.0,100.7788,96.3304
755442,obv,BIN,32.15,78.94,False,356,relief_self_segmentation,cheap,0.0,0.0,0,0.00025,0.1937,0.2776,0.3491,0.0,24.9,2223,False,45.0,79.0,5,0.4052,0.5059,2223,0.0,0.0,100.6296,95.9983
755442,obv,BIN,32.15,78.94,False,357,relief_self_segmentation,cheap,0.0,0.0,0,0.00026,0.2533,0.3454,0.3449,0.1667,22.9,2214,False,42.0,46.0,4,0.3857,0.5721,2214,0.0,0.0,100.1978,95.5276
755442,obv,BIN,32.15,78.94,False,378,relief_self_segmentation,cheap,0.0,0.0,0,0.00039,0.0701,0.0594,0.2519,0.0,67.5,8968,False,146.0,69.0,2,2.1223,0.3284,8968,0.0,0.0,102.001,97.6689
755442,obv,BIN,32.15,78.94,False,381,relief_self_segmentation,cheap,0.0,0.0,0,0.0003,0.1114,0.1276,0.3057,0.0,40.5,4998,False,75.0,71.0,6,0.8061,0.3839,4998,0.0,0.0,101.4096,97.3189
755442,obv,BIN,32.15,78.94,False,388,relief_self_segmentation,cheap,0.0,0.0,0,0.00021,0.1677,0.1239,0.2554,0.0,34.1,2592,False,118.0,34.0,4,0.5689,0.5,2592,0.0,0.0,102.0188,97.7133
755442,obv,BIN,32.15,78.94,False,417,relief_self_segmentation,cheap,0.0,0.0,0,0.00018,0.2942,0.2792,0.3321,0.0,20.9,1575,False,72.0,67.0,4,0.52,0.5811,1575,0.0,0.0,101.1432,97.1775
755442,obv,BIN,32.15,78.94,False,429,relief_self_segmentation,cheap,0.0,0.0,0,0.00028,0.3008,0.2415,0.3465,0.0,28.1,2530,False,81.0,58.0,4,0.4701,0.62,2530,0.0,0.0,100.1634,96.5842
755442,obv,BIN,32.15,78.94,False,444,relief_self_segmentation,cheap,0.0,0.0,0,0.00016,0.1327,0.1135,0.2821,0.0,30.9,2847,False,118.0,75.0,2,0.442,0.4008,2847,0.0,0.0,102.3237,98.6874
755442,obv,BIN,32.15,78.94,False,462,relief_self_segmentation,cheap,0.0,0.0,0,0.00097,0.0632,0.1498,0.3349,0.0752,66.7,18573,False,78.0,61.0,4,0.6318,0.3289,18573,0.0,0.0,100.896,98.0031
755442,obv,BIN,32.15,78.94,False,471,relief_self_segmentation,cheap,0.0,0.0,0,0.00046,0.0479,0.08,0.2706,0.0,62.6,14497,False,82.0,83.0,3,0.7612,0.2378,14497,0.0,0.0,102.1836,98.1644
755442,obv,BIN,32.15,78.94,False,472,relief_self_segmentation,cheap,0.0,0.0,0,0.00116,0.0328,0.1355,0.347,0.0121,76.6,24948,False,63.0,52.0,6,0.4604,0.2127,24948,0.0,0.0,101.1522,97.651
755442,obv,BIN,32.15,78.94,False,475,relief_self_segmentation,cheap,0.0,0.0,0,0.00029,0.1876,0.1647,0.308,0.0,34.6,3483,False,80.0,122.0,2,0.9895,0.5204,3483,0.0,0.0,100.9688,98.5473
755442,obv,BIN,32.15,78.94,False,481,relief_self_segmentation,cheap,0.0,0.0,0,0.00015,0.1263,0.0924,0.3161,0.0,33.4,3081,False,64.0,62.0,3,1.142,0.3757,3081,0.0,0.0,103.7313,98.1757
755442,obv,BIN,32.15,78.94,False,491,relief_self_segmentation,cheap,0.2476,0.0,0,0.00031,0.5892,0.4854,0.3535,0.3333,21.0,1435,True,61.0,105.0,3,0.4524,0.8695,1435,0.0,0.0,101.444,97.1959
755442,obv,BIN,32.15,78.94,False,493,relief_self_segmentation,cheap,0.0,0.0,0,0.00075,0.1572,0.1776,0.3431,0.0396,53.9,7560,False,60.0,74.0,2,0.6806,0.5535,7560,0.0,0.0,101.0627,98.1762
755442,obv,BIN,32.15,78.94,False,496,relief_self_segmentation,cheap,0.0815,0.0,0,0.00107,0.0777,0.1056,0.315,0.1731,83.6,17200,False,104.0,77.0,4,0.7396,0.3777,17200,0.0,0.0,101.7661,98.2094
755442,obv,BIN,32.15,78.94,False,504,relief_self_segmentation,cheap,0.0,0.0,0,0.00033,0.0972,0.1584,0.3334,0.0,38.1,4004,True,39.0,63.0,3,0.5494,0.3788,4004,0.0,0.0,101.8677,97.9845
755442,obv,BIN,32.15,78.94,False,505,relief_self_segmentation,cheap,0.0,0.0,0,0.00049,0.0895,0.207,0.3382,0.0652,40.5,7372,True,59.0,53.0,4,0.5243,0.3459,7372,0.0,0.0,101.3596,97.7614
755442,obv,BIN,32.15,78.94,False,506,relief_self_segmentation,cheap,0.0,0.0,0,0.00023,0.1132,0.0608,0.2278,0.0,50.7,4320,True,89.0,125.0,2,2.287,0.4659,4320,0.0,0.0,102.8403,98.3629
755442,obv,BIN,32.15,78.94,False,509,relief_self_segmentation,cheap,0.0,0.0,0,0.00021,0.1307,0.1322,0.279,0.1034,33.4,2772,True,92.0,109.0,2,1.22,0.3784,2772,0.0,0.0,102.6324,97.4269
755442,obv,BIN,32.15,78.94,False,510,relief_self_segmentation,cheap,0.0,0.0,0,0.00019,0.4472,0.3509,0.3223,0.0,19.3,900,True,98.0,107.0,4,0.4803,0.7893,900,0.0,0.0,101.1931,97.4693
755442,obv,BIN,32.15,78.94,False,511,non_circular_flan,expensive,0.087,0.0197,29,0.44225,0.0433,0.6475,0.4745,0.3706,685.3,1975500,True,0.0,6.0,7,0.1072,0.8076,1975500,0.0919,0.0399,94.3893,76.8261
755442,obv,BIN,32.15,78.94,False,512,relief_self_segmentation,cheap,0.0,0.0,0,0.00163,0.0603,0.108,0.2541,0.0761,101.8,20244,True,76.0,74.0,4,1.2501,0.4277,20244,0.0,0.0,100.7266,97.5784
755442,obv,BIN,32.15,78.94,False,517,relief_self_segmentation,cheap,0.0,0.0,0,0.00018,0.2539,0.1427,0.0,0.0,29.5,1368,True,154.0,149.0,1,0.6427,0.7642,1368,0.0,0.0,102.3121,97.4066
755442,obv,BIN,32.15,78.94,False,519,relief_self_segmentation,cheap,0.0,0.0,0,0.00059,0.0618,0.1358,0.3047,0.0394,54.5,8382,True,75.0,129.0,2,1.0539,0.3195,8382,0.0,0.0,101.2466,97.6663
755442,obv,BIN,32.15,78.94,False,521,relief_self_segmentation,cheap,0.0,0.0,0,0.00043,0.1605,0.1909,0.3194,0.0393,39.3,4092,True,52.0,81.0,2,0.634,0.4795,4092,0.0,0.0,101.6919,97.7748
755442,obv,BIN,32.15,78.94,False,522,relief_self_segmentation,cheap,0.0593,0.0,0,0.0029,0.0216,0.1742,0.3509,0.1192,107.0,37810,True,38.0,54.0,6,0.3956,0.2763,37810,0.0,0.0,101.1654,97.5823
755442,rev,BIN,32.07,78.95,False,23,sub_coin_noise_blob,cheap,0.0,0.0,0,0.00474,0.2058,0.2115,0.3093,0.0,124.1,47229,False,81.0,82.0,3,0.6418,0.7403,47229,0.1594,0.1202,64.8624,55.2929
755442,rev,BIN,32.07,78.95,False,99,relief_self_segmentation,cheap,0.0,0.0,0,0.00019,0.1598,0.2099,0.3489,0.0,24.7,1989,False,80.0,53.0,5,0.5274,0.4495,1989,0.0,0.0,91.6242,86.8491
755442,rev,BIN,32.07,78.95,False,166,relief_self_segmentation,cheap,0.0,0.0,0,0.00023,0.3057,0.1915,0.3206,0.0,29.0,2001,False,83.0,91.0,2,0.6482,0.7042,2001,0.0,0.0,96.4246,92.3209
755442,rev,BIN,32.07,78.95,False,197,relief_self_segmentation,cheap,0.0897,0.0,0,0.00088,0.0603,0.0874,0.3146,0.0465,83.1,21275,False,79.0,117.0,2,1.0788,0.3063,21275,0.0,0.0,96.7573,93.2956
755442,rev,BIN,32.07,78.95,False,206,sub_coin_noise_blob,cheap,0.0,0.0,0,0.00056,0.0868,0.1256,0.4938,1.0,55.2,10791,False,59.0,63.0,4,1.3276,0.3584,10791,0.0497,0.0027,83.5,73.5986
755442,rev,BIN,32.07,78.95,False,218,relief_self_segmentation,cheap,0.0763,0.0,0,0.00113,0.1025,0.205,0.354,0.1463,61.6,10900,True,33.0,53.0,5,0.6865,0.417,10900,0.0,0.0,97.5945,94.1318
755442,rev,BIN,32.07,78.95,False,253,relief_self_segmentation,cheap,0.0,0.0,0,0.0003,0.2953,0.3369,0.3725,0.0576,24.6,2622,False,52.0,32.0,5,0.3578,0.5931,2622,0.0,0.0,98.8875,95.48
755442,rev,BIN,32.07,78.95,False,261,relief_self_segmentation,cheap,0.0,0.0,0,0.0002,0.1431,0.144,0.3041,0.0,30.9,3285,False,103.0,54.0,5,0.7226,0.4003,3285,0.0,0.0,99.701,95.5296
755442,rev,BIN,32.07,78.95,False,292,relief_self_segmentation,cheap,0.0,0.0,0,0.00046,0.1184,0.1399,0.3398,0.0746,47.6,6384,False,64.0,48.0,5,0.6432,0.4467,6384,0.0,0.0,100.8555,97.4593
755442,rev,BIN,32.07,78.95,False,295,relief_self_segmentation,cheap,0.0,0.0,0,0.0015,0.0336,0.113,0.2937,0.0615,95.7,28006,True,89.0,69.0,6,0.7879,0.2626,28006,0.0,0.0,100.6108,97.5086
755442,rev,BIN,32.07,78.95,False,304,relief_self_segmentation,cheap,0.0,0.0,0,0.00025,0.1976,0.1808,0.3017,0.0,31.0,3036,False,95.0,58.0,3,0.4234,0.4807,3036,0.0,0.0,101.4776,97.7152
755442,rev,BIN,32.07,78.95,False,317,relief_self_segmentation,cheap,0.0,0.0,0,0.00032,0.6171,0.509,0.3573,0.0,20.8,1517,True,52.0,108.0,3,0.4595,0.882,1517,0.0,0.0,100.7812,97.3083
755442,rev,BIN,32.07,78.95,False,319,relief_self_segmentation,cheap,0.0,0.0,0,0.00016,0.4129,0.3577,0.3711,0.0,17.4,1066,False,45.0,38.0,5,0.2856,0.7126,1066,0.0,0.0,100.6815,97.3743
755442,rev,BIN,32.07,78.95,False,326,relief_self_segmentation,cheap,0.0,0.0,0,0.00024,0.1811,0.0945,0.0,0.069,42.1,2424,True,149.0,147.0,1,0.7832,0.7134,2424,0.0,0.0,101.7789,97.7583
755442,rev,BIN,32.07,78.95,False,327,relief_self_segmentation,cheap,0.0462,0.0,0,0.0045,0.0208,0.1633,0.3596,0.0093,137.6,62884,True,54.0,63.0,7,0.5226,0.308,62884,0.0,0.0,100.4886,97.4554
755442,rev,BIN,32.07,78.95,False,328,multi_object_weld,expensive,0.1131,0.0165,14,0.21336,0.0113,0.1989,0.4026,0.0876,858.7,2130000,True,44.0,34.0,7,0.2627,0.2992,2130000,0.0555,0.0191,92.3816,85.1124
755443,obv,BIN,31.06,78.94,False,5,sub_coin_noise_blob,cheap,0.0,0.0,0,0.00081,0.2098,0.2116,0.3503,0.0,51.3,9718,False,46.0,78.0,3,0.5422,0.6028,9718,0.1452,0.0632,65.478,54.1023
755443,obv,BIN,31.06,78.94,False,22,sub_coin_noise_blob,cheap,0.0,0.0,0,0.00127,0.2454,0.2548,0.3607,0.0,58.5,12078,False,45.0,73.0,3,0.6408,0.6267,12078,0.1889,0.0296,75.3156,60.4469
755443,obv,BIN,31.06,78.94,False,26,sub_coin_noise_blob,cheap,0.0,0.0,0,0.0012,0.1538,0.1818,0.3631,0.0,67.4,15255,False,62.0,57.0,4,0.671,0.5034,15255,0.2302,0.0268,76.0416,59.6916
755443,obv,BIN,31.06,78.94,False,76,relief_self_segmentation,cheap,0.0,0.0,0,0.00024,0.0621,0.0433,0.3695,1.0,61.1,11610,False,74.0,88.0,3,5.039,0.2633,11610,0.0185,0.0002,99.7314,83.0592
755443,obv,BIN,31.06,78.94,False,85,relief_self_segmentation,cheap,0.0,0.0,0,0.00021,0.3695,0.3882,0.5293,1.0,19.2,1558,False,57.0,45.0,7,0.3114,0.6472,1558,0.0016,0.0,125.5229,84.9984
755443,obv,BIN,31.06,78.94,False,143,low_contrast_coastline,expensive,0.2142,0.0372,44,0.29268,0.1122,0.8229,0.6333,0.9997,494.5,1320798,False,1.0,0.0,0,0.035,0.8943,1320798,0.1541,0.0451,118.57,66.3982
755443,obv,BIN,31.06,78.94,False,151,relief_self_segmentation,cheap,0.0,0.0,0,0.0002,0.153,0.2698,0.395,0.4129,22.3,1935,False,58.0,91.0,4,0.4479,0.4407,1935,0.0,0.0,97.584,90.4387
755443,obv,BIN,31.06,78.94,False,155,relief_self_segmentation,cheap,0.0,0.0,0,0.00065,0.078,0.1379,0.3619,0.0,57.0,11160,False,74.0,53.0,6,0.5159,0.3538,11160,0.0003,0.0,97.4173,91.4741
755443,rev,BIN,29.78,78.95,False,3,sub_coin_noise_blob,cheap,0.0,0.0,0,0.00057,0.4216,0.3643,0.3775,0.0,32.7,3876,False,51.0,77.0,2,0.3701,0.7799,3876,0.0,0.0,64.6002,60.9462
755443,rev,BIN,29.78,78.95,False,5,sub_coin_noise_blob,cheap,0.0,0.0,0,0.00049,0.3011,0.3083,0.3355,0.0,32.9,4284,False,88.0,75.0,4,0.4786,0.6594,4284,0.0751,0.0,65.4996,57.9629
755443,rev,BIN,29.78,78.95,False,7,sub_coin_noise_blob,cheap,0.0,0.0,0,0.0002,0.2151,0.1799,0.3445,0.0,27.4,2340,False,59.0,66.0,5,0.5058,0.5297,2340,0.0055,0.0,67.8742,61.9784
755443,rev,BIN,29.78,78.95,False,21,relief_self_segmentation,cheap,0.0,0.0,0,0.00046,0.3166,0.3078,0.4644,1.0,32.2,3312,False,100.0,87.0,3,0.7615,0.5781,3312,0.3735,0.0457,118.5754,46.7763
755443,rev,BIN,29.78,78.95,False,22,relief_self_segmentation,cheap,0.0,0.0,0,0.00019,0.4221,0.3038,0.5402,1.0,20.5,1312,False,81.0,39.0,5,0.2883,0.7431,1312,0.0936,0.0542,113.2695,73.0862
755443,rev,BIN,29.78,78.95,False,24,relief_self_segmentation,cheap,0.0,0.0,0,0.00091,0.1932,0.3736,0.5104,0.9836,40.9,6536,False,57.0,49.0,4,0.2683,0.5578,6536,0.2848,0.1005,105.2134,50.3012
755443,rev,BIN,29.78,78.95,False,45,relief_self_segmentation,cheap,0.0,0.0,0,0.00051,0.1812,0.1344,0.3614,1.0,51.0,6273,False,109.0,64.0,2,1.531,0.5338,6273,0.2884,0.0046,87.1403,55.4024
755443,rev,BIN,29.78,78.95,False,96,relief_self_segmentation,cheap,0.0,0.0,0,0.0006,0.2356,0.1859,0.4151,1.0,47.2,6720,False,113.0,84.0,2,1.6159,0.5491,6720,0.0439,0.0004,118.9597,75.9791
755443,rev,BIN,29.78,78.95,False,103,non_circular_flan,expensive,0.1878,0.0222,32,0.28708,0.0916,0.7945,0.6198,0.9991,498.4,1367268,False,0.0,9.0,5,0.0641,0.8654,1367268,0.2413,0.1062,127.3643,54.137
755443,rev,BIN,29.78,78.95,False,114,relief_self_segmentation,cheap,0.0,0.0,0,0.00017,0.2987,0.186,0.3815,0.7714,24.9,1860,False,73.0,77.0,3,0.4083,0.7171,1860,0.061,0.0,106.7153,80.2097
755443,rev,BIN,29.78,78.95,False,150,relief_self_segmentation,expensive,0.0231,0.0,0,0.02578,0.0345,0.0843,0.371,0.0701,458.6,647360,False,135.0,57.0,2,0.7181,0.2521,647360,0.0654,0.0177,87.8719,99.5262
755445,obv,BIN,31.18,78.94,False,22,sub_coin_noise_blob,cheap,0.0,0.0,0,0.00014,0.0973,0.0511,0.3835,1.0,43.4,4998,False,144.0,62.0,2,5.9411,0.4828,4998,0.332,0.2881,64.1062,43.2512
755445,obv,BIN,31.18,78.94,False,29,sub_coin_noise_blob,cheap,0.0,0.0,0,0.00333,0.1888,0.1931,0.3232,0.0,108.9,38478,False,107.0,85.0,4,0.5792,0.6451,38478,0.1843,0.1081,63.8775,55.1754
755445,obv,BIN,31.18,78.94,False,38,attached_artifact,cheap,0.021,0.0,0,0.00525,0.1344,0.1948,0.3372,0.0,136.1,62409,False,114.0,51.0,5,0.4952,0.6219,62409,0.1462,0.1026,64.9759,59.8832
755445,obv,BIN,31.18,78.94,False,70,sub_coin_noise_blob,cheap,0.0,0.0,0,0.00422,0.1706,0.2665,0.3945,0.0,104.3,33800,False,89.0,60.0,3,0.4442,0.6722,33800,0.1249,0.0043,75.7874,66.5361
755445,obv,BIN,31.18,78.94,False,77,sub_coin_noise_blob,cheap,0.0,0.0,0,0.00026,0.1674,0.232,0.2891,0.0,27.9,2600,False,90.0,59.0,3,0.6103,0.4353,2600,0.0,0.0,84.2656,79.1765
755445,obv,BIN,31.18,78.94,False,216,relief_self_segmentation,cheap,0.0,0.0,0,0.00022,0.1985,0.1471,0.2687,0.1164,31.9,3150,False,91.0,60.0,3,0.6425,0.5056,3150,0.0,0.0,93.5662,89.9228
755445,obv,BIN,31.18,78.94,False,236,relief_self_segmentation,cheap,0.0,0.0,0,0.0002,0.2832,0.1775,0.328,0.0,28.1,1876,False,81.0,72.0,2,0.7127,0.6982,1876,0.0,0.0,97.3852,91.9734
755445,obv,BIN,31.18,78.94,False,237,relief_self_segmentation,cheap,0.0,0.0,0,0.00019,0.296,0.1956,0.2822,0.0,26.0,1827,False,87.0,93.0,2,0.7249,0.6696,1827,0.0,0.0,96.5654,92.3665
755445,obv,BIN,31.18,78.94,False,259,relief_self_segmentation,cheap,0.0,0.0,0,0.00018,0.1219,0.1385,0.3305,0.2822,29.7,2664,False,71.0,72.0,4,0.6903,0.3768,2664,0.0,0.0,96.8777,93.0705
755445,obv,BIN,31.18,78.94,False,271,relief_self_segmentation,cheap,0.0,0.0,0,0.00015,0.139,0.0784,0.241,0.0,36.2,3528,False,114.0,57.0,2,1.3786,0.492,3528,0.0,0.0,99.5315,93.8406
755445,obv,BIN,31.18,78.94,False,295,relief_self_segmentation,cheap,0.0,0.0,0,0.00087,0.0691,0.1849,0.3381,0.1684,56.7,10464,True,36.0,54.0,5,0.674,0.3416,10464,0.0,0.0,98.224,94.2184
755445,obv,BIN,31.18,78.94,False,312,relief_self_segmentation,cheap,0.0,0.0,0,0.0002,0.295,0.3328,0.3609,0.0,20.6,1408,False,37.0,64.0,3,0.3691,0.6184,1408,0.0,0.0,99.0418,95.1173
755445,obv,BIN,31.18,78.94,False,318,relief_self_segmentation,cheap,0.0,0.0,0,0.00027,0.2962,0.3192,0.3696,0.0606,24.3,2508,False,55.0,84.0,4,0.3511,0.5938,2508,0.0,0.0,99.0258,95.5582
755445,obv,BIN,31.18,78.94,False,319,relief_self_segmentation,cheap,0.0,0.0,0,0.00025,0.1775,0.2088,0.3135,0.0,28.7,3776,False,70.0,49.0,5,0.508,0.4059,3776,0.0,0.0,99.1426,95.5639
755445,obv,BIN,31.18,78.94,False,330,relief_self_segmentation,cheap,0.0,0.0,0,0.0012,0.0421,0.0843,0.3297,0.1053,99.1,27000,True,48.0,65.0,5,0.8727,0.2971,27000,0.0,0.0,99.0793,95.3895
755445,obv,BIN,31.18,78.94,False,336,relief_self_segmentation,cheap,0.0,0.0,0,0.00021,0.1706,0.1579,0.2953,0.1032,30.4,3105,False,78.0,63.0,5,0.6841,0.4403,3105,0.0,0.0,99.6157,95.5247
755445,obv,BIN,31.18,78.94,False,360,relief_self_segmentation,cheap,0.0,0.0,0,0.00048,0.1304,0.1639,0.2984,0.0226,44.7,6760,False,43.0,35.0,5,0.4259,0.4442,6760,0.0,0.0,100.3087,95.6638
755445,obv,BIN,31.18,78.94,False,362,relief_self_segmentation,cheap,0.0,0.0,0,0.00015,0.1482,0.108,0.2511,0.0,30.5,2691,False,94.0,57.0,4,0.8505,0.4216,2691,0.0,0.0,100.4922,96.4024
755445,obv,BIN,31.18,78.94,False,369,relief_self_segmentation,cheap,0.0,0.0,0,0.00018,0.1417,0.1806,0.3423,0.0,25.8,2451,False,68.0,60.0,3,0.7687,0.3914,2451,0.0,0.0,99.5614,96.9947
755445,obv,BIN,31.18,78.94,False,373,relief_self_segmentation,cheap,0.0,0.0,0,0.0003,0.2264,0.3278,0.3612,0.1553,25.1,2394,False,37.0,47.0,5,0.3683,0.5492,2394,0.0,0.0,100.0604,95.5854
755445,obv,BIN,31.18,78.94,False,382,relief_self_segmentation,cheap,0.0,0.0,0,0.0005,0.0652,0.0696,0.2583,0.0,70.1,10850,True,134.0,100.0,2,5.207,0.3115,10850,0.0,0.0,101.7021,97.4172
755445,obv,BIN,31.18,78.94,False,384,relief_self_segmentation,cheap,0.0,0.0,0,0.00042,0.1433,0.1756,0.3199,0.0,40.5,5292,False,71.0,52.0,6,0.5765,0.478,5292,0.0,0.0,100.8839,97.1993
755445,obv,BIN,31.18,78.94,False,395,relief_self_segmentation,cheap,0.0,0.0,0,0.00035,0.0886,0.0745,0.3298,0.0,57.0,7124,False,95.0,93.0,2,1.1425,0.3803,7124,0.0,0.0,101.4138,97.8738
755445,obv,BIN,31.18,78.94,False,412,relief_self_segmentation,cheap,0.0,0.0,0,0.0002,0.2877,0.2704,0.3409,0.0,22.5,1938,False,64.0,110.0,2,0.5294,0.5981,1938,0.0,0.0,101.0143,97.223
755445,obv,BIN,31.18,78.94,False,424,relief_self_segmentation,cheap,0.0,0.0,0,0.00031,0.2622,0.2575,0.3405,0.0,28.7,2632,False,55.0,47.0,5,0.4263,0.6233,2632,0.0,0.0,100.0027,96.4631
755445,obv,BIN,31.18,78.94,False,438,relief_self_segmentation,cheap,0.0,0.0,0,0.0002,0.1546,0.1401,0.2855,0.0,31.4,2960,False,124.0,67.0,3,0.4407,0.4454,2960,0.0,0.0,101.9202,98.6398
755445,obv,BIN,31.18,78.94,False,456,relief_self_segmentation,cheap,0.0,0.0,0,0.00163,0.0345,0.1365,0.3427,0.0104,90.7,34485,False,54.0,48.0,5,0.4867,0.2476,34485,0.0,0.0,100.9611,97.8405
755445,obv,BIN,31.18,78.94,False,458,relief_self_segmentation,cheap,0.0,0.0,0,0.00062,0.073,0.2048,0.3349,0.0,45.7,8004,False,67.0,37.0,5,0.3522,0.2795,8004,0.0,0.0,100.9351,98.2782
755445,obv,BIN,31.18,78.94,False,466,relief_self_segmentation,cheap,0.0,0.0,0,0.00015,0.244,0.1814,0.3318,0.0,23.7,1612,False,73.0,36.0,3,0.4498,0.5613,1612,0.0,0.0,101.2633,97.1169
755445,obv,BIN,31.18,78.94,False,477,relief_self_segmentation,cheap,0.0,0.0,0,0.0002,0.4426,0.3448,0.3241,0.0,20.1,1029,True,115.0,109.0,3,0.4654,0.7849,1029,0.0,0.0,101.1831,97.4717
755445,obv,BIN,31.18,78.94,False,478,non_circular_flan,expensive,0.0936,0.0379,29,0.45988,0.0347,0.5951,0.5004,0.1813,728.9,1975500,True,7.0,35.0,5,0.2326,0.788,1975500,0.0502,0.0213,99.9587,84.1141
755445,obv,BIN,31.18,78.94,False,482,relief_self_segmentation,cheap,0.0,0.0,0,0.0002,0.2481,0.1475,0.0,0.0,30.5,1628,True,147.0,146.0,1,0.6331,0.7126,1628,0.0,0.0,102.134,97.3358
755445,obv,BIN,31.18,78.94,False,484,relief_self_segmentation,cheap,0.2129,0.0,0,0.00118,0.1901,0.2066,0.336,0.0464,62.6,10132,True,73.0,109.0,2,1.4911,0.5532,10132,0.0,0.0,100.1142,97.823
755445,obv,BIN,31.18,78.94,False,485,relief_self_segmentation,cheap,0.0,0.0,0,0.00054,0.1978,0.2237,0.3361,0.0215,40.7,4606,True,42.0,67.0,3,0.6085,0.5675,4606,0.0,0.0,101.1495,97.613
755445,obv,BIN,31.18,78.94,False,486,sub_coin_noise_blob,cheap,0.1493,0.1,1,0.00493,0.0273,0.25,0.3716,0.1226,116.5,44512,True,63.0,35.0,7,0.3745,0.3847,44512,0.0,0.0,100.4044,97.3992
755445,rev,BIN,30.86,78.95,False,10,sub_coin_noise_blob,cheap,0.0,0.0,0,0.00016,0.0936,0.0488,0.3903,0.9946,47.3,5508,False,151.0,65.0,2,2.2362,0.479,5508,0.2875,0.2389,71.4702,53.5717
755445,rev,BIN,30.86,78.95,False,14,sub_coin_noise_blob,cheap,0.0,0.0,0,0.00413,0.1689,0.2347,0.3991,0.0,109.9,41076,False,91.0,55.0,5,0.4602,0.6779,41076,0.1965,0.1186,64.1791,53.765
755445,rev,BIN,30.86,78.95,False,16,sub_coin_noise_blob,cheap,0.0331,0.0,0,0.00417,0.1541,0.2701,0.3968,0.0,103.1,38577,False,104.0,59.0,5,0.3678,0.6814,38577,0.1903,0.0934,65.0449,51.1806
755445,rev,BIN,30.86,78.95,False,42,sub_coin_noise_blob,cheap,0.0,0.0,0,0.00415,0.2206,0.3129,0.3771,0.0,95.5,31488,False,65.0,63.0,3,0.4514,0.6838,31488,0.1143,0.0028,75.8717,65.6593
755445,rev,BIN,30.86,78.95,False,48,sub_coin_noise_blob,cheap,0.0,0.0,0,0.00026,0.2125,0.2238,0.3263,0.0,28.0,2600,False,93.0,80.0,3,0.8486,0.5092,2600,0.0,0.0,84.3,79.5549
755445,rev,BIN,30.86,78.95,False,187,relief_self_segmentation,cheap,0.0,0.0,0,0.00016,0.1741,0.1356,0.2691,0.1203,28.5,2574,False,83.0,57.0,3,0.644,0.4476,2574,0.0,0.0,93.6304,89.977
755445,rev,BIN,30.86,78.95,False,209,relief_self_segmentation,cheap,0.0,0.0,0,0.00017,0.2297,0.1488,0.3198,0.0,27.6,1716,False,88.0,52.0,5,0.7929,0.6349,1716,0.0,0.0,97.7177,92.1508
755445,rev,BIN,30.86,78.95,False,210,relief_self_segmentation,cheap,0.0,0.0,0,0.00017,0.2407,0.1819,0.2963,0.0,25.0,1708,False,84.0,83.0,2,0.8242,0.5916,1708,0.0,0.0,96.9403,92.4065
755445,rev,BIN,30.86,78.95,False,255,relief_self_segmentation,cheap,0.1713,0.0,0,0.00462,0.0731,0.2475,0.3786,0.01,113.3,51156,False,44.0,39.0,6,0.2921,0.476,51156,0.0001,0.0,93.9657,90.7006
755445,rev,BIN,30.86,78.95,False,284,relief_self_segmentation,cheap,0.0313,0.0,0,0.0016,0.1031,0.0911,0.2504,0.0237,109.9,25872,False,100.0,94.0,2,1.2268,0.4204,25872,0.0,0.0,96.7246,94.0427
755445,rev,BIN,30.86,78.95,False,285,relief_self_segmentation,cheap,0.0,0.0,0,0.00015,0.3265,0.2763,0.4447,1.0,19.6,1394,False,78.0,96.0,2,0.7116,0.6806,1394,0.0225,0.0013,98.168,76.5716
755445,rev,BIN,30.86,78.95,False,301,relief_self_segmentation,cheap,0.0,0.0,0,0.00026,0.1185,0.1522,0.3353,0.0,34.4,3760,False,96.0,66.0,3,0.5841,0.4202,3760,0.0,0.0,99.3274,95.051
755445,rev,BIN,30.86,78.95,False,302,relief_self_segmentation,cheap,0.0,0.0,0,0.00083,0.0686,0.1569,0.3313,0.1988,60.1,9700,True,34.0,53.0,5,0.7011,0.3422,9700,0.0,0.0,98.3764,94.1866
755445,rev,BIN,30.86,78.95,False,310,relief_self_segmentation,cheap,0.0,0.0,0,0.00035,0.065,0.1337,0.3439,0.0,42.2,5900,False,88.0,62.0,4,0.7117,0.3115,5900,0.0,0.0,99.1449,94.7996
755445,rev,BIN,30.86,78.95,False,326,relief_self_segmentation,cheap,0.0,0.0,0,0.00019,0.3201,0.371,0.3667,0.0,19.0,1302,False,39.0,66.0,3,0.354,0.627,1302,0.0,0.0,99.0314,95.066
755445,rev,BIN,30.86,78.95,False,337,relief_self_segmentation,cheap,0.0,0.0,0,0.00023,0.3041,0.3375,0.3689,0.0,21.6,2107,False,71.0,39.0,5,0.3536,0.6019,2107,0.0,0.0,98.8381,95.859
755445,rev,BIN,30.86,78.95,False,338,relief_self_segmentation,cheap,0.0,0.0,0,0.00025,0.3001,0.3033,0.3669,0.064,23.9,2296,False,56.0,78.0,4,0.3647,0.6272,2296,0.0,0.0,99.072,95.7101
755445,rev,BIN,30.86,78.95,False,354,relief_self_segmentation,cheap,0.0,0.0,0,0.00016,0.1741,0.1922,0.2994,0.0,24.0,2240,False,115.0,66.0,3,0.7162,0.4211,2240,0.0,0.0,99.7914,95.4147
755445,rev,BIN,30.86,78.95,False,358,relief_self_segmentation,cheap,0.0,0.0,0,0.00022,0.15,0.1495,0.3103,0.1071,31.8,3478,False,85.0,49.0,5,0.6402,0.4295,3478,0.0,0.0,99.6196,95.5182
755445,rev,BIN,30.86,78.95,False,368,relief_self_segmentation,cheap,0.0,0.0,0,0.00087,0.0563,0.151,0.3387,0.0866,63.1,13764,True,56.0,37.0,7,0.5459,0.2968,13764,0.0,0.0,99.4018,95.255
755445,rev,BIN,30.86,78.95,False,388,relief_self_segmentation,cheap,0.0,0.0,0,0.00033,0.2191,0.1847,0.3451,0.1288,35.0,3240,False,55.0,76.0,4,0.4784,0.5835,3240,0.0,0.0,100.4226,95.8883
755445,rev,BIN,30.86,78.95,False,399,relief_self_segmentation,cheap,0.0,0.0,0,0.00028,0.2223,0.2955,0.3662,0.0,25.6,2400,False,48.0,77.0,4,0.4295,0.5466,2400,0.0,0.0,100.4298,95.7862
755445,rev,BIN,30.86,78.95,False,408,relief_self_segmentation,cheap,0.0,0.0,0,0.00027,0.1515,0.1805,0.3077,0.0978,31.9,3600,False,68.0,51.0,5,0.7563,0.4312,3600,0.0,0.0,101.6134,97.139
755445,rev,BIN,30.86,78.95,False,421,relief_self_segmentation,cheap,0.0,0.0,0,0.00122,0.0324,0.0999,0.3281,0.0855,91.7,24600,True,92.0,78.0,3,0.8479,0.2475,24600,0.0,0.0,100.9212,97.5837
755445,rev,BIN,30.86,78.95,False,439,relief_self_segmentation,cheap,0.0,0.0,0,0.00037,0.0794,0.0711,0.2583,0.0,59.9,9246,False,127.0,50.0,2,0.6507,0.3256,9246,0.0,0.0,101.0157,97.6773
755445,rev,BIN,30.86,78.95,False,461,relief_self_segmentation,cheap,0.0,0.0,0,0.00162,0.0366,0.1193,0.3335,0.0,96.7,37184,False,60.0,58.0,4,0.4793,0.2369,37184,0.0,0.0,100.7695,97.8541
755445,rev,BIN,30.86,78.95,False,465,relief_self_segmentation,cheap,0.0,0.0,0,0.00043,0.0604,0.0968,0.2911,0.0,55.6,10624,False,112.0,38.0,4,0.6505,0.249,10624,0.0,0.0,101.7225,97.8115
755445,rev,BIN,30.86,78.95,False,470,relief_self_segmentation,cheap,0.1874,0.0,0,0.00031,0.6272,0.5152,0.3544,0.0,20.2,1440,True,52.0,102.0,2,0.4412,0.8911,1440,0.0,0.0,100.7804,97.4352
755445,rev,BIN,30.86,78.95,False,471,relief_self_segmentation,cheap,0.0,0.0,0,0.00016,0.2685,0.2016,0.3309,0.0,23.0,1550,False,68.0,38.0,4,0.4403,0.5947,1550,0.0,0.0,101.3478,97.1851
755445,rev,BIN,30.86,78.95,False,472,relief_self_segmentation,cheap,0.1965,0.0,0,0.00034,0.3689,0.3443,0.3374,0.2388,25.9,2016,True,104.0,93.0,4,0.5114,0.6885,2016,0.0,0.0,101.2985,96.9252
755445,rev,BIN,30.86,78.95,False,474,relief_self_segmentation,cheap,0.149,0.0,0,0.00141,0.0555,0.2147,0.3465,0.0,67.1,16836,True,90.0,55.0,3,0.4761,0.342,16836,0.0,0.0,100.8478,98.2507
755445,rev,BIN,30.86,78.95,False,479,relief_self_segmentation,cheap,0.1451,0.0,0,0.001,0.1451,0.1789,0.2922,0.0549,62.1,9996,False,93.0,100.0,2,1.2314,0.5321,9996,0.0,0.0,100.4217,97.8625
755445,rev,BIN,30.86,78.95,False,483,relief_self_segmentation,cheap,0.0,0.0,0,0.00026,0.1222,0.0684,0.2421,0.0524,51.2,4477,True,68.0,130.0,2,2.5187,0.4939,4477,0.0,0.0,102.4694,98.3692
755445,rev,BIN,30.86,78.95,False,485,relief_self_segmentation,cheap,0.0,0.0,0,0.00045,0.1122,0.1122,0.0,0.0629,52.8,5040,True,152.0,63.0,3,0.5624,0.3894,5040,0.0,0.0,101.8128,98.2645
755445,rev,BIN,30.86,78.95,False,486,multi_object_weld,expensive,0.0676,0.0067,6,0.10562,0.0134,0.1577,0.4039,0.1335,678.5,1598546,True,101.0,29.0,5,0.3861,0.2941,1598546,0.0156,0.0045,94.6397,99.5918
755445,rev,BIN,30.86,78.95,False,487,sub_coin_noise_blob,cheap,0.1718,0.0791,1,0.00314,0.108,0.2068,0.3467,0.0613,102.2,34364,True,79.0,99.0,3,0.9484,0.4989,34364,0.0,0.0,99.586,97.4561
755445,rev,BIN,30.86,78.95,False,491,relief_self_segmentation,cheap,0.0,0.0,0,0.0002,0.2386,0.1401,0.0,0.0889,31.0,1650,True,147.0,152.0,1,0.6496,0.698,1650,0.0,0.0,102.1199,97.4051
755445,rev,BIN,30.86,78.95,False,494,relief_self_segmentation,cheap,0.0,0.0,0,0.00054,0.1877,0.2077,0.3295,0.0,42.1,4747,True,41.0,62.0,3,0.6276,0.5455,4747,0.0,0.0,101.1749,97.5689
755445,rev,BIN,30.86,78.95,False,495,attached_artifact,cheap,0.2075,0.0978,2,0.00572,0.0317,0.2266,0.3671,0.084,131.7,56563,True,48.0,44.0,8,0.4857,0.3927,56563,0.0,0.0,100.0071,97.4258
755446,obv,BIN,30.14,78.94,False,5,sub_coin_noise_blob,cheap,0.0,0.0,0,0.0021,0.1429,0.1275,0.323,0.0,106.5,29232,False,107.0,93.0,3,1.2558,0.5379,29232,0.2173,0.1579,65.1432,46.7622
755446,obv,BIN,30.14,78.94,False,13,sub_coin_noise_blob,cheap,0.0,0.0,0,0.0002,0.1966,0.1802,0.3165,0.0,27.8,2484,False,25.0,118.0,2,0.9804,0.4877,2484,0.0,0.0,75.7436,71.9698
755446,obv,BIN,30.14,78.94,False,15,sub_coin_noise_blob,cheap,0.0,0.0,0,0.00038,0.223,0.2284,0.3409,0.0,34.0,4144,False,49.0,72.0,4,0.4858,0.585,4144,0.0,0.0,75.4582,71.6756
755446,obv,BIN,30.14,78.94,False,59,relief_self_segmentation,cheap,0.0,0.0,0,0.0006,0.1362,0.1187,0.4487,1.0,58.8,11385,False,75.0,52.0,4,0.8709,0.4539,11385,0.0027,0.0,110.1044,93.5936
755446,obv,BIN,30.14,78.94,False,64,relief_self_segmentation,cheap,0.0,0.0,0,0.00027,0.3618,0.2535,0.533,1.0,27.1,2623,False,78.0,64.0,3,0.4637,0.6913,2623,0.0146,0.0012,109.0372,80.5766
755446,obv,BIN,30.14,78.94,False,83,relief_self_segmentation,expensive,0.2992,0.0166,86,0.31367,0.2786,0.825,0.6318,0.9998,511.3,1389150,False,3.0,0.0,0,0.0622,0.9364,1389150,0.1804,0.1135,111.8136,63.7243
755446,obv,BIN,30.14,78.94,False,106,relief_self_segmentation,cheap,0.0,0.0,0,0.00091,0.131,0.1041,0.4064,1.0,77.4,13616,False,107.0,106.0,2,1.6299,0.5075,13616,0.0296,0.0045,103.279,89.3627
755446,obv,BIN,30.14,78.94,False,130,relief_self_segmentation,cheap,0.0,0.0,0,0.00019,0.0699,0.1663,0.3475,0.0044,28.4,3294,False,50.0,72.0,4,0.3836,0.2623,3294,0.0,0.0,101.4198,95.6819
755446,rev,BIN,30.59,78.95,False,38,sub_coin_noise_blob,cheap,0.0,0.0,0,0.00021,0.5419,0.5377,0.591,1.0,16.3,1254,False,38.0,29.0,5,0.1542,0.7963,1254,0.0063,0.0,119.5504,92.8188
755446,rev,BIN,30.59,78.95,False,93,low_contrast_coastline,expensive,0.3502,0.0378,48,0.29877,0.1012,0.782,0.5839,1.0,512.5,1353807,False,0.0,0.0,0,0.0521,0.8812,1353807,0.1197,0.0852,116.1059,69.2689
755447,obv,BIN,31.0,78.94,False,5,sub_coin_noise_blob,cheap,0.0,0.0,0,0.00017,0.1361,0.1635,0.2982,0.0,26.7,2728,False,80.0,30.0,6,0.511,0.3699,2728,0.0,0.0,66.4865,62.2485
755447,obv,BIN,31.0,78.94,False,10,sub_coin_noise_blob,cheap,0.0,0.0,0,0.00078,0.205,0.1828,0.3445,0.0,54.2,9512,False,80.0,80.0,2,0.608,0.6024,9512,0.2013,0.1162,65.3149,48.827
755447,obv,BIN,31.0,78.94,False,135,relief_self_segmentation,cheap,0.0,0.0,0,0.00029,0.096,0.0944,0.3024,0.2437,45.6,5720,False,97.0,40.0,6,0.8752,0.3724,5720,0.0,0.0,102.6472,97.0256
755447,rev,BIN,31.68,78.95,False,3,sub_coin_noise_blob,cheap,0.0,0.0,0,0.00025,0.2912,0.2278,0.3201,0.0,27.6,2310,False,60.0,53.0,5,0.4679,0.6354,2310,0.0,0.0,65.6072,61.6991
755447,rev,BIN,31.68,78.95,False,7,sub_coin_noise_blob,cheap,0.0,0.0,0,0.00036,0.1928,0.2401,0.3383,0.0,32.0,3721,False,56.0,38.0,7,0.3291,0.5211,3721,0.1105,0.0,66.1071,57.5092
755447,rev,BIN,31.68,78.95,False,17,sub_coin_noise_blob,cheap,0.0,0.0,0,0.00064,0.1015,0.2161,0.3436,0.0,45.2,8034,False,47.0,65.0,5,0.6036,0.4599,8034,0.0304,0.0,76.9559,70.5583
755447,rev,BIN,31.68,78.95,False,19,sub_coin_noise_blob,cheap,0.0,0.0,0,0.00057,0.1602,0.137,0.2686,0.0,53.6,9408,False,112.0,70.0,2,0.8507,0.466,9408,0.0861,0.0011,77.3541,68.3415
755447,rev,BIN,31.68,78.95,False,138,relief_self_segmentation,cheap,0.0,0.0,0,0.00021,0.2154,0.1174,0.2634,0.4173,35.4,3440,False,119.0,89.0,2,1.519,0.6924,3440,0.0,0.0,103.4841,95.5646
755448,obv,BIN,30.79,78.94,False,9,sub_coin_noise_blob,cheap,0.0,0.0,0,0.00015,0.2138,0.2352,0.3121,0.0,21.2,1677,False,99.0,86.0,5,0.5381,0.4781,1677,0.0,0.0,67.2219,63.643
755448,obv,BIN,30.79,78.94,False,10,sub_coin_noise_blob,cheap,0.0,0.0,0,0.00038,0.124,0.0645,0.3987,0.976,63.6,9636,False,109.0,82.0,2,1.971,0.6592,9636,0.239,0.1905,86.5016,70.4255
755448,obv,BIN,30.79,78.94,False,12,sub_coin_noise_blob,cheap,0.0,0.0,0,0.00056,0.1577,0.0853,0.3648,1.0,67.2,11692,False,131.0,86.0,2,1.7126,0.658,11692,0.2548,0.1487,85.3331,69.0553
755448,rev,BIN,29.87,78.95,False,4,sub_coin_noise_blob,cheap,0.0,0.0,0,0.00055,0.2427,0.2195,0.3561,0.0,41.4,5368,False,52.0,53.0,3,0.4068,0.6097,5368,0.1696,0.0242,65.4461,53.3882
755448,rev,BIN,29.87,78.95,False,6,sub_coin_noise_blob,cheap,0.0,0.0,0,0.00019,0.2749,0.1963,0.3235,0.0,26.1,2394,False,59.0,84.0,2,0.9803,0.6318,2394,0.0043,0.0,68.6708,61.1838
755448,rev,BIN,29.87,78.95,False,12,sub_coin_noise_blob,cheap,0.0,0.0,0,0.00032,0.1669,0.19,0.3395,0.0,33.9,3480,False,69.0,51.0,4,0.5242,0.463,3480,0.0,0.0,77.2268,73.5668
755448,rev,BIN,29.87,78.95,False,61,relief_self_segmentation,cheap,0.0,0.0,0,0.00015,0.2825,0.2901,0.4606,1.0,19.1,1221,False,78.0,32.0,5,0.4883,0.5764,1221,0.0,0.0,104.1269,93.5802
755448,rev,BIN,29.87,78.95,False,87,relief_self_segmentation,cheap,0.0397,0.0,0,0.00147,0.037,0.0431,0.3789,0.9651,153.0,61272,False,80.0,59.0,3,1.4225,0.2681,61272,0.0034,0.0006,110.0411,98.0067
755448,rev,BIN,29.87,78.95,False,92,low_contrast_coastline,expensive,0.173,0.0376,47,0.31481,0.1731,0.8427,0.6094,0.9897,506.8,1402984,False,0.0,0.0,0,0.0467,0.9195,1402984,0.1128,0.0548,118.5043,76.2399
755449,obv,BIN,31.49,78.94,False,89,relief_self_segmentation,cheap,0.0,0.0,0,0.00021,0.0639,0.0446,0.4056,1.0,57.0,9588,False,115.0,49.0,4,1.7077,0.2323,9588,0.1029,0.029,104.8596,74.9492
755449,obv,BIN,31.49,78.94,False,158,relief_self_segmentation,cheap,0.0,0.0,0,0.00029,0.084,0.094,0.2912,0.1385,46.2,5217,False,70.0,60.0,4,0.784,0.3455,5217,0.0,0.0,100.6841,95.8801
755449,obv,BIN,31.49,78.94,False,241,multi_object_weld,expensive,0.0606,0.0074,4,0.06127,0.0278,0.1171,0.3081,0.2226,599.7,1191424,False,116.0,49.0,5,0.5688,0.2687,1191424,0.0716,0.0198,94.064,93.4011
755449,rev,BIN,31.14,78.95,False,18,sub_coin_noise_blob,cheap,0.0,0.0,0,0.00023,0.1728,0.1422,0.2649,0.0,33.2,3519,False,64.0,100.0,2,1.146,0.4777,3519,0.0187,0.0,75.1815,68.6145
755449,rev,BIN,31.14,78.95,False,22,sub_coin_noise_blob,cheap,0.0,0.0,0,0.00057,0.1822,0.1589,0.3332,0.0,49.6,7452,False,73.0,52.0,5,0.6257,0.5486,7452,0.1507,0.0175,75.4559,62.9484
755449,rev,BIN,31.14,78.95,False,49,relief_self_segmentation,cheap,0.0,0.0,0,0.00044,0.3416,0.3399,0.5319,1.0,29.9,4209,False,35.0,90.0,2,0.4764,0.6415,4209,0.1175,0.0,137.165,72.3891
755449,rev,BIN,31.14,78.95,False,59,relief_self_segmentation,cheap,0.0,0.0,0,0.00024,0.4343,0.4262,0.5337,1.0,19.7,1677,False,63.0,60.0,3,0.3298,0.7235,1677,0.0247,0.0,115.807,80.1623
755449,rev,BIN,31.14,78.95,False,91,relief_self_segmentation,cheap,0.0,0.0,0,0.00077,0.0753,0.1422,0.2789,0.0805,60.8,12040,False,93.0,100.0,3,0.6837,0.3496,12040,0.0001,0.0,99.0887,94.5441
755449,rev,BIN,31.14,78.95,False,109,relief_self_segmentation,cheap,0.0,0.0,0,0.0003,0.1287,0.1056,0.259,0.2133,44.3,5820,False,131.0,80.0,3,0.805,0.4285,5820,0.0,0.0,101.7503,95.5594
755450,obv,BIN,34.17,78.94,False,77,relief_self_segmentation,cheap,0.0,0.0,0,0.00029,0.1983,0.2636,0.5033,1.0,27.6,2535,False,51.0,56.0,4,0.5761,0.5356,2535,0.2399,0.0044,90.901,61.0587
755450,obv,BIN,34.17,78.94,False,78,relief_self_segmentation,cheap,0.0621,0.0,0,0.00695,0.2396,0.5788,0.5781,1.0,90.9,41412,False,50.0,34.0,6,0.1718,0.7885,41412,0.3616,0.1544,142.9168,51.886
755450,obv,BIN,34.17,78.94,False,89,sub_coin_noise_blob,cheap,0.0,0.0,0,0.00071,0.2804,0.362,0.5641,1.0,36.6,4725,False,37.0,47.0,4,0.2668,0.6976,4725,0.2574,0.0045,79.3539,59.9459
755450,obv,BIN,34.17,78.94,False,111,relief_self_segmentation,cheap,0.0,0.0,0,0.00041,0.2857,0.2116,0.437,1.0,36.4,4050,False,109.0,108.0,3,0.8039,0.6649,4050,0.4276,0.1654,130.4411,46.0256
755450,obv,BIN,34.17,78.94,False,129,relief_self_segmentation,cheap,0.0,0.0,0,0.00201,0.1441,0.1967,0.4758,0.9903,83.8,24472,False,111.0,59.0,3,0.4749,0.4521,24472,0.2847,0.0922,134.6971,78.7211
755450,obv,BIN,34.17,78.94,False,134,relief_self_segmentation,cheap,0.0895,0.0406,2,0.02024,0.1855,0.4307,0.5217,1.0,179.8,148035,False,66.0,32.0,4,0.3513,0.7001,148035,0.2063,0.0659,150.2547,98.2591
755450,obv,BIN,34.17,78.94,False,138,relief_self_segmentation,cheap,0.0,0.0,0,0.0052,0.1107,0.1149,0.4364,1.0,176.4,73006,False,136.0,46.0,3,0.7455,0.3953,73006,0.1554,0.0261,134.6054,108.4971
755450,obv,BIN,34.17,78.94,False,142,multi_object_weld,expensive,0.1868,0.0335,26,0.19631,0.0204,0.5325,0.5537,0.999,503.5,1394661,False,105.0,72.0,2,0.1795,0.5616,1394661,0.2407,0.0469,129.7216,78.4674
755451,obv,BIN,31.12,78.94,False,11,sub_coin_noise_blob,cheap,0.0,0.0,0,0.00208,0.2249,0.2049,0.347,0.0,83.5,21645,False,84.0,65.0,3,0.6935,0.6696,21645,0.2126,0.147,63.9334,46.8348
755451,obv,BIN,31.12,78.94,False,14,sub_coin_noise_blob,cheap,0.0,0.0,0,0.00166,0.1998,0.1585,0.3527,0.0,84.7,21112,False,68.0,83.0,2,0.6963,0.6054,21112,0.1822,0.1291,64.6792,49.6128
755451,obv,BIN,31.12,78.94,False,32,sub_coin_noise_blob,cheap,0.0,0.0,0,0.002,0.1465,0.2077,0.3286,0.0,81.4,22656,False,105.0,49.0,2,0.5244,0.5666,22656,0.2277,0.0034,76.6153,61.9677
755451,obv,BIN,31.12,78.94,False,37,sub_coin_noise_blob,cheap,0.0,0.0,0,0.00024,0.3495,0.2765,0.3378,0.0,24.3,1624,False,83.0,81.0,2,0.5441,0.7142,1624,0.0,0.0,84.1406,79.2602
755451,obv,BIN,31.12,78.94,False,63,relief_self_segmentation,cheap,0.0,0.0,0,0.00016,0.1868,0.2041,0.3006,0.0,23.4,1760,False,111.0,29.0,6,0.4084,0.4902,1760,0.0,0.0,87.5096,82.2579
755451,obv,BIN,31.12,78.94,False,80,relief_self_segmentation,cheap,0.0,0.0,0,0.00051,0.2952,0.4086,0.3964,0.0,29.2,3726,False,58.0,44.0,7,0.2851,0.6416,3726,0.0,0.0,89.2079,86.3606
755451,obv,BIN,31.12,78.94,False,152,attached_artifact,cheap,0.0144,0.0,0,0.02146,0.0655,0.1192,0.377,0.0064,351.8,297360,False,143.0,48.0,2,0.9344,0.4096,297360,0.066,0.0204,84.6163,87.6629
755451,obv,BIN,31.12,78.94,False,154,relief_self_segmentation,cheap,0.0,0.0,0,0.00048,0.2969,0.2519,0.3472,0.0514,36.0,4350,False,85.0,60.0,9,0.4764,0.654,4350,0.0,0.0,96.3289,91.5584
755451,obv,BIN,31.12,78.94,False,167,sub_coin_noise_blob,cheap,0.0,0.0,0,0.00037,0.3378,0.4261,0.5231,1.0,24.3,2862,False,41.0,37.0,7,0.271,0.6304,2862,0.0064,0.0,86.1065,76.4861
755451,obv,BIN,31.12,78.94,False,220,low_contrast_coastline,expensive,0.1592,0.0515,24,0.28899,0.1721,0.8124,0.6232,0.9995,494.5,1229800,False,1.0,0.0,0,0.0573,0.9062,1229800,0.2063,0.077,111.669,58.8497
755451,obv,BIN,31.12,78.94,False,244,relief_self_segmentation,cheap,0.0,0.0,0,0.00017,0.111,0.0708,0.3656,1.0,40.0,4524,False,119.0,59.0,4,2.0225,0.4231,4524,0.0596,0.0275,89.4321,71.0471
755451,obv,BIN,31.12,78.94,False,252,relief_self_segmentation,cheap,0.0,0.0,0,0.00028,0.2992,0.4289,0.5083,1.0,21.1,2352,False,73.0,60.0,2,0.2247,0.5848,2352,0.0551,0.0014,89.6453,63.9534
755451,obv,BIN,31.12,78.94,False,314,relief_self_segmentation,cheap,0.0,0.0,0,0.00022,0.1215,0.258,0.3378,0.0914,24.5,2491,False,69.0,61.0,4,0.3155,0.3561,2491,0.0,0.0,100.582,97.5212
755451,obv,BIN,31.12,78.94,False,371,multi_object_weld,expensive,0.0502,0.0,0,0.06229,0.0318,0.136,0.3621,0.3104,561.2,1014027,False,127.0,87.0,3,1.1206,0.3544,1014027,0.0324,0.0076,95.6515,102.7262
755451,rev,BIN,30.84,78.95,False,13,relief_self_segmentation,cheap,0.0,0.0,0,0.00022,0.2573,0.1864,0.4575,1.0,28.4,2632,False,79.0,76.0,4,0.743,0.6133,2632,0.0363,0.0093,114.785,93.069
755451,rev,BIN,30.84,78.95,False,22,relief_self_segmentation,cheap,0.0,0.0,0,0.00027,0.1256,0.182,0.3296,0.0,32.0,3075,False,104.0,65.0,4,0.4744,0.4222,3075,0.0,0.0,95.1205,90.8311
755451,rev,BIN,30.84,78.95,False,26,relief_self_segmentation,cheap,0.0,0.0,0,0.00218,0.3069,0.3452,0.4845,1.0,65.8,17741,False,77.0,87.0,2,0.5399,0.7256,17741,0.1003,0.0025,132.0477,84.7467
755451,rev,BIN,30.84,78.95,False,31,relief_self_segmentation,cheap,0.0,0.0,0,0.00015,0.1426,0.0998,0.2648,0.0,32.1,2618,False,98.0,83.0,2,0.6534,0.4333,2618,0.0,0.0,97.902,92.1588
755451,rev,BIN,30.84,78.95,False,43,relief_self_segmentation,cheap,0.0,0.0,0,0.00097,0.1372,0.2766,0.5363,1.0,49.0,10396,False,23.0,34.0,7,0.3046,0.4747,10396,0.0135,0.001,132.6692,90.472
755451,rev,BIN,30.84,78.95,False,74,relief_self_segmentation,expensive,0.1952,0.0295,32,0.2902,0.0998,0.8023,0.5991,0.9972,498.7,1335168,False,2.0,22.0,1,0.072,0.8659,1335168,0.0995,0.0256,126.7911,80.9262
755451,rev,BIN,30.84,78.95,False,88,relief_self_segmentation,cheap,0.0,0.0,0,0.00019,0.3977,0.4534,0.3701,0.3646,16.9,1360,False,64.0,30.0,4,0.2825,0.6656,1360,0.0,0.0,100.4123,96.078
755451,rev,BIN,30.84,78.95,False,92,relief_self_segmentation,cheap,0.0,0.0,0,0.00019,0.1288,0.1087,0.2564,0.0,34.8,3276,False,116.0,67.0,3,0.5447,0.4283,3276,0.0,0.0,102.4511,93.36
755452,obv,BIN,29.97,78.94,False,7,sub_coin_noise_blob,cheap,0.0,0.0,0,0.00035,0.1725,0.2158,0.3031,0.0,33.2,4624,False,96.0,117.0,3,0.808,0.4434,4624,0.0008,0.0,66.9763,61.5771
755452,obv,BIN,29.97,78.94,False,50,relief_self_segmentation,cheap,0.0849,0.0,0,0.0007,0.0918,0.2582,0.3558,0.0,43.2,7350,False,38.0,28.0,8,0.2649,0.4148,7350,0.0,0.0,95.9854,91.6195
755452,obv,BIN,29.97,78.94,False,61,relief_self_segmentation,cheap,0.0,0.0,0,0.00022,0.1051,0.0954,0.2889,0.4922,40.3,5115,False,88.0,91.0,3,1.118,0.3133,5115,0.0018,0.0,100.9795,88.6756
755452,obv,BIN,29.97,78.94,False,162,low_contrast_coastline,expensive,0.1594,0.0207,33,0.33923,0.1929,0.8131,0.564,0.6852,535.6,1454640,False,0.0,0.0,0,0.0547,0.9227,1454640,0.1113,0.0217,104.2013,75.3397
755452,obv,BIN,29.97,78.94,False,173,relief_self_segmentation,cheap,0.0,0.0,0,0.00036,0.0765,0.074,0.2432,0.2007,58.0,7923,False,82.0,44.0,4,1.1242,0.3386,7923,0.0,0.0,102.379,97.3996
755452,rev,BIN,30.84,78.95,False,2,sub_coin_noise_blob,cheap,0.0,0.0,0,0.00033,0.3007,0.31,0.376,0.0,27.2,2790,False,46.0,50.0,8,0.3759,0.6522,2790,0.0,0.0,65.1992,61.8563
755452,rev,BIN,30.84,78.95,False,6,sub_coin_noise_blob,cheap,0.0,0.0,0,0.00038,0.2008,0.2519,0.3362,0.0,32.0,3721,False,53.0,37.0,7,0.4498,0.5353,3721,0.0993,0.0,66.0728,57.4425
755453,obv,BIN,30.35,78.94,False,5,sub_coin_noise_blob,cheap,0.0,0.0,0,0.00071,0.1772,0.2421,0.3411,0.0,44.9,8316,False,78.0,64.0,3,0.4303,0.5508,8316,0.0367,0.0,66.7693,60.8912
755453,obv,BIN,30.35,78.94,False,19,sub_coin_noise_blob,cheap,0.0,0.0,0,0.00015,0.2129,0.2549,0.3429,0.0,19.8,1404,False,71.0,53.0,6,0.369,0.478,1404,0.0,0.0,79.4613,75.356
755453,obv,BIN,30.35,78.94,False,94,relief_self_segmentation,cheap,0.0,0.0,0,0.00087,0.0835,0.2065,0.3432,0.0509,53.9,10250,False,51.0,29.0,5,0.3786,0.3855,10250,0.0,0.0,94.9986,91.6835
755453,obv,BIN,30.35,78.94,False,95,relief_self_segmentation,cheap,0.0865,0.0,0,0.00212,0.2123,0.3756,0.4053,0.0,62.2,15933,False,35.0,36.0,5,0.2426,0.6671,15933,0.0579,0.0007,93.8544,84.2896
755453,obv,BIN,30.35,78.94,False,106,relief_self_segmentation,cheap,0.1172,0.0,0,0.00042,0.2834,0.3824,0.3604,0.0,27.5,3224,False,54.0,50.0,5,0.3915,0.5966,3224,0.0,0.0,95.5852,90.3542
755453,obv,BIN,30.35,78.94,False,108,relief_self_segmentation,cheap,0.0,0.0,0,0.00029,0.1971,0.2063,0.2875,0.0,30.8,3404,False,92.0,96.0,2,0.897,0.4864,3404,0.0,0.0,97.4587,93.0254
755453,obv,BIN,30.35,78.94,False,135,relief_self_segmentation,cheap,0.0,0.0,0,0.0005,0.1329,0.2145,0.3389,0.0,40.0,5220,False,39.0,40.0,3,0.4586,0.4691,5220,0.0005,0.0,96.5938,91.4966
755453,obv,BIN,30.35,78.94,False,161,relief_self_segmentation,cheap,0.0,0.0,0,0.00028,0.161,0.1809,0.2923,0.0,32.6,4032,False,108.0,36.0,3,0.4977,0.4016,4032,0.0032,0.0,96.7001,91.3541
755453,obv,BIN,30.35,78.94,False,180,relief_self_segmentation,cheap,0.0,0.0,0,0.00038,0.0951,0.1666,0.3398,0.0,39.4,5742,False,47.0,28.0,8,0.4294,0.3567,5742,0.0,0.0,97.9127,94.5752
755453,obv,BIN,30.35,78.94,False,260,relief_self_segmentation,cheap,0.0,0.0,0,0.00016,0.1229,0.2678,0.3527,0.0,20.1,2254,False,61.0,20.0,5,0.2924,0.3616,2254,0.0,0.0,101.685,97.3763
755453,obv,BIN,30.35,78.94,False,284,non_circular_flan,expensive,0.1458,0.0277,39,0.36309,0.214,0.7724,0.5267,0.5648,568.5,1564479,False,10.0,3.0,6,0.0778,0.9191,1564479,0.0954,0.0465,106.9221,76.8315
755453,rev,BIN,30.96,78.95,False,6,sub_coin_noise_blob,cheap,0.0,0.0,0,0.00018,0.2098,0.1492,0.2654,0.0,28.5,2880,False,83.0,94.0,2,1.0681,0.5363,2880,0.001,0.0,66.7703,61.6387
755453,rev,BIN,30.96,78.95,False,20,sub_coin_noise_blob,cheap,0.0,0.0,0,0.00076,0.1436,0.2013,0.3143,0.0,50.9,8722,False,73.0,87.0,2,0.639,0.4875,8722,0.0403,0.0,77.04,70.5222
755453,rev,BIN,30.96,78.95,False,71,relief_self_segmentation,cheap,0.0,0.0,0,0.00014,0.1827,0.3059,0.359,0.0,17.8,1360,False,46.0,48.0,3,0.2725,0.4483,1360,0.0,0.0,95.5395,91.6557
755453,rev,BIN,30.96,78.95,False,89,relief_self_segmentation,cheap,0.0,0.0,0,0.00014,0.1308,0.0908,0.2606,0.0,33.1,2607,False,104.0,83.0,2,0.6785,0.4153,2607,0.0,0.0,98.1103,92.2048
755453,rev,BIN,30.96,78.95,False,170,relief_self_segmentation,cheap,0.0,0.0,0,0.00039,0.1054,0.2044,0.3502,0.0,36.1,5307,False,87.0,42.0,4,0.3634,0.3918,5307,0.0,0.0,98.1173,94.9272
755453,rev,BIN,30.96,78.95,False,178,relief_self_segmentation,cheap,0.0,0.0,0,0.00057,0.0829,0.0516,0.3535,1.0,87.1,17136,False,142.0,82.0,3,2.4062,0.4602,17136,0.0191,0.0,101.4112,93.3562
755453,rev,BIN,30.96,78.95,False,238,relief_self_segmentation,cheap,0.0,0.0,0,0.00015,0.115,0.1296,0.3227,0.0,28.1,2442,False,51.0,35.0,7,0.5259,0.3451,2442,0.0,0.0,102.0998,96.0054
755453,rev,BIN,30.96,78.95,False,254,relief_self_segmentation,cheap,0.0,0.0,0,0.00021,0.2109,0.116,0.258,0.4638,34.9,3397,False,118.0,111.0,2,1.831,0.6717,3397,0.0,0.0,103.5845,95.7404
755454,obv,BIN,32.39,78.94,False,25,sub_coin_noise_blob,cheap,0.0,0.0,0,0.00279,0.1758,0.156,0.3035,0.0,110.8,34408,False,110.0,80.0,4,0.9079,0.6355,34408,0.1311,0.1317,64.3845,54.9303
755454,obv,BIN,32.39,78.94,False,29,sub_coin_noise_blob,cheap,0.0,0.0,0,0.00233,0.1448,0.1199,0.3042,0.0,115.5,39360,False,63.0,85.0,2,0.766,0.5632,39360,0.1192,0.1006,65.3282,59.3375
755454,obv,BIN,32.39,78.94,False,59,attached_artifact,cheap,0.0201,0.0,0,0.00523,0.098,0.2256,0.3944,0.0,126.3,54784,False,96.0,68.0,4,0.6143,0.548,54784,0.108,0.0347,77.0738,70.3433
755454,obv,BIN,32.39,78.94,False,186,relief_self_segmentation,cheap,0.0,0.0,0,0.00015,0.228,0.1752,0.2923,0.0,24.5,1680,False,87.0,95.0,2,0.7695,0.5742,1680,0.0,0.0,97.0744,92.4233
755454,obv,BIN,32.39,78.94,False,187,relief_self_segmentation,cheap,0.0,0.0,0,0.00016,0.2216,0.1457,0.3189,0.0,27.1,1755,False,85.0,54.0,3,0.7978,0.5982,1755,0.0,0.0,97.8005,92.1978
755454,obv,BIN,32.39,78.94,False,229,relief_self_segmentation,cheap,0.0,0.0,0,0.0002,0.1763,0.2378,0.3289,0.1973,23.9,1976,True,115.0,57.0,4,0.5297,0.5129,1976,0.0,0.0,97.9344,94.4648
755454,obv,BIN,32.39,78.94,False,257,relief_self_segmentation,cheap,0.0,0.0,0,0.00023,0.103,0.1275,0.3233,0.0,35.4,3726,False,100.0,59.0,3,0.6289,0.3781,3726,0.0,0.0,99.3257,95.1472
755454,obv,BIN,32.39,78.94,False,258,relief_self_segmentation,cheap,0.0,0.0,0,0.00021,0.135,0.1528,0.3365,0.0,31.1,2904,False,55.0,59.0,3,0.8555,0.4143,2904,0.0,0.0,99.4007,94.5355
755454,obv,BIN,32.39,78.94,False,259,relief_self_segmentation,cheap,0.0,0.0,0,0.00046,0.0659,0.1007,0.3315,0.1967,56.0,10260,True,57.0,87.0,2,1.2813,0.3047,10260,0.0,0.0,99.3859,94.5033
755454,obv,BIN,32.39,78.94,False,287,relief_self_segmentation,cheap,0.0,0.0,0,0.0002,0.2334,0.2737,0.3615,0.0,22.5,2254,False,76.0,36.0,3,0.3955,0.4986,2254,0.0,0.0,99.1297,95.7478
755454,obv,BIN,32.39,78.94,False,290,relief_self_segmentation,cheap,0.0,0.0,0,0.00025,0.3341,0.3716,0.3628,0.0678,21.4,2156,False,55.0,81.0,4,0.349,0.6088,2156,0.0,0.0,99.1143,95.8752
755454,obv,BIN,32.39,78.94,False,296,relief_self_segmentation,cheap,0.0,0.0,0,0.00047,0.1585,0.1205,0.2612,0.332,52.0,6840,True,79.0,133.0,3,2.468,0.4574,6840,0.0,0.0,99.7751,95.7183
755454,obv,BIN,32.39,78.94,False,301,relief_self_segmentation,cheap,0.0,0.0,0,0.00018,0.1514,0.1414,0.2902,0.106,29.6,2881,False,76.0,71.0,4,0.7451,0.4074,2881,0.0,0.0,99.8366,95.5136
755454,obv,BIN,32.39,78.94,False,328,relief_self_segmentation,cheap,0.0,0.0,0,0.00026,0.3919,0.3256,0.3534,0.0708,23.5,1680,False,46.0,67.0,5,0.3271,0.7482,1680,0.0,0.0,100.7788,96.3304
755454,obv,BIN,32.39,78.94,False,349,relief_self_segmentation,cheap,0.0,0.0,0,0.00025,0.1937,0.2776,0.3491,0.0,24.9,2223,False,45.0,79.0,5,0.4052,0.5059,2223,0.0,0.0,100.6296,95.9983
755454,obv,BIN,32.39,78.94,False,350,relief_self_segmentation,cheap,0.0,0.0,0,0.00026,0.2533,0.3454,0.3449,0.1667,22.9,2214,False,42.0,46.0,4,0.3857,0.5721,2214,0.0,0.0,100.1978,95.5276
755454,obv,BIN,32.39,78.94,False,372,relief_self_segmentation,cheap,0.0,0.0,0,0.00039,0.0701,0.0594,0.2519,0.0,67.5,8968,False,146.0,69.0,2,2.1223,0.3284,8968,0.0,0.0,102.001,97.6689
755454,obv,BIN,32.39,78.94,False,374,relief_self_segmentation,cheap,0.0,0.0,0,0.0003,0.1114,0.1276,0.3057,0.0,40.5,4998,False,75.0,71.0,6,0.8061,0.3839,4998,0.0,0.0,101.4096,97.3189
755454,obv,BIN,32.39,78.94,False,381,relief_self_segmentation,cheap,0.0,0.0,0,0.00021,0.1677,0.1239,0.2554,0.0,34.1,2592,False,118.0,34.0,4,0.5689,0.5,2592,0.0,0.0,102.0188,97.7133
755454,obv,BIN,32.39,78.94,False,410,relief_self_segmentation,cheap,0.0,0.0,0,0.00019,0.2919,0.2642,0.3379,0.0,22.0,1850,False,71.0,70.0,4,0.5085,0.5897,1850,0.0,0.0,101.0435,97.0104
755454,obv,BIN,32.39,78.94,False,422,relief_self_segmentation,cheap,0.0,0.0,0,0.00028,0.3003,0.2411,0.3466,0.0,28.1,2530,False,81.0,58.0,4,0.4709,0.6189,2530,0.0,0.0,100.1622,96.5867
755454,obv,BIN,32.39,78.94,False,437,relief_self_segmentation,cheap,0.0,0.0,0,0.00016,0.1327,0.1135,0.2821,0.0,30.9,2847,False,118.0,75.0,2,0.442,0.4008,2847,0.0,0.0,102.3237,98.6874
755454,obv,BIN,32.39,78.94,False,455,relief_self_segmentation,cheap,0.0,0.0,0,0.00097,0.0632,0.1498,0.3349,0.0807,66.7,18573,False,78.0,61.0,4,0.6318,0.3289,18573,0.0,0.0,100.896,98.0031
755454,obv,BIN,32.39,78.94,False,464,relief_self_segmentation,cheap,0.0,0.0,0,0.00046,0.0479,0.08,0.2706,0.0,62.6,14497,False,82.0,83.0,3,0.7612,0.2378,14497,0.0,0.0,102.1836,98.1644
755454,obv,BIN,32.39,78.94,False,465,relief_self_segmentation,cheap,0.0,0.0,0,0.00116,0.0328,0.1355,0.347,0.0121,76.6,24948,False,63.0,52.0,6,0.4604,0.2127,24948,0.0,0.0,101.1522,97.651
755454,obv,BIN,32.39,78.94,False,468,relief_self_segmentation,cheap,0.0,0.0,0,0.00029,0.1876,0.1647,0.308,0.0,34.6,3483,False,80.0,122.0,2,0.9895,0.5204,3483,0.0,0.0,100.9688,98.5473
755454,obv,BIN,32.39,78.94,False,474,relief_self_segmentation,cheap,0.0,0.0,0,0.00015,0.1263,0.0924,0.3161,0.0,33.4,3081,False,64.0,62.0,3,1.142,0.3757,3081,0.0,0.0,103.7313,98.1757
755454,obv,BIN,32.39,78.94,False,484,relief_self_segmentation,cheap,0.2476,0.0,0,0.00031,0.5892,0.4854,0.3535,0.3333,21.0,1435,True,61.0,105.0,3,0.4524,0.8695,1435,0.0,0.0,101.444,97.1959
755454,obv,BIN,32.39,78.94,False,486,relief_self_segmentation,cheap,0.0,0.0,0,0.00075,0.1572,0.1776,0.3431,0.0396,53.9,7560,False,60.0,74.0,2,0.6806,0.5535,7560,0.0,0.0,101.0627,98.1762
755454,obv,BIN,32.39,78.94,False,489,relief_self_segmentation,cheap,0.0815,0.0,0,0.00107,0.0777,0.1056,0.315,0.1731,83.6,17200,False,104.0,77.0,4,0.7396,0.3777,17200,0.0,0.0,101.7661,98.2094
755454,obv,BIN,32.39,78.94,False,497,relief_self_segmentation,cheap,0.0,0.0,0,0.00033,0.0972,0.1584,0.3334,0.0,38.1,4004,True,39.0,63.0,3,0.5494,0.3788,4004,0.0,0.0,101.8677,97.9845
755454,obv,BIN,32.39,78.94,False,498,relief_self_segmentation,cheap,0.0,0.0,0,0.00049,0.0895,0.207,0.3382,0.0652,40.5,7372,True,59.0,53.0,4,0.5243,0.3459,7372,0.0,0.0,101.3596,97.7614
755454,obv,BIN,32.39,78.94,False,499,relief_self_segmentation,cheap,0.0,0.0,0,0.00023,0.1132,0.0608,0.2278,0.0,50.7,4320,True,89.0,125.0,2,2.287,0.4659,4320,0.0,0.0,102.8403,98.3629
755454,obv,BIN,32.39,78.94,False,502,relief_self_segmentation,cheap,0.0,0.0,0,0.00021,0.1307,0.1322,0.279,0.1034,33.4,2772,True,92.0,109.0,2,1.22,0.3784,2772,0.0,0.0,102.6324,97.4269
755454,obv,BIN,32.39,78.94,False,503,relief_self_segmentation,cheap,0.0,0.0,0,0.00019,0.4472,0.3509,0.3223,0.0,19.3,900,True,98.0,107.0,4,0.4803,0.7893,900,0.0,0.0,101.1931,97.4693
755454,obv,BIN,32.39,78.94,False,504,non_circular_flan,expensive,0.151,0.045,48,0.45353,0.0429,0.6676,0.4759,0.2744,683.4,1992000,True,0.0,6.0,6,0.0859,0.8102,1992000,0.0702,0.0453,88.8785,78.1986
755454,obv,BIN,32.39,78.94,False,505,relief_self_segmentation,cheap,0.0,0.0,0,0.00163,0.0603,0.108,0.2541,0.1005,101.8,20244,True,76.0,74.0,4,1.2501,0.4277,20244,0.0,0.0,100.7266,97.5784
755454,obv,BIN,32.39,78.94,False,510,relief_self_segmentation,cheap,0.0,0.0,0,0.00018,0.2539,0.1427,0.0,0.0,29.5,1368,True,154.0,149.0,1,0.6427,0.7642,1368,0.0,0.0,102.3121,97.4066
755454,obv,BIN,32.39,78.94,False,512,relief_self_segmentation,cheap,0.0,0.0,0,0.00059,0.0618,0.1358,0.3047,0.0394,54.5,8382,True,75.0,129.0,2,1.0539,0.3195,8382,0.0,0.0,101.2466,97.6663
755454,obv,BIN,32.39,78.94,False,514,relief_self_segmentation,cheap,0.0,0.0,0,0.00043,0.1605,0.1909,0.3194,0.0393,39.3,4092,True,52.0,81.0,2,0.634,0.4795,4092,0.0,0.0,101.6919,97.7748
755454,obv,BIN,32.39,78.94,False,515,relief_self_segmentation,cheap,0.0593,0.0,0,0.0029,0.0216,0.1742,0.3509,0.1267,107.0,37810,True,38.0,54.0,6,0.3956,0.2763,37810,0.0,0.0,101.1654,97.5823
755454,rev,BIN,30.26,78.95,False,33,sub_coin_noise_blob,cheap,0.0,0.0,0,0.00408,0.1249,0.1709,0.2975,0.0,128.1,49306,False,105.0,62.0,6,0.5965,0.6193,49306,0.1132,0.1105,64.0287,57.0881
755454,rev,BIN,30.26,78.95,False,122,relief_self_segmentation,cheap,0.0,0.0,0,0.00017,0.1537,0.1069,0.2493,0.0069,32.7,3358,False,106.0,33.0,4,0.8963,0.4696,3358,0.0,0.0,90.956,83.8904
755454,rev,BIN,30.26,78.95,False,156,relief_self_segmentation,cheap,0.0,0.0,0,0.00052,0.0933,0.1844,0.3102,0.0,43.8,6723,True,76.0,53.0,3,0.612,0.3428,6723,0.0,0.0,91.4652,89.1667
755454,rev,BIN,30.26,78.95,False,165,relief_self_segmentation,cheap,0.0,0.0,0,0.00019,0.1341,0.0702,0.3642,1.0,42.8,3838,False,110.0,61.0,3,5.8829,0.4903,3838,0.075,0.0032,87.8592,65.6958
755454,rev,BIN,30.26,78.95,False,167,relief_self_segmentation,cheap,0.0,0.0,0,0.00014,0.3046,0.3042,0.3062,0.0,18.0,1131,True,77.0,119.0,2,0.7198,0.577,1131,0.0,0.0,93.4262,90.1072
755454,rev,BIN,30.26,78.95,False,174,relief_self_segmentation,cheap,0.0,0.0,0,0.00034,0.1152,0.1583,0.2966,0.0,38.6,4770,False,61.0,39.0,3,0.458,0.4137,4770,0.0,0.0,94.8353,90.648
755454,rev,BIN,30.26,78.95,False,194,relief_self_segmentation,cheap,0.0,0.0,0,0.0002,0.2932,0.1738,0.4071,1.0,28.3,1980,False,56.0,100.0,3,1.1867,0.6872,1980,0.0362,0.001,93.8061,66.5341
755454,rev,BIN,30.26,78.95,False,217,non_circular_flan,expensive,0.1028,0.0032,71,0.62503,0.0418,0.57,0.4046,0.335,868.3,2151000,True,21.0,137.0,4,0.3175,0.8179,2151000,0.0838,0.0506,93.8421,67.455
755455,obv,BIN,31.89,78.94,False,31,sub_coin_noise_blob,cheap,0.0474,0.0,0,0.00495,0.1491,0.1373,0.3368,0.0,157.4,74477,False,114.0,77.0,4,0.7373,0.6233,74477,0.1562,0.0712,65.1385,58.5781
755455,obv,BIN,31.89,78.94,False,169,relief_self_segmentation,cheap,0.0,0.0,0,0.00017,0.2505,0.1871,0.2856,0.0,25.0,1769,False,89.0,89.0,4,0.716,0.6078,1769,0.0,0.0,96.7892,92.3997
755455,obv,BIN,31.89,78.94,False,184,sub_coin_noise_blob,cheap,0.0,0.0,0,0.00014,0.4542,0.287,0.5209,1.0,18.6,1184,False,50.0,69.0,2,0.4412,0.8083,1184,0.3812,0.0635,82.6875,49.7277
755455,obv,BIN,31.89,78.94,False,200,relief_self_segmentation,cheap,0.0,0.0,0,0.0002,0.1763,0.2378,0.3289,0.1973,23.9,1976,True,115.0,57.0,4,0.5297,0.5129,1976,0.0,0.0,97.9344,94.4648
755455,obv,BIN,31.89,78.94,False,220,relief_self_segmentation,cheap,0.1776,0.0,0,0.00033,0.1789,0.1751,0.3472,0.0,36.1,4116,False,89.0,33.0,4,0.5269,0.4965,4116,0.0,0.0,98.4464,95.1261
755455,obv,BIN,31.89,78.94,False,221,relief_self_segmentation,cheap,0.0,0.0,0,0.00046,0.0659,0.1007,0.3315,0.1967,56.0,10260,True,57.0,87.0,2,1.2813,0.3047,10260,0.0,0.0,99.3859,94.5033
755455,obv,BIN,31.89,78.94,False,226,relief_self_segmentation,cheap,0.0,0.0,0,0.00034,0.0891,0.1918,0.3394,0.0,35.1,4455,False,83.0,32.0,5,0.603,0.3539,4455,0.0,0.0,99.0352,94.6445
755455,obv,BIN,31.89,78.94,False,251,relief_self_segmentation,cheap,0.0,0.0,0,0.00024,0.1428,0.1937,0.3021,0.0,29.3,4160,False,76.0,38.0,6,0.6408,0.3538,4160,0.0,0.0,99.2159,95.4851
755455,obv,BIN,31.89,78.94,False,254,relief_self_segmentation,cheap,0.0,0.0,0,0.00025,0.3315,0.3707,0.3643,0.0678,21.5,2200,False,54.0,123.0,3,0.3515,0.6069,2200,0.0,0.0,99.1156,95.8712
755455,obv,BIN,31.89,78.94,False,260,relief_self_segmentation,cheap,0.0,0.0,0,0.00047,0.1585,0.1205,0.2612,0.332,52.0,6840,True,79.0,133.0,3,2.468,0.4574,6840,0.0,0.0,99.7751,95.7183
755455,obv,BIN,31.89,78.94,False,265,relief_self_segmentation,cheap,0.0,0.0,0,0.00018,0.1514,0.1414,0.2902,0.106,29.6,2881,False,76.0,71.0,4,0.7451,0.4074,2881,0.0,0.0,99.8366,95.5136
755455,obv,BIN,31.89,78.94,False,292,relief_self_segmentation,cheap,0.0,0.0,0,0.00026,0.3919,0.3256,0.3534,0.0708,23.5,1680,False,46.0,67.0,5,0.3271,0.7482,1680,0.0,0.0,100.7788,96.3304
755455,obv,BIN,31.89,78.94,False,313,relief_self_segmentation,cheap,0.0,0.0,0,0.00025,0.1937,0.2776,0.3491,0.0,24.9,2223,False,45.0,79.0,5,0.4052,0.5059,2223,0.0,0.0,100.6296,95.9983
755455,obv,BIN,31.89,78.94,False,314,relief_self_segmentation,cheap,0.0,0.0,0,0.00026,0.2533,0.3454,0.3449,0.1667,22.9,2214,False,42.0,46.0,4,0.3857,0.5721,2214,0.0,0.0,100.1978,95.5276
755455,obv,BIN,31.89,78.94,False,332,relief_self_segmentation,cheap,0.0,0.0,0,0.00039,0.0701,0.0594,0.2519,0.0,67.5,8968,False,146.0,69.0,2,2.1223,0.3284,8968,0.0,0.0,102.001,97.6689
755455,obv,BIN,31.89,78.94,False,334,relief_self_segmentation,cheap,0.0,0.0,0,0.0003,0.1114,0.1276,0.3057,0.0,40.5,4998,False,75.0,71.0,6,0.8061,0.3839,4998,0.0,0.0,101.4096,97.3189
755455,obv,BIN,31.89,78.94,False,339,relief_self_segmentation,cheap,0.0,0.0,0,0.00021,0.1677,0.1239,0.2554,0.0,34.1,2592,False,118.0,34.0,4,0.5689,0.5,2592,0.0,0.0,102.0188,97.7133
755455,obv,BIN,31.89,78.94,False,388,relief_self_segmentation,cheap,0.0,0.0,0,0.00016,0.1327,0.1135,0.2821,0.0,30.9,2847,False,118.0,75.0,2,0.442,0.4008,2847,0.0,0.0,102.3237,98.6874
755455,obv,BIN,31.89,78.94,False,405,relief_self_segmentation,cheap,0.0,0.0,0,0.00097,0.0632,0.1498,0.3349,0.0807,66.7,18573,False,78.0,61.0,4,0.6318,0.3289,18573,0.0,0.0,100.896,98.0031
755455,obv,BIN,31.89,78.94,False,414,relief_self_segmentation,cheap,0.0,0.0,0,0.00046,0.0479,0.08,0.2706,0.0,62.6,14497,False,82.0,83.0,3,0.7612,0.2378,14497,0.0,0.0,102.1836,98.1644
755455,obv,BIN,31.89,78.94,False,415,relief_self_segmentation,cheap,0.0,0.0,0,0.00116,0.0328,0.1355,0.347,0.0121,76.6,24948,False,63.0,52.0,6,0.4604,0.2127,24948,0.0,0.0,101.1522,97.651
755455,obv,BIN,31.89,78.94,False,418,relief_self_segmentation,cheap,0.0,0.0,0,0.00029,0.1876,0.1647,0.308,0.0,34.6,3483,False,80.0,122.0,2,0.9895,0.5204,3483,0.0,0.0,100.9688,98.5473
755455,obv,BIN,31.89,78.94,False,424,relief_self_segmentation,cheap,0.0,0.0,0,0.00015,0.1263,0.0924,0.3161,0.0,33.4,3081,False,64.0,62.0,3,1.142,0.3757,3081,0.0,0.0,103.7313,98.1757
755455,obv,BIN,31.89,78.94,False,434,relief_self_segmentation,cheap,0.2476,0.0,0,0.00031,0.5892,0.4854,0.3535,0.3333,21.0,1435,True,61.0,105.0,3,0.4524,0.8695,1435,0.0,0.0,101.444,97.1959
755455,obv,BIN,31.89,78.94,False,436,relief_self_segmentation,cheap,0.0,0.0,0,0.00075,0.1572,0.1776,0.3431,0.0396,53.9,7560,False,60.0,74.0,2,0.6806,0.5535,7560,0.0,0.0,101.0627,98.1762
755455,obv,BIN,31.89,78.94,False,439,relief_self_segmentation,cheap,0.0815,0.0,0,0.00107,0.0777,0.1056,0.315,0.1731,83.6,17200,False,104.0,77.0,4,0.7396,0.3777,17200,0.0,0.0,101.7661,98.2094
755455,obv,BIN,31.89,78.94,False,447,relief_self_segmentation,cheap,0.0,0.0,0,0.00033,0.0972,0.1584,0.3334,0.0,38.1,4004,True,39.0,63.0,3,0.5494,0.3788,4004,0.0,0.0,101.8677,97.9845
755455,obv,BIN,31.89,78.94,False,448,relief_self_segmentation,cheap,0.0,0.0,0,0.00049,0.0895,0.207,0.3382,0.0652,40.5,7372,True,59.0,53.0,4,0.5243,0.3459,7372,0.0,0.0,101.3596,97.7614
755455,obv,BIN,31.89,78.94,False,449,relief_self_segmentation,cheap,0.0,0.0,0,0.00023,0.1132,0.0608,0.2278,0.0,50.7,4320,True,89.0,125.0,2,2.287,0.4659,4320,0.0,0.0,102.8403,98.3629
755455,obv,BIN,31.89,78.94,False,452,relief_self_segmentation,cheap,0.0,0.0,0,0.00021,0.1307,0.1322,0.279,0.1034,33.4,2772,True,92.0,109.0,2,1.22,0.3784,2772,0.0,0.0,102.6324,97.4269
755455,obv,BIN,31.89,78.94,False,453,relief_self_segmentation,cheap,0.0,0.0,0,0.00019,0.4472,0.3509,0.3223,0.0,19.3,900,True,98.0,107.0,4,0.4803,0.7893,900,0.0,0.0,101.1931,97.4693
755455,obv,BIN,31.89,78.94,False,454,non_circular_flan,expensive,0.1303,0.0117,49,0.48604,0.0347,0.6797,0.4433,0.298,701.2,2095500,True,0.0,4.0,3,0.0941,0.7992,2095500,0.0935,0.0332,85.8606,75.224
755455,obv,BIN,31.89,78.94,False,455,relief_self_segmentation,cheap,0.0,0.0,0,0.00163,0.0603,0.108,0.2541,0.1005,101.8,20244,True,76.0,74.0,4,1.2501,0.4277,20244,0.0,0.0,100.7266,97.5784
755455,obv,BIN,31.89,78.94,False,460,relief_self_segmentation,cheap,0.0,0.0,0,0.00018,0.2539,0.1427,0.0,0.0,29.5,1368,True,154.0,149.0,1,0.6427,0.7642,1368,0.0,0.0,102.3121,97.4066
755455,obv,BIN,31.89,78.94,False,462,relief_self_segmentation,cheap,0.0,0.0,0,0.00059,0.0618,0.1358,0.3047,0.0394,54.5,8382,True,75.0,129.0,2,1.0539,0.3195,8382,0.0,0.0,101.2466,97.6663
755455,obv,BIN,31.89,78.94,False,464,relief_self_segmentation,cheap,0.0,0.0,0,0.00043,0.1605,0.1909,0.3194,0.0393,39.3,4092,True,52.0,81.0,2,0.634,0.4795,4092,0.0,0.0,101.6919,97.7748
755455,obv,BIN,31.89,78.94,False,465,relief_self_segmentation,cheap,0.0593,0.0,0,0.0029,0.0216,0.1742,0.3509,0.1267,107.0,37810,True,38.0,54.0,6,0.3956,0.2763,37810,0.0,0.0,101.1654,97.5823
755455,rev,BIN,32.01,78.95,False,13,sub_coin_noise_blob,cheap,0.0,0.0,0,0.0002,0.108,0.0709,0.2507,0.0,44.4,3465,False,149.0,42.0,3,1.349,0.4317,3465,0.1292,0.0069,63.694,54.2174
755455,rev,BIN,32.01,78.95,False,17,sub_coin_noise_blob,cheap,0.0,0.0,0,0.00022,0.1613,0.1618,0.2745,0.0,30.6,2795,False,96.0,69.0,5,0.5337,0.4591,2795,0.0084,0.0,62.6977,57.9616
755455,rev,BIN,32.01,78.95,False,132,relief_self_segmentation,cheap,0.0,0.0,0,0.00052,0.0933,0.1844,0.3102,0.0,43.8,6723,True,76.0,53.0,3,0.612,0.3428,6723,0.0,0.0,91.4652,89.1667
755455,rev,BIN,32.01,78.95,False,138,relief_self_segmentation,cheap,0.0,0.0,0,0.00014,0.3046,0.3042,0.3062,0.0,18.0,1131,True,77.0,119.0,2,0.7198,0.577,1131,0.0,0.0,93.4262,90.1072
755455,rev,BIN,32.01,78.95,False,145,relief_self_segmentation,cheap,0.0,0.0,0,0.00034,0.1152,0.1583,0.2966,0.0,38.6,4770,False,61.0,39.0,3,0.458,0.4137,4770,0.0,0.0,94.8353,90.648
755455,rev,BIN,32.01,78.95,False,169,non_circular_flan,expensive,0.1071,0.006,68,0.67398,0.0555,0.6055,0.4169,0.2495,874.8,2155500,True,14.0,137.0,4,0.3098,0.8611,2155500,0.1165,0.0539,86.0036,66.5023
755456,obv,BIN,30.95,78.94,False,10,sub_coin_noise_blob,cheap,0.0,0.0,0,0.00173,0.1991,0.2046,0.353,0.0,76.3,19656,False,76.0,90.0,2,0.7787,0.637,19656,0.224,0.1407,64.3026,47.9022
755456,obv,BIN,30.95,78.94,False,12,sub_coin_noise_blob,cheap,0.041,0.0,0,0.00149,0.229,0.2025,0.3541,0.0,71.0,16000,False,74.0,93.0,3,0.5057,0.6957,16000,0.1534,0.0812,65.9439,52.9435
755456,obv,BIN,30.95,78.94,False,32,sub_coin_noise_blob,cheap,0.0327,0.0,0,0.00154,0.1291,0.1918,0.3112,0.0,74.4,18816,False,71.0,80.0,2,0.6628,0.5281,18816,0.1314,0.0073,77.1903,65.7413
755456,obv,BIN,30.95,78.94,False,33,sub_coin_noise_blob,cheap,0.0,0.0,0,0.00133,0.0955,0.1722,0.3469,0.0,72.9,18560,False,80.0,61.0,3,0.7499,0.4186,18560,0.1517,0.0067,76.6623,64.7125
755456,obv,BIN,30.95,78.94,False,43,sub_coin_noise_blob,cheap,0.0,0.0,0,0.00017,0.1358,0.182,0.3426,0.0,25.1,2280,False,82.0,60.0,3,0.4656,0.4149,2280,0.0,0.0,84.8719,79.7287
755456,obv,BIN,30.95,78.94,False,83,relief_self_segmentation,cheap,0.0907,0.0,0,0.00064,0.0762,0.1689,0.3141,0.0,51.1,10208,False,62.0,33.0,6,0.5785,0.3323,10208,0.0,0.0,89.448,86.383
755456,obv,BIN,30.95,78.94,False,174,relief_self_segmentation,cheap,0.0,0.0,0,0.00113,0.0972,0.2354,0.3513,0.0486,57.6,11970,False,50.0,29.0,7,0.4249,0.4367,11970,0.0,0.0,94.5706,91.5598
755456,obv,BIN,30.95,78.94,False,191,relief_self_segmentation,cheap,0.2232,0.0,0,0.00077,0.1936,0.219,0.3638,0.0,49.0,8073,False,64.0,42.0,5,0.3764,0.5746,8073,0.0,0.0,94.9894,92.4038
755456,obv,BIN,30.95,78.94,False,194,relief_self_segmentation,cheap,0.0,0.0,0,0.00015,0.1381,0.1293,0.2957,0.0959,28.6,2924,False,106.0,26.0,4,0.4208,0.3699,2924,0.0,0.0,97.43,93.1967
755456,obv,BIN,30.95,78.94,False,227,relief_self_segmentation,cheap,0.0,0.0,0,0.0003,0.1866,0.1314,0.3907,1.0,39.4,5185,False,82.0,95.0,3,1.8153,0.5225,5185,0.059,0.0158,94.2152,68.4719
755456,obv,BIN,30.95,78.94,False,241,relief_self_segmentation,cheap,0.0,0.0,0,0.00023,0.1116,0.0569,0.3234,1.0,52.9,8330,False,55.0,94.0,3,1.1357,0.4608,8330,0.0114,0.0,108.862,85.686
755456,obv,BIN,30.95,78.94,False,242,relief_self_segmentation,cheap,0.0,0.0,0,0.00045,0.1025,0.1968,0.3473,0.0,39.6,5162,False,44.0,33.0,9,0.4616,0.3907,5162,0.0,0.0,96.9336,93.1332
755456,obv,BIN,30.95,78.94,False,279,relief_self_segmentation,cheap,0.0,0.0,0,0.00091,0.0524,0.1562,0.4585,1.0,63.3,15876,False,92.0,58.0,4,0.488,0.3015,15876,0.0548,0.0084,91.718,73.6077
755456,obv,BIN,30.95,78.94,False,460,multi_object_weld,expensive,0.0789,0.012,4,0.05451,0.0352,0.1584,0.3892,0.179,486.4,831147,False,122.0,42.0,4,0.5103,0.3699,831147,0.0259,0.008,96.0435,95.1718
755456,obv,BIN,30.95,78.94,False,474,relief_self_segmentation,cheap,0.0,0.0,0,0.00015,0.2642,0.1683,0.2692,0.5909,24.9,1800,False,92.0,120.0,2,0.9544,0.5991,1800,0.0,0.0,103.4323,96.8764
755456,obv,BIN,30.95,78.94,False,574,relief_self_segmentation,cheap,0.0,0.0,0,0.00018,0.2536,0.1717,0.3265,0.4322,26.5,1728,False,82.0,83.0,3,0.7679,0.6259,1728,0.0,0.0,104.3257,96.8481
755456,obv,BIN,30.95,78.94,False,588,relief_self_segmentation,cheap,0.0,0.0,0,0.0002,0.1168,0.1345,0.3286,0.6223,32.0,2772,False,77.0,74.0,4,0.4671,0.4307,2772,0.0,0.0,105.5841,97.4653
755456,rev,BIN,31.46,78.95,False,28,sub_coin_noise_blob,cheap,0.0422,0.0,0,0.0017,0.1912,0.2994,0.3742,0.0,62.6,13689,False,61.0,69.0,3,0.4543,0.6263,13689,0.0366,0.0,77.876,71.725
755456,rev,BIN,31.46,78.95,False,53,sub_coin_noise_blob,cheap,0.0,0.0,0,0.00162,0.0741,0.1475,0.3128,0.0,86.9,22967,False,90.0,102.0,3,0.8869,0.3819,22967,0.0784,0.0308,83.8905,71.648
755456,rev,BIN,31.46,78.95,False,58,attached_artifact,cheap,0.0319,0.0,0,0.00563,0.1046,0.1716,0.3273,0.0,150.2,70380,False,110.0,67.0,4,0.8135,0.5605,70380,0.0962,0.0042,80.8211,71.982
755456,rev,BIN,31.46,78.95,False,71,relief_self_segmentation,cheap,0.0,0.0,0,0.00023,0.1857,0.2247,0.3381,0.0,26.7,2560,False,86.0,50.0,5,0.6176,0.4587,2560,0.0,0.0,89.7962,84.8547
755456,rev,BIN,31.46,78.95,False,76,relief_self_segmentation,cheap,0.0,0.0,0,0.001,0.1447,0.294,0.3617,0.0,48.5,9009,False,35.0,61.0,3,0.3569,0.5503,9009,0.0,0.0,88.554,84.1679
755456,rev,BIN,31.46,78.95,False,131,relief_self_segmentation,cheap,0.041,0.0,0,0.00306,0.0699,0.303,0.3694,0.0314,83.3,32580,False,66.0,59.0,4,0.3602,0.4747,32580,0.0213,0.0002,93.6979,85.8991
755456,rev,BIN,31.46,78.95,False,147,relief_self_segmentation,cheap,0.0,0.0,0,0.00042,0.2094,0.1804,0.3196,0.2031,40.0,4365,False,60.0,95.0,3,0.7605,0.5719,4365,0.009,0.0,96.9702,88.6868
755456,rev,BIN,31.46,78.95,False,151,relief_self_segmentation,cheap,0.0,0.0,0,0.00035,0.1988,0.1845,0.3212,0.0,36.2,4089,False,89.0,92.0,2,0.8695,0.5118,4089,0.0,0.0,96.9614,93.1866
755456,rev,BIN,31.46,78.95,False,182,relief_self_segmentation,cheap,0.0,0.0,0,0.00028,0.3412,0.4226,0.5322,1.0,21.3,1776,False,90.0,47.0,4,0.3141,0.6499,1776,0.0476,0.0014,92.5532,70.3235
755456,rev,BIN,31.46,78.95,False,185,relief_self_segmentation,cheap,0.0,0.0,0,0.00015,0.4546,0.437,0.5285,1.0,15.6,924,False,49.0,40.0,3,0.258,0.7144,924,0.0557,0.0029,93.7606,68.8475
755456,rev,BIN,31.46,78.95,False,201,relief_self_segmentation,cheap,0.0,0.0,0,0.00054,0.2133,0.2577,0.523,1.0,37.9,5394,False,89.0,32.0,6,0.4676,0.5112,5394,0.0701,0.0017,91.7639,69.3774
755456,rev,BIN,31.46,78.95,False,205,relief_self_segmentation,cheap,0.0,0.0,0,0.00047,0.3301,0.2801,0.4379,1.0,34.0,4275,False,97.0,55.0,5,0.5803,0.6746,4275,0.0617,0.0013,93.7336,70.2792
755456,rev,BIN,31.46,78.95,False,224,relief_self_segmentation,cheap,0.0,0.0,0,0.00105,0.1349,0.1627,0.4295,1.0,66.7,17612,False,95.0,52.0,3,0.4909,0.386,17612,0.0926,0.0023,94.3081,68.885
755456,rev,BIN,31.46,78.95,False,228,relief_self_segmentation,expensive,0.1958,0.0134,56,0.28189,0.1475,0.8051,0.5959,0.9987,490.6,1288189,False,11.0,0.0,0,0.0728,0.8863,1288189,0.1743,0.0721,97.0129,61.0596
755456,rev,BIN,31.46,78.95,False,342,multi_object_weld,expensive,0.0888,0.01,5,0.05037,0.0287,0.117,0.3518,0.2609,544.0,946476,False,123.0,54.0,3,0.6259,0.3231,946476,0.0281,0.0069,95.3351,92.8667
755457,obv,BIN,29.62,78.94,False,10,sub_coin_noise_blob,cheap,0.0,0.0,0,0.00022,0.1147,0.0574,0.3409,1.0,51.3,5880,False,158.0,77.0,2,3.0121,0.6032,5880,0.3439,0.2151,68.2865,45.5896
755457,obv,BIN,29.62,78.94,False,12,sub_coin_noise_blob,cheap,0.0,0.0,0,0.00199,0.2167,0.167,0.3153,0.0,90.6,22852,False,73.0,102.0,2,0.6775,0.6538,22852,0.1948,0.1212,64.3684,48.5541
755457,obv,BIN,29.62,78.94,False,31,sub_coin_noise_blob,cheap,0.0383,0.0,0,0.00148,0.1798,0.2553,0.3653,0.0,63.1,13230,False,66.0,90.0,2,0.5856,0.635,13230,0.0782,0.0003,77.4956,68.7679
755457,obv,BIN,29.62,78.94,False,36,sub_coin_noise_blob,cheap,0.0,0.0,0,0.0003,0.2283,0.2447,0.3277,0.0,29.2,2924,False,88.0,56.0,3,0.5553,0.5635,2924,0.0,0.0,83.3627,79.5787
755457,obv,BIN,29.62,78.94,False,70,relief_self_segmentation,cheap,0.0,0.0,0,0.00014,0.2016,0.3323,0.3618,0.0,17.1,1221,False,45.0,47.0,3,0.2325,0.4884,1221,0.0,0.0,95.4904,91.6568
755457,obv,BIN,29.62,78.94,False,194,relief_self_segmentation,cheap,0.0,0.0,0,0.00093,0.0671,0.1469,0.3602,0.3762,66.1,18644,False,93.0,44.0,7,0.5575,0.3156,18644,0.0228,0.0013,97.9789,91.9558
755457,obv,BIN,29.62,78.94,False,195,relief_self_segmentation,cheap,0.0,0.0,0,0.00014,0.1478,0.1233,0.3311,0.1259,28.4,2376,False,100.0,56.0,3,0.4574,0.4364,2376,0.0005,0.0,100.5995,94.9696
755457,obv,BIN,29.62,78.94,False,236,low_contrast_coastline,expensive,0.2119,0.0289,39,0.33916,0.1477,0.8105,0.5814,0.7636,536.4,1545786,False,0.0,0.0,0,0.0484,0.9182,1545786,0.1557,0.0614,100.3225,69.5472
755457,obv,BIN,29.62,78.94,False,254,relief_self_segmentation,cheap,0.0,0.0,0,0.00019,0.1181,0.1049,0.2737,0.2697,35.1,3360,False,104.0,92.0,2,1.0556,0.3711,3360,0.0,0.0,103.2198,96.7918
755457,rev,BIN,29.06,78.95,False,189,relief_self_segmentation,cheap,0.0,0.0,0,0.00066,0.0542,0.1424,0.3284,0.1588,56.3,9400,True,40.0,54.0,4,0.621,0.2853,9400,0.0,0.0,98.902,94.3206
755457,rev,BIN,29.06,78.95,False,230,relief_self_segmentation,cheap,0.0,0.0,0,0.00021,0.2766,0.319,0.3683,0.0,21.5,2150,False,74.0,40.0,5,0.3681,0.5616,2150,0.0,0.0,98.8629,95.9686
755457,rev,BIN,29.06,78.95,False,233,relief_self_segmentation,cheap,0.0,0.0,0,0.00025,0.2882,0.2875,0.3665,0.062,24.4,2223,False,80.0,33.0,4,0.3542,0.6142,2223,0.0,0.0,99.058,95.6944
755457,rev,BIN,29.06,78.95,False,239,relief_self_segmentation,cheap,0.0,0.0,0,0.00048,0.1525,0.1231,0.2588,0.192,52.0,6840,True,66.0,122.0,4,2.4693,0.4635,6840,0.0,0.0,99.6036,95.6609
755457,rev,BIN,29.06,78.95,False,243,relief_self_segmentation,cheap,0.0,0.0,0,0.00016,0.1186,0.118,0.2992,0.1118,30.8,3240,False,91.0,39.0,3,0.5211,0.3568,3240,0.0,0.0,100.046,95.5793
755457,rev,BIN,29.06,78.95,False,271,relief_self_segmentation,cheap,0.0,0.0,0,0.00027,0.4145,0.3359,0.3617,0.1858,23.5,1680,False,58.0,57.0,3,0.3264,0.7699,1680,0.0,0.0,100.6355,96.2377
755457,rev,BIN,29.06,78.95,False,287,relief_self_segmentation,cheap,0.0,0.0,0,0.00024,0.1966,0.2699,0.3362,0.0,24.9,2166,False,57.0,67.0,6,0.4496,0.5038,2166,0.0,0.0,100.7583,95.9432
755457,rev,BIN,29.06,78.95,False,288,relief_self_segmentation,cheap,0.0,0.0,0,0.00027,0.2122,0.3087,0.3533,0.1032,24.5,2296,False,40.0,43.0,5,0.3835,0.5197,2296,0.0,0.0,100.2212,95.7162
755457,rev,BIN,29.06,78.95,False,300,relief_self_segmentation,cheap,0.0,0.0,0,0.00026,0.2375,0.1838,0.3493,0.0,31.4,3182,False,68.0,57.0,4,0.5462,0.5611,3182,0.0,0.0,101.1182,97.2568
755457,rev,BIN,29.06,78.95,False,303,relief_self_segmentation,cheap,0.0,0.0,0,0.00041,0.0657,0.0579,0.2514,0.0,69.6,9240,True,144.0,64.0,3,1.7104,0.3238,9240,0.0,0.0,102.0265,97.4632
755457,rev,BIN,29.06,78.95,False,305,relief_self_segmentation,cheap,0.0,0.0,0,0.00021,0.1259,0.154,0.3065,0.0795,30.9,3431,False,72.0,50.0,6,0.7687,0.3655,3431,0.0,0.0,101.9946,97.2218
755457,rev,BIN,29.06,78.95,False,311,relief_self_segmentation,cheap,0.0,0.0,0,0.00021,0.1644,0.1259,0.255,0.3631,33.6,2560,False,121.0,33.0,3,0.5752,0.4866,2560,0.0,0.0,102.0095,97.7228
755457,rev,BIN,29.06,78.95,False,357,relief_self_segmentation,cheap,0.0,0.0,0,0.00014,0.1288,0.1637,0.3191,0.0,24.4,2703,False,99.0,40.0,3,0.4589,0.2881,2703,0.0,0.0,101.6728,97.8493
755457,rev,BIN,29.06,78.95,False,373,relief_self_segmentation,cheap,0.0,0.0,0,0.00017,0.1447,0.1296,0.2822,0.0,29.9,2952,False,102.0,72.0,2,0.5243,0.4089,2952,0.0,0.0,102.22,98.6226
755457,rev,BIN,29.06,78.95,False,381,relief_self_segmentation,cheap,0.086,0.0,0,0.00206,0.0407,0.1409,0.348,0.1695,100.3,27783,True,59.0,47.0,5,0.5154,0.3258,27783,0.0,0.0,101.0414,97.6043
755457,rev,BIN,29.06,78.95,False,394,relief_self_segmentation,cheap,0.0,0.0,0,0.00017,0.1254,0.0934,0.2679,0.0,35.7,4200,False,131.0,48.0,3,0.805,0.3319,4200,0.0,0.0,101.6937,97.9082
755457,rev,BIN,29.06,78.95,False,396,relief_self_segmentation,cheap,0.0,0.0,0,0.00017,0.1894,0.1188,0.264,0.0,30.9,2590,False,100.0,58.0,4,0.869,0.4958,2590,0.0,0.0,103.0095,98.2626
755457,rev,BIN,29.06,78.95,False,398,relief_self_segmentation,cheap,0.0,0.0,0,0.00076,0.067,0.1025,0.2854,0.0,71.5,16905,False,85.0,57.0,5,0.7053,0.2726,16905,0.0,0.0,101.0128,98.0306
755457,rev,BIN,29.06,78.95,False,401,relief_self_segmentation,cheap,0.0,0.0,0,0.00026,0.1411,0.1406,0.2845,0.0,35.9,3910,False,81.0,78.0,4,1.0491,0.4376,3910,0.0,0.0,101.1654,98.5121
755457,rev,BIN,29.06,78.95,False,405,relief_self_segmentation,cheap,0.0,0.0,0,0.00016,0.1421,0.0995,0.3155,0.0,33.0,2964,False,73.0,74.0,2,1.115,0.4034,2964,0.0,0.0,103.5588,98.1128
755457,rev,BIN,29.06,78.95,False,411,relief_self_segmentation,expensive,0.0764,0.0066,31,0.47032,0.0193,0.6063,0.4152,0.4636,730.3,2103000,False,0.0,4.0,2,0.0661,0.7227,2103000,0.1178,0.0584,87.2547,69.949
755457,rev,BIN,29.06,78.95,False,412,relief_self_segmentation,cheap,0.0,0.0,0,0.00017,0.2022,0.3091,0.35,0.0,19.7,1440,True,62.0,72.0,5,0.4219,0.5382,1440,0.0,0.0,101.8442,98.0397
755457,rev,BIN,29.06,78.95,False,414,relief_self_segmentation,cheap,0.2826,0.0,0,0.00031,0.5742,0.4878,0.3531,0.3458,21.0,1440,True,54.0,102.0,5,0.449,0.8511,1440,0.0,0.0,101.3045,97.2165
755457,rev,BIN,29.06,78.95,False,416,relief_self_segmentation,cheap,0.0,0.0,0,0.00073,0.1426,0.1803,0.3426,0.0256,52.8,7440,False,57.0,73.0,3,0.7099,0.5264,7440,0.0,0.0,101.0599,98.1743
755457,rev,BIN,29.06,78.95,False,418,relief_self_segmentation,cheap,0.0,0.0,0,0.00051,0.0893,0.1194,0.3283,0.1411,54.0,9120,False,74.0,88.0,3,0.8394,0.3667,9120,0.0,0.0,101.751,98.0736
755457,rev,BIN,29.06,78.95,False,420,relief_self_segmentation,cheap,0.0,0.0,0,0.00033,0.155,0.2157,0.3003,0.0,32.5,4712,False,101.0,35.0,3,0.4873,0.3876,4712,0.0,0.0,101.6174,97.9435
755457,rev,BIN,29.06,78.95,False,421,relief_self_segmentation,cheap,0.0726,0.0,0,0.00114,0.0942,0.114,0.3282,0.157,83.1,17114,False,104.0,78.0,4,0.7578,0.4038,17114,0.0,0.0,101.4854,98.215
755457,rev,BIN,29.06,78.95,False,426,relief_self_segmentation,cheap,0.0,0.0,0,0.0006,0.0899,0.1404,0.3033,0.0538,54.1,7493,False,80.0,112.0,2,0.9318,0.3932,7493,0.0,0.0,101.1801,97.7898
755457,rev,BIN,29.06,78.95,False,432,relief_self_segmentation,cheap,0.0,0.0,0,0.00039,0.1366,0.1992,0.3357,0.0,36.8,3872,True,29.0,62.0,3,0.5805,0.465,3872,0.0,0.0,101.2082,98.1515
755457,rev,BIN,29.06,78.95,False,435,relief_self_segmentation,cheap,0.0,0.0,0,0.00018,0.1228,0.0722,0.239,0.0,40.9,3298,True,71.0,102.0,3,2.735,0.4286,3298,0.0,0.0,103.2768,98.4636
755457,rev,BIN,29.06,78.95,False,438,relief_self_segmentation,cheap,0.0,0.0,0,0.0002,0.123,0.1226,0.3063,0.1029,33.9,2808,True,90.0,106.0,2,1.5253,0.3632,2808,0.0,0.0,102.6086,97.464
755457,rev,BIN,29.06,78.95,False,439,relief_self_segmentation,cheap,0.0,0.0,0,0.0002,0.4442,0.3408,0.333,0.0,20.1,1029,True,114.0,109.0,3,0.4706,0.7901,1029,0.0,0.0,101.2661,97.538
755457,rev,BIN,29.06,78.95,False,440,relief_self_segmentation,cheap,0.0,0.0,0,0.00083,0.0738,0.082,0.2496,0.1731,83.5,11426,True,127.0,89.0,2,1.0,0.3573,11426,0.0,0.0,101.3719,98.0272
755457,rev,BIN,29.06,78.95,False,441,relief_self_segmentation,cheap,0.0,0.0,0,0.00164,0.0558,0.1112,0.2584,0.0399,100.8,19908,True,93.0,119.0,2,1.2088,0.4297,19908,0.0,0.0,100.7123,97.5703
755457,rev,BIN,29.06,78.95,False,446,relief_self_segmentation,cheap,0.0,0.0,0,0.00017,0.2569,0.1329,0.0,0.0894,29.5,1296,True,165.0,150.0,1,0.6142,0.7809,1296,0.0,0.0,102.4977,97.5383
755457,rev,BIN,29.06,78.95,False,449,relief_self_segmentation,cheap,0.0,0.0,0,0.00044,0.1466,0.197,0.3359,0.0,39.2,4185,True,65.0,63.0,3,0.5758,0.4823,4185,0.0,0.0,101.6187,97.7169
755457,rev,BIN,29.06,78.95,False,450,relief_self_segmentation,cheap,0.0,0.0,0,0.00039,0.1305,0.1914,0.3117,0.0,37.4,5226,True,93.0,44.0,4,0.7458,0.3555,5226,0.0,0.0,100.9344,97.9596
755458,rev,BIN,29.19,78.95,False,1,sub_coin_noise_blob,cheap,0.0,0.0,0,0.00041,0.2156,0.284,0.3692,0.0,31.6,3762,False,82.0,73.0,3,0.4915,0.6178,3762,0.0,0.0,64.7769,61.6012
755459,obv,BIN,30.49,78.94,False,5,sub_coin_noise_blob,cheap,0.0,0.0,0,0.00047,0.1218,0.0649,0.3574,0.9669,70.3,10854,False,122.0,71.0,2,2.2134,0.6205,10854,0.287,0.2525,72.5848,52.3746
755459,obv,BIN,30.49,78.94,False,6,sub_coin_noise_blob,cheap,0.0,0.0,0,0.00066,0.1768,0.2227,0.3374,0.0,45.2,8316,False,28.0,76.0,3,0.5994,0.5424,8316,0.1013,0.0002,65.9413,58.2898
755459,obv,BIN,30.49,78.94,False,7,sub_coin_noise_blob,cheap,0.0,0.0,0,0.00079,0.2298,0.1905,0.3499,0.0,53.3,8814,False,76.0,91.0,2,0.5102,0.6299,8814,0.156,0.0838,65.7247,51.6905
755459,obv,BIN,30.49,78.94,False,22,relief_self_segmentation,cheap,0.0,0.0,0,0.00014,0.1364,0.0698,0.3941,0.9929,37.6,4080,False,126.0,77.0,2,2.3102,0.5322,4080,0.4209,0.0128,110.2336,57.2716
755459,obv,BIN,30.49,78.94,False,44,relief_self_segmentation,cheap,0.0,0.0,0,0.00019,0.4178,0.254,0.4925,1.0,22.6,1458,False,26.0,100.0,3,0.4585,0.7602,1458,0.182,0.1492,166.9934,67.1689
755460,obv,BIN,30.07,78.94,False,7,sub_coin_noise_blob,cheap,0.0,0.0,0,0.0002,0.1831,0.1859,0.2946,0.0,27.2,2989,False,50.0,84.0,3,0.687,0.466,2989,0.0084,0.0,65.1921,61.3589
755460,obv,BIN,30.07,78.94,False,20,relief_self_segmentation,cheap,0.0,0.0,0,0.00027,0.1048,0.071,0.4025,0.9864,51.0,8217,False,145.0,75.0,2,1.2739,0.305,8217,0.2219,0.0568,96.6667,75.7801
755460,obv,BIN,30.07,78.94,False,22,relief_self_segmentation,cheap,0.0,0.0,0,0.00019,0.3096,0.28,0.456,0.9909,21.9,2050,False,113.0,71.0,2,0.5795,0.5587,2050,0.2365,0.1133,116.6143,58.6381
755460,obv,BIN,30.07,78.94,False,33,relief_self_segmentation,cheap,0.0,0.0,0,0.0002,0.3712,0.277,0.458,0.9524,22.5,2016,False,69.0,52.0,3,0.3674,0.672,2016,0.1284,0.0,124.2718,77.9465
755460,obv,BIN,30.07,78.94,False,68,relief_self_segmentation,cheap,0.0,0.0,0,0.00017,0.6392,0.4941,0.5454,1.0,15.2,840,False,36.0,51.0,4,0.2046,0.8782,840,0.1342,0.0447,119.3543,78.0799
755460,obv,BIN,30.07,78.94,False,69,unclassified_ragged,expensive,0.3282,0.063,35,0.3061,0.1983,0.8193,0.5866,0.993,506.8,1356830,False,0.0,0.0,0,0.0419,0.9194,1356830,0.1649,0.098,120.0454,65.8699
755460,rev,BIN,29.42,78.95,False,12,sub_coin_noise_blob,cheap,0.0,0.0,0,0.00024,0.2283,0.1506,0.2933,0.0,32.9,3128,False,86.0,112.0,3,0.7663,0.6064,3128,0.0194,0.0,66.4761,59.436
755460,rev,BIN,29.42,78.95,False,18,sub_coin_noise_blob,cheap,0.0,0.0,0,0.00061,0.3545,0.3553,0.3561,0.0,34.2,4818,False,71.0,71.0,2,0.3848,0.7239,4818,0.0651,0.0,65.4257,58.0795
755460,rev,BIN,29.42,78.95,False,32,sub_coin_noise_blob,cheap,0.0,0.0,0,0.00085,0.1915,0.2082,0.3468,0.0,53.0,9711,False,60.0,74.0,3,0.7406,0.5637,9711,0.0832,0.0037,75.7006,66.8275
755460,rev,BIN,29.42,78.95,False,106,relief_self_segmentation,cheap,0.0,0.0,0,0.00023,0.5937,0.561,0.5529,1.0,16.7,1406,False,55.0,42.0,6,0.2036,0.817,1406,0.0,0.0,120.5685,95.1986
755460,rev,BIN,29.42,78.95,False,125,relief_self_segmentation,cheap,0.0606,0.0,0,0.00195,0.1975,0.3334,0.4944,1.0,63.3,17667,False,64.0,36.0,6,0.4407,0.5522,17667,0.0002,0.0,115.2532,93.532
755460,rev,BIN,29.42,78.95,False,127,relief_self_segmentation,cheap,0.0,0.0,0,0.00014,0.1162,0.1242,0.355,0.5298,27.8,3162,False,109.0,61.0,2,0.593,0.2956,3162,0.0016,0.0,104.2032,91.8667
755460,rev,BIN,29.42,78.95,False,143,relief_self_segmentation,cheap,0.0,0.0,0,0.0003,0.0793,0.11,0.3524,0.3793,43.0,4896,False,125.0,67.0,6,0.5197,0.3373,4896,0.0067,0.0,100.1708,90.6793
755460,rev,BIN,29.42,78.95,False,163,relief_self_segmentation,cheap,0.0,0.0,0,0.0003,0.0575,0.0383,0.3585,1.0,73.6,14450,False,99.0,53.0,3,1.8031,0.3128,14450,0.0018,0.0004,112.4988,93.9682
755460,rev,BIN,29.42,78.95,False,168,low_contrast_coastline,expensive,0.188,0.0146,45,0.30352,0.2504,0.8338,0.6066,0.9996,500.3,1351100,False,15.0,0.0,0,0.0596,0.9164,1351100,0.1285,0.0711,114.063,71.2402
755460,rev,BIN,29.42,78.95,False,169,relief_self_segmentation,cheap,0.2171,0.0,0,0.00023,0.4064,0.2853,0.4407,0.6667,23.3,2028,False,66.0,76.0,3,0.36,0.7609,2028,0.0054,0.0009,100.1243,81.4816
755460,rev,BIN,29.42,78.95,False,193,relief_self_segmentation,cheap,0.0,0.0,0,0.00027,0.0854,0.0964,0.2896,0.0738,43.6,6612,False,105.0,108.0,2,1.599,0.2646,6612,0.0,0.0,100.4143,95.4027
755460,rev,BIN,29.42,78.95,False,197,relief_self_segmentation,cheap,0.0,0.0,0,0.00029,0.3591,0.3544,0.3774,0.1789,23.8,1961,False,62.0,46.0,4,0.2761,0.676,1961,0.0,0.0,99.3506,95.5572
755460,rev,BIN,29.42,78.95,False,208,relief_self_segmentation,cheap,0.0,0.0,0,0.00022,0.1473,0.1235,0.2572,0.0,35.3,3476,False,124.0,68.0,2,0.5347,0.4689,3476,0.0,0.0,102.1541,93.1486
755461,obv,BIN,30.29,78.94,False,0,sub_coin_noise_blob,cheap,0.1915,0.0,0,0.00025,0.2423,0.2495,0.3517,0.0,26.2,2806,False,80.0,42.0,6,0.4701,0.522,2806,0.0,0.0,65.4141,62.6922
755461,obv,BIN,30.29,78.94,False,2,sub_coin_noise_blob,cheap,0.0,0.0,0,0.00043,0.3858,0.4483,0.3508,0.0,25.8,3111,False,52.0,46.0,5,0.378,0.7046,3111,0.0,0.0,65.7648,62.4462
755461,obv,BIN,30.29,78.94,False,84,relief_self_segmentation,cheap,0.0,0.0,0,0.00015,0.3792,0.3923,0.3817,0.0,16.4,1326,False,58.0,76.0,3,0.4061,0.6304,1326,0.0,0.0,94.976,91.3659
755461,obv,BIN,30.29,78.94,False,96,relief_self_segmentation,cheap,0.0,0.0,0,0.00016,0.1361,0.0893,0.2492,0.1419,35.1,2975,False,105.0,85.0,3,0.8493,0.4282,2975,0.0,0.0,97.385,92.3373
755461,obv,BIN,30.29,78.94,False,97,relief_self_segmentation,cheap,0.0,0.0,0,0.00111,0.1403,0.3683,0.3722,0.0,45.5,8343,False,25.0,37.0,4,0.2259,0.5446,8343,0.0,0.0,95.0147,91.0117
755461,obv,BIN,30.29,78.94,False,111,relief_self_segmentation,cheap,0.0,0.0,0,0.00034,0.2964,0.192,0.3077,0.1503,35.1,3400,False,70.0,81.0,3,0.6655,0.6482,3400,0.0079,0.0003,97.2841,90.2361
755461,obv,BIN,30.29,78.94,False,113,relief_self_segmentation,cheap,0.0,0.0,0,0.00024,0.1859,0.1868,0.2844,0.0,29.8,3168,False,102.0,100.0,2,0.8852,0.4524,3168,0.0,0.0,97.6076,93.0881
755461,obv,BIN,30.29,78.94,False,195,relief_self_segmentation,cheap,0.0,0.0,0,0.00044,0.1149,0.1936,0.3391,0.0,39.4,5742,False,46.0,38.0,4,0.3937,0.4048,5742,0.0,0.0,97.6565,94.4847
755461,obv,BIN,30.29,78.94,False,302,non_circular_flan,expensive,0.1267,0.0238,33,0.36525,0.1685,0.7554,0.5481,0.6297,576.6,1591926,False,1.0,7.0,4,0.0686,0.9008,1591926,0.0755,0.0274,100.9407,81.6138
755461,rev,BIN,29.74,78.95,False,4,sub_coin_noise_blob,cheap,0.0,0.0,0,0.00027,0.2132,0.3206,0.3563,0.0,24.3,2688,False,55.0,26.0,4,0.2084,0.5121,2688,0.0,0.0,66.5007,63.5835
755461,rev,BIN,29.74,78.95,False,8,sub_coin_noise_blob,cheap,0.0,0.0,0,0.00043,0.1665,0.173,0.3018,0.0,41.2,6552,False,109.0,101.0,3,1.0628,0.405,6552,0.0681,0.0,67.3791,59.6752
755461,rev,BIN,29.74,78.95,False,16,sub_coin_noise_blob,cheap,0.0,0.0,0,0.00024,0.1283,0.1474,0.321,0.0,33.6,3192,False,74.0,59.0,4,0.7173,0.3748,3192,0.0,0.0,77.6446,73.2949
755461,rev,BIN,29.74,78.95,False,21,sub_coin_noise_blob,cheap,0.0,0.0,0,0.00041,0.0998,0.1607,0.3075,0.0,41.7,6205,False,104.0,83.0,2,0.6916,0.3926,6205,0.0009,0.0,77.5417,71.9906
755461,rev,BIN,29.74,78.95,False,60,relief_self_segmentation,cheap,0.0,0.0,0,0.00014,0.2486,0.1979,0.2782,0.0,22.2,1900,False,120.0,54.0,2,0.5841,0.5473,1900,0.0,0.0,93.8528,88.9923
755461,rev,BIN,29.74,78.95,False,84,relief_self_segmentation,cheap,0.0,0.0,0,0.00031,0.1258,0.1769,0.3216,0.0,34.9,3645,False,108.0,39.0,4,0.4706,0.4177,3645,0.0,0.0,95.2157,90.4859
755461,rev,BIN,29.74,78.95,False,93,relief_self_segmentation,cheap,0.0,0.0,0,0.0002,0.1813,0.1198,0.2602,0.0,34.1,2754,False,78.0,86.0,2,0.6906,0.5281,2754,0.0,0.0,96.7942,92.2551
755461,rev,BIN,29.74,78.95,False,108,relief_self_segmentation,cheap,0.0,0.0,0,0.00033,0.2765,0.2026,0.3281,0.0533,33.6,2720,False,75.0,88.0,3,0.8852,0.6593,2720,0.0,0.0,97.2,91.1951
755461,rev,BIN,29.74,78.95,False,115,relief_self_segmentation,cheap,0.0645,0.0,0,0.00343,0.0981,0.3799,0.3776,0.0508,78.7,32930,False,49.0,36.0,10,0.2976,0.5282,32930,0.0167,0.0006,94.0197,89.1989
755461,rev,BIN,29.74,78.95,False,252,relief_self_segmentation,cheap,0.0298,0.0,0,0.0043,0.0399,0.0631,0.3691,0.065,216.4,104208,False,136.0,40.0,3,1.1602,0.4109,104208,0.0086,0.0019,98.1537,94.9492
755461,rev,BIN,29.74,78.95,False,268,non_circular_flan,expensive,0.0801,0.005,25,0.34764,0.164,0.748,0.562,0.68,565.3,1501250,False,0.0,21.0,3,0.064,0.9105,1501250,0.0848,0.0531,102.4214,76.9865
755461,rev,BIN,29.74,78.95,False,277,relief_self_segmentation,cheap,0.0,0.0,0,0.00017,0.142,0.0821,0.2417,0.1419,38.3,3003,False,85.0,111.0,2,3.3094,0.4997,3003,0.0,0.0,103.9254,97.1865
755461,rev,BIN,29.74,78.95,False,279,relief_self_segmentation,cheap,0.0,0.0,0,0.00022,0.1102,0.0839,0.2543,0.0,42.7,4200,False,126.0,73.0,7,2.3729,0.4088,4200,0.0,0.0,102.6158,96.3062
755461,rev,BIN,29.74,78.95,False,312,relief_self_segmentation,cheap,0.0842,0.0,0,0.00076,0.1174,0.107,0.2521,0.2353,70.1,11830,False,92.0,92.0,4,0.9351,0.439,11830,0.0,0.0,100.7579,97.3153
755462,rev,BIN,30.27,78.95,False,8,sub_coin_noise_blob,cheap,0.0,0.0,0,0.0012,0.2565,0.2421,0.3622,0.0,58.4,12319,False,72.0,65.0,4,0.5396,0.6953,12319,0.1897,0.1465,65.2545,47.2768
755462,rev,BIN,30.27,78.95,False,9,sub_coin_noise_blob,cheap,0.0,0.0,0,0.00069,0.1699,0.2149,0.2981,0.0,47.0,9486,False,96.0,108.0,2,1.0737,0.4613,9486,0.0775,0.0,67.1995,60.0038
755462,rev,BIN,30.27,78.95,False,104,relief_self_segmentation,cheap,0.0,0.0,0,0.00042,0.2227,0.209,0.3202,0.0,37.2,4628,False,92.0,90.0,3,0.8298,0.5345,4628,0.0,0.0,96.567,93.0927
755462,rev,BIN,30.27,78.95,False,147,relief_self_segmentation,cheap,0.0,0.0,0,0.00015,0.2241,0.1682,0.5011,1.0,25.0,1680,False,84.0,90.0,2,1.386,0.5352,1680,0.1906,0.0254,95.0874,58.9428
755462,rev,BIN,30.27,78.95,False,156,sub_coin_noise_blob,cheap,0.3883,0.0,0,0.00022,0.5689,0.5432,0.6004,1.0,16.8,1330,False,68.0,18.0,3,0.1622,0.8338,1330,0.1164,0.024,77.1136,60.2466
755462,rev,BIN,30.27,78.95,False,188,relief_self_segmentation,cheap,0.0,0.0,0,0.0002,0.0939,0.1095,0.4846,1.0,35.4,4941,False,92.0,47.0,3,0.7995,0.2449,4941,0.2919,0.1018,97.7611,49.6551
755462,rev,BIN,30.27,78.95,False,222,relief_self_segmentation,cheap,0.0,0.0,0,0.00023,0.0741,0.0755,0.3137,0.1687,45.7,5060,False,63.0,66.0,5,0.6474,0.3239,5060,0.0,0.0,101.5024,96.0829
755462,rev,BIN,30.27,78.95,False,344,non_circular_flan,expensive,0.1253,0.0108,50,0.40366,0.0403,0.671,0.4436,0.4585,643.1,1980875,False,0.0,1.0,3,0.0706,0.8079,1980875,0.1293,0.0533,92.3358,68.9104
755463,rev,BIN,29.95,78.95,False,15,sub_coin_noise_blob,cheap,0.0,0.0,0,0.00022,0.1713,0.1993,0.3387,0.0,27.6,2665,False,67.0,58.0,3,0.5704,0.4757,2665,0.0,0.0,84.1727,79.9568
755463,rev,BIN,29.95,78.95,False,37,relief_self_segmentation,cheap,0.0,0.0,0,0.00036,0.0792,0.1737,0.3353,0.0,37.6,5460,False,83.0,33.0,6,0.463,0.3098,5460,0.0,0.0,90.1198,85.823
755463,rev,BIN,29.95,78.95,False,39,relief_self_segmentation,cheap,0.0,0.0,0,0.00021,0.5136,0.5777,0.399,0.0,15.8,1116,False,48.0,51.0,7,0.2042,0.7889,1116,0.0,0.0,90.5932,87.8527
755463,rev,BIN,29.95,78.95,False,132,relief_self_segmentation,cheap,0.0,0.0,0,0.00017,0.2245,0.2404,0.4675,1.0,22.2,2050,False,36.0,53.0,5,0.3651,0.5103,2050,0.0193,0.0,103.3823,85.1552
755463,rev,BIN,29.95,78.95,False,149,relief_self_segmentation,cheap,0.0,0.0,0,0.0002,0.1318,0.133,0.4754,1.0,32.3,3969,False,65.0,91.0,2,1.6078,0.3937,3969,0.059,0.0037,107.5365,82.0635
755463,rev,BIN,29.95,78.95,False,166,relief_self_segmentation,cheap,0.0,0.0,0,0.0002,0.1054,0.0858,0.4016,0.9011,39.7,4941,False,108.0,73.0,4,0.7839,0.301,4941,0.0204,0.0007,102.6905,86.4799
755463,rev,BIN,29.95,78.95,False,183,relief_self_segmentation,cheap,0.0,0.0,0,0.00037,0.1315,0.2967,0.5288,1.0,29.5,3876,False,50.0,46.0,4,0.2418,0.4544,3876,0.0135,0.0,108.3668,81.2074
755463,rev,BIN,29.95,78.95,False,214,relief_self_segmentation,cheap,0.0,0.0,0,0.00038,0.1421,0.2337,0.3571,0.2412,33.4,4736,False,94.0,59.0,3,0.5523,0.4152,4736,0.0044,0.0,97.6218,90.7911
755463,rev,BIN,29.95,78.95,False,225,relief_self_segmentation,cheap,0.0,0.0,0,0.0009,0.0919,0.1408,0.3451,0.0,66.4,14250,False,57.0,67.0,5,0.514,0.3932,14250,0.0021,0.0,97.3092,94.3463
755464,rev,BIN,27.97,78.95,False,2,sub_coin_noise_blob,cheap,0.0,0.0,0,0.00027,0.1427,0.1927,0.3329,0.0,31.2,3540,False,74.0,62.0,4,0.4019,0.3911,3540,0.0,0.0,67.1689,62.8952
755464,rev,BIN,27.97,78.95,False,3,sub_coin_noise_blob,cheap,0.0,0.0,0,0.00092,0.1604,0.2127,0.3433,0.0,54.6,10440,False,68.0,97.0,2,0.5914,0.581,10440,0.0147,0.0,66.6278,62.0901
755464,rev,BIN,27.97,78.95,False,16,sub_coin_noise_blob,cheap,0.0,0.0,0,0.00137,0.2482,0.3184,0.3475,0.0,54.3,10712,False,64.0,92.0,3,0.4116,0.6489,10712,0.0008,0.0,76.7959,72.8728
755464,rev,BIN,27.97,78.95,False,17,sub_coin_noise_blob,cheap,0.1677,0.0,0,0.0008,0.2169,0.284,0.3579,0.0,43.9,6808,False,82.0,51.0,5,0.3628,0.5822,6808,0.0421,0.0,77.4881,68.6191
755464,rev,BIN,27.97,78.95,False,28,sub_coin_noise_blob,cheap,0.0,0.0,0,0.00018,0.1454,0.1852,0.3488,0.0,26.1,2480,False,68.0,70.0,3,0.6408,0.4171,2480,0.0,0.0,83.9368,79.4395
755464,rev,BIN,27.97,78.95,False,146,relief_self_segmentation,cheap,0.0,0.0,0,0.00022,0.1322,0.076,0.4145,1.0,45.0,3270,False,123.0,82.0,2,3.0983,0.5583,3270,0.0007,0.0,118.3137,94.551
755465,obv,BIN,30.5,78.94,False,4,sub_coin_noise_blob,cheap,0.0,0.0,0,0.00038,0.3288,0.3107,0.3564,0.0,28.8,3100,False,50.0,104.0,2,0.4504,0.6767,3100,0.0,0.0,64.7756,61.0534
755465,obv,BIN,30.5,78.94,False,20,sub_coin_noise_blob,cheap,0.0,0.0,0,0.00057,0.1274,0.1521,0.3295,0.0,50.9,9879,False,77.0,55.0,3,0.7333,0.4233,9879,0.2169,0.0093,75.6819,59.4702
755465,rev,BIN,29.47,78.95,False,14,sub_coin_noise_blob,cheap,0.0,0.0,0,0.00027,0.327,0.2316,0.3352,0.0,28.2,2565,False,64.0,97.0,3,0.6809,0.7129,2565,0.0,0.0,75.3604,68.3324
755465,rev,BIN,29.47,78.95,False,51,sub_coin_noise_blob,cheap,0.0,0.0,0,0.00049,0.0813,0.2133,0.3555,0.074,39.6,6570,False,31.0,38.0,4,0.328,0.3399,6570,0.0,0.0,96.2219,91.675
755468,obv,BIN,30.92,78.94,False,6,sub_coin_noise_blob,cheap,0.0,0.0,0,0.00021,0.2221,0.1357,0.2657,0.0,32.9,3060,False,78.0,107.0,3,0.7974,0.5952,3060,0.0671,0.0,66.4428,57.9806
755468,obv,BIN,30.92,78.94,False,14,sub_coin_noise_blob,cheap,0.0,0.0,0,0.00116,0.224,0.2335,0.3568,0.0,58.4,12065,False,87.0,52.0,2,0.5095,0.6607,12065,0.1885,0.1066,65.4004,49.3902
755468,obv,BIN,30.92,78.94,False,32,sub_coin_noise_blob,cheap,0.0,0.0,0,0.00148,0.223,0.3073,0.3695,0.0,57.5,12555,False,53.0,82.0,3,0.5004,0.638,12555,0.071,0.0001,76.156,68.0898
755468,obv,BIN,30.92,78.94,False,58,relief_self_segmentation,cheap,0.0,0.0,0,0.00038,0.1394,0.2025,0.3364,0.0,35.9,4760,False,82.0,61.0,3,0.6097,0.4464,4760,0.0,0.0,94.2321,90.4656
755468,obv,BIN,30.92,78.94,False,75,relief_self_segmentation,cheap,0.0,0.0,0,0.00094,0.1232,0.3364,0.3607,0.0309,43.9,7700,False,25.0,26.0,6,0.2317,0.5025,7700,0.0,0.0,95.3813,91.4401
755468,obv,BIN,30.92,78.94,False,83,relief_self_segmentation,cheap,0.0,0.0,0,0.00017,0.2696,0.1833,0.323,0.0,25.0,1708,False,78.0,67.0,4,0.7416,0.6126,1708,0.0,0.0,98.9688,91.5666
755468,obv,BIN,30.92,78.94,False,85,relief_self_segmentation,cheap,0.0,0.0,0,0.00022,0.1768,0.1693,0.2808,0.0,29.8,3024,False,100.0,111.0,2,1.0234,0.4205,3024,0.0,0.0,97.7599,93.1528
755468,obv,BIN,30.92,78.94,False,87,relief_self_segmentation,cheap,0.1154,0.0,0,0.00271,0.122,0.1896,0.3815,0.052,99.1,31240,False,25.0,25.0,6,0.3886,0.4571,31240,0.0043,0.0001,93.9377,89.4653
755468,obv,BIN,30.92,78.94,False,116,relief_self_segmentation,cheap,0.0,0.0,0,0.0006,0.0611,0.0733,0.2639,0.0,74.9,13629,False,130.0,66.0,2,0.8782,0.2868,13629,0.0027,0.0,97.2019,91.9664
755468,obv,BIN,30.92,78.94,False,172,relief_self_segmentation,cheap,0.0,0.0,0,0.00042,0.0836,0.1295,0.3284,0.0,47.0,7668,False,33.0,48.0,4,0.4961,0.325,7668,0.0,0.0,98.037,94.5174
755468,obv,BIN,30.92,78.94,False,181,relief_self_segmentation,cheap,0.0,0.0,0,0.00018,0.2024,0.1714,0.2608,0.0,27.2,2210,False,72.0,54.0,4,0.6427,0.4886,2210,0.0,0.0,97.8384,95.0602
755468,obv,BIN,30.92,78.94,False,206,relief_self_segmentation,cheap,0.0,0.0,0,0.00015,0.292,0.1932,0.32,0.0,23.1,1540,False,82.0,106.0,2,0.7823,0.6312,1540,0.0,0.0,100.496,95.3612
755468,obv,BIN,30.92,78.94,False,248,low_contrast_coastline,expensive,0.1636,0.0257,48,0.35124,0.2329,0.7669,0.5848,0.6644,561.1,1500429,False,0.0,4.0,1,0.0462,0.9302,1500429,0.1,0.032,108.6445,78.9716
755468,obv,BIN,30.92,78.94,False,256,relief_self_segmentation,cheap,0.0,0.0,0,0.00019,0.1211,0.0943,0.2593,0.0,37.2,3393,False,130.0,69.0,2,2.2713,0.4076,3393,0.0,0.0,102.78,96.3535
755468,obv,BIN,30.92,78.94,False,307,relief_self_segmentation,cheap,0.057,0.0,0,0.00085,0.091,0.1176,0.2792,0.1976,70.5,14790,False,81.0,57.0,5,0.7499,0.3788,14790,0.0,0.0,101.0955,97.2203
755468,rev,BIN,29.87,78.95,False,9,sub_coin_noise_blob,cheap,0.0,0.0,0,0.00124,0.3198,0.2661,0.3601,0.0,56.6,10296,False,66.0,75.0,2,0.5158,0.7568,10296,0.0901,0.0013,65.6234,58.5694
755468,rev,BIN,29.87,78.95,False,24,sub_coin_noise_blob,cheap,0.0566,0.0,0,0.00155,0.1625,0.1746,0.3077,0.0,78.2,19000,False,81.0,81.0,2,1.0198,0.5955,19000,0.1847,0.0291,77.2503,61.5902
755468,rev,BIN,29.87,78.95,False,25,sub_coin_noise_blob,cheap,0.0,0.0,0,0.00015,0.2503,0.1915,0.3052,0.0,23.4,1430,False,112.0,58.0,3,0.421,0.6265,1430,0.0,0.0,84.3566,79.9638
755468,rev,BIN,29.87,78.95,False,98,relief_self_segmentation,cheap,0.0385,0.0,0,0.00246,0.085,0.3193,0.3665,0.0438,72.7,28891,False,57.0,52.0,6,0.3818,0.4404,28891,0.0005,0.0,94.6845,90.096
755468,rev,BIN,29.87,78.95,False,132,relief_self_segmentation,cheap,0.0,0.0,0,0.00049,0.1588,0.1969,0.3416,0.0,41.4,5487,False,96.0,42.0,5,0.5035,0.5,5487,0.0,0.0,98.414,93.8622
755468,rev,BIN,29.87,78.95,False,174,relief_self_segmentation,cheap,0.0,0.0,0,0.00025,0.1441,0.1427,0.2672,0.0,34.7,3864,False,131.0,117.0,2,1.6006,0.4178,3864,0.0,0.0,98.2932,94.035
755468,rev,BIN,29.87,78.95,False,216,relief_self_segmentation,cheap,0.0,0.0,0,0.00028,0.1414,0.2264,0.4549,0.9948,28.9,3078,False,96.0,55.0,4,0.3469,0.3831,3078,0.0107,0.0034,100.1801,87.3322
755468,rev,BIN,29.87,78.95,False,218,relief_self_segmentation,cheap,0.0,0.0,0,0.00023,0.0728,0.0745,0.313,0.0803,45.7,5060,False,62.0,66.0,5,0.6497,0.3196,5060,0.0,0.0,101.5332,96.0852
755468,rev,BIN,29.87,78.95,False,280,relief_self_segmentation,cheap,0.0,0.0,0,0.00014,0.1148,0.1229,0.3182,0.0,28.1,2376,False,88.0,32.0,3,0.4873,0.3396,2376,0.0,0.0,102.1536,96.0859
755468,rev,BIN,29.87,78.95,False,292,relief_self_segmentation,cheap,0.0,0.0,0,0.00034,0.1108,0.1148,0.2639,0.084,45.0,6566,False,134.0,75.0,3,0.8,0.4184,6566,0.0,0.0,101.7497,93.6546
755468,rev,BIN,29.87,78.95,False,296,relief_self_segmentation,cheap,0.0,0.0,0,0.00024,0.1925,0.1333,0.2547,0.3613,34.9,3397,False,110.0,85.0,2,1.5299,0.5459,3397,0.0,0.0,102.9254,95.5155
755468,rev,BIN,29.87,78.95,False,309,sub_coin_noise_blob,cheap,0.1288,0.119,1,0.00254,0.0459,0.1158,0.3517,0.2628,122.7,44460,False,89.0,54.0,4,0.7321,0.3225,44460,0.009,0.0026,100.0323,94.3628
755468,rev,BIN,29.87,78.95,False,365,relief_self_segmentation,cheap,0.0,0.0,0,0.00024,0.0625,0.0817,0.2622,0.3034,45.2,5940,False,103.0,90.0,3,1.0167,0.302,5940,0.0,0.0,102.8429,97.2666
755469,obv,BIN,29.77,78.94,False,23,sub_coin_noise_blob,cheap,0.0,0.0,0,0.00075,0.1894,0.1787,0.344,0.0,53.7,9477,False,49.0,68.0,3,0.8374,0.562,9477,0.1242,0.0017,75.6291,64.7038
755469,obv,BIN,29.77,78.94,False,44,relief_self_segmentation,cheap,0.0,0.0,0,0.00024,0.2523,0.1895,0.379,1.0,29.3,3328,False,127.0,88.0,2,1.6022,0.567,3328,0.0899,0.1327,171.6155,67.2815
755469,obv,BIN,29.77,78.94,False,47,relief_self_segmentation,cheap,0.0,0.0,0,0.0002,0.1404,0.1715,0.3407,0.0,28.2,2624,False,69.0,109.0,3,0.7041,0.3956,2624,0.0,0.0,95.0471,90.9722
755469,obv,BIN,29.77,78.94,False,56,relief_self_segmentation,cheap,0.0,0.0,0,0.00016,0.1347,0.0907,0.2543,0.0654,34.6,2940,False,95.0,95.0,2,0.7923,0.43,2940,0.0,0.0,97.2929,92.3203
755469,obv,BIN,29.77,78.94,False,80,relief_self_segmentation,cheap,0.0,0.0,0,0.00017,0.1453,0.0962,0.4164,1.0,34.8,3726,False,114.0,87.0,2,1.7121,0.3613,3726,0.1633,0.1044,157.0045,62.8251
755469,obv,BIN,29.77,78.94,False,83,relief_self_segmentation,cheap,0.0,0.0,0,0.00027,0.1372,0.179,0.4873,1.0,32.1,4144,False,56.0,40.0,6,0.5259,0.3388,4144,0.24,0.1746,126.5237,48.4947
755469,obv,BIN,29.77,78.94,False,86,relief_self_segmentation,cheap,0.0,0.0,0,0.0005,0.1394,0.3284,0.5313,1.0,32.3,4416,False,62.0,18.0,4,0.1753,0.4488,4416,0.3204,0.1178,102.8228,49.2415
755469,obv,BIN,29.77,78.94,False,123,non_circular_flan,expensive,0.247,0.0535,33,0.31623,0.0684,0.7756,0.5865,0.8837,529.5,1516924,False,0.0,9.0,5,0.0609,0.8566,1516924,0.1563,0.0429,105.4479,68.2908
755469,obv,BIN,29.77,78.94,False,133,relief_self_segmentation,cheap,0.0,0.0,0,0.00023,0.0924,0.0807,0.2769,0.2176,44.6,5292,False,101.0,95.0,2,0.9592,0.3401,5292,0.0,0.0,102.8641,97.0931
755469,rev,BIN,28.81,78.95,False,4,sub_coin_noise_blob,cheap,0.0,0.0,0,0.00027,0.3134,0.3757,0.5397,1.0,22.1,2193,False,59.0,39.0,5,0.408,0.5896,2193,0.4034,0.0411,77.4574,44.9554
755469,rev,BIN,28.81,78.95,False,41,relief_self_segmentation,expensive,0.2567,0.0297,48,0.32263,0.1676,0.8372,0.5931,0.9985,514.7,1411319,False,12.0,0.0,0,0.061,0.9151,1411319,0.1574,0.0572,108.472,67.3864
755469,rev,BIN,28.81,78.95,False,43,relief_self_segmentation,cheap,0.0,0.0,0,0.00176,0.11,0.1646,0.4222,0.5307,85.7,22248,False,74.0,50.0,4,0.5299,0.4833,22248,0.0536,0.0466,109.105,83.5137
755469,rev,BIN,28.81,78.95,False,50,relief_self_segmentation,cheap,0.0,0.0,0,0.00024,0.099,0.0887,0.2607,0.0,43.4,5766,False,127.0,49.0,4,0.935,0.3393,5766,0.0,0.0,102.1609,97.5585
755470,obv,BIN,30.42,78.94,False,13,sub_coin_noise_blob,cheap,0.0,0.0,0,0.00043,0.1758,0.1783,0.3368,0.0,40.9,5785,False,64.0,76.0,3,0.6973,0.4885,5785,0.1354,0.0018,65.0343,56.4711
755470,obv,BIN,30.42,78.94,False,14,sub_coin_noise_blob,cheap,0.0,0.0,0,0.00147,0.1825,0.1886,0.3642,0.0,73.2,15300,False,61.0,72.0,2,0.5221,0.644,15300,0.1412,0.0986,65.1937,51.7213
755470,obv,BIN,30.42,78.94,False,24,sub_coin_noise_blob,cheap,0.0,0.0,0,0.00093,0.2103,0.3237,0.3167,0.0,44.3,8280,False,83.0,71.0,4,0.5189,0.5808,8280,0.0155,0.0,74.7589,68.9293
755470,obv,BIN,30.42,78.94,False,32,sub_coin_noise_blob,cheap,0.0,0.0,0,0.001,0.0907,0.1302,0.3606,0.0,72.5,17760,False,84.0,67.0,4,0.832,0.3832,17760,0.1547,0.0297,76.5071,62.5145
755470,obv,BIN,30.42,78.94,False,34,sub_coin_noise_blob,cheap,0.0,0.0,0,0.00051,0.2141,0.1964,0.2926,0.0,42.1,5184,False,87.0,80.0,4,0.5577,0.551,5184,0.1139,0.0,78.211,66.7432
755470,obv,BIN,30.42,78.94,False,54,relief_self_segmentation,cheap,0.0,0.0,0,0.00018,0.1961,0.2371,0.3439,0.0,22.8,1961,False,45.0,35.0,5,0.4788,0.4974,1961,0.0,0.0,91.4595,87.0084
755470,obv,BIN,30.42,78.94,False,137,relief_self_segmentation,cheap,0.0,0.0,0,0.0019,0.0729,0.288,0.3363,0.0225,67.3,23244,False,61.0,33.0,6,0.4097,0.4065,23244,0.0,0.0,95.2135,91.1232
755470,obv,BIN,30.42,78.94,False,171,relief_self_segmentation,cheap,0.0,0.0,0,0.00061,0.152,0.2072,0.343,0.0293,44.9,6262,False,91.0,48.0,4,0.5321,0.535,6262,0.0,0.0,98.1813,93.5946
755470,obv,BIN,30.42,78.94,False,223,relief_self_segmentation,cheap,0.0,0.0,0,0.00027,0.1464,0.1365,0.2944,0.375,37.0,3483,False,100.0,115.0,2,1.7565,0.4589,3483,0.0,0.0,98.0791,90.6953
755470,obv,BIN,30.42,78.94,False,272,relief_self_segmentation,cheap,0.0,0.0,0,0.00027,0.0968,0.0864,0.309,0.2034,46.2,5217,False,49.0,72.0,4,0.6911,0.3841,5217,0.0,0.0,100.9629,96.0965
755470,obv,BIN,30.42,78.94,False,326,relief_self_segmentation,cheap,0.0465,0.0,0,0.00404,0.0428,0.1699,0.3651,0.28,127.8,48900,False,57.0,69.0,7,0.6795,0.4168,48900,0.0004,0.0,97.9979,92.8769
755470,obv,BIN,30.42,78.94,False,341,relief_self_segmentation,cheap,0.0,0.0,0,0.00014,0.1601,0.0933,0.2665,0.3609,32.7,2387,False,133.0,70.0,2,1.6502,0.4949,2387,0.0,0.0,104.6816,96.8346
755470,obv,BIN,30.42,78.94,False,342,non_circular_flan,expensive,0.1473,0.0253,42,0.33561,0.1907,0.8336,0.5955,0.8463,526.1,1527500,False,7.0,9.0,2,0.0621,0.9064,1527500,0.0561,0.0137,102.5105,80.734
755470,obv,BIN,30.42,78.94,False,376,relief_self_segmentation,cheap,0.0,0.0,0,0.00054,0.0827,0.1063,0.293,0.2644,59.0,9024,False,62.0,55.0,5,0.954,0.366,9024,0.0,0.0,101.3174,97.3608
755470,rev,BIN,29.98,78.95,False,9,sub_coin_noise_blob,cheap,0.0,0.0,0,0.00026,0.2959,0.2138,0.3116,0.0,29.1,3000,False,74.0,98.0,2,0.7287,0.7006,3000,0.0,0.0,75.1759,68.908
755470,rev,BIN,29.98,78.95,False,144,relief_self_segmentation,cheap,0.0,0.0,0,0.00028,0.2037,0.1456,0.2627,0.4294,36.5,4284,False,109.0,91.0,2,1.3049,0.5586,4284,0.0,0.0,102.3276,95.3458
755470,rev,BIN,29.98,78.95,False,172,relief_self_segmentation,cheap,0.0,0.0,0,0.00024,0.0785,0.0812,0.3058,0.2697,45.1,5559,False,106.0,32.0,4,0.7825,0.3291,5559,0.0,0.0,102.8284,97.1237
755472,obv,BIN,31.18,78.94,False,9,sub_coin_noise_blob,cheap,0.0,0.0,0,0.00039,0.3588,0.3816,0.351,0.0,26.4,3038,False,55.0,37.0,3,0.3515,0.6768,3038,0.0,0.0,65.6597,61.8818
755472,obv,BIN,31.18,78.94,False,13,sub_coin_noise_blob,cheap,0.0,0.0,0,0.00017,0.077,0.1061,0.286,0.0,32.8,4422,False,86.0,107.0,2,0.8683,0.2529,4422,0.1093,0.0,66.3658,58.4866
755472,obv,BIN,31.18,78.94,False,39,sub_coin_noise_blob,cheap,0.0,0.0,0,0.00034,0.1148,0.1592,0.3284,0.0,38.6,5548,False,97.0,71.0,3,0.6938,0.3754,5548,0.0542,0.0,80.3337,69.8212
755472,obv,BIN,31.18,78.94,False,42,sub_coin_noise_blob,cheap,0.0,0.0,0,0.00023,0.474,0.2895,0.3514,0.0,23.2,1512,False,53.0,84.0,2,0.4512,0.8421,1512,0.0,0.0,83.7007,79.5943
755472,obv,BIN,31.18,78.94,False,240,unclassified_ragged,expensive,0.2134,0.0644,43,0.38507,0.2583,0.8173,0.5499,0.5126,569.1,1701630,False,0.0,0.0,0,0.05,0.9333,1701630,0.114,0.0441,98.0976,75.3159
755472,rev,BIN,30.08,78.95,False,10,sub_coin_noise_blob,cheap,0.0,0.0,0,0.00054,0.2296,0.2129,0.3453,0.0,41.6,5963,False,66.0,81.0,2,0.6181,0.6227,5963,0.1375,0.0002,64.9051,56.6348
755472,rev,BIN,30.08,78.95,False,13,sub_coin_noise_blob,cheap,0.0344,0.0,0,0.00286,0.1716,0.1469,0.317,0.0,115.6,38807,False,107.0,63.0,4,0.729,0.6489,38807,0.2118,0.1064,65.1924,51.3822
755472,rev,BIN,30.08,78.95,False,26,sub_coin_noise_blob,cheap,0.0,0.0,0,0.00091,0.1662,0.1748,0.3504,0.0,60.0,11352,False,84.0,81.0,3,0.8115,0.53,11352,0.138,0.0017,75.707,64.4199
755472,rev,BIN,30.08,78.95,False,31,sub_coin_noise_blob,cheap,0.0324,0.0,0,0.00293,0.2181,0.2292,0.3814,0.0,93.8,29568,False,103.0,76.0,3,0.5944,0.6753,29568,0.2093,0.0122,76.4857,63.2442
755472,rev,BIN,30.08,78.95,False,36,sub_coin_noise_blob,cheap,0.0,0.0,0,0.00039,0.4815,0.3747,0.3505,0.0,26.9,2580,False,55.0,59.0,3,0.3651,0.8101,2580,0.0,0.0,82.8728,78.6234
755472,rev,BIN,30.08,78.95,False,59,relief_self_segmentation,cheap,0.0,0.0,0,0.00014,0.2398,0.2469,0.3105,0.0741,19.9,1672,False,101.0,69.0,2,0.6256,0.492,1672,0.0,0.0,93.7107,90.1032
755472,rev,BIN,30.08,78.95,False,127,relief_self_segmentation,cheap,0.0,0.0,0,0.00073,0.0975,0.0591,0.4037,1.0,92.0,26280,False,76.0,87.0,2,5.4126,0.4635,26280,0.0755,0.0344,123.1601,84.3301
755472,rev,BIN,30.08,78.95,False,175,relief_self_segmentation,cheap,0.0,0.0,0,0.00037,0.1033,0.191,0.3514,0.0,36.6,5104,False,93.0,45.0,4,0.3815,0.3852,5104,0.0,0.0,98.4707,94.8526
755472,rev,BIN,30.08,78.95,False,181,relief_self_segmentation,cheap,0.0,0.0,0,0.00025,0.0854,0.1106,0.2792,0.1653,39.7,4224,False,75.0,90.0,3,0.8549,0.347,4224,0.0,0.0,100.9612,95.6536
755472,rev,BIN,30.08,78.95,False,183,relief_self_segmentation,cheap,0.0837,0.0,0,0.00196,0.0458,0.1285,0.3834,0.6956,102.4,37611,False,81.0,49.0,4,0.5615,0.3053,37611,0.0145,0.0006,100.9408,90.7036
755472,rev,BIN,30.08,78.95,False,240,non_circular_flan,expensive,0.1064,0.0101,37,0.34041,0.0567,0.7137,0.5428,0.67,572.6,1631304,False,14.0,5.0,5,0.0839,0.827,1631304,0.128,0.049,102.2758,72.4765
755472,rev,BIN,30.08,78.95,False,245,relief_self_segmentation,cheap,0.0,0.0,0,0.00015,0.1666,0.0965,0.2545,0.0,32.2,2356,False,136.0,61.0,2,1.6233,0.4992,2356,0.0,0.0,104.4947,96.8093
755472,rev,BIN,30.08,78.95,False,247,relief_self_segmentation,cheap,0.0,0.0,0,0.00019,0.126,0.0949,0.2585,0.0,37.2,3393,False,128.0,68.0,5,2.2095,0.4064,3393,0.0,0.0,102.7714,96.3285
755472,rev,BIN,30.08,78.95,False,281,relief_self_segmentation,cheap,0.0873,0.0,0,0.00073,0.1152,0.1029,0.2517,0.2648,70.0,11830,False,93.0,47.0,6,0.9169,0.4287,11830,0.0,0.0,100.7806,97.3586
755473,obv,BIN,30.65,78.94,False,8,sub_coin_noise_blob,cheap,0.0,0.0,0,0.00035,0.0931,0.0448,0.3304,0.9391,73.2,12540,False,121.0,76.0,3,2.8821,0.622,12540,0.2266,0.2232,79.9553,64.2555
755473,obv,BIN,30.65,78.94,False,14,relief_self_segmentation,cheap,0.0,0.0,0,0.00037,0.535,0.3463,0.5102,1.0,27.2,2275,False,85.0,76.0,3,0.382,0.8776,2275,0.0406,0.0154,141.1949,97.9251
755473,obv,BIN,30.65,78.94,False,16,relief_self_segmentation,cheap,0.0,0.0,0,0.0004,0.6166,0.4374,0.5498,1.0,25.1,2310,False,56.0,48.0,2,0.2631,0.9072,2310,0.0868,0.0773,139.7511,76.6756
755473,rev,BIN,30.87,78.95,False,10,sub_coin_noise_blob,cheap,0.0,0.0,0,0.00137,0.3918,0.415,0.5375,1.0,47.6,9831,False,55.0,42.0,3,0.2383,0.748,9831,0.0177,0.0013,142.2992,97.3326
755473,rev,BIN,30.87,78.95,False,42,unclassified_ragged,expensive,0.3341,0.0598,40,0.29222,0.183,0.8121,0.6044,0.9984,497.4,1311790,False,7.0,0.0,0,0.0608,0.9065,1311790,0.1062,0.0358,130.8317,77.9395
755475,obv,BIN,33.45,78.94,False,41,sub_coin_noise_blob,cheap,0.0175,0.0,0,0.00453,0.169,0.1892,0.3054,0.0,128.3,50196,False,103.0,64.0,8,0.5897,0.6283,50196,0.1389,0.0806,64.3634,57.9468
755475,obv,BIN,33.45,78.94,False,45,sub_coin_noise_blob,cheap,0.0128,0.0,0,0.0045,0.109,0.1766,0.3564,0.0,132.4,56448,False,109.0,52.0,6,0.4613,0.6018,56448,0.1327,0.0684,65.2558,60.2464
755475,obv,BIN,33.45,78.94,False,168,relief_self_segmentation,cheap,0.0,0.0,0,0.00014,0.3372,0.277,0.3371,0.0,18.6,1107,True,69.0,54.0,3,0.6282,0.6166,1107,0.0,0.0,92.6069,88.4315
755475,obv,BIN,33.45,78.94,False,188,relief_self_segmentation,cheap,0.0,0.0,0,0.00015,0.1504,0.1968,0.3092,0.0,23.1,2090,False,107.0,25.0,5,0.4075,0.3711,2090,0.0,0.0,91.915,89.2617
755475,obv,BIN,33.45,78.94,False,207,relief_self_segmentation,cheap,0.0,0.0,0,0.0003,0.1096,0.1492,0.2927,0.0,37.0,4524,False,67.0,39.0,3,0.4278,0.387,4524,0.0,0.0,94.9248,90.7666
755475,obv,BIN,33.45,78.94,False,209,relief_self_segmentation,cheap,0.2223,0.0,0,0.00075,0.1675,0.2718,0.3441,0.0,43.5,6365,True,69.0,61.0,3,0.5944,0.5501,6365,0.0,0.0,93.886,89.8793
755475,obv,BIN,33.45,78.94,False,228,relief_self_segmentation,cheap,0.0,0.0,0,0.00029,0.5329,0.4498,0.3684,0.0,21.0,1550,True,90.0,64.0,5,0.3624,0.8245,1550,0.0,0.0,99.4586,97.341
755475,obv,BIN,33.45,78.94,False,229,non_circular_flan,expensive,0.1599,0.0466,97,0.6406,0.0833,0.6209,0.4629,0.2282,842.3,2040000,True,5.0,85.0,2,0.3063,0.8832,2040000,0.1216,0.0505,94.2858,71.2576
755475,rev,BIN,33.23,78.95,False,14,sub_coin_noise_blob,cheap,0.0,0.0,0,0.00069,0.2445,0.3452,0.3653,0.0,37.0,5695,False,94.0,46.0,4,0.3799,0.6195,5695,0.1262,0.0,66.035,58.089
755475,rev,BIN,33.23,78.95,False,17,sub_coin_noise_blob,cheap,0.0,0.0,0,0.00151,0.1946,0.1711,0.3509,0.0,77.9,17056,False,92.0,80.0,2,0.6385,0.6597,17056,0.1341,0.106,65.4399,53.0421
755475,rev,BIN,33.23,78.95,False,34,sub_coin_noise_blob,cheap,0.0,0.0,0,0.00079,0.2788,0.2864,0.3494,0.0,43.6,6992,False,93.0,87.0,3,0.635,0.6524,6992,0.0292,0.0,76.3335,70.5786
755475,rev,BIN,33.23,78.95,False,42,sub_coin_noise_blob,cheap,0.061,0.0,0,0.00152,0.1602,0.1706,0.3405,0.0,78.2,19000,False,84.0,84.0,2,1.0792,0.5846,19000,0.1382,0.0096,77.3097,66.4418
755475,rev,BIN,33.23,78.95,False,47,sub_coin_noise_blob,cheap,0.0,0.0,0,0.00024,0.3995,0.2639,0.3389,0.0,25.2,1860,False,39.0,93.0,3,0.5959,0.7678,1860,0.0,0.0,83.9212,79.592
755475,rev,BIN,33.23,78.95,False,73,relief_self_segmentation,cheap,0.0,0.0,0,0.0003,0.1467,0.2151,0.3556,0.0,31.0,3900,False,72.0,68.0,5,0.5782,0.4307,3900,0.0,0.0,90.3182,86.6429
755475,rev,BIN,33.23,78.95,False,76,relief_self_segmentation,cheap,0.0,0.0,0,0.00027,0.1685,0.2143,0.3342,0.0,29.4,2990,False,53.0,76.0,3,0.9199,0.5083,2990,0.0,0.0,90.2934,85.055
755475,rev,BIN,33.23,78.95,False,110,relief_self_segmentation,cheap,0.0,0.0,0,0.00015,0.2116,0.1264,0.2959,0.0968,28.6,1768,False,104.0,78.0,3,1.5992,0.5603,1768,0.0,0.0,98.4253,92.0043
755475,rev,BIN,33.23,78.95,False,134,relief_self_segmentation,cheap,0.0,0.0,0,0.00016,0.1362,0.0926,0.2599,0.0,34.6,3024,False,98.0,78.0,2,0.7139,0.4364,3024,0.0,0.0,97.9508,92.2513
755475,rev,BIN,33.23,78.95,False,135,relief_self_segmentation,cheap,0.0895,0.0,0,0.00274,0.0595,0.2074,0.3689,0.0129,95.3,32076,False,81.0,52.0,5,0.5132,0.446,32076,0.013,0.0,93.4887,88.2813
755475,rev,BIN,33.23,78.95,False,156,relief_self_segmentation,cheap,0.0,0.0,0,0.00038,0.231,0.2281,0.3177,0.0,33.7,3840,False,89.0,102.0,3,0.8589,0.5486,3840,0.0,0.0,96.8571,93.2444
755475,rev,BIN,33.23,78.95,False,291,relief_self_segmentation,cheap,0.0,0.0,0,0.0003,0.1062,0.0972,0.3092,0.1411,46.2,5217,False,54.0,73.0,4,0.68,0.4091,5217,0.0,0.0,100.6447,96.0699
755475,rev,BIN,33.23,78.95,False,385,relief_self_segmentation,cheap,0.0,0.0,0,0.00017,0.1113,0.066,0.2406,0.1317,42.6,3672,False,112.0,109.0,2,2.597,0.4415,3672,0.0,0.0,103.8495,97.18
755475,rev,BIN,33.23,78.95,False,392,relief_self_segmentation,cheap,0.0,0.0,0,0.00016,0.2602,0.2139,0.3263,0.0,22.6,1716,False,69.0,53.0,6,0.5031,0.5567,1716,0.0,0.0,100.215,95.9196
755475,rev,BIN,33.23,78.95,False,417,relief_self_segmentation,cheap,0.0,0.0,0,0.00024,0.1471,0.3228,0.3635,0.0,22.4,2448,False,39.0,53.0,5,0.2527,0.4508,2448,0.0,0.0,100.8681,97.3308
755475,rev,BIN,33.23,78.95,False,433,relief_self_segmentation,cheap,0.0,0.0,0,0.00014,0.1228,0.065,0.3123,0.0,38.8,3094,False,116.0,84.0,3,1.8119,0.4873,3094,0.0,0.0,104.7132,97.0833
755475,rev,BIN,33.23,78.95,False,454,low_contrast_coastline,expensive,0.1624,0.032,51,0.35258,0.1027,0.7717,0.5367,0.5962,560.5,1601370,False,0.0,4.0,4,0.0577,0.8675,1601370,0.0745,0.0219,100.2854,80.9763
755475,rev,BIN,33.23,78.95,False,565,relief_self_segmentation,cheap,0.0,0.0,0,0.00018,0.2358,0.1614,0.3289,0.4758,27.5,1848,False,111.0,88.0,3,0.6829,0.6009,1848,0.0,0.0,104.4183,96.9009
755475,rev,BIN,33.23,78.95,False,581,relief_self_segmentation,cheap,0.0,0.0,0,0.00018,0.1205,0.132,0.3255,0.5057,31.0,2700,False,88.0,74.0,2,0.4649,0.4182,2700,0.0,0.0,105.8265,97.5032
755476,obv,BIN,30.36,78.94,False,70,sub_coin_noise_blob,cheap,0.0,0.0,0,0.00028,0.1024,0.0664,0.3723,1.0,54.0,8424,False,102.0,78.0,2,1.3171,0.3813,8424,0.0017,0.0,130.5216,94.8057
755476,obv,BIN,30.36,78.94,False,74,sub_coin_noise_blob,cheap,0.0,0.0,0,0.00032,0.1375,0.1126,0.4262,1.0,44.4,6732,False,84.0,98.0,3,1.4898,0.3941,6732,0.021,0.0002,108.9005,90.05
755476,rev,BIN,31.69,78.95,False,12,sub_coin_noise_blob,cheap,0.0,0.0,0,0.00018,0.2586,0.1864,0.3115,0.0,26.0,2394,False,72.0,70.0,3,0.9971,0.6037,2394,0.009,0.0,69.0175,61.3277
755476,rev,BIN,31.69,78.95,False,24,sub_coin_noise_blob,cheap,0.0,0.0,0,0.00133,0.1964,0.2249,0.3638,0.0,63.7,12688,False,82.0,67.0,4,0.5484,0.6309,12688,0.1231,0.0016,77.4339,67.2983
755476,rev,BIN,31.69,78.95,False,25,sub_coin_noise_blob,cheap,0.0,0.0,0,0.00046,0.1174,0.2148,0.4873,1.0,38.6,7221,False,89.0,62.0,4,0.4589,0.3576,7221,0.1677,0.0574,85.893,59.411
755476,rev,BIN,31.69,78.95,False,34,sub_coin_noise_blob,cheap,0.0,0.0,0,0.00034,0.3406,0.386,0.3918,0.0,24.6,2508,False,49.0,57.0,4,0.3042,0.6503,2508,0.0,0.0,82.9367,78.6008
755476,rev,BIN,31.69,78.95,False,101,relief_self_segmentation,cheap,0.0,0.0,0,0.00017,0.4614,0.4472,0.3884,0.0,16.1,1254,False,55.0,65.0,7,0.3076,0.7177,1254,0.0,0.0,95.0909,91.6366
755476,rev,BIN,31.69,78.95,False,115,relief_self_segmentation,cheap,0.022,0.0,0,0.00229,0.0845,0.2354,0.3392,0.0,81.8,28764,False,82.0,100.0,3,0.6108,0.4121,28764,0.0614,0.0243,93.507,78.8752
755476,rev,BIN,31.69,78.95,False,130,relief_self_segmentation,cheap,0.0,0.0,0,0.00029,0.1623,0.1241,0.254,0.0,40.1,3977,False,56.0,66.0,4,0.7866,0.487,3977,0.0139,0.0002,98.308,90.5627
755476,rev,BIN,31.69,78.95,False,176,non_circular_flan,expensive,0.246,0.0528,39,0.25899,0.1454,0.7827,0.6119,0.9998,477.0,1234880,False,4.0,1.0,2,0.066,0.8649,1234880,0.1345,0.0594,116.2673,64.6338
755476,rev,BIN,31.69,78.95,False,224,relief_self_segmentation,expensive,0.0368,0.0,0,0.02092,0.0259,0.0676,0.3841,0.4437,461.1,651900,False,124.0,61.0,2,1.1235,0.1973,651900,0.0243,0.0036,98.59,102.7063
755476,rev,BIN,31.69,78.95,False,234,relief_self_segmentation,cheap,0.0,0.0,0,0.00018,0.1111,0.0876,0.2538,0.0,37.7,3432,False,131.0,66.0,2,1.6163,0.3899,3432,0.0,0.0,102.8489,96.3932
755477,obv,BIN,31.26,78.94,False,6,sub_coin_noise_blob,cheap,0.0,0.0,0,0.00133,0.2305,0.2347,0.3201,0.0,62.5,14832,False,85.0,86.0,2,0.8363,0.6374,14832,0.1832,0.1084,64.2368,49.618
755477,obv,BIN,31.26,78.94,False,12,sub_coin_noise_blob,cheap,0.0333,0.0,0,0.00252,0.1256,0.1751,0.3755,0.0,99.5,32046,False,84.0,63.0,3,0.5858,0.6021,32046,0.1757,0.1013,66.0857,53.3838
755477,obv,BIN,31.26,78.94,False,51,sub_coin_noise_blob,cheap,0.0312,0.0,0,0.00479,0.1235,0.1733,0.3275,0.0,137.9,54520,False,98.0,61.0,4,0.7267,0.6176,54520,0.1256,0.0167,77.4099,70.9578
755477,obv,BIN,31.26,78.94,False,176,relief_self_segmentation,cheap,0.0,0.0,0,0.00017,0.1197,0.143,0.3128,0.2765,28.8,3087,False,81.0,52.0,3,0.7206,0.319,3087,0.0,0.0,100.5587,94.342
755477,obv,BIN,31.26,78.94,False,203,relief_self_segmentation,cheap,0.0,0.0,0,0.00019,0.0765,0.1033,0.3216,0.0,35.4,3760,False,99.0,44.0,4,0.5914,0.3243,3760,0.0,0.0,99.4333,95.232
755477,obv,BIN,31.26,78.94,False,227,relief_self_segmentation,cheap,0.0,0.0,0,0.00019,0.4327,0.4427,0.3907,0.0,17.0,1330,False,67.0,20.0,6,0.2617,0.7112,1330,0.0,0.0,99.1518,96.4694
755477,obv,BIN,31.26,78.94,False,237,relief_self_segmentation,cheap,0.0,0.0,0,0.00031,0.2462,0.1981,0.2767,0.3395,33.0,3160,False,91.0,109.0,3,0.58,0.5911,3160,0.0,0.0,99.5947,96.0996
755477,obv,BIN,31.26,78.94,False,279,relief_self_segmentation,cheap,0.0,0.0,0,0.00022,0.3828,0.3166,0.3402,0.0917,22.0,1484,False,47.0,69.0,3,0.3416,0.7421,1484,0.0,0.0,100.9481,96.7653
755477,obv,BIN,31.26,78.94,False,295,relief_self_segmentation,cheap,0.0,0.0,0,0.00035,0.1396,0.1566,0.2761,0.19,39.4,4806,False,102.0,88.0,4,0.8238,0.4516,4806,0.0,0.0,100.79,96.8829
755477,obv,BIN,31.26,78.94,False,299,relief_self_segmentation,cheap,0.0,0.0,0,0.00014,0.3667,0.2885,0.31,0.0,18.6,1204,False,75.0,96.0,2,0.4266,0.6761,1204,0.0,0.0,101.4213,97.0061
755477,obv,BIN,31.26,78.94,False,301,relief_self_segmentation,cheap,0.0,0.0,0,0.00014,0.2212,0.2547,0.3458,0.3028,19.5,1368,False,43.0,91.0,2,0.6477,0.4829,1368,0.0,0.0,100.6889,97.3256
755477,obv,BIN,31.26,78.94,False,316,relief_self_segmentation,cheap,0.0,0.0,0,0.00014,0.1017,0.059,0.2548,0.0,40.6,2842,False,102.0,53.0,4,1.3577,0.4293,2842,0.0,0.0,102.8123,97.3567
755477,obv,BIN,31.26,78.94,False,318,relief_self_segmentation,cheap,0.0,0.0,0,0.00015,0.202,0.1156,0.285,0.0645,30.1,2044,False,94.0,123.0,2,1.2394,0.5624,2044,0.0,0.0,102.477,97.4042
755477,obv,BIN,31.26,78.94,False,335,relief_self_segmentation,cheap,0.0,0.0,0,0.00016,0.367,0.2213,0.326,0.117,22.0,1128,True,85.0,86.0,2,0.8257,0.8019,1128,0.0,0.0,104.8594,96.277
755477,obv,BIN,31.26,78.94,False,387,relief_self_segmentation,cheap,0.0,0.0,0,0.00025,0.0877,0.1097,0.2867,0.368,39.3,5428,False,117.0,60.0,2,0.5208,0.3039,5428,0.0,0.0,102.662,97.978
755477,obv,BIN,31.26,78.94,False,388,relief_self_segmentation,cheap,0.0,0.0,0,0.00014,0.2514,0.2313,0.3252,0.0,20.6,1452,False,75.0,75.0,4,0.5702,0.523,1452,0.0,0.0,101.3646,97.1421
755477,obv,BIN,31.26,78.94,False,407,relief_self_segmentation,cheap,0.0,0.0,0,0.00028,0.0535,0.0491,0.2446,0.1524,62.8,9028,False,64.0,89.0,5,1.1369,0.2408,9028,0.0,0.0,102.7022,97.9158
755477,obv,BIN,31.26,78.94,False,419,relief_self_segmentation,cheap,0.0,0.0,0,0.00035,0.1269,0.1098,0.2612,0.1447,47.1,6328,False,119.0,70.0,4,1.1252,0.4002,6328,0.0,0.0,102.0203,97.4055
755477,obv,BIN,31.26,78.94,False,452,relief_self_segmentation,cheap,0.0,0.0,0,0.00043,0.1042,0.222,0.3605,0.3594,36.6,3976,True,37.0,38.0,5,0.4564,0.3921,3976,0.0,0.0,102.115,97.8915
755477,obv,BIN,31.26,78.94,False,453,non_circular_flan,expensive,0.1557,0.0397,37,0.46896,0.0931,0.686,0.4852,0.2589,685.6,1984500,False,0.0,2.0,3,0.0652,0.8653,1984500,0.0932,0.0527,93.4663,76.0766
755477,obv,BIN,31.26,78.94,False,466,relief_self_segmentation,cheap,0.3234,0.0,0,0.00029,0.3009,0.3312,0.3703,0.0,24.7,2496,False,66.0,54.0,5,0.3871,0.5932,2496,0.0,0.0,100.4255,98.253
755477,obv,BIN,31.26,78.94,False,494,relief_self_segmentation,cheap,0.0,0.0,0,0.00017,0.2415,0.2408,0.3134,0.0,21.8,1887,False,58.0,120.0,2,0.8959,0.5425,1887,0.0,0.0,101.2029,98.9267
755477,obv,BIN,31.26,78.94,False,496,relief_self_segmentation,cheap,0.0,0.0,0,0.00023,0.1191,0.13,0.3229,0.1935,34.7,3564,False,49.0,78.0,3,1.3042,0.3994,3564,0.0,0.0,102.1019,98.2058
755477,obv,BIN,31.26,78.94,False,503,relief_self_segmentation,cheap,0.0,0.0,0,0.00018,0.2656,0.167,0.2954,0.1417,27.6,2108,False,72.0,94.0,2,1.4854,0.6498,2108,0.0,0.0,103.913,96.9013
755477,obv,BIN,31.26,78.94,False,507,relief_self_segmentation,cheap,0.0,0.0,0,0.00016,0.1658,0.1807,0.3229,0.0,24.6,2484,False,112.0,77.0,3,0.5724,0.4409,2484,0.0,0.0,103.7246,97.8867
755477,obv,BIN,31.26,78.94,False,510,relief_self_segmentation,cheap,0.0,0.0,0,0.00068,0.0889,0.117,0.3023,0.2158,63.1,11929,False,88.0,81.0,2,0.6907,0.3339,11929,0.0,0.0,102.3603,97.6827
755477,obv,BIN,31.26,78.94,False,514,relief_self_segmentation,cheap,0.0,0.0,0,0.00018,0.1967,0.1575,0.2778,0.0,27.8,2232,False,103.0,62.0,6,0.7014,0.4793,2232,0.0,0.0,102.6067,97.789
755477,obv,BIN,31.26,78.94,False,516,relief_self_segmentation,cheap,0.0,0.0,0,0.00035,0.1087,0.1221,0.3285,0.1721,44.2,5670,False,45.0,90.0,4,0.8758,0.3732,5670,0.0,0.0,101.2078,98.1504
755477,obv,BIN,31.26,78.94,False,521,relief_self_segmentation,cheap,0.0,0.0,0,0.00014,0.251,0.2645,0.3257,0.3832,19.3,1200,True,117.0,66.0,3,0.5387,0.5368,1200,0.0,0.0,103.4384,98.0431
755477,obv,BIN,31.26,78.94,False,530,relief_self_segmentation,cheap,0.0,0.0,0,0.00024,0.1325,0.1891,0.3476,0.1596,29.8,3100,False,52.0,33.0,7,0.5139,0.4235,3100,0.0,0.0,101.5984,98.1772
755477,obv,BIN,31.26,78.94,False,534,relief_self_segmentation,cheap,0.1108,0.0,0,0.00082,0.0642,0.0831,0.2516,0.204,82.6,16830,False,105.0,88.0,3,0.8254,0.324,16830,0.0,0.0,102.3049,98.2685
755477,obv,BIN,31.26,78.94,False,562,relief_self_segmentation,cheap,0.0,0.0,0,0.00016,0.4158,0.3192,0.3213,0.0,18.6,836,True,89.0,107.0,3,0.493,0.7577,836,0.0,0.0,101.2959,97.7829
755477,obv,BIN,31.26,78.94,False,563,relief_self_segmentation,cheap,0.0,0.0,0,0.00023,0.1889,0.2591,0.3088,0.1871,24.5,2295,True,74.0,100.0,3,0.9523,0.4165,2295,0.0,0.0,101.7937,98.01
755477,obv,BIN,31.26,78.94,False,564,relief_self_segmentation,cheap,0.0,0.0,0,0.00021,0.1428,0.123,0.0,0.1429,34.0,2268,True,100.0,88.0,3,0.9622,0.3978,2268,0.0,0.0,101.8236,97.7561
755477,obv,BIN,31.26,78.94,False,572,relief_self_segmentation,cheap,0.0,0.0,0,0.00014,0.2763,0.1351,0.0,0.0,27.1,1105,True,164.0,147.0,1,0.6412,0.8168,1105,0.0,0.0,102.5815,97.6557
755477,obv,BIN,31.26,78.94,False,575,relief_self_segmentation,cheap,0.0,0.0,0,0.00027,0.1028,0.1457,0.3068,0.0563,35.8,3612,True,54.0,77.0,2,0.6307,0.3396,3612,0.0,0.0,102.8065,98.1697
755477,rev,BIN,30.34,78.95,False,7,sub_coin_noise_blob,cheap,0.0,0.0,0,0.00033,0.1985,0.1308,0.2679,0.0,41.6,5184,False,117.0,70.0,3,1.3819,0.5171,5184,0.0623,0.0,67.98,60.1418
755477,rev,BIN,30.34,78.95,False,22,sub_coin_noise_blob,cheap,0.0,0.0,0,0.00083,0.098,0.1516,0.3437,0.0,61.4,12375,False,89.0,88.0,2,0.893,0.4342,12375,0.0867,0.0018,77.9725,68.8594
755477,rev,BIN,30.34,78.95,False,23,sub_coin_noise_blob,cheap,0.0,0.0,0,0.0037,0.1954,0.2974,0.3929,0.0,92.5,28952,False,64.0,76.0,2,0.4306,0.683,28952,0.1904,0.0309,76.1429,61.3806
755477,rev,BIN,30.34,78.95,False,26,sub_coin_noise_blob,cheap,0.0,0.0,0,0.00038,0.4054,0.3458,0.3468,0.0,27.4,2688,False,86.0,68.0,3,0.4608,0.7758,2688,0.0,0.0,83.164,79.3021
755477,rev,BIN,30.34,78.95,False,27,sub_coin_noise_blob,cheap,0.0,0.0,0,0.00019,0.1414,0.1615,0.3206,0.0,28.6,2747,False,61.0,95.0,3,0.8121,0.3971,2747,0.0,0.0,84.3179,79.9096
755477,rev,BIN,30.34,78.95,False,65,relief_self_segmentation,cheap,0.0,0.0,0,0.00022,0.113,0.1667,0.3421,0.0,30.2,4015,False,75.0,40.0,5,0.7334,0.3458,4015,0.0,0.0,91.3944,86.6254
755477,rev,BIN,30.34,78.95,False,164,relief_self_segmentation,cheap,0.0,0.0,0,0.00014,0.2228,0.2031,0.5042,1.0,22.0,1590,False,72.0,63.0,3,0.673,0.5233,1590,0.1334,0.0156,87.7857,63.7175
755477,rev,BIN,30.34,78.95,False,201,relief_self_segmentation,cheap,0.0,0.0,0,0.0004,0.1752,0.1116,0.4316,1.0,49.5,7630,False,71.0,103.0,2,1.892,0.5676,7630,0.107,0.0107,88.2373,70.5039
755477,rev,BIN,30.34,78.95,False,205,sub_coin_noise_blob,cheap,0.0,0.0,0,0.00045,0.1813,0.1794,0.4843,1.0,41.7,5120,False,73.0,79.0,2,0.4358,0.5594,5120,0.2168,0.1792,85.9569,48.9502
755477,rev,BIN,30.34,78.95,False,216,sub_coin_noise_blob,cheap,0.0,0.0,0,0.0002,0.232,0.2076,0.5031,1.0,25.5,1830,False,65.0,71.0,2,0.7026,0.5684,1830,0.2618,0.1059,81.1531,49.3752
755477,rev,BIN,30.34,78.95,False,219,low_contrast_coastline,expensive,0.1358,0.0066,51,0.3017,0.1741,0.8355,0.6147,0.9998,498.3,1316156,False,0.0,0.0,0,0.0572,0.9123,1316156,0.1419,0.0398,97.5047,65.1664
755477,rev,BIN,30.34,78.95,False,252,relief_self_segmentation,cheap,0.0,0.0,0,0.00019,0.124,0.1105,0.2789,0.16,34.6,3444,False,104.0,60.0,2,0.7673,0.3693,3444,0.0,0.0,101.5853,96.6365
755477,rev,BIN,30.34,78.95,False,329,multi_object_weld,expensive,0.0548,0.0077,4,0.06663,0.0344,0.1285,0.3207,0.1993,597.0,1000234,False,119.0,54.0,2,0.5898,0.3173,1000234,0.0587,0.02,94.7484,91.9781
755478,obv,BIN,34.66,78.94,False,22,sub_coin_noise_blob,cheap,0.0,0.0,0,0.00015,0.1689,0.1341,0.3146,0.0,27.5,2430,False,64.0,114.0,2,1.1943,0.4761,2430,0.0,0.0,76.0992,72.1708
755478,obv,BIN,34.66,78.94,False,35,sub_coin_noise_blob,cheap,0.0,0.0,0,0.00014,0.1916,0.1452,0.2818,0.0,25.8,2226,False,114.0,45.0,3,0.5225,0.4688,2226,0.0,0.0,79.1016,74.2341
755478,obv,BIN,34.66,78.94,False,66,relief_self_segmentation,cheap,0.0,0.0,0,0.00023,0.2111,0.2595,0.478,1.0,24.6,2464,False,96.0,36.0,5,0.3343,0.4516,2464,0.1365,0.0178,104.8404,74.0097
755478,obv,BIN,34.66,78.94,False,130,relief_self_segmentation,cheap,0.0793,0.0,0,0.00204,0.2042,0.369,0.4106,0.0251,61.7,15568,False,15.0,36.0,5,0.2459,0.6785,15568,0.0044,0.0,93.7379,91.1665
755478,obv,BIN,34.66,78.94,False,139,relief_self_segmentation,cheap,0.0,0.0,0,0.00023,0.2021,0.1741,0.3317,0.0,29.8,2520,False,85.0,77.0,2,0.9975,0.5346,2520,0.0,0.0,97.9254,93.0448
755478,obv,BIN,34.66,78.94,False,144,relief_self_segmentation,cheap,0.0,0.0,0,0.00039,0.2736,0.2244,0.3353,0.0798,34.6,3444,False,82.0,75.0,4,0.578,0.6242,3444,0.0004,0.0,96.7689,90.041
755478,obv,BIN,34.66,78.94,False,152,relief_self_segmentation,cheap,0.0,0.0,0,0.00022,0.2242,0.1825,0.4488,1.0,28.8,2907,False,123.0,75.0,2,0.9616,0.5342,2907,0.0937,0.0135,90.5945,76.1093
755478,obv,BIN,34.66,78.94,False,184,relief_self_segmentation,cheap,0.0,0.0,0,0.00019,0.3362,0.2664,0.4403,1.0,22.3,1802,False,80.0,79.0,3,0.5989,0.6441,1802,0.125,0.0,105.0427,64.4735
755478,obv,BIN,34.66,78.94,False,185,relief_self_segmentation,cheap,0.0,0.0,0,0.00025,0.2012,0.1819,0.4602,1.0,30.8,3528,False,117.0,90.0,2,0.9022,0.4042,3528,0.0588,0.0,103.8465,69.505
755478,obv,BIN,34.66,78.94,False,206,relief_self_segmentation,cheap,0.0,0.0,0,0.00015,0.248,0.2164,0.5016,1.0,21.7,1612,False,96.0,83.0,2,0.8325,0.5124,1612,0.1133,0.0,100.5889,66.1183
755478,obv,BIN,34.66,78.94,False,220,relief_self_segmentation,cheap,0.0,0.0,0,0.00035,0.1826,0.2848,0.4865,1.0,29.2,3658,False,64.0,25.0,4,0.4309,0.4729,3658,0.2483,0.0119,89.6211,58.2015
755478,obv,BIN,34.66,78.94,False,264,relief_self_segmentation,cheap,0.0,0.0,0,0.00014,0.0954,0.0556,0.2392,0.3375,41.6,3500,False,89.0,74.0,4,2.4189,0.3823,3500,0.0,0.0,104.3152,97.3095
755478,obv,BIN,34.66,78.94,False,295,relief_self_segmentation,expensive,0.1583,0.0475,32,0.29156,0.0261,0.6177,0.5496,0.8282,569.7,1613677,False,0.0,5.0,7,0.0638,0.7062,1613677,0.0949,0.0109,107.4678,76.4578
755478,rev,BIN,34.42,78.95,False,91,sub_coin_noise_blob,cheap,0.0894,0.0,0,0.00082,0.1369,0.2836,0.3179,0.0,44.5,7380,True,70.0,94.0,3,0.4955,0.4756,7380,0.0,0.0,90.7309,88.9793
755478,rev,BIN,34.42,78.95,False,98,sub_coin_noise_blob,cheap,0.0,0.0,0,0.00016,0.3138,0.3315,0.316,0.0,18.5,1200,True,71.0,116.0,3,0.7354,0.6034,1200,0.0,0.0,93.3661,89.875
755478,rev,BIN,34.42,78.95,False,115,attached_artifact,expensive,0.2407,0.0869,65,0.74457,0.1582,0.6686,0.4499,0.0325,875.0,2160000,True,1.0,164.0,3,0.3233,0.9344,2160000,0.0,0.0,83.208,78.3201
755479,obv,BIN,29.81,78.94,False,24,sub_coin_noise_blob,cheap,0.0129,0.0,0,0.00399,0.1075,0.1212,0.341,0.0,150.5,64545,False,115.0,75.0,4,0.5988,0.5535,64545,0.163,0.0843,64.5243,56.2927
755479,obv,BIN,29.81,78.94,False,218,relief_self_segmentation,cheap,0.0,0.0,0,0.00015,0.3652,0.3094,0.3564,0.1087,18.2,1050,False,52.0,49.0,4,0.3949,0.6751,1050,0.0,0.0,102.0271,96.5483
755479,obv,BIN,29.81,78.94,False,338,unclassified_ragged,expensive,0.2085,0.0371,52,0.48825,0.0847,0.7214,0.4623,0.2486,682.2,2085000,False,1.0,0.0,0,0.0698,0.8594,2085000,0.112,0.0412,83.8332,72.9615
755479,obv,BIN,29.81,78.94,False,397,relief_self_segmentation,cheap,0.0,0.0,0,0.00017,0.1473,0.2347,0.3305,0.6149,22.0,2300,False,77.0,26.0,6,0.3613,0.3736,2300,0.0,0.0,103.0301,98.6817
755479,obv,BIN,29.81,78.94,False,447,relief_self_segmentation,cheap,0.0,0.0,0,0.00021,0.2984,0.1938,0.3266,0.395,27.0,1820,False,87.0,81.0,2,0.6579,0.6797,1820,0.0,0.0,103.9505,96.7161
755479,obv,BIN,29.81,78.94,False,466,relief_self_segmentation,cheap,0.0,0.0,0,0.00016,0.1537,0.0905,0.2508,0.2374,35.3,3564,False,118.0,104.0,2,1.6127,0.5072,3564,0.0,0.0,104.2033,97.6922
755479,obv,BIN,29.81,78.94,False,486,relief_self_segmentation,cheap,0.0,0.0,0,0.00037,0.0639,0.0871,0.2734,0.409,54.0,7869,False,101.0,78.0,3,1.3727,0.3079,7869,0.0,0.0,104.4835,98.0531
755479,rev,BIN,29.72,78.95,False,9,sub_coin_noise_blob,cheap,0.0,0.0,0,0.00018,0.2459,0.1574,0.3174,0.0,28.2,2352,False,64.0,116.0,3,0.9319,0.5948,2352,0.0,0.0,66.6402,60.2207
755479,rev,BIN,29.72,78.95,False,11,sub_coin_noise_blob,cheap,0.0,0.0,0,0.00038,0.1516,0.157,0.2813,0.0,40.7,5529,False,101.0,73.0,2,0.6739,0.4743,5529,0.0924,0.0,64.9881,57.6282
755479,rev,BIN,29.72,78.95,False,25,sub_coin_noise_blob,cheap,0.0,0.0,0,0.00034,0.2936,0.3057,0.3635,0.0,27.6,2970,False,49.0,60.0,3,0.4015,0.6275,2970,0.0,0.0,75.3098,71.0175
755479,rev,BIN,29.72,78.95,False,31,sub_coin_noise_blob,cheap,0.0,0.0,0,0.00023,0.1502,0.191,0.3232,0.0,29.1,2805,False,73.0,47.0,4,0.4478,0.4352,2805,0.0,0.0,79.3502,75.461
755480,obv,BIN,33.07,78.94,False,3,sub_coin_noise_blob,cheap,0.0,0.0,0,0.00049,0.1687,0.1926,0.3259,0.0,41.7,6512,False,60.0,106.0,3,0.6467,0.5337,6512,0.1976,0.0571,65.7336,53.1349
755480,obv,BIN,33.07,78.94,False,20,sub_coin_noise_blob,cheap,0.0,0.0,0,0.00252,0.1751,0.2235,0.3945,0.0,88.1,24759,False,36.0,69.0,3,0.7035,0.5877,24759,0.1419,0.0126,75.4871,65.7235
755480,obv,BIN,33.07,78.94,False,27,sub_coin_noise_blob,cheap,0.0,0.0,0,0.00287,0.1095,0.1404,0.339,0.0,118.5,42148,False,120.0,58.0,4,0.8788,0.5392,42148,0.1301,0.0191,76.837,69.3469
755480,obv,BIN,33.07,78.94,False,41,sub_coin_noise_blob,cheap,0.0,0.0,0,0.00038,0.2357,0.3231,0.3433,0.0,28.6,3120,False,59.0,64.0,4,0.4317,0.591,3120,0.0,0.0,86.5874,81.5205
755480,obv,BIN,33.07,78.94,False,79,relief_self_segmentation,cheap,0.0,0.0,0,0.00046,0.1624,0.1533,0.4837,1.0,45.2,6675,False,96.0,68.0,2,0.6941,0.4979,6675,0.2188,0.107,90.5944,56.2353
755480,obv,BIN,33.07,78.94,False,116,sub_coin_noise_blob,cheap,0.0,0.0,0,0.00023,0.2183,0.1883,0.4617,1.0,29.2,2744,False,88.0,133.0,2,1.3111,0.5148,2744,0.1703,0.128,84.2274,56.4564
755480,obv,BIN,33.07,78.94,False,322,non_circular_flan,expensive,0.1838,0.03,58,0.41165,0.0513,0.7061,0.5324,0.608,633.1,1964556,False,0.0,9.0,11,0.0663,0.836,1964556,0.0805,0.0148,92.0002,80.5738
755480,rev,BIN,32.26,78.95,False,75,relief_self_segmentation,cheap,0.0,0.0,0,0.00209,0.0592,0.1289,0.4495,1.0,105.5,33782,False,109.0,50.0,3,0.5589,0.3163,33782,0.0923,0.0254,95.0864,73.8154
755480,rev,BIN,32.26,78.95,False,90,relief_self_segmentation,cheap,0.0,0.0,0,0.00015,0.5498,0.3368,0.5378,1.0,17.3,972,False,35.0,96.0,2,0.4244,0.876,972,0.2836,0.1527,101.3859,49.7527
755480,rev,BIN,32.26,78.95,False,117,relief_self_segmentation,cheap,0.0,0.0,0,0.00027,0.4676,0.4236,0.5254,1.0,20.8,1530,False,66.0,43.0,3,0.3331,0.7611,1530,0.2729,0.1278,105.0984,50.989
755480,rev,BIN,32.26,78.95,False,122,non_circular_flan,expensive,0.2797,0.0266,75,0.32721,0.2352,0.7986,0.5822,1.0,530.8,1419395,False,8.0,4.0,2,0.0937,0.9169,1419395,0.1955,0.0862,90.4548,61.7647
755480,rev,BIN,32.26,78.95,False,123,relief_self_segmentation,cheap,0.0,0.0,0,0.00016,0.5032,0.3372,0.5147,1.0,18.1,1075,False,66.0,77.0,2,0.3509,0.8517,1075,0.3093,0.0288,104.6357,54.9615
755480,rev,BIN,32.26,78.95,False,125,relief_self_segmentation,cheap,0.0,0.0,0,0.0007,0.4866,0.4599,0.5445,1.0,32.3,4180,False,70.0,64.0,3,0.3211,0.7909,4180,0.0321,0.0,91.2248,68.0828
755480,rev,BIN,32.26,78.95,False,128,relief_self_segmentation,cheap,0.0,0.0,0,0.00014,0.4287,0.3674,0.5215,1.0,16.2,1053,False,72.0,94.0,2,0.4887,0.7165,1053,0.1834,0.0087,96.5773,61.8952
755480,rev,BIN,32.26,78.95,False,134,relief_self_segmentation,cheap,0.0,0.0,0,0.00019,0.1941,0.2959,0.5112,1.0,20.8,2058,False,88.0,32.0,8,0.4737,0.4616,2058,0.1759,0.0126,88.3941,61.1658
755480,rev,BIN,32.26,78.95,False,140,sub_coin_noise_blob,cheap,0.026,0.0,0,0.00195,0.1183,0.2217,0.4814,1.0,77.9,19097,False,72.0,53.0,4,0.422,0.5876,19097,0.1512,0.0155,81.3344,68.4788
755480,rev,BIN,32.26,78.95,False,227,relief_self_segmentation,expensive,0.0421,0.0101,1,0.04531,0.0353,0.1265,0.3867,0.3505,496.2,750926,False,133.0,76.0,3,1.2403,0.3541,750926,0.0612,0.0168,95.5526,87.4311
755481,obv,BIN,32.11,78.94,False,24,sub_coin_noise_blob,cheap,0.0,0.0,0,0.00016,0.2197,0.2238,0.3272,0.0,22.5,1591,False,93.0,88.0,2,0.515,0.4785,1591,0.0,0.0,62.9545,58.9222
755481,obv,BIN,32.11,78.94,False,165,relief_self_segmentation,cheap,0.0,0.0,0,0.00039,0.1131,0.1148,0.2569,0.1589,48.1,6328,False,74.0,73.0,4,0.8044,0.3915,6328,0.0,0.0,96.5176,92.7455
755481,obv,BIN,32.11,78.94,False,181,relief_self_segmentation,cheap,0.069,0.0,0,0.00123,0.1355,0.2367,0.3487,0.1455,59.8,10682,True,66.0,64.0,4,0.6277,0.4546,10682,0.0,0.0,97.3682,94.0139
755481,obv,BIN,32.11,78.94,False,182,relief_self_segmentation,cheap,0.0,0.0,0,0.00021,0.2473,0.1927,0.2968,0.0,27.3,2115,True,79.0,86.0,2,0.9424,0.5847,2115,0.0,0.0,97.766,94.6501
755481,obv,BIN,32.11,78.94,False,199,relief_self_segmentation,cheap,0.0,0.0,0,0.00034,0.1567,0.2247,0.3039,0.0,32.4,4623,False,80.0,41.0,4,0.5924,0.4285,4623,0.0,0.0,98.7072,95.581
755481,obv,BIN,32.11,78.94,False,200,relief_self_segmentation,cheap,0.0,0.0,0,0.00032,0.2454,0.3066,0.362,0.0452,26.9,3024,False,51.0,41.0,7,0.393,0.5589,3024,0.0,0.0,98.7948,95.9057
755481,obv,BIN,32.11,78.94,False,205,relief_self_segmentation,cheap,0.0,0.0,0,0.00023,0.0558,0.1101,0.3311,0.0,38.2,5418,False,78.0,75.0,9,1.0384,0.2285,5418,0.0,0.0,99.6083,95.5256
755481,obv,BIN,32.11,78.94,False,209,relief_self_segmentation,cheap,0.0,0.0,0,0.0002,0.1397,0.1357,0.3048,0.0,31.7,3404,False,102.0,55.0,4,0.7535,0.3964,3404,0.0,0.0,99.6517,95.5259
755481,obv,BIN,32.11,78.94,False,216,relief_self_segmentation,cheap,0.0,0.0,0,0.0003,0.1177,0.1805,0.3105,0.0673,33.7,4745,False,90.0,47.0,4,0.63,0.3539,4745,0.0,0.0,99.3157,95.3099
755481,obv,BIN,32.11,78.94,False,247,relief_self_segmentation,cheap,0.0,0.0,0,0.00015,0.2388,0.1763,0.2801,0.193,24.2,1824,False,119.0,100.0,2,1.0578,0.5167,1824,0.0,0.0,102.7461,97.47
755481,obv,BIN,32.11,78.94,False,264,relief_self_segmentation,cheap,0.1568,0.0,0,0.00032,0.5711,0.5001,0.344,0.0,21.0,1517,True,55.0,100.0,2,0.4463,0.8444,1517,0.0,0.0,100.7694,97.3164
755481,obv,BIN,32.11,78.94,False,265,relief_self_segmentation,cheap,0.1638,0.0,0,0.00189,0.0848,0.3033,0.3397,0.0,65.5,17500,True,81.0,52.0,5,0.3147,0.4432,17500,0.0,0.0,100.4591,98.1526
755481,obv,BIN,32.11,78.94,False,271,relief_self_segmentation,cheap,0.0,0.0,0,0.00022,0.4497,0.3651,0.316,0.0,20.3,1078,True,121.0,111.0,3,0.4368,0.8009,1078,0.0,0.0,101.0805,97.2531
755481,obv,BIN,32.11,78.94,False,275,relief_self_segmentation,cheap,0.0,0.0,0,0.00024,0.1764,0.0965,0.0,0.0,41.6,2500,True,149.0,145.0,1,0.7802,0.6845,2500,0.0,0.0,101.8143,97.7628
755481,obv,BIN,32.11,78.94,False,276,non_circular_flan,expensive,0.1451,0.0107,69,0.58454,0.0244,0.553,0.4414,0.1421,852.5,2154000,True,15.0,47.0,6,0.2841,0.7684,2154000,0.0782,0.0494,87.0213,76.2839
755481,rev,BIN,32.12,78.95,False,17,sub_coin_noise_blob,cheap,0.0,0.0,0,0.0034,0.1634,0.1598,0.3215,0.0,121.0,45390,False,102.0,94.0,3,0.6871,0.6438,45390,0.1589,0.1667,63.9349,52.2952
755481,rev,BIN,32.12,78.95,False,24,attached_artifact,cheap,0.0226,0.0,0,0.00549,0.1276,0.1278,0.3386,0.0,171.8,82500,False,118.0,51.0,4,0.6315,0.5491,82500,0.1162,0.1188,64.8344,57.3194
755481,rev,BIN,32.12,78.95,False,59,attached_artifact,cheap,0.0,0.0,0,0.00676,0.1296,0.1635,0.3563,0.0,168.6,84132,False,103.0,67.0,4,0.6681,0.5809,84132,0.1461,0.0216,75.4295,69.3843
755481,rev,BIN,32.12,78.95,False,76,sub_coin_noise_blob,cheap,0.0,0.0,0,0.00033,0.4822,0.442,0.3783,0.0,22.5,1890,False,94.0,67.0,2,0.309,0.8062,1890,0.0,0.0,86.1992,83.173
755481,rev,BIN,32.12,78.95,False,102,relief_self_segmentation,cheap,0.0,0.0,0,0.00029,0.1992,0.1924,0.2829,0.0,32.4,3542,False,58.0,64.0,5,0.6209,0.4703,3542,0.0,0.0,90.3333,87.1851
755481,rev,BIN,32.12,78.95,False,248,relief_self_segmentation,cheap,0.0,0.0,0,0.00025,0.2153,0.174,0.2798,0.2792,31.5,2964,False,93.0,60.0,4,0.5503,0.5466,2964,0.0,0.0,99.6232,96.2395
755481,rev,BIN,32.12,78.95,False,283,relief_self_segmentation,cheap,0.0,0.0,0,0.00016,0.373,0.3038,0.3591,0.2021,19.2,1100,False,44.0,52.0,3,0.4115,0.6961,1100,0.0,0.0,101.8321,96.3839
755481,rev,BIN,32.12,78.95,False,289,relief_self_segmentation,cheap,0.0,0.0,0,0.00024,0.3059,0.2893,0.3554,0.184,23.9,1836,False,63.0,82.0,2,0.3936,0.6248,1836,0.0,0.0,101.3093,96.5428
755481,rev,BIN,32.12,78.95,False,347,relief_self_segmentation,cheap,0.0,0.0,0,0.00014,0.3513,0.1917,0.3051,0.0,22.3,1152,True,72.0,92.0,2,1.1721,0.8463,1152,0.0,0.0,105.5735,96.6906
755481,rev,BIN,32.12,78.95,False,368,relief_self_segmentation,cheap,0.0,0.0,0,0.0002,0.1235,0.0875,0.254,0.5739,39.2,3496,False,120.0,48.0,2,0.5649,0.439,3496,0.0,0.0,103.1621,97.992
755481,rev,BIN,32.12,78.95,False,478,relief_self_segmentation,cheap,0.0,0.0,0,0.00033,0.1025,0.2081,0.368,0.3508,32.9,3657,True,73.0,23.0,4,0.3579,0.383,3657,0.0,0.0,102.383,97.9118
755481,rev,BIN,32.12,78.95,False,480,unclassified_ragged,expensive,0.1433,0.0657,38,0.45562,0.0759,0.6744,0.4894,0.3846,681.6,1976390,False,1.0,3.0,7,0.066,0.8596,1976390,0.0954,0.0658,89.83,74.2334
755481,rev,BIN,32.12,78.95,False,518,relief_self_segmentation,cheap,0.0,0.0,0,0.00014,0.1832,0.208,0.2893,0.3793,21.6,1924,False,95.0,72.0,3,0.5282,0.4263,1924,0.0,0.0,102.1758,98.4359
755481,rev,BIN,32.12,78.95,False,528,relief_self_segmentation,cheap,0.0,0.0,0,0.00016,0.2401,0.1501,0.311,0.0,26.9,2040,False,78.0,92.0,2,1.3956,0.6137,2040,0.0,0.0,104.1328,97.0058
755481,rev,BIN,32.12,78.95,False,530,relief_self_segmentation,cheap,0.0,0.0,0,0.0005,0.1116,0.0872,0.2628,0.3549,63.0,9513,False,107.0,48.0,3,0.6893,0.3765,9513,0.0,0.0,102.9814,97.7705
755481,rev,BIN,32.12,78.95,False,535,relief_self_segmentation,cheap,0.0,0.0,0,0.00016,0.1729,0.1755,0.2972,0.1591,24.6,2430,False,101.0,85.0,3,0.7875,0.442,2430,0.0,0.0,103.8333,97.9878
755481,rev,BIN,32.12,78.95,False,541,relief_self_segmentation,cheap,0.0,0.0,0,0.00027,0.269,0.2747,0.3566,0.35,25.8,2508,False,91.0,41.0,5,0.403,0.5549,2508,0.0,0.0,100.9258,98.483
755481,rev,BIN,32.12,78.95,False,567,relief_self_segmentation,cheap,0.0,0.0,0,0.00051,0.0567,0.108,0.309,0.3333,57.1,10412,False,89.0,77.0,6,0.7191,0.2897,10412,0.0,0.0,103.6951,97.9939
755481,rev,BIN,32.12,78.95,False,593,relief_self_segmentation,cheap,0.0,0.0,0,0.00017,0.1394,0.215,0.335,0.3595,23.5,2068,True,65.0,49.0,4,0.8679,0.3421,2068,0.0,0.0,102.5644,98.0706
755481,rev,BIN,32.12,78.95,False,604,relief_self_segmentation,cheap,0.0,0.0,0,0.00023,0.086,0.1396,0.3104,0.0,33.5,3280,True,57.0,61.0,4,0.5347,0.2951,3280,0.0,0.0,103.1672,98.1284
755482,obv,BIN,31.02,78.94,False,12,sub_coin_noise_blob,cheap,0.0,0.0,0,0.00185,0.2568,0.2086,0.3626,0.0,78.1,17655,False,89.0,85.0,3,0.5715,0.6984,17655,0.1651,0.0835,64.6308,52.5919
755482,obv,BIN,31.02,78.94,False,14,sub_coin_noise_blob,cheap,0.0,0.0,0,0.00293,0.3072,0.284,0.3772,0.0,84.2,23125,False,88.0,73.0,3,0.4484,0.7605,23125,0.2356,0.1301,63.8256,46.733
755482,obv,BIN,31.02,78.94,False,15,sub_coin_noise_blob,cheap,0.0,0.0,0,0.00059,0.059,0.0313,0.3415,0.9887,114.1,29568,False,152.0,73.0,3,2.3934,0.4464,29568,0.1929,0.11,73.7976,68.6803
755482,obv,BIN,31.02,78.94,False,18,relief_self_segmentation,cheap,0.0,0.0,0,0.00024,0.1921,0.195,0.4946,1.0,28.9,3360,False,91.0,64.0,3,0.7057,0.4925,3360,0.3891,0.2138,89.1119,38.5975
755482,obv,BIN,31.02,78.94,False,34,relief_self_segmentation,cheap,0.0,0.0,0,0.00014,0.1734,0.0904,0.4039,1.0,33.1,3036,False,82.0,104.0,3,2.024,0.571,3036,0.4526,0.1166,87.8907,41.4717
755482,obv,BIN,31.02,78.94,False,38,sub_coin_noise_blob,cheap,0.0,0.0,0,0.002,0.1991,0.2294,0.3841,0.0,77.5,20709,False,62.0,71.0,3,0.6597,0.6329,20709,0.1696,0.0304,75.593,62.5401
755482,obv,BIN,31.02,78.94,False,39,sub_coin_noise_blob,cheap,0.0,0.0,0,0.00347,0.2476,0.2817,0.3824,0.0,92.0,28992,False,89.0,71.0,4,0.4608,0.7092,28992,0.2414,0.0427,74.6975,56.8046
755482,obv,BIN,31.02,78.94,False,91,relief_self_segmentation,cheap,0.0806,0.0,0,0.00198,0.2631,0.5278,0.4145,0.0,50.8,12312,False,9.0,36.0,4,0.1836,0.7198,12312,0.0,0.0,93.809,89.3745
755482,obv,BIN,31.02,78.94,False,101,relief_self_segmentation,cheap,0.0,0.0,0,0.00028,0.1979,0.2079,0.2888,0.0,30.3,3285,False,91.0,95.0,2,0.8942,0.4857,3285,0.0,0.0,97.4825,93.0444
755482,obv,BIN,31.02,78.94,False,119,relief_self_segmentation,cheap,0.0,0.0,0,0.00015,0.1939,0.1473,0.2784,0.0,26.3,2418,False,97.0,89.0,2,2.7989,0.4421,2418,0.0,0.0,99.2454,94.7006
755482,obv,BIN,31.02,78.94,False,230,relief_self_segmentation,cheap,0.0,0.0,0,0.00023,0.2203,0.1431,0.2587,0.0,33.1,3075,False,123.0,66.0,5,0.5966,0.6261,3075,0.0,0.0,101.055,97.1528
755482,obv,BIN,31.02,78.94,False,266,relief_self_segmentation,cheap,0.1161,0.0233,2,0.0182,0.0318,0.0725,0.3876,0.2332,415.4,445588,False,141.0,94.0,2,1.3072,0.2991,445588,0.0202,0.004,97.4961,100.2345
755482,rev,BIN,31.35,78.95,False,125,relief_self_segmentation,cheap,0.0939,0.0557,1,0.00761,0.0855,0.1124,0.3385,0.1872,215.8,104000,False,98.0,64.0,4,0.8637,0.6423,104000,0.0618,0.0384,96.906,90.0327
755482,rev,BIN,31.35,78.95,False,132,relief_self_segmentation,cheap,0.0726,0.0267,1,0.0143,0.0422,0.0981,0.3862,0.091,316.6,330154,False,140.0,87.0,4,1.0061,0.3329,330154,0.0537,0.0244,96.5583,93.4846
755482,rev,BIN,31.35,78.95,False,137,relief_self_segmentation,cheap,0.0,0.0,0,0.00016,0.1377,0.0807,0.2438,0.0,37.3,3026,False,81.0,105.0,2,3.3282,0.463,3026,0.0,0.0,104.1116,97.2521
755482,rev,BIN,31.35,78.95,False,139,relief_self_segmentation,cheap,0.0,0.0,0,0.00017,0.1097,0.0836,0.2552,0.0,37.6,3432,False,132.0,68.0,3,2.0653,0.3761,3432,0.0,0.0,102.9436,96.4176
755483,obv,BIN,29.81,78.94,False,4,sub_coin_noise_blob,cheap,0.0,0.0,0,0.00016,0.2483,0.2671,0.3155,0.0,20.6,1591,False,94.0,81.0,3,0.5702,0.5145,1591,0.0,0.0,67.3269,64.1218
755483,rev,BIN,28.77,78.95,False,5,sub_coin_noise_blob,cheap,0.0,0.0,0,0.00046,0.2133,0.3007,0.3405,0.0,32.4,3968,False,47.0,69.0,4,0.4802,0.5385,3968,0.0,0.0,66.6956,62.3983
755483,rev,BIN,28.77,78.95,False,34,sub_coin_noise_blob,cheap,0.0,0.0,0,0.00032,0.4048,0.3243,0.4682,1.0,25.9,2530,False,70.0,27.0,5,0.2935,0.7731,2530,0.0008,0.0,114.0457,91.4877
755484,obv,BIN,31.11,78.94,False,9,sub_coin_noise_blob,cheap,0.0,0.0,0,0.00172,0.3213,0.2328,0.3598,0.0,71.2,15049,False,63.0,84.0,2,0.5367,0.7797,15049,0.1316,0.1062,65.1858,52.0254
755484,obv,BIN,31.11,78.94,False,21,sub_coin_noise_blob,cheap,0.0,0.0,0,0.00066,0.2338,0.1821,0.3253,0.0,49.7,7176,False,97.0,111.0,3,0.6867,0.6181,7176,0.128,0.0155,75.7557,64.2587
755484,obv,BIN,31.11,78.94,False,34,relief_self_segmentation,cheap,0.0,0.0,0,0.00059,0.2395,0.185,0.4446,1.0,46.8,7020,False,110.0,91.0,2,0.9539,0.6217,7020,0.0517,0.0,107.3184,78.0753
755484,obv,BIN,31.11,78.94,False,58,low_contrast_coastline,expensive,0.2682,0.0304,50,0.30911,0.1474,0.8121,0.5987,0.9954,511.6,1338120,False,0.0,0.0,0,0.0394,0.9145,1338120,0.1949,0.1041,122.8378,65.5717
755484,rev,BIN,28.97,78.95,False,6,sub_coin_noise_blob,cheap,0.0,0.0,0,0.00018,0.2539,0.1751,0.2613,0.0,26.4,2268,False,63.0,82.0,2,0.9709,0.5873,2268,0.0,0.0,67.5588,61.4168
755484,rev,BIN,28.97,78.95,False,49,relief_self_segmentation,cheap,0.0,0.0,0,0.00016,0.576,0.4605,0.5332,1.0,15.5,832,False,63.0,64.0,3,0.3153,0.829,832,0.0,0.0,115.8165,95.8037
755484,rev,BIN,28.97,78.95,False,66,relief_self_segmentation,cheap,0.0,0.0,0,0.00022,0.2208,0.1859,0.4554,1.0,28.8,2793,False,100.0,78.0,3,0.7989,0.5436,2793,0.0,0.0,107.3664,86.5267
755484,rev,BIN,28.97,78.95,False,73,relief_self_segmentation,cheap,0.0,0.0,0,0.00073,0.1753,0.2265,0.4589,1.0,47.0,8064,False,102.0,54.0,5,0.6886,0.4879,8064,0.0026,0.0,121.0806,94.5986
755484,rev,BIN,28.97,78.95,False,87,non_circular_flan,expensive,0.1744,0.0303,35,0.29199,0.168,0.7907,0.5795,0.996,503.9,1307528,False,0.0,8.0,3,0.0754,0.886,1307528,0.0607,0.0467,123.9576,81.2707
755484,rev,BIN,28.97,78.95,False,95,relief_self_segmentation,cheap,0.0,0.0,0,0.00039,0.292,0.1797,0.505,1.0,38.4,4851,False,85.0,78.0,2,0.7333,0.7267,4851,0.0044,0.0003,112.4616,85.9326
755484,rev,BIN,28.97,78.95,False,103,relief_self_segmentation,cheap,0.0,0.0,0,0.00135,0.1833,0.3127,0.5482,1.0,54.5,13332,False,67.0,34.0,7,0.3577,0.5476,13332,0.0048,0.0,114.1616,89.8109
755484,rev,BIN,28.97,78.95,False,121,relief_self_segmentation,cheap,0.0,0.0,0,0.00256,0.0854,0.0651,0.3749,1.0,164.6,75756,False,147.0,79.0,2,2.0786,0.437,75756,0.0023,0.0002,106.939,98.2193
755484,rev,BIN,28.97,78.95,False,141,relief_self_segmentation,cheap,0.0,0.0,0,0.00121,0.1195,0.1399,0.331,0.8716,77.1,17877,False,106.0,42.0,5,0.5366,0.466,17877,0.0017,0.0,103.3117,92.0534
755485,obv,BIN,31.23,78.94,False,11,sub_coin_noise_blob,cheap,0.0,0.0,0,0.00099,0.1898,0.1717,0.3225,0.0,63.1,12800,False,78.0,107.0,2,0.8696,0.5468,12800,0.1363,0.0884,64.7038,52.8222
755485,obv,BIN,31.23,78.94,False,12,sub_coin_noise_blob,cheap,0.0,0.0,0,0.00095,0.2277,0.1954,0.3487,0.0,57.7,10250,False,93.0,64.0,4,0.4775,0.6371,10250,0.1528,0.1019,65.7319,51.4542
755485,obv,BIN,31.23,78.94,False,28,sub_coin_noise_blob,cheap,0.0,0.0,0,0.00133,0.0968,0.1276,0.3124,0.0,84.7,23188,False,99.0,64.0,3,1.1572,0.4154,23188,0.1492,0.0452,76.1977,63.2231
755485,obv,BIN,31.23,78.94,False,29,sub_coin_noise_blob,cheap,0.0,0.0,0,0.00295,0.2186,0.2592,0.3841,0.0,88.5,26270,False,71.0,79.0,3,0.561,0.6813,26270,0.1883,0.0208,75.6944,62.5295
755485,obv,BIN,31.23,78.94,False,34,sub_coin_noise_blob,cheap,0.0,0.0,0,0.00018,0.2966,0.2169,0.2987,0.0,23.6,1430,False,117.0,59.0,3,0.3933,0.648,1430,0.0,0.0,84.5092,79.7334
755485,obv,BIN,31.23,78.94,False,35,sub_coin_noise_blob,cheap,0.0,0.0,0,0.00014,0.44,0.3698,0.3461,0.0,16.1,975,False,83.0,44.0,3,0.3854,0.7389,975,0.0,0.0,83.8289,81.1577
755485,obv,BIN,31.23,78.94,False,68,relief_self_segmentation,cheap,0.0,0.0,0,0.00056,0.188,0.3175,0.3771,0.0,34.8,4368,False,33.0,45.0,5,0.2711,0.5822,4368,0.0,0.0,89.012,86.5826
755485,obv,BIN,31.23,78.94,False,120,relief_self_segmentation,cheap,0.0,0.0,0,0.00089,0.1164,0.3172,0.3665,0.0288,43.9,8262,False,39.0,24.0,4,0.2408,0.4848,8262,0.0,0.0,94.5449,90.795
755485,obv,BIN,31.23,78.94,False,130,relief_self_segmentation,cheap,0.0,0.0,0,0.00021,0.1914,0.1536,0.2917,0.0,30.5,3066,False,97.0,82.0,2,1.0141,0.4934,3066,0.0,0.0,96.5679,91.6593
755485,obv,BIN,31.23,78.94,False,180,sub_coin_noise_blob,cheap,0.0,0.0,0,0.00016,0.4132,0.4181,0.5255,1.0,16.5,1170,False,17.0,30.0,6,0.2538,0.7082,1170,0.067,0.005,86.03,70.4988
755485,obv,BIN,31.23,78.94,False,192,low_contrast_coastline,expensive,0.2107,0.0177,54,0.3089,0.2553,0.805,0.611,1.0,513.6,1333990,False,0.0,0.0,0,0.0521,0.9353,1333990,0.1303,0.1034,97.7591,62.5696
755485,obv,BIN,31.23,78.94,False,197,relief_self_segmentation,cheap,0.0,0.0,0,0.00045,0.1662,0.1059,0.3821,1.0,53.9,7722,False,76.0,92.0,2,0.9867,0.596,7722,0.0335,0.0005,90.3565,76.6685
755485,obv,BIN,31.23,78.94,False,257,relief_self_segmentation,cheap,0.0,0.0,0,0.00022,0.1213,0.253,0.3387,0.1,24.2,2484,False,67.0,60.0,3,0.3169,0.3538,2484,0.0,0.0,100.5617,97.5529
755485,obv,BIN,31.23,78.94,False,310,multi_object_weld,expensive,0.0444,0.0086,1,0.05727,0.0375,0.138,0.382,0.2819,534.1,945264,False,128.0,56.0,2,0.5942,0.3512,945264,0.0258,0.0031,95.6661,93.615
755485,rev,BIN,30.88,78.95,False,12,relief_self_segmentation,cheap,0.0,0.0,0,0.00016,0.2739,0.1639,0.4875,1.0,25.7,1612,False,67.0,81.0,4,0.7031,0.6586,1612,0.0153,0.0,104.5127,81.6323
755485,rev,BIN,30.88,78.95,False,20,relief_self_segmentation,cheap,0.0,0.0,0,0.0002,0.2629,0.2715,0.4797,1.0,22.3,1802,False,113.0,30.0,5,0.3769,0.5386,1802,0.0,0.0,100.7346,91.4903
755485,rev,BIN,30.88,78.95,False,86,relief_self_segmentation,cheap,0.0,0.0,0,0.00042,0.1574,0.1156,0.4933,1.0,50.2,8019,False,79.0,90.0,2,1.3383,0.4776,8019,0.0029,0.0,107.7357,91.038
755485,rev,BIN,30.88,78.95,False,90,relief_self_segmentation,cheap,0.0,0.0,0,0.00038,0.2104,0.1593,0.4708,1.0,40.5,5355,False,34.0,54.0,5,0.705,0.5581,5355,0.0058,0.0,104.8906,88.2708
755485,rev,BIN,30.88,78.95,False,97,low_contrast_coastline,expensive,0.2937,0.0419,54,0.28877,0.1089,0.8037,0.5856,1.0,497.0,1268010,False,1.0,0.0,0,0.0476,0.8975,1268010,0.0691,0.0425,114.7967,78.0394
755485,rev,BIN,30.88,78.95,False,120,relief_self_segmentation,cheap,0.0,0.0,0,0.00015,0.1798,0.2182,0.34,0.0,21.8,1665,False,74.0,45.0,3,0.7556,0.419,1665,0.0,0.0,98.8766,94.2264
755485,rev,BIN,30.88,78.95,False,157,relief_self_segmentation,cheap,0.0,0.0,0,0.00064,0.0796,0.1104,0.3786,0.564,63.1,12144,False,97.0,47.0,6,0.7329,0.3763,12144,0.0027,0.0,100.105,89.4716
755485,rev,BIN,30.88,78.95,False,168,relief_self_segmentation,cheap,0.0,0.0,0,0.00022,0.0993,0.1904,0.3486,0.0631,28.1,3300,False,57.0,45.0,4,0.3978,0.3376,3300,0.0,0.0,100.9412,95.8206
755485,rev,BIN,30.88,78.95,False,174,relief_self_segmentation,cheap,0.0,0.0,0,0.00042,0.2151,0.1438,0.2608,0.0,44.7,5917,False,130.0,43.0,6,0.6677,0.5589,5917,0.0,0.0,100.9003,93.7054
755485,rev,BIN,30.88,78.95,False,175,relief_self_segmentation,cheap,0.0,0.0,0,0.00016,0.1572,0.0882,0.268,0.4925,35.3,3280,False,123.0,73.0,2,3.0991,0.5661,3280,0.0,0.0,104.5133,95.0779
755486,obv,BIN,31.05,78.94,False,7,sub_coin_noise_blob,cheap,0.0,0.0,0,0.00039,0.3515,0.3816,0.3432,0.0,26.5,3100,False,83.0,42.0,3,0.2581,0.6999,3100,0.0,0.0,65.3871,61.0684
755486,obv,BIN,31.05,78.94,False,12,sub_coin_noise_blob,cheap,0.0,0.0,0,0.00041,0.1744,0.2209,0.3105,0.0,35.8,5460,False,86.0,86.0,3,0.6982,0.467,5460,0.0357,0.0,67.1256,60.6382
755486,obv,BIN,31.05,78.94,False,71,relief_self_segmentation,cheap,0.0,0.0,0,0.00045,0.0683,0.1862,0.3494,0.0,40.6,6438,False,50.0,25.0,3,0.2868,0.3061,6438,0.0,0.0,96.3636,90.9008
755486,obv,BIN,31.05,78.94,False,177,relief_self_segmentation,cheap,0.0,0.0,0,0.00024,0.196,0.1375,0.2561,0.3694,34.9,3476,False,110.0,89.0,2,1.6877,0.5463,3476,0.0,0.0,102.8501,95.4212
755486,obv,BIN,31.05,78.94,False,182,low_contrast_coastline,expensive,0.1672,0.0187,50,0.34871,0.218,0.7454,0.5492,0.8146,567.2,1507408,False,1.0,21.0,1,0.0594,0.9234,1507408,0.0688,0.0213,106.0341,82.9674
755486,obv,BIN,31.05,78.94,False,193,relief_self_segmentation,cheap,0.0,0.0,0,0.00015,0.1701,0.0981,0.2573,0.3684,32.7,2387,False,130.0,69.0,2,1.6053,0.5149,2387,0.0,0.0,104.5808,96.8043
755486,obv,BIN,31.05,78.94,False,208,relief_self_segmentation,cheap,0.0,0.0,0,0.00022,0.0714,0.0739,0.2832,0.2468,45.1,5450,False,102.0,43.0,4,0.9557,0.3058,5450,0.0,0.0,103.3098,97.1047
755486,rev,BIN,31.82,78.95,False,4,sub_coin_noise_blob,cheap,0.0,0.0,0,0.00037,0.1959,0.2463,0.3336,0.0,31.9,3660,False,50.0,67.0,4,0.3688,0.5024,3660,0.0047,0.0,66.7593,61.5181
755486,rev,BIN,31.82,78.95,False,5,sub_coin_noise_blob,cheap,0.0,0.0,0,0.00015,0.2074,0.1202,0.3573,1.0,29.5,2442,False,65.0,100.0,5,1.4135,0.6777,2442,0.2335,0.4208,82.8638,38.1183
755486,rev,BIN,31.82,78.95,False,21,sub_coin_noise_blob,cheap,0.0374,0.0,0,0.00237,0.2428,0.263,0.4028,0.0,78.7,22440,False,93.0,67.0,4,0.5451,0.6771,22440,0.1854,0.0213,76.2818,61.6509
755486,rev,BIN,31.82,78.95,False,23,sub_coin_noise_blob,cheap,0.0,0.0,0,0.00026,0.4675,0.3118,0.3442,0.0,24.0,1904,False,54.0,60.0,4,0.4196,0.8196,1904,0.0,0.0,83.3608,79.1631
755486,rev,BIN,31.82,78.95,False,178,relief_self_segmentation,cheap,0.0,0.0,0,0.00018,0.1028,0.1105,0.3189,0.0874,33.1,3900,False,89.0,124.0,3,1.4336,0.2895,3900,0.0,0.0,100.9535,95.6882
755486,rev,BIN,31.82,78.95,False,198,low_contrast_coastline,expensive,0.181,0.0097,74,0.33959,0.1886,0.8344,0.6317,0.8487,529.0,1489380,False,0.0,0.0,0,0.0394,0.9289,1489380,0.1174,0.0238,103.4757,75.912
755486,rev,BIN,31.82,78.95,False,209,relief_self_segmentation,cheap,0.0,0.0,0,0.00018,0.1143,0.0868,0.2555,0.0,37.7,3432,False,131.0,71.0,2,1.8979,0.3905,3432,0.0,0.0,102.8643,96.398
755487,obv,BIN,28.7,78.94,False,12,sub_coin_noise_blob,cheap,0.0,0.0,0,0.00154,0.0951,0.1026,0.282,0.0,101.7,28272,False,102.0,104.0,5,0.8832,0.5412,28272,0.1741,0.1044,65.7126,50.7062
755487,obv,BIN,28.7,78.94,False,15,sub_coin_noise_blob,cheap,0.0,0.0,0,0.0027,0.1728,0.1583,0.2668,0.0,108.4,32428,False,91.0,65.0,3,0.6694,0.6589,32428,0.2557,0.1709,63.8213,42.6982
755487,obv,BIN,28.7,78.94,False,24,sub_coin_noise_blob,cheap,0.0,0.0,0,0.00019,0.4284,0.3704,0.4845,1.0,18.7,1419,False,74.0,77.0,2,0.4476,0.7411,1419,0.447,0.3498,57.9824,25.7403
755487,obv,BIN,28.7,78.94,False,26,sub_coin_noise_blob,cheap,0.0,0.0,0,0.0002,0.1978,0.1228,0.3468,1.0,33.4,3332,False,99.0,77.0,2,0.7215,0.5976,3332,0.3554,0.2905,60.4052,32.908
755487,obv,BIN,28.7,78.94,False,50,sub_coin_noise_blob,cheap,0.0,0.0,0,0.0003,0.0936,0.0918,0.2617,0.0,47.3,6762,False,79.0,88.0,3,1.345,0.3807,6762,0.0372,0.0,77.7802,70.2685
755487,obv,BIN,28.7,78.94,False,78,relief_self_segmentation,cheap,0.0,0.0,0,0.00043,0.0926,0.2149,0.3636,0.0,37.1,7120,False,48.0,36.0,5,0.2757,0.3307,7120,0.0,0.0,92.8525,88.5999
755487,obv,BIN,28.7,78.94,False,111,relief_self_segmentation,cheap,0.0,0.0,0,0.00028,0.1721,0.2421,0.4911,1.0,28.0,3828,False,85.0,57.0,2,0.3451,0.3609,3828,0.2771,0.1377,121.1004,46.2133
755487,obv,BIN,28.7,78.94,False,138,relief_self_segmentation,cheap,0.0,0.0,0,0.00014,0.2717,0.1759,0.3941,1.0,23.4,1862,False,101.0,88.0,2,2.3929,0.67,1862,0.0706,0.0,92.5904,69.1442
755487,obv,BIN,28.7,78.94,False,152,relief_self_segmentation,cheap,0.0,0.0,0,0.00035,0.162,0.1187,0.3771,1.0,45.2,6018,False,105.0,71.0,2,1.033,0.5053,6018,0.0131,0.0,97.0704,78.2269
755487,obv,BIN,28.7,78.94,False,157,relief_self_segmentation,cheap,0.0,0.0,0,0.00045,0.1071,0.0615,0.387,1.0,70.7,12000,False,76.0,112.0,2,5.8343,0.5187,12000,0.098,0.0181,109.731,76.2661
755487,obv,BIN,28.7,78.94,False,158,relief_self_segmentation,cheap,0.0,0.0,0,0.00071,0.0951,0.0616,0.3736,1.0,89.3,15549,False,102.0,93.0,2,2.7265,0.4526,15549,0.0521,0.0072,102.0421,79.2083
755487,obv,BIN,28.7,78.94,False,218,non_circular_flan,expensive,0.1605,0.0156,40,0.3052,0.0414,0.6908,0.5332,0.7994,551.1,1525209,False,8.0,1.0,2,0.0795,0.7837,1525209,0.1968,0.0811,100.1251,63.5767
755487,rev,BIN,30.25,78.95,False,58,relief_self_segmentation,cheap,0.0,0.0,0,0.00031,0.1592,0.0882,0.4099,1.0,48.9,7392,False,145.0,75.0,2,2.7779,0.5256,7392,0.1047,0.0145,124.859,83.726
755487,rev,BIN,30.25,78.95,False,61,relief_self_segmentation,cheap,0.0,0.0,0,0.00113,0.0903,0.2143,0.354,0.0183,60.3,12125,False,69.0,54.0,3,0.3967,0.4127,12125,0.0326,0.0,94.1151,84.4799
755487,rev,BIN,30.25,78.95,False,85,relief_self_segmentation,cheap,0.0,0.0,0,0.00014,0.1869,0.1107,0.359,1.0,30.0,2208,False,45.0,82.0,3,1.5045,0.5746,2208,0.1221,0.0903,130.8633,67.2637
755487,rev,BIN,30.25,78.95,False,89,relief_self_segmentation,cheap,0.0,0.0,0,0.0002,0.1764,0.1032,0.3735,1.0,36.8,3132,False,103.0,130.0,2,1.5356,0.6163,3132,0.0807,0.0728,131.6342,77.1622
755487,rev,BIN,30.25,78.95,False,91,relief_self_segmentation,cheap,0.0,0.0,0,0.00077,0.098,0.0697,0.3768,0.9815,87.0,22950,False,94.0,60.0,2,1.3553,0.4763,22950,0.0507,0.0186,108.2561,87.9051
755487,rev,BIN,30.25,78.95,False,101,unclassified_ragged,expensive,0.2817,0.0989,39,0.30767,0.1249,0.8224,0.589,0.9983,507.2,1368836,False,1.0,0.0,0,0.0498,0.891,1368836,0.2287,0.1004,105.5323,60.5772
755489,obv,BIN,33.98,78.94,False,8,sub_coin_noise_blob,cheap,0.0,0.0,0,0.00016,0.127,0.0645,0.3384,1.0,40.9,3234,False,127.0,78.0,2,3.4722,0.6184,3234,0.3286,0.2452,74.673,47.7769
755489,obv,BIN,33.98,78.94,False,11,sub_coin_noise_blob,cheap,0.0,0.0,0,0.00021,0.0637,0.0334,0.3438,1.0,65.6,8816,False,125.0,100.0,2,3.1979,0.4525,8816,0.3142,0.1522,76.2612,60.1941
755489,obv,BIN,33.98,78.94,False,28,relief_self_segmentation,cheap,0.0,0.0,0,0.00035,0.1504,0.0711,0.3768,1.0,58.2,7208,False,23.0,75.0,2,2.2676,0.7715,7208,0.0003,0.0,114.5637,90.8315
755489,obv,BIN,33.98,78.94,False,54,relief_self_segmentation,cheap,0.1505,0.0,0,0.0005,0.4565,0.3993,0.509,1.0,29.5,3657,False,71.0,58.0,3,0.364,0.7365,3657,0.2039,0.0291,124.4256,68.0061
755489,obv,BIN,33.98,78.94,False,65,relief_self_segmentation,cheap,0.0,0.0,0,0.00022,0.374,0.3868,0.4846,1.0,19.6,1665,False,90.0,85.0,2,0.4698,0.622,1665,0.187,0.013,125.7682,69.5138
755489,obv,BIN,33.98,78.94,False,76,relief_self_segmentation,cheap,0.0,0.0,0,0.00016,0.4415,0.437,0.5424,1.0,15.7,899,False,60.0,35.0,4,0.2918,0.7086,899,0.0357,0.0,120.1522,79.003
755489,obv,BIN,33.98,78.94,False,105,unclassified_ragged,expensive,0.2336,0.061,44,0.29016,0.0728,0.7505,0.5684,0.9611,515.6,1370520,False,0.0,13.0,5,0.0697,0.8543,1370520,0.067,0.0049,113.8692,81.3801
755489,rev,BIN,33.26,78.95,False,29,relief_self_segmentation,cheap,0.0,0.0,0,0.00105,0.0789,0.1614,0.4754,1.0,67.0,17199,False,48.0,23.0,6,0.4021,0.3053,17199,0.0845,0.0003,131.444,76.3553
755489,rev,BIN,33.26,78.95,False,37,relief_self_segmentation,cheap,0.0,0.0,0,0.0008,0.0972,0.1765,0.4888,1.0,55.9,15694,False,73.0,32.0,5,0.3928,0.313,15694,0.3632,0.1131,141.1074,51.5335
755489,rev,BIN,33.26,78.95,False,40,relief_self_segmentation,cheap,0.0,0.0,0,0.00142,0.0914,0.1788,0.4882,1.0,73.8,20264,False,88.0,64.0,4,0.2967,0.3565,20264,0.0918,0.0052,129.4595,76.6543
755489,rev,BIN,33.26,78.95,False,43,relief_self_segmentation,cheap,0.0,0.0,0,0.00054,0.1671,0.2066,0.4704,1.0,42.3,8118,False,80.0,66.0,3,1.1785,0.3838,8118,0.2652,0.0866,144.0876,56.6706
755489,rev,BIN,33.26,78.95,False,44,unclassified_ragged,expensive,0.3679,0.0837,33,0.25332,0.1889,0.7834,0.5863,1.0,471.5,1167138,False,1.0,3.0,2,0.0697,0.8915,1167138,0.2153,0.032,108.2289,69.7244
755489,rev,BIN,33.26,78.95,False,69,relief_self_segmentation,cheap,0.0863,0.0316,3,0.01454,0.0253,0.085,0.4554,0.8914,343.0,393162,False,124.0,67.0,3,0.9317,0.2325,393162,0.09,0.0219,118.2734,96.8784
755490,obv,BIN,31.19,78.94,False,6,sub_coin_noise_blob,cheap,0.0,0.0,0,0.00021,0.2375,0.1834,0.3418,0.0,28.3,3036,False,45.0,74.0,3,1.0896,0.5586,3036,0.0,0.0,69.112,62.9538
755490,obv,BIN,31.19,78.94,False,18,sub_coin_noise_blob,cheap,0.0605,0.0,0,0.0009,0.1094,0.1629,0.3283,0.0,61.7,13440,False,84.0,70.0,2,0.7286,0.4522,13440,0.1072,0.0034,78.2883,67.4668
755490,obv,BIN,31.19,78.94,False,19,sub_coin_noise_blob,cheap,0.0,0.0,0,0.00022,0.1925,0.2133,0.3368,0.0,26.5,2480,False,74.0,50.0,4,0.5566,0.5054,2480,0.0,0.0,84.0549,79.7919
755490,obv,BIN,31.19,78.94,False,84,relief_self_segmentation,cheap,0.0,0.0,0,0.00014,0.4007,0.3433,0.3524,0.0,17.0,1107,False,58.0,71.0,4,0.3669,0.6827,1107,0.0,0.0,95.0901,90.4516
755490,obv,BIN,31.19,78.94,False,88,relief_self_segmentation,cheap,0.0,0.0,0,0.00016,0.25,0.2005,0.479,1.0,23.4,1674,False,38.0,55.0,4,0.51,0.5678,1674,0.0279,0.0,93.4813,81.8589
755490,obv,BIN,31.19,78.94,False,107,relief_self_segmentation,cheap,0.0,0.0,0,0.00097,0.1215,0.314,0.3554,0.0,46.1,7931,False,32.0,24.0,8,0.2816,0.487,7931,0.0,0.0,95.4498,91.6202
755490,obv,BIN,31.19,78.94,False,121,relief_self_segmentation,cheap,0.0,0.0,0,0.00023,0.2307,0.1552,0.2538,0.0426,31.9,2660,False,99.0,89.0,2,0.8439,0.5781,2660,0.0,0.0,98.9014,91.7311
755490,obv,BIN,31.19,78.94,False,122,relief_self_segmentation,cheap,0.152,0.0,0,0.00276,0.2291,0.317,0.3747,0.0248,77.3,24112,False,76.0,53.0,6,0.3997,0.6349,24112,0.0116,0.0001,93.3149,88.9977
755490,obv,BIN,31.19,78.94,False,125,relief_self_segmentation,cheap,0.0,0.0,0,0.00023,0.176,0.1743,0.2819,0.0881,30.3,3285,False,108.0,55.0,4,0.5588,0.4557,3285,0.0,0.0,96.7148,93.0883
755490,obv,BIN,31.19,78.94,False,216,sub_coin_noise_blob,cheap,0.0,0.0,0,0.00038,0.2206,0.3467,0.5392,1.0,27.3,3480,False,57.0,66.0,3,0.3879,0.5538,3480,0.1094,0.0194,85.97,67.205
755490,obv,BIN,31.19,78.94,False,262,relief_self_segmentation,cheap,0.0,0.0,0,0.00015,0.3485,0.2204,0.2893,0.0,21.8,1419,False,95.0,68.0,2,0.5163,0.697,1419,0.0,0.0,101.3687,96.9491
755490,obv,BIN,31.19,78.94,False,321,non_circular_flan,expensive,0.1533,0.0238,45,0.35168,0.145,0.7664,0.5449,0.6201,561.7,1568812,False,4.0,25.0,2,0.0794,0.8856,1568812,0.0724,0.0241,102.9128,79.7475
755490,rev,BIN,30.31,78.95,False,8,sub_coin_noise_blob,cheap,0.0,0.0,0,0.00035,0.2403,0.2166,0.326,0.0,33.2,4389,False,97.0,108.0,2,0.7587,0.62,4389,0.0016,0.0,67.8002,62.2487
755490,rev,BIN,30.31,78.95,False,11,relief_self_segmentation,cheap,0.0,0.0,0,0.00028,0.3361,0.2532,0.5113,1.0,27.3,2538,False,72.0,86.0,2,0.6504,0.6937,2538,0.1535,0.0514,99.9954,68.0777
755490,rev,BIN,30.31,78.95,False,26,sub_coin_noise_blob,cheap,0.0,0.0,0,0.00014,0.2557,0.2967,0.3641,0.0,18.1,1148,False,65.0,39.0,4,0.4598,0.5537,1148,0.0,0.0,84.3838,80.7274
755490,rev,BIN,30.31,78.95,False,39,relief_self_segmentation,cheap,0.0,0.0,0,0.00051,0.109,0.2429,0.35,0.0,37.9,5616,False,73.0,28.0,8,0.3836,0.4339,5616,0.0,0.0,89.3505,85.5379
755490,rev,BIN,30.31,78.95,False,45,relief_self_segmentation,cheap,0.0,0.0,0,0.0005,0.2037,0.2237,0.3308,0.0,39.1,5016,False,56.0,59.0,3,0.6253,0.6261,5016,0.0111,0.0,89.8614,83.5122
755490,rev,BIN,30.31,78.95,False,54,relief_self_segmentation,cheap,0.0,0.0,0,0.00055,0.091,0.2238,0.3534,0.0,41.1,7728,False,39.0,37.0,6,0.3094,0.3446,7728,0.0,0.0,92.7235,88.2743
755490,rev,BIN,30.31,78.95,False,75,relief_self_segmentation,cheap,0.0,0.0,0,0.00043,0.1184,0.214,0.3422,0.0,37.0,4350,False,77.0,43.0,4,0.4594,0.4447,4350,0.0,0.0,95.6594,91.1578
755490,rev,BIN,30.31,78.95,False,102,relief_self_segmentation,cheap,0.0,0.0,0,0.00096,0.1344,0.1147,0.4628,1.0,75.7,20590,False,126.0,67.0,2,0.679,0.3972,20590,0.0143,0.0008,110.089,90.1401
755490,rev,BIN,30.31,78.95,False,142,relief_self_segmentation,cheap,0.2503,0.0,0,0.00039,0.2235,0.1599,0.3723,1.0,40.8,5015,False,94.0,38.0,3,0.5314,0.5663,5015,0.0007,0.0,103.0431,89.0746
755490,rev,BIN,30.31,78.95,False,189,low_contrast_coastline,expensive,0.1644,0.0143,49,0.30642,0.1612,0.8409,0.6271,0.9919,500.5,1360590,False,1.0,0.0,0,0.0536,0.9161,1360590,0.1298,0.0588,108.8289,71.8829
755490,rev,BIN,30.31,78.95,False,218,relief_self_segmentation,cheap,0.0,0.0,0,0.00025,0.3442,0.2978,0.3543,0.2033,24.2,2052,False,49.0,30.0,6,0.2742,0.6302,2052,0.0,0.0,100.018,95.7657
755490,rev,BIN,30.31,78.95,False,231,relief_self_segmentation,cheap,0.0785,0.0,0,0.00079,0.0882,0.1983,0.3522,0.0538,52.3,8556,False,44.0,46.0,6,0.4894,0.4407,8556,0.0008,0.0,99.483,93.6113
755490,rev,BIN,30.31,78.95,False,233,relief_self_segmentation,cheap,0.0,0.0,0,0.00038,0.1916,0.1325,0.2567,0.0,44.5,5917,False,130.0,35.0,5,0.6733,0.5245,5917,0.0008,0.0,101.0108,94.136
755490,rev,BIN,30.31,78.95,False,239,relief_self_segmentation,cheap,0.0,0.0,0,0.00023,0.1827,0.1279,0.2595,0.462,35.4,3520,False,102.0,97.0,2,1.5345,0.5266,3520,0.0,0.0,102.9726,95.3628
755491,obv,BIN,31.21,78.94,False,21,sub_coin_noise_blob,cheap,0.0,0.0,0,0.00169,0.2626,0.2429,0.3475,0.0,69.1,16800,False,62.0,86.0,3,0.7701,0.694,16800,0.2005,0.1537,63.7595,46.7459
755491,obv,BIN,31.21,78.94,False,29,sub_coin_noise_blob,cheap,0.0,0.0,0,0.00416,0.1998,0.2223,0.3252,0.0,113.4,45756,False,77.0,73.0,2,0.5769,0.7085,45756,0.2176,0.1334,64.2281,49.7629
755491,obv,BIN,31.21,78.94,False,58,sub_coin_noise_blob,cheap,0.0,0.0,0,0.00173,0.1069,0.1516,0.3141,0.0,88.6,23808,False,63.0,72.0,4,0.8864,0.469,23808,0.1778,0.021,75.4807,63.6615
755491,obv,BIN,31.21,78.94,False,67,attached_artifact,cheap,0.0,0.0,0,0.00793,0.1904,0.2241,0.3433,0.0,155.9,71393,False,91.0,82.0,4,0.5327,0.7368,71393,0.1445,0.0183,76.0051,68.0446
755491,obv,BIN,31.21,78.94,False,85,sub_coin_noise_blob,cheap,0.0,0.0,0,0.00052,0.2433,0.333,0.3683,0.0,32.8,4070,False,58.0,59.0,5,0.357,0.612,4070,0.0,0.0,86.2259,80.0518
755491,obv,BIN,31.21,78.94,False,263,relief_self_segmentation,cheap,0.0,0.0,0,0.00024,0.2093,0.1621,0.265,0.3247,32.0,3003,False,98.0,64.0,6,0.5945,0.5236,3003,0.0,0.0,99.7467,96.2931
755491,obv,BIN,31.21,78.94,False,293,relief_self_segmentation,cheap,0.0,0.0,0,0.00015,0.3748,0.3224,0.359,0.1111,17.7,1025,False,46.0,49.0,4,0.3818,0.6795,1025,0.0,0.0,102.0412,96.6402
755491,obv,BIN,31.21,78.94,False,297,relief_self_segmentation,cheap,0.0,0.0,0,0.00022,0.2993,0.2891,0.3625,0.2951,23.1,1696,False,53.0,84.0,2,0.4453,0.6175,1696,0.0,0.0,101.2601,96.6763
755491,obv,BIN,31.21,78.94,False,372,relief_self_segmentation,cheap,0.0,0.0,0,0.00016,0.1219,0.0925,0.2557,0.5419,33.9,2720,False,115.0,75.0,2,0.6854,0.4088,2720,0.0,0.0,103.7367,97.5593
755491,obv,BIN,31.21,78.94,False,447,non_circular_flan,expensive,0.1171,0.0268,30,0.42422,0.0818,0.6931,0.5175,0.4438,648.7,1958996,False,0.0,2.0,6,0.0677,0.8524,1958996,0.0851,0.0258,102.7148,80.5467
755491,obv,BIN,31.21,78.94,False,457,relief_self_segmentation,cheap,0.0,0.0,0,0.00015,0.1131,0.1069,0.2794,0.0675,31.6,2964,False,111.0,34.0,3,0.5291,0.3672,2964,0.0,0.0,103.9258,97.7521
755491,obv,BIN,31.21,78.94,False,489,relief_self_segmentation,cheap,0.0,0.0,0,0.00026,0.1202,0.2577,0.3738,0.4634,26.5,2576,False,41.0,19.0,8,0.2071,0.4071,2576,0.0,0.0,102.4509,98.2072
755491,obv,BIN,31.21,78.94,False,533,relief_self_segmentation,cheap,0.0,0.0,0,0.00022,0.2946,0.1984,0.34,0.3934,27.5,1848,False,112.0,84.0,2,0.6059,0.6831,1848,0.0,0.0,103.897,96.6295
755491,obv,BIN,31.21,78.94,False,550,relief_self_segmentation,cheap,0.0,0.0,0,0.00015,0.2307,0.1392,0.2814,0.1161,26.9,2013,False,86.0,87.0,2,1.3663,0.5942,2013,0.0,0.0,104.3067,97.0959
755491,obv,BIN,31.21,78.94,False,551,relief_self_segmentation,cheap,0.0,0.0,0,0.00019,0.1584,0.0984,0.2522,0.2685,36.3,3995,False,123.0,97.0,2,1.4375,0.4785,3995,0.0,0.0,103.8178,97.736
755491,obv,BIN,31.21,78.94,False,567,relief_self_segmentation,cheap,0.0,0.0,0,0.00016,0.1743,0.1702,0.2785,0.3431,25.2,2508,False,110.0,69.0,2,0.5677,0.4049,2508,0.0,0.0,102.291,98.2674
755491,obv,BIN,31.21,78.94,False,575,relief_self_segmentation,cheap,0.0,0.0,0,0.00044,0.0677,0.0963,0.2783,0.3864,56.1,9315,False,98.0,72.0,4,1.3107,0.3212,9315,0.0,0.0,103.9176,98.0912
755491,obv,BIN,31.21,78.94,False,622,relief_self_segmentation,cheap,0.0,0.0,0,0.00014,0.1207,0.1745,0.3373,0.2966,23.5,2064,True,66.0,45.0,4,0.926,0.3,2064,0.0,0.0,102.8677,98.1084
755491,rev,BIN,30.67,78.95,False,13,sub_coin_noise_blob,cheap,0.0,0.0,0,0.0003,0.177,0.1793,0.3373,0.0,33.7,3864,False,34.0,81.0,4,0.8045,0.4874,3864,0.0399,0.0,65.588,58.9501
755491,rev,BIN,30.67,78.95,False,16,sub_coin_noise_blob,cheap,0.0,0.0,0,0.00174,0.2538,0.2229,0.3525,0.0,73.2,17442,False,77.0,80.0,2,0.7394,0.697,17442,0.1886,0.1689,64.2919,46.206
755491,rev,BIN,30.67,78.95,False,39,sub_coin_noise_blob,cheap,0.0,0.0,0,0.00239,0.1659,0.205,0.3853,0.0,89.5,26865,False,59.0,71.0,3,0.8694,0.575,26865,0.1616,0.0278,75.962,64.6264
755491,rev,BIN,30.67,78.95,False,61,attached_artifact,cheap,0.02,0.0,0,0.00536,0.0834,0.1376,0.344,0.0,163.7,77896,False,109.0,74.0,4,0.9296,0.4905,77896,0.0923,0.0145,78.3246,73.5192
755491,rev,BIN,30.67,78.95,False,84,relief_self_segmentation,cheap,0.0,0.0,0,0.00039,0.2955,0.3544,0.3778,0.0,27.5,3172,False,29.0,24.0,6,0.2753,0.6087,3172,0.0,0.0,89.5189,86.7653
755491,rev,BIN,30.67,78.95,False,90,relief_self_segmentation,cheap,0.0,0.0,0,0.0009,0.0968,0.2455,0.3539,0.0,50.2,10509,False,46.0,55.0,4,0.4679,0.433,10509,0.0,0.0,89.2401,83.9849
755491,rev,BIN,30.67,78.95,False,192,relief_self_segmentation,cheap,0.0,0.0,0,0.00034,0.1763,0.1587,0.4659,1.0,38.6,4485,False,92.0,90.0,2,1.1003,0.5192,4485,0.0509,0.003,90.4988,72.9314
755491,rev,BIN,30.67,78.95,False,401,relief_self_segmentation,cheap,0.0,0.0,0,0.00015,0.2056,0.1892,0.2879,0.0,23.6,1802,False,79.0,65.0,4,0.5541,0.4828,1802,0.0,0.0,100.6122,97.5478
755491,rev,BIN,30.67,78.95,False,417,non_circular_flan,expensive,0.1006,0.0131,31,0.40404,0.0542,0.702,0.5142,0.5201,629.0,1945368,False,0.0,7.0,9,0.0717,0.8412,1945368,0.0762,0.0314,99.3775,79.6948
755491,rev,BIN,30.67,78.95,False,482,relief_self_segmentation,cheap,0.0,0.0,0,0.00017,0.1361,0.2088,0.3299,0.5128,23.6,2491,False,78.0,66.0,3,0.3559,0.3548,2491,0.0,0.0,102.8677,98.8087
755491,rev,BIN,30.67,78.95,False,524,relief_self_segmentation,cheap,0.0,0.0,0,0.00021,0.2645,0.1823,0.3333,0.36,28.0,1943,False,120.0,55.0,3,0.6171,0.6412,1943,0.0,0.0,104.0078,96.8132
755491,rev,BIN,30.67,78.95,False,533,relief_self_segmentation,cheap,0.0,0.0,0,0.00014,0.1972,0.1257,0.256,0.4706,27.8,2405,False,113.0,98.0,2,1.1131,0.5457,2405,0.0,0.0,104.389,97.2128
755491,rev,BIN,30.67,78.95,False,564,relief_self_segmentation,cheap,0.0,0.0,0,0.00033,0.0583,0.0783,0.2711,0.3653,54.0,7353,False,103.0,72.0,4,1.3781,0.2942,7353,0.0,0.0,104.8761,98.0513
755492,obv,BIN,30.61,78.94,False,8,sub_coin_noise_blob,cheap,0.0,0.0,0,0.00102,0.1931,0.2071,0.3471,0.0,58.1,12192,False,88.0,49.0,3,0.5698,0.6132,12192,0.1822,0.1049,65.6086,49.6849
755492,obv,BIN,30.61,78.94,False,9,sub_coin_noise_blob,cheap,0.0,0.0,0,0.00112,0.1214,0.1364,0.3379,0.0,75.0,18360,False,75.0,57.0,4,0.5873,0.4773,18360,0.1674,0.0713,66.6046,52.9143
755492,obv,BIN,30.61,78.94,False,28,sub_coin_noise_blob,cheap,0.0326,0.0,0,0.00158,0.2266,0.4076,0.3911,0.0,51.6,12028,False,49.0,58.0,7,0.3053,0.6622,12028,0.0176,0.0,77.3056,70.7827
755492,obv,BIN,30.61,78.94,False,30,sub_coin_noise_blob,cheap,0.0,0.0,0,0.00188,0.168,0.3247,0.3769,0.0,63.0,15367,False,61.0,62.0,3,0.4166,0.6242,15367,0.0158,0.0,77.6951,72.7732
755492,obv,BIN,30.61,78.94,False,33,sub_coin_noise_blob,cheap,0.0,0.0,0,0.0003,0.205,0.2456,0.3516,0.0,29.0,3240,False,57.0,92.0,3,0.6356,0.5324,3240,0.0,0.0,82.4748,78.1058
755492,obv,BIN,30.61,78.94,False,34,sub_coin_noise_blob,cheap,0.0,0.0,0,0.00069,0.2052,0.2152,0.3285,0.0,47.0,7245,False,50.0,57.0,3,0.5225,0.5951,7245,0.0,0.0,82.664,78.7515
755492,obv,BIN,30.61,78.94,False,121,relief_self_segmentation,cheap,0.0,0.0,0,0.00062,0.0679,0.205,0.3481,0.0,45.5,7448,False,41.0,26.0,6,0.3122,0.3385,7448,0.0,0.0,96.4974,91.6833
755492,obv,BIN,30.61,78.94,False,139,relief_self_segmentation,cheap,0.0,0.0,0,0.00016,0.1361,0.135,0.2717,0.0,28.9,2720,False,105.0,108.0,3,0.9505,0.3606,2720,0.0,0.0,98.2831,93.2512
755492,rev,BIN,29.75,78.95,False,4,sub_coin_noise_blob,cheap,0.0,0.0,0,0.00056,0.3349,0.3524,0.348,0.0,33.1,4160,False,74.0,74.0,4,0.4115,0.6881,4160,0.0489,0.0,66.1235,58.6257
755492,rev,BIN,29.75,78.95,False,6,sub_coin_noise_blob,cheap,0.0628,0.0,0,0.00096,0.2338,0.2174,0.3457,0.0,55.1,9918,False,52.0,74.0,2,0.5418,0.6585,9918,0.0896,0.0023,65.6406,58.774
755492,rev,BIN,29.75,78.95,False,23,sub_coin_noise_blob,cheap,0.0,0.0,0,0.00084,0.1872,0.3143,0.3631,0.0,42.9,7469,False,59.0,95.0,2,0.448,0.5752,7469,0.0028,0.0,76.878,71.434
755492,rev,BIN,29.75,78.95,False,29,sub_coin_noise_blob,cheap,0.0,0.0,0,0.00173,0.271,0.3567,0.3784,0.0,57.7,13328,False,74.0,68.0,3,0.3896,0.7065,13328,0.0033,0.0,76.3239,71.908
755492,rev,BIN,29.75,78.95,False,93,relief_self_segmentation,cheap,0.0,0.0,0,0.00033,0.1007,0.1722,0.3216,0.0,36.4,4042,False,106.0,49.0,5,0.4926,0.3712,4042,0.0,0.0,96.4277,91.7773
755492,rev,BIN,29.75,78.95,False,104,relief_self_segmentation,cheap,0.0,0.0,0,0.00015,0.1109,0.0762,0.2704,0.1235,37.1,3293,False,99.0,41.0,4,0.6529,0.3815,3293,0.0,0.0,98.7349,92.8492
755493,obv,BIN,27.46,78.94,False,11,sub_coin_noise_blob,cheap,0.0,0.0,0,0.00102,0.1595,0.1336,0.3339,0.0,72.4,15015,False,21.0,83.0,5,1.1333,0.5945,15015,0.1937,0.1103,64.2566,47.4324
755493,obv,BIN,27.46,78.94,False,13,sub_coin_noise_blob,cheap,0.0,0.0,0,0.00288,0.2282,0.1936,0.2756,0.0,101.2,29748,False,101.0,99.0,2,0.4809,0.7282,29748,0.222,0.1664,63.9975,43.9353
755493,obv,BIN,27.46,78.94,False,32,sub_coin_noise_blob,cheap,0.0,0.0,0,0.00219,0.2148,0.2274,0.36,0.0,81.3,21504,False,90.0,65.0,4,0.58,0.6187,21504,0.1697,0.0616,74.791,58.7177
755493,obv,BIN,27.46,78.94,False,33,sub_coin_noise_blob,cheap,0.0,0.0,0,0.00236,0.1719,0.2177,0.3644,0.0,86.4,23182,False,105.0,74.0,3,0.6063,0.6384,23182,0.24,0.0339,74.5436,56.0305
755493,obv,BIN,27.46,78.94,False,53,relief_self_segmentation,cheap,0.0,0.0,0,0.00017,0.2127,0.1704,0.2723,0.0,26.5,2806,False,125.0,85.0,2,1.4227,0.4997,2806,0.0,0.0,92.7854,88.9213
755493,obv,BIN,27.46,78.94,False,98,relief_self_segmentation,cheap,0.0682,0.0,0,0.00448,0.0882,0.2647,0.4101,0.0272,107.9,48510,False,48.0,62.0,4,0.3971,0.5006,48510,0.0313,0.0,93.5285,86.5924
755493,obv,BIN,27.46,78.94,False,180,low_contrast_coastline,expensive,0.107,0.0207,27,0.32399,0.28,0.8378,0.6072,0.9994,515.6,1380988,False,2.0,0.0,0,0.046,0.942,1380988,0.1601,0.116,120.1853,60.6772
755493,obv,BIN,27.46,78.94,False,182,relief_self_segmentation,cheap,0.0,0.0,0,0.00033,0.0397,0.0235,0.3496,0.8661,97.7,28288,False,145.0,47.0,4,3.6279,0.2271,28288,0.0009,0.0,121.4397,97.3989
755493,obv,BIN,27.46,78.94,False,235,relief_self_segmentation,cheap,0.0,0.0,0,0.00017,0.1398,0.147,0.323,0.0,28.5,2546,False,49.0,36.0,4,0.5104,0.3977,2546,0.0,0.0,101.837,95.8917
755493,obv,BIN,27.46,78.94,False,249,relief_self_segmentation,cheap,0.0,0.0,0,0.00029,0.124,0.1011,0.2559,0.0,44.3,5760,False,136.0,80.0,3,0.7546,0.4095,5760,0.0019,0.0,101.8659,91.3424
755493,obv,BIN,27.46,78.94,False,252,relief_self_segmentation,cheap,0.0,0.0,0,0.00018,0.1825,0.1034,0.2633,0.2174,34.8,3397,False,111.0,110.0,2,2.2766,0.6136,3397,0.0,0.0,103.7538,95.7666
755493,obv,BIN,27.46,78.94,False,254,relief_self_segmentation,cheap,0.0245,0.0,0,0.00699,0.1098,0.2812,0.4413,0.0834,130.7,67480,False,79.0,83.0,5,0.4246,0.637,67480,0.0135,0.0,95.877,87.5875
755493,rev,BIN,27.62,78.95,False,11,sub_coin_noise_blob,cheap,0.0,0.0,0,0.00065,0.2352,0.2193,0.3105,0.0,45.0,7252,False,79.0,97.0,3,1.097,0.581,7252,0.1411,0.0157,64.6397,54.0596
755493,rev,BIN,27.62,78.95,False,14,sub_coin_noise_blob,cheap,0.0,0.0,0,0.00077,0.2309,0.2358,0.3511,0.0,47.5,8424,False,83.0,61.0,2,0.4947,0.6141,8424,0.165,0.0527,64.8521,51.205
755493,rev,BIN,27.62,78.95,False,28,sub_coin_noise_blob,cheap,0.0,0.0,0,0.00086,0.116,0.102,0.2974,0.0,76.2,16906,False,86.0,82.0,2,1.3061,0.4397,16906,0.1785,0.0645,75.2579,57.2282
755493,rev,BIN,27.62,78.95,False,89,relief_self_segmentation,cheap,0.0195,0.0,0,0.00601,0.1336,0.2914,0.4176,0.0011,119.1,58156,False,60.0,80.0,4,0.481,0.6367,58156,0.076,0.0048,93.8325,81.0945
755493,rev,BIN,27.62,78.95,False,154,relief_self_segmentation,cheap,0.0,0.0,0,0.00097,0.0796,0.0431,0.362,1.0,124.2,33984,False,83.0,86.0,2,2.2349,0.5366,33984,0.0,0.0,113.1223,96.9682
755493,rev,BIN,27.62,78.95,False,160,relief_self_segmentation,cheap,0.0,0.0,0,0.00024,0.0874,0.1206,0.2849,0.0742,36.7,3696,False,80.0,85.0,3,0.8566,0.3424,3696,0.0,0.0,101.0351,95.4945
755493,rev,BIN,27.62,78.95,False,176,sub_coin_noise_blob,cheap,0.1449,0.0976,1,0.00235,0.1867,0.3025,0.4022,0.1116,73.1,18966,False,37.0,67.0,5,0.3661,0.5949,18966,0.0,0.0,96.263,91.484
755493,rev,BIN,27.62,78.95,False,235,relief_self_segmentation,cheap,0.0,0.0,0,0.00258,0.0473,0.1599,0.3797,0.1398,105.4,45771,False,25.0,61.0,4,0.552,0.343,45771,0.0,0.0,98.1514,90.1063
755494,obv,BIN,28.02,78.94,False,13,sub_coin_noise_blob,cheap,0.0,0.0,0,0.003,0.2281,0.2218,0.3584,0.0,96.4,29190,False,100.0,94.0,4,0.5463,0.7009,29190,0.1791,0.1553,63.8501,46.6258
755494,obv,BIN,28.02,78.94,False,17,sub_coin_noise_blob,cheap,0.0232,0.0,0,0.00381,0.1825,0.178,0.3588,0.0,121.3,43134,False,96.0,78.0,4,0.5132,0.6756,43134,0.1307,0.1566,65.1078,50.0483
755494,obv,BIN,28.02,78.94,False,46,sub_coin_noise_blob,cheap,0.0189,0.0,0,0.00376,0.1535,0.2474,0.3919,0.0,102.2,33488,False,89.0,72.0,2,0.5453,0.6772,33488,0.1653,0.0087,75.6567,63.0426
755494,obv,BIN,28.02,78.94,False,49,sub_coin_noise_blob,cheap,0.0,0.0,0,0.00025,0.2086,0.2734,0.3316,0.0,24.9,2400,False,57.0,64.0,3,0.4769,0.5275,2400,0.0,0.0,83.8131,79.8202
755494,obv,BIN,28.02,78.94,False,54,attached_artifact,cheap,0.0403,0.0,0,0.00684,0.2235,0.3313,0.4031,0.0,119.2,56924,False,89.0,75.0,3,0.4892,0.7298,56924,0.1703,0.0632,76.617,61.1145
755494,obv,BIN,28.02,78.94,False,94,relief_self_segmentation,cheap,0.0,0.0,0,0.0003,0.0826,0.1304,0.3324,0.0,40.0,4850,False,75.0,60.0,4,0.65,0.3346,4850,0.0,0.0,87.0685,82.2756
755494,obv,BIN,28.02,78.94,False,112,relief_self_segmentation,cheap,0.0,0.0,0,0.00017,0.1778,0.144,0.3263,0.0,28.7,2176,False,41.0,47.0,5,0.7498,0.5199,2176,0.0,0.0,92.0856,86.8238
755494,obv,BIN,28.02,78.94,False,117,relief_self_segmentation,cheap,0.0,0.0,0,0.00025,0.1521,0.1975,0.3601,0.0,29.6,3600,False,69.0,65.0,4,0.5021,0.4171,3600,0.0,0.0,90.7077,86.5035
755494,obv,BIN,28.02,78.94,False,253,relief_self_segmentation,cheap,0.0,0.0,0,0.00017,0.1197,0.143,0.3128,0.2765,28.8,3087,False,81.0,52.0,3,0.7206,0.319,3087,0.0,0.0,100.5587,94.342
755494,obv,BIN,28.02,78.94,False,269,relief_self_segmentation,cheap,0.0408,0.028,1,0.00958,0.0746,0.3135,0.4263,0.0526,144.9,89145,False,87.0,63.0,6,0.3583,0.5597,89145,0.0245,0.0,93.5323,88.6701
755494,obv,BIN,28.02,78.94,False,335,relief_self_segmentation,cheap,0.0,0.0,0,0.00018,0.4208,0.4306,0.3835,0.0,17.0,1330,False,68.0,18.0,6,0.2582,0.7011,1330,0.0,0.0,99.2082,96.473
755494,obv,BIN,28.02,78.94,False,347,relief_self_segmentation,cheap,0.0,0.0,0,0.00031,0.2462,0.1981,0.2767,0.3395,33.0,3160,False,91.0,109.0,3,0.58,0.5911,3160,0.0,0.0,99.5947,96.0996
755494,obv,BIN,28.02,78.94,False,395,relief_self_segmentation,cheap,0.0,0.0,0,0.00023,0.381,0.3193,0.3498,0.0917,22.0,1537,False,41.0,69.0,4,0.3407,0.7347,1537,0.0,0.0,100.9595,96.7418
755494,obv,BIN,28.02,78.94,False,410,relief_self_segmentation,cheap,0.0,0.0,0,0.00033,0.1953,0.2152,0.2957,0.2108,32.5,3724,False,99.0,71.0,3,0.6512,0.4838,3724,0.0,0.0,100.823,96.6826
755494,obv,BIN,28.02,78.94,False,416,relief_self_segmentation,cheap,0.0,0.0,0,0.00014,0.3667,0.2885,0.31,0.0,18.6,1204,False,75.0,96.0,2,0.4266,0.6761,1204,0.0,0.0,101.4213,97.0061
755494,obv,BIN,28.02,78.94,False,418,relief_self_segmentation,cheap,0.0,0.0,0,0.00014,0.2212,0.2547,0.3458,0.3028,19.5,1368,False,43.0,91.0,2,0.6477,0.4829,1368,0.0,0.0,100.6889,97.3256
755494,obv,BIN,28.02,78.94,False,436,relief_self_segmentation,cheap,0.0,0.0,0,0.00014,0.1017,0.059,0.2548,0.0,40.6,2842,False,102.0,53.0,4,1.3577,0.4293,2842,0.0,0.0,102.8123,97.3567
755494,obv,BIN,28.02,78.94,False,438,relief_self_segmentation,cheap,0.0,0.0,0,0.00015,0.202,0.1156,0.285,0.0645,30.1,2044,False,94.0,123.0,2,1.2394,0.5624,2044,0.0,0.0,102.477,97.4042
755494,obv,BIN,28.02,78.94,False,457,relief_self_segmentation,cheap,0.0,0.0,0,0.00016,0.367,0.2213,0.326,0.117,22.0,1128,True,85.0,86.0,2,0.8257,0.8019,1128,0.0,0.0,104.8594,96.277
755494,obv,BIN,28.02,78.94,False,513,relief_self_segmentation,cheap,0.0,0.0,0,0.00025,0.0877,0.1097,0.2867,0.3636,39.3,5428,False,117.0,60.0,2,0.5208,0.3039,5428,0.0,0.0,102.662,97.978
755494,obv,BIN,28.02,78.94,False,522,multi_object_weld,expensive,0.149,0.015,11,0.05553,0.0286,0.1221,0.3254,0.1909,559.3,898455,False,134.0,66.0,2,0.7247,0.3653,898455,0.0078,0.0004,96.5594,103.2956
755494,obv,BIN,28.02,78.94,False,538,relief_self_segmentation,cheap,0.0,0.0,0,0.00021,0.0645,0.0622,0.2588,0.1951,48.2,6215,False,96.0,45.0,4,0.6227,0.247,6215,0.0,0.0,103.0654,98.0253
755494,obv,BIN,28.02,78.94,False,551,relief_self_segmentation,cheap,0.0,0.0,0,0.00031,0.1118,0.1004,0.2634,0.0513,46.1,6216,False,105.0,75.0,3,1.1964,0.3615,6216,0.0,0.0,102.2314,97.422
755494,obv,BIN,28.02,78.94,False,584,relief_self_segmentation,cheap,0.0,0.0,0,0.00043,0.1042,0.222,0.3605,0.3594,36.6,3976,True,37.0,38.0,5,0.4564,0.3921,3976,0.0,0.0,102.115,97.8915
755494,obv,BIN,28.02,78.94,False,585,relief_self_segmentation,cheap,0.0,0.0,0,0.00051,0.0841,0.1252,0.2812,0.2427,53.0,9548,False,99.0,79.0,3,1.3676,0.3083,9548,0.0,0.0,101.9562,97.6154
755494,obv,BIN,28.02,78.94,False,598,relief_self_segmentation,cheap,0.3234,0.0,0,0.00029,0.3009,0.3312,0.3703,0.0,24.7,2496,False,66.0,54.0,5,0.3871,0.5932,2496,0.0,0.0,100.4255,98.253
755494,obv,BIN,28.02,78.94,False,626,relief_self_segmentation,cheap,0.0,0.0,0,0.00017,0.2415,0.2408,0.3134,0.0,21.8,1887,False,58.0,120.0,2,0.8959,0.5425,1887,0.0,0.0,101.2029,98.9267
755494,obv,BIN,28.02,78.94,False,628,relief_self_segmentation,cheap,0.0,0.0,0,0.00023,0.1191,0.13,0.3229,0.1935,34.7,3564,False,49.0,78.0,3,1.3042,0.3994,3564,0.0,0.0,102.1019,98.2058
755494,obv,BIN,28.02,78.94,False,635,relief_self_segmentation,cheap,0.0,0.0,0,0.00018,0.2656,0.167,0.2954,0.1417,27.6,2108,False,72.0,94.0,2,1.4854,0.6498,2108,0.0,0.0,103.913,96.9013
755494,obv,BIN,28.02,78.94,False,639,relief_self_segmentation,cheap,0.0,0.0,0,0.00016,0.1658,0.1807,0.3229,0.0,24.6,2484,False,112.0,77.0,3,0.5724,0.4409,2484,0.0,0.0,103.7246,97.8867
755494,obv,BIN,28.02,78.94,False,642,relief_self_segmentation,cheap,0.0,0.0,0,0.00068,0.0889,0.117,0.3023,0.2158,63.1,11929,False,88.0,81.0,2,0.6907,0.3339,11929,0.0,0.0,102.3603,97.6827
755494,obv,BIN,28.02,78.94,False,646,relief_self_segmentation,cheap,0.0,0.0,0,0.00018,0.1967,0.1575,0.2778,0.0,27.8,2232,False,103.0,62.0,6,0.7014,0.4793,2232,0.0,0.0,102.6067,97.789
755494,obv,BIN,28.02,78.94,False,648,relief_self_segmentation,cheap,0.0,0.0,0,0.00035,0.1087,0.1221,0.3285,0.1721,44.2,5670,False,45.0,90.0,4,0.8758,0.3732,5670,0.0,0.0,101.2078,98.1504
755494,obv,BIN,28.02,78.94,False,653,relief_self_segmentation,cheap,0.0,0.0,0,0.00014,0.251,0.2645,0.3257,0.3832,19.3,1200,True,117.0,66.0,3,0.5387,0.5368,1200,0.0,0.0,103.4384,98.0431
755494,obv,BIN,28.02,78.94,False,662,relief_self_segmentation,cheap,0.0,0.0,0,0.00024,0.1325,0.1891,0.3476,0.1596,29.8,3100,False,52.0,33.0,7,0.5139,0.4235,3100,0.0,0.0,101.5984,98.1772
755494,obv,BIN,28.02,78.94,False,666,relief_self_segmentation,cheap,0.1108,0.0,0,0.00082,0.0642,0.0831,0.2516,0.204,82.6,16830,False,105.0,88.0,3,0.8254,0.324,16830,0.0,0.0,102.3049,98.2685
755494,obv,BIN,28.02,78.94,False,694,relief_self_segmentation,cheap,0.0,0.0,0,0.00016,0.4158,0.3192,0.3213,0.0,18.6,836,True,89.0,107.0,3,0.493,0.7577,836,0.0,0.0,101.2959,97.7829
755494,obv,BIN,28.02,78.94,False,695,relief_self_segmentation,cheap,0.0,0.0,0,0.00023,0.1889,0.2591,0.3088,0.1871,24.5,2295,True,74.0,100.0,3,0.9523,0.4165,2295,0.0,0.0,101.7937,98.01
755494,obv,BIN,28.02,78.94,False,696,relief_self_segmentation,cheap,0.0,0.0,0,0.00021,0.1428,0.123,0.0,0.1429,34.0,2268,True,100.0,88.0,3,0.9622,0.3978,2268,0.0,0.0,101.8236,97.7561
755494,obv,BIN,28.02,78.94,False,704,relief_self_segmentation,cheap,0.0,0.0,0,0.00014,0.2763,0.1351,0.0,0.0,27.1,1105,True,164.0,147.0,1,0.6412,0.8168,1105,0.0,0.0,102.5815,97.6557
755494,obv,BIN,28.02,78.94,False,707,relief_self_segmentation,cheap,0.0,0.0,0,0.00027,0.1028,0.1457,0.3068,0.0563,35.8,3612,True,54.0,77.0,2,0.6307,0.3396,3612,0.0,0.0,102.8065,98.1697
755494,rev,BIN,27.51,78.95,False,10,sub_coin_noise_blob,cheap,0.0,0.0,0,0.0027,0.295,0.2937,0.3646,0.0,79.5,21000,False,77.0,69.0,3,0.4649,0.7453,21000,0.1939,0.105,64.6188,47.9272
755494,rev,BIN,27.51,78.95,False,11,sub_coin_noise_blob,cheap,0.0,0.0,0,0.00334,0.18,0.2245,0.3665,0.0,101.2,32190,False,99.0,51.0,4,0.3784,0.6846,32190,0.2042,0.1552,64.2347,45.807
755494,rev,BIN,27.51,78.95,False,37,sub_coin_noise_blob,cheap,0.0135,0.0,0,0.00388,0.2142,0.2875,0.3902,0.0,96.3,31878,False,91.0,69.0,4,0.4825,0.6927,31878,0.1575,0.0464,75.604,60.1614
755494,rev,BIN,27.51,78.95,False,39,sub_coin_noise_blob,cheap,0.0,0.0,0,0.00456,0.2078,0.3412,0.381,0.0,95.9,34029,False,75.0,62.0,3,0.4243,0.716,34029,0.1976,0.0028,75.656,61.3697
755494,rev,BIN,27.51,78.95,False,43,sub_coin_noise_blob,cheap,0.0,0.0,0,0.00015,0.2934,0.2395,0.3033,0.0,21.0,1350,False,88.0,51.0,5,0.3532,0.6369,1350,0.0,0.0,84.5417,80.3961
755494,rev,BIN,27.51,78.95,False,44,sub_coin_noise_blob,cheap,0.0,0.0,0,0.00029,0.3327,0.2616,0.3175,0.0,27.7,2480,False,82.0,89.0,3,0.635,0.6482,2480,0.0,0.0,83.7461,78.9799
755494,rev,BIN,27.51,78.95,False,131,relief_self_segmentation,cheap,0.0,0.0,0,0.00026,0.239,0.3055,0.3629,0.0,24.3,2106,False,41.0,42.0,4,0.3959,0.5492,2106,0.0,0.0,94.5844,89.6176
755494,rev,BIN,27.51,78.95,False,150,relief_self_segmentation,cheap,0.0,0.0,0,0.00025,0.2102,0.1458,0.2677,0.0,34.1,2997,False,95.0,80.0,2,0.6768,0.556,2997,0.0,0.0,96.4935,92.2396
755494,rev,BIN,27.51,78.95,False,175,relief_self_segmentation,cheap,0.0,0.0,0,0.0002,0.2178,0.2105,0.2933,0.0,25.8,2728,False,98.0,87.0,2,1.0097,0.4809,2728,0.0,0.0,96.7878,92.9768
755494,rev,BIN,27.51,78.95,False,183,relief_self_segmentation,cheap,0.0799,0.0,0,0.00337,0.0911,0.3903,0.3669,0.0129,77.1,31110,False,56.0,23.0,8,0.278,0.5257,31110,0.0019,0.0,94.1788,90.551
755494,rev,BIN,27.51,78.95,False,230,relief_self_segmentation,cheap,0.0,0.0,0,0.00095,0.383,0.3488,0.3685,0.0,43.2,6489,False,48.0,82.0,3,0.4399,0.7653,6489,0.0,0.0,97.0227,93.2498
755494,rev,BIN,27.51,78.95,False,355,relief_self_segmentation,cheap,0.0,0.0,0,0.00118,0.0653,0.1157,0.3209,0.0,83.6,22892,False,76.0,74.0,4,0.6107,0.3552,22892,0.0,0.0,97.4502,93.1492
755494,rev,BIN,27.51,78.95,False,358,relief_self_segmentation,cheap,0.0,0.0,0,0.00014,0.2641,0.1693,0.286,0.0,24.1,1482,False,89.0,91.0,4,0.8484,0.6232,1482,0.0,0.0,100.6409,95.538
755494,rev,BIN,27.51,78.95,False,370,relief_self_segmentation,cheap,0.0,0.0,0,0.00016,0.1964,0.2209,0.3303,0.1301,22.1,1537,False,59.0,77.0,3,0.5208,0.5121,1537,0.0,0.0,102.4489,97.059
755494,rev,BIN,27.51,78.95,False,373,relief_self_segmentation,cheap,0.0,0.0,0,0.00015,0.3932,0.3118,0.3438,0.2022,18.2,1050,False,56.0,49.0,3,0.4167,0.7001,1050,0.0,0.0,101.9243,96.5218
755494,rev,BIN,27.51,78.95,False,390,relief_self_segmentation,cheap,0.0,0.0,0,0.00014,0.1522,0.1133,0.3052,0.0,29.3,1836,False,40.0,50.0,4,0.9464,0.4588,1836,0.0,0.0,99.607,96.2543
755494,rev,BIN,27.51,78.95,False,411,relief_self_segmentation,cheap,0.0,0.0,0,0.00027,0.2129,0.1429,0.2719,0.3758,36.1,3645,False,108.0,93.0,2,1.5911,0.5786,3645,0.0,0.0,102.4691,96.7052
755494,rev,BIN,27.51,78.95,False,434,relief_self_segmentation,cheap,0.0,0.0,0,0.00019,0.0958,0.1276,0.3234,0.0,32.1,3234,False,108.0,43.0,6,0.5464,0.3479,3234,0.0,0.0,100.0897,96.9052
755494,rev,BIN,27.51,78.95,False,443,relief_self_segmentation,cheap,0.0,0.0,0,0.00017,0.118,0.094,0.2597,0.0,35.1,3276,False,123.0,96.0,3,2.6837,0.3784,3276,0.0,0.0,103.0869,96.318
755494,rev,BIN,27.51,78.95,False,448,relief_self_segmentation,cheap,0.1585,0.0362,3,0.01655,0.0273,0.072,0.3447,0.3271,397.5,309725,False,55.0,90.0,3,1.9334,0.3462,309725,0.0017,0.0,98.0467,105.1966
755494,rev,BIN,27.51,78.95,False,458,relief_self_segmentation,cheap,0.0,0.0,0,0.00031,0.1105,0.2101,0.3091,0.1786,31.6,4290,False,83.0,56.0,7,0.3734,0.3399,4290,0.0,0.0,100.2809,97.2049
755494,rev,BIN,27.51,78.95,False,479,relief_self_segmentation,cheap,0.0,0.0,0,0.00021,0.1492,0.301,0.3687,0.0,21.7,2346,False,44.0,54.0,5,0.2761,0.4409,2346,0.0,0.0,101.0132,97.2247
755494,rev,BIN,27.51,78.95,False,486,relief_self_segmentation,cheap,0.0,0.0,0,0.00016,0.1035,0.0739,0.2526,0.5385,38.7,3458,False,118.0,72.0,2,0.6638,0.3879,3458,0.0,0.0,103.6697,97.9363
755494,rev,BIN,27.51,78.95,False,529,relief_self_segmentation,cheap,0.0702,0.0,0,0.00092,0.1077,0.1289,0.2717,0.1858,70.1,14872,False,75.0,43.0,5,0.7149,0.4094,14872,0.0,0.0,100.8208,97.181
755494,rev,BIN,27.51,78.95,False,552,relief_self_segmentation,cheap,0.0,0.0,0,0.00015,0.2439,0.1606,0.2587,0.8584,25.0,1740,False,98.0,106.0,2,1.1869,0.5726,1740,0.0,0.0,103.437,96.9164
755494,rev,BIN,27.51,78.95,False,620,relief_self_segmentation,cheap,0.0,0.0,0,0.00025,0.091,0.1662,0.3581,0.4103,32.4,3200,True,65.0,22.0,6,0.4049,0.3521,3200,0.0,0.0,102.9507,98.016
755494,rev,BIN,27.51,78.95,False,658,relief_self_segmentation,cheap,0.0,0.0,0,0.00022,0.2624,0.1888,0.3357,0.3488,28.0,1943,False,114.0,53.0,4,0.6248,0.643,1943,0.0,0.0,104.0019,96.7475
755494,rev,BIN,27.51,78.95,False,674,relief_self_segmentation,cheap,0.0,0.0,0,0.00014,0.2398,0.1402,0.2991,0.0,26.5,1980,False,100.0,86.0,2,1.3466,0.6055,1980,0.0,0.0,104.2301,97.1114
755494,rev,BIN,27.51,78.95,False,675,relief_self_segmentation,cheap,0.0,0.0,0,0.00019,0.1646,0.0981,0.2509,0.3836,36.3,3995,False,113.0,110.0,3,1.3847,0.5117,3995,0.0,0.0,103.7609,97.7115
755494,rev,BIN,27.51,78.95,False,676,relief_self_segmentation,cheap,0.0,0.0,0,0.00016,0.2212,0.186,0.2787,0.3058,24.7,2072,False,98.0,37.0,6,0.4956,0.5255,2072,0.0,0.0,102.3141,98.0456
755494,rev,BIN,27.51,78.95,False,711,relief_self_segmentation,cheap,0.0,0.0,0,0.0004,0.0525,0.0884,0.2898,0.3141,56.1,10260,False,92.0,78.0,4,1.229,0.2663,10260,0.0,0.0,104.3555,98.0505
755494,rev,BIN,27.51,78.95,False,737,relief_self_segmentation,cheap,0.0,0.0,0,0.00015,0.1281,0.1907,0.3228,0.3056,23.2,1980,True,63.0,44.0,4,1.0672,0.3236,1980,0.0,0.0,102.7935,98.1603
755495,obv,BIN,30.51,78.94,False,29,attached_artifact,cheap,0.0,0.0,0,0.00563,0.1505,0.2336,0.337,0.0,128.8,55751,False,101.0,63.0,3,0.5275,0.6943,55751,0.1455,0.1376,64.1838,54.6297
755495,obv,BIN,30.51,78.94,False,85,relief_self_segmentation,cheap,0.0,0.0,0,0.00015,0.2741,0.3691,0.3304,0.0,16.5,1404,False,60.0,93.0,4,0.4374,0.5582,1404,0.0,0.0,88.3587,84.1542
755495,obv,BIN,30.51,78.94,False,108,relief_self_segmentation,cheap,0.0,0.0,0,0.00018,0.1319,0.1508,0.3183,0.2788,29.0,2898,False,77.0,58.0,3,0.8721,0.3706,2898,0.0,0.0,92.1959,85.8114
755495,obv,BIN,30.51,78.94,False,154,relief_self_segmentation,cheap,0.0,0.0,0,0.00015,0.1352,0.0992,0.2841,0.0,32.6,2775,False,91.0,89.0,2,1.1139,0.4243,2775,0.0,0.0,96.9109,91.0089
755495,obv,BIN,30.51,78.94,False,194,relief_self_segmentation,cheap,0.0,0.0,0,0.00023,0.0904,0.0892,0.2648,0.0,41.8,5130,False,72.0,57.0,3,0.921,0.2991,5130,0.0,0.0,98.211,94.0975
755495,obv,BIN,30.51,78.94,False,200,relief_self_segmentation,cheap,0.0,0.0,0,0.00028,0.2292,0.1935,0.2748,0.0,31.8,3127,True,92.0,69.0,2,0.8457,0.5866,3127,0.0,0.0,97.5159,94.6022
755495,obv,BIN,30.51,78.94,False,202,relief_self_segmentation,cheap,0.0,0.0,0,0.00015,0.1557,0.2282,0.3294,0.0,21.2,1845,False,84.0,52.0,4,0.5536,0.3735,1845,0.0,0.0,99.3291,94.4793
755495,obv,BIN,30.51,78.94,False,207,relief_self_segmentation,cheap,0.0,0.0,0,0.00014,0.2684,0.317,0.3519,0.0,17.4,1360,False,75.0,59.0,4,0.4693,0.5651,1360,0.0,0.0,99.1218,95.7432
755495,obv,BIN,30.51,78.94,False,215,relief_self_segmentation,cheap,0.0,0.0,0,0.00049,0.0828,0.1673,0.3052,0.0,44.9,7776,False,86.0,50.0,4,0.4599,0.3227,7776,0.0,0.0,98.5596,95.5756
755495,obv,BIN,30.51,78.94,False,222,relief_self_segmentation,cheap,0.0,0.0,0,0.00026,0.1132,0.0996,0.2913,0.0,42.1,5141,False,56.0,20.0,4,0.5381,0.3477,5141,0.0,0.0,99.1409,96.5219
755495,obv,BIN,30.51,78.94,False,235,relief_self_segmentation,cheap,0.0,0.0,0,0.00034,0.5533,0.5259,0.353,0.0,21.0,1599,True,65.0,98.0,3,0.4099,0.8268,1599,0.0,0.0,100.7128,97.1556
755495,obv,BIN,30.51,78.94,False,239,relief_self_segmentation,cheap,0.0,0.0,0,0.00016,0.4118,0.3705,0.3629,0.0,17.5,1107,False,38.0,41.0,4,0.2991,0.7136,1107,0.0,0.0,100.793,97.4672
755495,obv,BIN,30.51,78.94,False,243,relief_self_segmentation,cheap,0.0,0.0,0,0.00015,0.3105,0.284,0.3098,0.0,19.3,1260,True,86.0,71.0,7,0.5964,0.5678,1260,0.0,0.0,100.4026,97.7365
755495,obv,BIN,30.51,78.94,False,244,relief_self_segmentation,cheap,0.0,0.0,0,0.00036,0.1285,0.0677,0.0,0.0,60.7,4234,True,169.0,148.0,1,0.6492,0.6213,4234,0.0,0.0,101.1088,97.9356
755495,obv,BIN,30.51,78.94,False,245,non_circular_flan,expensive,0.144,0.012,61,0.60336,0.0398,0.5609,0.4542,0.1879,860.0,2137500,True,12.0,56.0,6,0.3038,0.8238,2137500,0.0748,0.0497,94.0144,72.6083
755495,rev,BIN,30.4,78.95,False,16,sub_coin_noise_blob,cheap,0.0,0.0,0,0.00104,0.1911,0.235,0.3525,0.0,55.1,11685,False,81.0,64.0,2,0.5951,0.6033,11685,0.1836,0.1087,65.0574,49.4426
755495,rev,BIN,30.4,78.95,False,17,sub_coin_noise_blob,cheap,0.0,0.0,0,0.00163,0.2134,0.1767,0.3498,0.0,79.6,18700,False,72.0,89.0,2,0.6797,0.6254,18700,0.143,0.1642,64.7018,48.8727
755495,rev,BIN,30.4,78.95,False,36,sub_coin_noise_blob,cheap,0.0157,0.0,0,0.00368,0.1761,0.2912,0.3817,0.0,93.2,31641,False,57.0,75.0,3,0.6098,0.6351,31641,0.1073,0.0141,76.1288,66.3432
755495,rev,BIN,30.4,78.95,False,40,sub_coin_noise_blob,cheap,0.0,0.0,0,0.00058,0.2359,0.2819,0.3292,0.0,37.6,4590,False,77.0,42.0,5,0.4194,0.5915,4590,0.0,0.0,82.6034,78.9471
755495,rev,BIN,30.4,78.95,False,237,relief_self_segmentation,cheap,0.0,0.0,0,0.00025,0.2153,0.174,0.2798,0.2792,31.5,2964,False,93.0,60.0,4,0.5503,0.5466,2964,0.0,0.0,99.6232,96.2395
755495,rev,BIN,30.4,78.95,False,271,relief_self_segmentation,cheap,0.0,0.0,0,0.00016,0.373,0.3038,0.3591,0.2021,19.2,1100,False,44.0,52.0,3,0.4115,0.6961,1100,0.0,0.0,101.8321,96.3839
755495,rev,BIN,30.4,78.95,False,278,relief_self_segmentation,cheap,0.0,0.0,0,0.00024,0.3059,0.2893,0.3554,0.192,23.9,1836,False,63.0,82.0,2,0.3936,0.6248,1836,0.0,0.0,101.3093,96.5428
755495,rev,BIN,30.4,78.95,False,342,relief_self_segmentation,cheap,0.0,0.0,0,0.00014,0.3513,0.1917,0.3051,0.0,22.3,1152,True,72.0,92.0,2,1.1721,0.8463,1152,0.0,0.0,105.5735,96.6906
755495,rev,BIN,30.4,78.95,False,359,relief_self_segmentation,cheap,0.0,0.0,0,0.0002,0.1235,0.0875,0.254,0.5284,39.2,3496,False,120.0,48.0,2,0.5649,0.439,3496,0.0,0.0,103.1621,97.992
755495,rev,BIN,30.4,78.95,False,439,relief_self_segmentation,cheap,0.0,0.0,0,0.00015,0.1044,0.0995,0.2774,0.0542,32.1,3003,False,114.0,37.0,3,0.5476,0.3491,3003,0.0,0.0,104.059,97.8684
755495,rev,BIN,30.4,78.95,False,474,relief_self_segmentation,cheap,0.0,0.0,0,0.00033,0.1025,0.2081,0.368,0.3508,32.9,3657,True,73.0,23.0,4,0.3579,0.383,3657,0.0,0.0,102.383,97.9118
755495,rev,BIN,30.4,78.95,False,476,non_circular_flan,expensive,0.1003,0.0068,43,0.43937,0.0555,0.6982,0.4698,0.3493,657.8,1971905,False,0.0,2.0,3,0.0606,0.8423,1971905,0.0936,0.0571,101.0359,73.1636
755495,rev,BIN,30.4,78.95,False,514,relief_self_segmentation,cheap,0.0,0.0,0,0.00014,0.1832,0.208,0.2893,0.3793,21.6,1924,False,95.0,72.0,3,0.5282,0.4263,1924,0.0,0.0,102.1758,98.4359
755495,rev,BIN,30.4,78.95,False,524,relief_self_segmentation,cheap,0.0,0.0,0,0.00016,0.2401,0.1501,0.311,0.0,26.9,2040,False,78.0,92.0,2,1.3956,0.6137,2040,0.0,0.0,104.1328,97.0058
755495,rev,BIN,30.4,78.95,False,526,relief_self_segmentation,cheap,0.0,0.0,0,0.0005,0.1116,0.0872,0.2628,0.3379,63.0,9513,False,107.0,48.0,3,0.6893,0.3765,9513,0.0,0.0,102.9814,97.7705
755495,rev,BIN,30.4,78.95,False,531,relief_self_segmentation,cheap,0.0,0.0,0,0.00016,0.1729,0.1755,0.2972,0.1591,24.6,2430,False,101.0,85.0,3,0.7875,0.442,2430,0.0,0.0,103.8333,97.9878
755495,rev,BIN,30.4,78.95,False,537,relief_self_segmentation,cheap,0.0,0.0,0,0.00027,0.269,0.2747,0.3566,0.2214,25.8,2508,False,91.0,41.0,5,0.403,0.5549,2508,0.0,0.0,100.9258,98.483
755495,rev,BIN,30.4,78.95,False,563,relief_self_segmentation,cheap,0.0,0.0,0,0.00051,0.0567,0.108,0.309,0.2822,57.1,10412,False,89.0,77.0,6,0.7191,0.2897,10412,0.0,0.0,103.6951,97.9939
755495,rev,BIN,30.4,78.95,False,589,relief_self_segmentation,cheap,0.0,0.0,0,0.00017,0.1394,0.215,0.335,0.2745,23.5,2068,True,65.0,49.0,4,0.8679,0.3421,2068,0.0,0.0,102.5644,98.0706
755495,rev,BIN,30.4,78.95,False,600,relief_self_segmentation,cheap,0.0,0.0,0,0.00023,0.086,0.1396,0.3104,0.0,33.5,3280,True,57.0,61.0,4,0.5347,0.2951,3280,0.0,0.0,103.1672,98.1284
755496,obv,BIN,30.83,78.94,False,12,sub_coin_noise_blob,cheap,0.0,0.0,0,0.0017,0.2246,0.1861,0.3582,0.0,79.2,18590,False,67.0,84.0,2,0.7138,0.6327,18590,0.1932,0.117,64.573,49.1717
755496,obv,BIN,30.83,78.94,False,13,sub_coin_noise_blob,cheap,0.0,0.0,0,0.00267,0.2009,0.1715,0.2707,0.0,103.5,30290,False,98.0,78.0,3,0.6599,0.6702,30290,0.1952,0.1288,64.2786,48.9363
755496,obv,BIN,30.83,78.94,False,35,sub_coin_noise_blob,cheap,0.0,0.0,0,0.00113,0.1547,0.2212,0.3511,0.0,59.4,14040,False,49.0,65.0,3,0.7647,0.4873,14040,0.1203,0.004,75.9989,65.1049
755496,obv,BIN,30.83,78.94,False,36,sub_coin_noise_blob,cheap,0.0,0.0,0,0.00096,0.1206,0.1348,0.2707,0.0,70.0,14883,False,60.0,108.0,2,1.0428,0.46,14883,0.1008,0.0052,76.9586,67.5496
755496,obv,BIN,30.83,78.94,False,108,relief_self_segmentation,cheap,0.0578,0.0,0,0.00085,0.1187,0.3027,0.3542,0.0296,43.9,7546,False,32.0,33.0,5,0.2473,0.4694,7546,0.0,0.0,95.4805,91.4148
755496,obv,BIN,30.83,78.94,False,122,relief_self_segmentation,cheap,0.0,0.0,0,0.00014,0.2492,0.1894,0.3032,0.0,22.5,1404,False,91.0,61.0,2,0.7462,0.5496,1404,0.0,0.0,98.6489,91.6356
755496,obv,BIN,30.83,78.94,False,125,relief_self_segmentation,cheap,0.0,0.0,0,0.00022,0.1758,0.1735,0.283,0.0,29.8,3096,False,102.0,117.0,2,1.0065,0.4246,3096,0.0,0.0,97.7478,93.1333
755496,obv,BIN,30.83,78.94,False,161,relief_self_segmentation,cheap,0.0,0.0,0,0.00041,0.1389,0.1688,0.3388,0.0,41.0,5428,False,63.0,42.0,6,0.5394,0.4532,5428,0.0,0.0,98.6594,94.0182
755496,obv,BIN,30.83,78.94,False,286,relief_self_segmentation,cheap,0.0,0.0,0,0.00019,0.085,0.0658,0.2711,0.0151,44.3,5920,False,126.0,63.0,2,2.6005,0.2519,5920,0.0,0.0,101.0863,95.5236
755496,obv,BIN,30.83,78.94,False,330,low_contrast_coastline,expensive,0.1422,0.0256,26,0.33089,0.2745,0.8459,0.5799,0.8919,518.6,1437240,False,0.0,1.0,1,0.0375,0.9417,1437240,0.0663,0.0114,109.0186,81.8425
755496,obv,BIN,30.83,78.94,False,333,relief_self_segmentation,cheap,0.0,0.0,0,0.0003,0.1709,0.1114,0.28,0.1878,43.0,4802,False,91.0,91.0,2,1.4336,0.5717,4802,0.0,0.0,102.3419,95.3644
755496,obv,BIN,30.83,78.94,False,344,relief_self_segmentation,cheap,0.0,0.0,0,0.00017,0.3164,0.2335,0.2744,0.0,22.5,1836,False,101.0,71.0,3,0.5628,0.6625,1836,0.0,0.0,101.3962,97.3352
755496,obv,BIN,30.83,78.94,False,436,relief_self_segmentation,cheap,0.0527,0.0,0,0.00094,0.1139,0.1311,0.2767,0.19,70.0,14703,False,75.0,44.0,6,0.6939,0.4216,14703,0.0,0.0,100.8451,97.2079
755496,obv,BIN,30.83,78.94,False,554,relief_self_segmentation,cheap,0.0,0.0,0,0.00019,0.1275,0.138,0.3332,0.6154,30.5,2664,False,90.0,64.0,2,0.4292,0.4339,2664,0.0,0.0,105.6423,97.4884
755496,rev,BIN,30.21,78.95,False,3,sub_coin_noise_blob,cheap,0.0,0.0,0,0.00021,0.1705,0.2813,0.3549,0.0,22.6,2448,False,61.0,24.0,4,0.2603,0.4101,2448,0.0,0.0,66.8866,64.1247
755496,rev,BIN,30.21,78.95,False,6,sub_coin_noise_blob,cheap,0.0,0.0,0,0.00133,0.1648,0.1789,0.3552,0.0,71.5,16744,False,68.0,83.0,2,0.5847,0.6077,16744,0.1838,0.09,65.9896,50.9407
755496,rev,BIN,30.21,78.95,False,21,sub_coin_noise_blob,cheap,0.0,0.0,0,0.00173,0.1026,0.1982,0.3618,0.0,77.5,19584,False,112.0,63.0,4,0.6168,0.5296,19584,0.2044,0.044,76.9779,59.4386
755496,rev,BIN,30.21,78.95,False,71,relief_self_segmentation,cheap,0.0,0.0,0,0.00053,0.0587,0.2135,0.3497,0.0507,41.2,6900,False,39.0,30.0,5,0.3182,0.3068,6900,0.0,0.0,96.6507,91.9057
755497,obv,BIN,32.45,78.94,False,21,sub_coin_noise_blob,cheap,0.0,0.0,0,0.00177,0.2564,0.215,0.3465,0.0,75.2,17441,False,69.0,86.0,2,0.6761,0.7308,17441,0.1997,0.1178,64.6075,49.1781
755497,obv,BIN,32.45,78.94,False,23,sub_coin_noise_blob,cheap,0.0418,0.0,0,0.00291,0.2415,0.2127,0.3648,0.0,97.0,29212,False,108.0,64.0,4,0.542,0.7146,29212,0.1806,0.1262,64.9363,50.474
755497,obv,BIN,32.45,78.94,False,46,sub_coin_noise_blob,cheap,0.0,0.0,0,0.00148,0.1299,0.1765,0.3104,0.0,76.0,19304,False,74.0,87.0,2,0.9552,0.5301,19304,0.1304,0.024,77.119,64.6194
755497,obv,BIN,32.45,78.94,False,48,sub_coin_noise_blob,cheap,0.0,0.0,0,0.00269,0.2029,0.3071,0.3694,0.0,77.7,20828,False,84.0,65.0,5,0.4705,0.661,20828,0.137,0.0154,76.4265,64.2978
755497,obv,BIN,32.45,78.94,False,56,sub_coin_noise_blob,cheap,0.0,0.0,0,0.00035,0.1855,0.2015,0.334,0.0,34.3,3760,False,75.0,118.0,3,0.6695,0.4881,3760,0.0,0.0,83.5523,79.4639
755497,obv,BIN,32.45,78.94,False,90,relief_self_segmentation,cheap,0.0,0.0,0,0.00017,0.124,0.1136,0.2626,0.0,32.3,3268,False,97.0,132.0,3,1.5132,0.3653,3268,0.0,0.0,92.0264,86.7298
755497,obv,BIN,32.45,78.94,False,159,relief_self_segmentation,cheap,0.0587,0.0,0,0.00104,0.1001,0.2783,0.3627,0.0,50.7,9126,False,43.0,32.0,8,0.3613,0.4676,9126,0.0,0.0,95.3909,91.9926
755497,obv,BIN,32.45,78.94,False,175,relief_self_segmentation,cheap,0.0,0.0,0,0.00022,0.1751,0.168,0.2826,0.0,30.3,3139,False,102.0,117.0,2,1.0061,0.423,3139,0.0,0.0,97.7504,93.2802
755497,obv,BIN,32.45,78.94,False,236,relief_self_segmentation,cheap,0.0,0.0,0,0.00031,0.1389,0.093,0.4305,1.0,48.0,6975,False,75.0,71.0,2,0.9436,0.4577,6975,0.0834,0.0048,87.3629,72.2199
755497,obv,BIN,32.45,78.94,False,270,relief_self_segmentation,cheap,0.0,0.0,0,0.00014,0.489,0.4726,0.5592,1.0,14.5,840,False,82.0,25.0,5,0.2361,0.7579,840,0.0967,0.0,93.1347,64.1784
755497,obv,BIN,32.45,78.94,False,353,relief_self_segmentation,cheap,0.0,0.0,0,0.00033,0.1282,0.2264,0.3096,0.0682,31.5,4225,False,90.0,32.0,2,0.3457,0.3695,4225,0.0,0.0,100.0024,97.2625
755497,obv,BIN,32.45,78.94,False,401,non_circular_flan,expensive,0.1045,0.0088,37,0.37255,0.0577,0.6975,0.5134,0.5882,606.0,1732830,False,2.0,5.0,8,0.0812,0.8429,1732830,0.0773,0.0206,103.1044,80.7435
755497,obv,BIN,32.45,78.94,False,408,relief_self_segmentation,cheap,0.0,0.0,0,0.00015,0.2587,0.1679,0.2742,0.6091,24.5,1539,False,95.0,116.0,2,0.9757,0.5876,1539,0.0,0.0,103.5094,96.8899
755497,obv,BIN,32.45,78.94,False,509,relief_self_segmentation,cheap,0.0,0.0,0,0.00018,0.2536,0.1717,0.3265,0.4322,26.5,1728,False,82.0,83.0,3,0.7679,0.6259,1728,0.0,0.0,104.3257,96.8481
755497,obv,BIN,32.45,78.94,False,523,relief_self_segmentation,cheap,0.0,0.0,0,0.0002,0.1168,0.1345,0.3286,0.6223,32.0,2772,False,77.0,74.0,4,0.4671,0.4307,2772,0.0,0.0,105.5841,97.4653
755497,rev,BIN,32.05,78.95,False,2,sub_coin_noise_blob,cheap,0.0,0.0,0,0.00056,0.3388,0.3582,0.3598,0.0,32.7,4160,False,75.0,75.0,4,0.3973,0.6932,4160,0.0687,0.0,65.8972,58.5094
755497,rev,BIN,32.05,78.95,False,5,sub_coin_noise_blob,cheap,0.0,0.0,0,0.00079,0.1885,0.2575,0.3423,0.0,46.0,8400,False,68.0,67.0,3,0.5611,0.588,8400,0.0939,0.0,66.6997,59.15
755497,rev,BIN,32.05,78.95,False,11,sub_coin_noise_blob,cheap,0.0,0.0,0,0.00016,0.2555,0.2804,0.3375,0.0,19.5,1599,False,68.0,33.0,5,0.4493,0.5456,1599,0.0,0.0,76.6195,73.9372
755497,rev,BIN,32.05,78.95,False,13,sub_coin_noise_blob,cheap,0.0,0.0,0,0.00041,0.2004,0.2379,0.351,0.0,34.3,3599,False,59.0,47.0,5,0.4358,0.542,3599,0.0,0.0,77.0511,74.2765
755497,rev,BIN,32.05,78.95,False,127,relief_self_segmentation,cheap,0.0,0.0,0,0.00025,0.0886,0.1747,0.3493,0.0,31.3,3888,False,51.0,69.0,5,0.5313,0.3229,3888,0.0,0.0,98.8445,94.4526
755497,rev,BIN,32.05,78.95,False,135,relief_self_segmentation,cheap,0.0,0.0,0,0.00019,0.1918,0.1815,0.2626,0.0,26.8,2112,False,72.0,82.0,3,0.6657,0.489,2112,0.0,0.0,98.1414,95.1182
755497,rev,BIN,32.05,78.95,False,158,relief_self_segmentation,cheap,0.0,0.0,0,0.00014,0.2518,0.1573,0.3248,0.0,24.7,1680,False,85.0,97.0,2,0.7944,0.6181,1680,0.0,0.0,100.5493,95.5284
755497,rev,BIN,32.05,78.95,False,219,relief_self_segmentation,cheap,0.0,0.0,0,0.00028,0.0915,0.0946,0.3018,0.2675,45.1,5668,False,103.0,54.0,4,0.9228,0.3628,5668,0.0,0.0,102.542,97.0649
755498,obv,BIN,32.26,78.94,False,22,sub_coin_noise_blob,cheap,0.0,0.0,0,0.00016,0.0866,0.0442,0.3468,1.0,49.4,5244,False,130.0,79.0,2,1.9652,0.5567,5244,0.4504,0.3839,55.6858,28.3369
755498,obv,BIN,32.26,78.94,False,27,sub_coin_noise_blob,cheap,0.0,0.0,0,0.0048,0.1629,0.204,0.3207,0.0,127.2,49029,False,98.0,61.0,3,0.5269,0.6991,49029,0.2104,0.0908,63.8569,53.2709
755498,obv,BIN,32.26,78.94,False,50,sub_coin_noise_blob,cheap,0.0,0.0,0,0.0004,0.0971,0.048,0.374,0.9964,75.4,15252,False,155.0,60.0,2,2.3383,0.4944,15252,0.2799,0.017,78.01,67.858
755498,obv,BIN,32.26,78.94,False,51,attached_artifact,cheap,0.0062,0.0,0,0.01366,0.0725,0.0965,0.3626,0.0,311.9,313496,False,144.0,46.0,2,0.8444,0.346,313496,0.1114,0.0537,68.0275,72.1014
755498,obv,BIN,32.26,78.94,False,88,relief_self_segmentation,cheap,0.0,0.0,0,0.00021,0.1941,0.2512,0.3273,0.0,23.8,2072,False,101.0,75.0,2,0.3884,0.5011,2072,0.0,0.0,87.1038,82.0807
755498,obv,BIN,32.26,78.94,False,109,relief_self_segmentation,cheap,0.0,0.0,0,0.00035,0.0859,0.1656,0.3339,0.0,38.3,6132,False,89.0,71.0,3,0.6123,0.2919,6132,0.0,0.0,90.4146,86.1818
755498,obv,BIN,32.26,78.94,False,204,relief_self_segmentation,cheap,0.0,0.0,0,0.00014,0.1277,0.0712,0.2397,0.0,37.3,3612,False,134.0,60.0,2,1.5379,0.4841,3612,0.0,0.0,99.5323,93.8344
755498,obv,BIN,32.26,78.94,False,222,relief_self_segmentation,cheap,0.0,0.0,0,0.00017,0.1197,0.143,0.3128,0.3824,28.8,3087,False,81.0,52.0,3,0.7206,0.319,3087,0.0,0.0,100.5587,94.342
755498,obv,BIN,32.26,78.94,False,253,relief_self_segmentation,cheap,0.0,0.0,0,0.0002,0.1134,0.124,0.3227,0.0,33.3,3312,False,53.0,66.0,3,0.8656,0.3882,3312,0.0,0.0,99.4156,94.7643
755498,obv,BIN,32.26,78.94,False,279,relief_self_segmentation,cheap,0.0,0.0,0,0.00018,0.4187,0.4382,0.3854,0.0769,16.8,1330,False,70.0,21.0,5,0.2568,0.6975,1330,0.0,0.0,99.2,96.4703
755498,obv,BIN,32.26,78.94,False,289,relief_self_segmentation,cheap,0.0,0.0,0,0.00031,0.2462,0.1981,0.2767,0.4012,33.0,3160,False,91.0,109.0,3,0.58,0.5911,3160,0.0,0.0,99.5947,96.0996
755498,obv,BIN,32.26,78.94,False,333,relief_self_segmentation,cheap,0.0,0.0,0,0.00024,0.4102,0.333,0.349,0.0935,22.0,1537,False,43.0,64.0,6,0.3468,0.7635,1537,0.0,0.0,100.8597,96.7123
755498,obv,BIN,32.26,78.94,False,348,relief_self_segmentation,cheap,0.0,0.0,0,0.00033,0.1975,0.2176,0.2969,0.2162,32.5,3724,False,99.0,70.0,4,0.6486,0.4892,3724,0.0,0.0,100.8015,96.6761
755498,obv,BIN,32.26,78.94,False,354,relief_self_segmentation,cheap,0.0,0.0,0,0.00014,0.3667,0.2885,0.31,0.0,18.6,1204,False,75.0,96.0,2,0.4266,0.6761,1204,0.0,0.0,101.4213,97.0061
755498,obv,BIN,32.26,78.94,False,356,relief_self_segmentation,cheap,0.0,0.0,0,0.00014,0.2192,0.2556,0.348,0.3028,19.5,1368,False,44.0,91.0,2,0.6527,0.4845,1368,0.0,0.0,100.6953,97.3183
755498,obv,BIN,32.26,78.94,False,373,relief_self_segmentation,cheap,0.0,0.0,0,0.00014,0.1017,0.059,0.2548,0.0,40.6,2842,False,102.0,53.0,4,1.3577,0.4293,2842,0.0,0.0,102.8123,97.3567
755498,obv,BIN,32.26,78.94,False,375,relief_self_segmentation,cheap,0.0,0.0,0,0.00015,0.202,0.1156,0.285,0.0645,30.1,2044,False,94.0,123.0,2,1.2394,0.5624,2044,0.0,0.0,102.477,97.4042
755498,obv,BIN,32.26,78.94,False,393,relief_self_segmentation,cheap,0.0,0.0,0,0.00016,0.367,0.2213,0.326,0.117,22.0,1128,True,85.0,86.0,2,0.8257,0.8019,1128,0.0,0.0,104.8594,96.277
755498,obv,BIN,32.26,78.94,False,447,relief_self_segmentation,cheap,0.0,0.0,0,0.00025,0.0877,0.1097,0.2867,0.3636,39.3,5428,False,117.0,60.0,2,0.5208,0.3039,5428,0.0,0.0,102.662,97.978
755498,obv,BIN,32.26,78.94,False,448,relief_self_segmentation,cheap,0.0,0.0,0,0.00014,0.2494,0.2316,0.3248,0.0,20.6,1452,False,76.0,74.0,4,0.5718,0.5155,1452,0.0,0.0,101.3664,97.1367
755498,obv,BIN,32.26,78.94,False,469,relief_self_segmentation,cheap,0.0,0.0,0,0.00021,0.0643,0.0624,0.257,0.2195,48.2,6215,False,96.0,45.0,4,0.6325,0.2475,6215,0.0,0.0,103.0653,98.0246
755498,obv,BIN,32.26,78.94,False,481,relief_self_segmentation,cheap,0.0,0.0,0,0.00031,0.1108,0.1005,0.2633,0.1064,46.1,6216,False,105.0,75.0,3,1.1969,0.3593,6216,0.0,0.0,102.2311,97.4213
755498,obv,BIN,32.26,78.94,False,514,relief_self_segmentation,cheap,0.0,0.0,0,0.00043,0.1042,0.222,0.3605,0.3594,36.6,3976,True,37.0,38.0,5,0.4564,0.3921,3976,0.0,0.0,102.115,97.8915
755498,obv,BIN,32.26,78.94,False,515,non_circular_flan,expensive,0.1643,0.058,39,0.43565,0.0812,0.6826,0.5042,0.3229,662.5,1952079,False,0.0,2.0,5,0.0657,0.845,1952079,0.1242,0.0542,91.264,74.2779
755498,obv,BIN,32.26,78.94,False,528,relief_self_segmentation,cheap,0.322,0.0,0,0.0003,0.3023,0.3328,0.3694,0.0,24.7,2496,False,66.0,54.0,5,0.3882,0.5951,2496,0.0,0.0,100.4322,98.253
755498,obv,BIN,32.26,78.94,False,556,relief_self_segmentation,cheap,0.0,0.0,0,0.00017,0.2415,0.2408,0.3134,0.0,21.8,1887,False,58.0,120.0,2,0.8959,0.5425,1887,0.0,0.0,101.2029,98.9267
755498,obv,BIN,32.26,78.94,False,558,relief_self_segmentation,cheap,0.0,0.0,0,0.00023,0.1191,0.13,0.3229,0.1935,34.7,3564,False,49.0,78.0,3,1.3042,0.3994,3564,0.0,0.0,102.1019,98.2058
755498,obv,BIN,32.26,78.94,False,565,relief_self_segmentation,cheap,0.0,0.0,0,0.00018,0.2656,0.167,0.2954,0.1417,27.6,2108,False,72.0,94.0,2,1.4854,0.6498,2108,0.0,0.0,103.913,96.9013
755498,obv,BIN,32.26,78.94,False,569,relief_self_segmentation,cheap,0.0,0.0,0,0.00016,0.1658,0.1807,0.3229,0.0,24.6,2484,False,112.0,77.0,3,0.5724,0.4409,2484,0.0,0.0,103.7246,97.8867
755498,obv,BIN,32.26,78.94,False,572,relief_self_segmentation,cheap,0.0,0.0,0,0.00068,0.0889,0.117,0.3023,0.2158,63.1,11929,False,88.0,81.0,2,0.6907,0.3339,11929,0.0,0.0,102.3603,97.6827
755498,obv,BIN,32.26,78.94,False,576,relief_self_segmentation,cheap,0.0,0.0,0,0.00018,0.1967,0.1575,0.2778,0.0,27.8,2232,False,103.0,62.0,6,0.7014,0.4793,2232,0.0,0.0,102.6067,97.789
755498,obv,BIN,32.26,78.94,False,578,relief_self_segmentation,cheap,0.0,0.0,0,0.00035,0.1087,0.1221,0.3285,0.1721,44.2,5670,False,45.0,90.0,4,0.8758,0.3732,5670,0.0,0.0,101.2078,98.1504
755498,obv,BIN,32.26,78.94,False,583,relief_self_segmentation,cheap,0.0,0.0,0,0.00014,0.251,0.2645,0.3257,0.3832,19.3,1200,True,117.0,66.0,3,0.5387,0.5368,1200,0.0,0.0,103.4384,98.0431
755498,obv,BIN,32.26,78.94,False,592,relief_self_segmentation,cheap,0.0,0.0,0,0.00024,0.1325,0.1891,0.3476,0.1596,29.8,3100,False,52.0,33.0,7,0.5139,0.4235,3100,0.0,0.0,101.5984,98.1772
755498,obv,BIN,32.26,78.94,False,596,relief_self_segmentation,cheap,0.1108,0.0,0,0.00082,0.0642,0.0831,0.2516,0.204,82.6,16830,False,105.0,88.0,3,0.8254,0.324,16830,0.0,0.0,102.3049,98.2685
755498,obv,BIN,32.26,78.94,False,624,relief_self_segmentation,cheap,0.0,0.0,0,0.00016,0.4158,0.3192,0.3213,0.0,18.6,836,True,89.0,107.0,3,0.493,0.7577,836,0.0,0.0,101.2959,97.7829
755498,obv,BIN,32.26,78.94,False,625,relief_self_segmentation,cheap,0.0,0.0,0,0.00023,0.1889,0.2591,0.3088,0.1871,24.5,2295,True,74.0,100.0,3,0.9523,0.4165,2295,0.0,0.0,101.7937,98.01
755498,obv,BIN,32.26,78.94,False,626,relief_self_segmentation,cheap,0.0,0.0,0,0.00021,0.1428,0.123,0.0,0.1429,34.0,2268,True,100.0,88.0,3,0.9622,0.3978,2268,0.0,0.0,101.8236,97.7561
755498,obv,BIN,32.26,78.94,False,634,relief_self_segmentation,cheap,0.0,0.0,0,0.00014,0.2763,0.1351,0.0,0.0,27.1,1105,True,164.0,147.0,1,0.6412,0.8168,1105,0.0,0.0,102.5815,97.6557
755498,obv,BIN,32.26,78.94,False,637,relief_self_segmentation,cheap,0.0,0.0,0,0.00027,0.1028,0.1457,0.3068,0.0563,35.8,3612,True,54.0,77.0,2,0.6307,0.3396,3612,0.0,0.0,102.8065,98.1697
755498,rev,BIN,30.82,78.95,False,10,sub_coin_noise_blob,cheap,0.0506,0.0,0,0.00112,0.2524,0.2433,0.3507,0.0,56.3,10296,False,55.0,70.0,2,0.534,0.7082,10296,0.0841,0.0003,65.9074,59.2149
755498,rev,BIN,30.82,78.95,False,26,sub_coin_noise_blob,cheap,0.0,0.0,0,0.0005,0.1534,0.187,0.331,0.0,42.9,6216,False,59.0,74.0,4,0.6056,0.5166,6216,0.0,0.0,77.9305,75.2122
755498,rev,BIN,30.82,78.95,False,59,relief_self_segmentation,cheap,0.0,0.0,0,0.00036,0.0775,0.1601,0.3366,0.0,39.6,5994,False,86.0,31.0,7,0.4286,0.3054,5994,0.0,0.0,90.3734,85.5838
755498,rev,BIN,30.82,78.95,False,63,relief_self_segmentation,cheap,0.0,0.0,0,0.00023,0.1182,0.1705,0.3065,0.0,30.6,3212,False,94.0,68.0,2,0.7538,0.3732,3212,0.0,0.0,90.2793,87.2461
755498,rev,BIN,30.82,78.95,False,134,relief_self_segmentation,cheap,0.0419,0.0,0,0.00468,0.1128,0.2791,0.4258,0.0011,107.3,46260,False,84.0,86.0,6,0.4726,0.538,46260,0.0148,0.0007,93.1545,89.1814
755498,rev,BIN,30.82,78.95,False,174,relief_self_segmentation,cheap,0.0,0.0,0,0.00025,0.179,0.1873,0.3452,0.0186,30.5,2920,False,91.0,49.0,5,0.5033,0.5242,2920,0.0,0.0,96.3487,93.2694
755498,rev,BIN,30.82,78.95,False,205,relief_self_segmentation,cheap,0.0,0.0,0,0.00018,0.0876,0.1493,0.3475,0.0,28.6,2907,False,95.0,66.0,4,0.3062,0.3117,2907,0.0,0.0,101.8227,95.4372
755498,rev,BIN,30.82,78.95,False,244,relief_self_segmentation,cheap,0.0,0.0,0,0.00014,0.2351,0.3152,0.3422,0.0,17.5,1287,False,72.0,52.0,5,0.4789,0.4836,1287,0.0,0.0,98.9412,95.5978
755498,rev,BIN,30.82,78.95,False,340,relief_self_segmentation,cheap,0.0,0.0,0,0.00016,0.1362,0.0728,0.2458,0.1274,39.3,3220,False,111.0,83.0,4,1.8546,0.5083,3220,0.0,0.0,104.2471,97.0186
755498,rev,BIN,30.82,78.95,False,357,low_contrast_coastline,expensive,0.1952,0.024,44,0.38322,0.1333,0.7633,0.5205,0.4229,587.5,1708245,False,0.0,2.0,2,0.0595,0.8853,1708245,0.0727,0.0075,90.1615,82.6215
755499,obv,BIN,31.71,78.94,False,22,attached_artifact,cheap,0.0,0.0,0,0.0054,0.2189,0.2293,0.3975,0.0,127.3,50836,False,95.0,62.0,3,0.5181,0.7067,50836,0.1888,0.1136,64.0908,52.1989
755499,obv,BIN,31.71,78.94,False,26,attached_artifact,cheap,0.0092,0.0,0,0.00563,0.107,0.1321,0.3452,0.0,171.2,78540,False,108.0,67.0,4,0.702,0.5709,78540,0.1162,0.0988,64.1799,60.9241
755499,obv,BIN,31.71,78.94,False,218,relief_self_segmentation,cheap,0.0,0.0,0,0.00015,0.1333,0.075,0.2415,0.0,36.8,3570,False,132.0,62.0,2,1.5738,0.4923,3570,0.0,0.0,99.5165,93.7857
755499,obv,BIN,31.71,78.94,False,226,relief_self_segmentation,cheap,0.0,0.0,0,0.00038,0.4064,0.3354,0.5184,1.0,27.8,2790,False,96.0,105.0,2,0.7053,0.7149,2790,0.1259,0.0057,88.5385,65.5191
755499,obv,BIN,31.71,78.94,False,250,relief_self_segmentation,cheap,0.0,0.0,0,0.00027,0.0736,0.0922,0.3036,0.187,44.8,6600,False,78.0,60.0,4,0.7575,0.2818,6600,0.0,0.0,100.3654,94.544
755499,obv,BIN,31.71,78.94,False,265,relief_self_segmentation,cheap,0.0,0.0,0,0.00019,0.0977,0.1198,0.2728,0.0,33.2,3588,False,103.0,58.0,4,0.6313,0.3527,3588,0.0,0.0,99.4922,95.1564
755499,obv,BIN,31.71,78.94,False,266,relief_self_segmentation,cheap,0.0,0.0,0,0.00023,0.101,0.1366,0.3329,0.0,33.9,3713,False,77.0,67.0,3,0.7565,0.3634,3713,0.0,0.0,99.5267,94.7943
755499,obv,BIN,31.71,78.94,False,298,relief_self_segmentation,cheap,0.0,0.0,0,0.00017,0.285,0.3063,0.3622,0.0,19.6,1634,False,71.0,56.0,5,0.362,0.5724,1634,0.0,0.0,99.1129,95.4937
755499,obv,BIN,31.71,78.94,False,308,relief_self_segmentation,cheap,0.0,0.0,0,0.00022,0.3332,0.3458,0.3689,0.0708,20.9,1872,False,65.0,74.0,3,0.3388,0.6247,1872,0.0,0.0,99.1955,95.8523
755499,obv,BIN,31.71,78.94,False,315,relief_self_segmentation,cheap,0.0,0.0,0,0.00034,0.2644,0.2083,0.2793,0.3455,33.5,3200,False,87.0,61.0,4,0.5494,0.6199,3200,0.0,0.0,99.6105,96.0342
755499,obv,BIN,31.71,78.94,False,357,relief_self_segmentation,cheap,0.0,0.0,0,0.00025,0.4161,0.3429,0.3492,0.0734,22.5,1620,False,85.0,62.0,4,0.3261,0.7703,1620,0.0,0.0,100.7857,96.5359
755499,obv,BIN,31.71,78.94,False,376,relief_self_segmentation,cheap,0.0,0.0,0,0.00021,0.2093,0.2986,0.3337,0.0,21.9,1976,False,50.0,71.0,3,0.418,0.5196,1976,0.0,0.0,101.0709,95.6438
755499,obv,BIN,31.71,78.94,False,377,relief_self_segmentation,cheap,0.0,0.0,0,0.0002,0.1735,0.2675,0.3477,0.2053,22.9,2214,False,42.0,88.0,3,0.4456,0.4656,2214,0.0,0.0,100.7215,95.8226
755499,obv,BIN,31.71,78.94,False,401,relief_self_segmentation,cheap,0.0,0.0,0,0.00021,0.2458,0.2015,0.3327,0.0,26.9,2440,False,100.0,58.0,3,0.4696,0.535,2440,0.0,0.0,101.3752,97.4488
755499,obv,BIN,31.71,78.94,False,402,relief_self_segmentation,cheap,0.0,0.0,0,0.00017,0.1882,0.1542,0.2625,0.0,27.4,2480,False,76.0,68.0,2,0.7578,0.4902,2480,0.0,0.0,102.0186,97.7014
755499,obv,BIN,31.71,78.94,False,405,relief_self_segmentation,cheap,0.0,0.0,0,0.0003,0.0731,0.0461,0.2304,0.0,66.5,7852,False,155.0,55.0,2,1.5699,0.3606,7852,0.0,0.0,102.4271,97.7085
755499,obv,BIN,31.71,78.94,False,409,relief_self_segmentation,cheap,0.0,0.0,0,0.00053,0.0514,0.0544,0.3042,0.0513,82.2,13350,True,135.0,107.0,2,6.4359,0.2643,13350,0.0,0.0,102.3848,97.5481
755499,obv,BIN,31.71,78.94,False,423,relief_self_segmentation,cheap,0.0,0.0,0,0.00019,0.1478,0.1132,0.2516,0.0,33.6,2480,False,120.0,68.0,2,0.6299,0.4663,2480,0.0,0.0,102.3742,97.7098
755499,obv,BIN,31.71,78.94,False,453,relief_self_segmentation,cheap,0.0,0.0,0,0.00019,0.2941,0.2665,0.3365,0.0,22.0,1800,False,70.0,77.0,3,0.5142,0.595,1800,0.0,0.0,101.0238,96.8998
755499,obv,BIN,31.71,78.94,False,499,relief_self_segmentation,cheap,0.0,0.0,0,0.0009,0.0604,0.099,0.2926,0.3158,79.0,16854,True,98.0,88.0,4,1.0513,0.3108,16854,0.0,0.0,101.7374,98.0414
755499,obv,BIN,31.71,78.94,False,510,relief_self_segmentation,cheap,0.0,0.0,0,0.00021,0.1686,0.2425,0.3337,0.2614,24.2,2538,False,82.0,78.0,3,0.8576,0.3786,2538,0.0,0.0,102.645,97.1674
755499,obv,BIN,31.71,78.94,False,511,relief_self_segmentation,cheap,0.2417,0.0,0,0.00034,0.2938,0.2843,0.3707,0.0,28.7,3100,False,60.0,41.0,4,0.3777,0.585,3100,0.0,0.0,100.4209,98.4293
755499,obv,BIN,31.71,78.94,False,513,relief_self_segmentation,cheap,0.0,0.0,0,0.00059,0.0595,0.0948,0.2582,0.0862,65.5,13857,False,60.0,67.0,3,0.6645,0.3014,13857,0.0,0.0,101.539,98.1955
755499,obv,BIN,31.71,78.94,False,523,relief_self_segmentation,cheap,0.0,0.0,0,0.00017,0.1349,0.0858,0.2574,0.0,36.5,4042,False,127.0,46.0,3,0.7889,0.3558,4042,0.0,0.0,103.1162,98.2087
755499,obv,BIN,31.71,78.94,False,531,relief_self_segmentation,cheap,0.0,0.0,0,0.00019,0.2764,0.2612,0.3185,0.0,22.2,1924,False,63.0,118.0,2,0.7645,0.5818,1924,0.0,0.0,101.0043,98.8571
755499,obv,BIN,31.71,78.94,False,537,non_circular_flan,expensive,0.0555,0.0036,23,0.4412,0.0316,0.619,0.4338,0.3783,700.1,1989000,False,2.0,1.0,2,0.0767,0.7625,1989000,0.0892,0.0436,99.2697,72.9246
755499,obv,BIN,31.71,78.94,False,541,relief_self_segmentation,cheap,0.0,0.0,0,0.00019,0.2023,0.3194,0.3573,0.3043,20.2,1320,True,105.0,91.0,3,0.4223,0.5654,1320,0.0,0.0,102.8831,97.5638
755499,obv,BIN,31.71,78.94,False,545,relief_self_segmentation,cheap,0.0,0.0,0,0.00037,0.0679,0.0982,0.3324,0.1139,50.7,8249,False,80.0,83.0,4,0.8539,0.292,8249,0.0,0.0,102.5173,98.0364
755499,obv,BIN,31.71,78.94,False,546,relief_self_segmentation,cheap,0.0,0.0,0,0.00051,0.0835,0.1279,0.3169,0.0767,52.1,7320,False,72.0,62.0,3,0.6648,0.3967,7320,0.0,0.0,101.8648,98.2423
755499,obv,BIN,31.71,78.94,False,550,relief_self_segmentation,cheap,0.0,0.0,0,0.00029,0.1411,0.1996,0.2974,0.1036,31.6,4588,False,106.0,32.0,3,0.482,0.3524,4588,0.0,0.0,101.6524,97.922
755499,obv,BIN,31.71,78.94,False,551,relief_self_segmentation,cheap,0.0919,0.0,0,0.00094,0.0727,0.0949,0.2521,0.1888,82.6,16830,False,105.0,86.0,3,0.8373,0.3558,16830,0.0,0.0,102.0114,98.2462
755499,obv,BIN,31.71,78.94,False,552,relief_self_segmentation,cheap,0.0,0.0,0,0.00015,0.1601,0.108,0.2544,0.0,31.1,2100,False,101.0,105.0,2,1.1459,0.4782,2100,0.0,0.0,103.185,98.1717
755499,obv,BIN,31.71,78.94,False,557,relief_self_segmentation,cheap,0.0,0.0,0,0.00038,0.0823,0.1091,0.2936,0.0569,48.9,6670,False,75.0,33.0,4,0.5349,0.3556,6670,0.0,0.0,101.4629,97.8216
755499,obv,BIN,31.71,78.94,False,567,relief_self_segmentation,cheap,0.0,0.0,0,0.00016,0.1514,0.0852,0.2371,0.0,35.9,2511,True,66.0,106.0,3,2.2943,0.4943,2511,0.0,0.0,103.685,98.0795
755499,obv,BIN,31.71,78.94,False,571,relief_self_segmentation,cheap,0.0,0.0,0,0.00017,0.411,0.3272,0.3202,0.0,19.1,855,True,107.0,121.0,3,0.5015,0.7612,855,0.0,0.0,101.2506,97.7284
755499,obv,BIN,31.71,78.94,False,572,relief_self_segmentation,cheap,0.0,0.0,0,0.00028,0.1542,0.2161,0.3067,0.1551,29.7,2961,True,59.0,92.0,3,1.0463,0.378,2961,0.0,0.0,101.7367,98.083
755499,obv,BIN,31.71,78.94,False,573,relief_self_segmentation,cheap,0.0,0.0,0,0.00035,0.1099,0.0944,0.3031,0.25,50.5,4026,True,144.0,86.0,3,1.0077,0.441,4026,0.0,0.0,101.5238,98.0143
755499,obv,BIN,31.71,78.94,False,575,relief_self_segmentation,cheap,0.0,0.0,0,0.00118,0.0526,0.0979,0.3259,0.0915,91.1,17958,True,67.0,65.0,3,1.3395,0.3502,17958,0.0,0.0,101.0572,97.6413
755499,obv,BIN,31.71,78.94,False,580,relief_self_segmentation,cheap,0.0,0.0,0,0.00015,0.2505,0.1305,0.0,0.0,28.5,1156,True,167.0,150.0,1,0.6369,0.7562,1156,0.0,0.0,102.5685,97.5443
755499,obv,BIN,31.71,78.94,False,583,relief_self_segmentation,cheap,0.0,0.0,0,0.00038,0.1639,0.1864,0.3076,0.0556,37.3,3827,True,49.0,77.0,3,0.6649,0.4504,3827,0.0,0.0,101.8472,98.0251
755499,obv,BIN,31.71,78.94,False,584,relief_self_segmentation,cheap,0.0,0.0,0,0.00018,0.1418,0.1694,0.3092,0.0,27.2,2666,True,81.0,60.0,4,0.8435,0.3491,2666,0.0,0.0,100.9832,97.6218
755499,rev,BIN,29.98,78.95,False,6,sub_coin_noise_blob,cheap,0.0,0.0,0,0.0002,0.2466,0.1741,0.2673,0.0,28.0,2622,False,88.0,89.0,2,0.8954,0.5898,2622,0.0,0.0,67.1947,62.3315
755499,rev,BIN,29.98,78.95,False,18,sub_coin_noise_blob,cheap,0.0,0.0,0,0.0002,0.2782,0.2274,0.2976,0.0,24.4,1800,False,79.0,46.0,5,0.4845,0.6004,1800,0.0,0.0,77.5391,75.1153
755499,rev,BIN,29.98,78.95,False,166,relief_self_segmentation,cheap,0.0,0.0,0,0.00022,0.0806,0.1571,0.3525,0.0,31.0,3519,False,88.0,64.0,5,0.6343,0.2954,3519,0.0,0.0,98.9103,94.5897
755499,rev,BIN,29.98,78.95,False,270,non_circular_flan,expensive,0.1183,0.0073,40,0.35189,0.086,0.7191,0.5253,0.6308,580.0,1683464,False,0.0,13.0,8,0.086,0.8629,1683464,0.0749,0.0441,110.6098,76.4065
755500,obv,BIN,30.24,78.94,False,8,sub_coin_noise_blob,cheap,0.0,0.0,0,0.00019,0.2,0.2044,0.3224,0.0,25.3,2322,False,90.0,92.0,3,0.6337,0.4812,2322,0.0,0.0,67.2615,63.5612
755500,obv,BIN,30.24,78.94,False,9,sub_coin_noise_blob,cheap,0.0,0.0,0,0.00103,0.2075,0.1785,0.3232,0.0,62.9,12771,False,85.0,97.0,2,0.8915,0.578,12771,0.1829,0.0848,64.4815,51.2223
755500,obv,BIN,30.24,78.94,False,24,sub_coin_noise_blob,cheap,0.0,0.0,0,0.00074,0.2288,0.214,0.3427,0.0,48.8,7416,False,55.0,90.0,2,0.7006,0.603,7416,0.0326,0.0,76.4956,69.9281
755500,obv,BIN,30.24,78.94,False,69,relief_self_segmentation,cheap,0.0,0.0,0,0.00014,0.3242,0.3666,0.3321,0.0,16.3,1178,False,77.0,72.0,5,0.4658,0.5732,1178,0.0,0.0,97.4432,92.6392
755500,obv,BIN,30.24,78.94,False,148,relief_self_segmentation,cheap,0.0,0.0,0,0.00055,0.0341,0.0334,0.312,0.7528,106.4,42550,False,143.0,58.0,2,3.9822,0.1249,42550,0.01,0.0005,114.1814,93.1976
755500,obv,BIN,30.24,78.94,False,219,relief_self_segmentation,cheap,0.1107,0.0,0,0.00083,0.1,0.156,0.4072,0.4961,60.4,13200,False,74.0,60.0,4,0.4456,0.4503,13200,0.0026,0.0,100.2641,90.6492
755500,obv,BIN,30.24,78.94,False,245,relief_self_segmentation,cheap,0.0,0.0,0,0.00033,0.1392,0.1121,0.2568,0.0,44.7,5917,False,131.0,80.0,3,0.8261,0.4449,5917,0.0002,0.0,101.7629,94.4523
755500,rev,BIN,27.68,78.95,False,4,sub_coin_noise_blob,cheap,0.0,0.0,0,0.00014,0.2242,0.1552,0.2609,0.0,25.1,2100,False,75.0,69.0,2,0.9076,0.5541,2100,0.0,0.0,68.0522,61.0594
755500,rev,BIN,27.68,78.95,False,45,relief_self_segmentation,cheap,0.0,0.0,0,0.00084,0.1162,0.3208,0.3596,0.0267,42.5,6975,False,41.0,28.0,4,0.2472,0.462,6975,0.0,0.0,95.6119,91.5772
755500,rev,BIN,27.68,78.95,False,166,relief_self_segmentation,cheap,0.0,0.0,0,0.00025,0.3936,0.4005,0.3664,0.2411,20.7,1813,False,76.0,24.0,5,0.3411,0.6708,1813,0.0,0.0,99.5697,96.1181
755500,rev,BIN,27.68,78.95,False,189,low_contrast_coastline,expensive,0.1258,0.0089,36,0.32516,0.4213,0.8348,0.6195,0.8997,517.5,1407205,False,0.0,0.0,0,0.0333,0.9585,1407205,0.1535,0.0545,112.7209,70.4809
755500,rev,BIN,27.68,78.95,False,194,relief_self_segmentation,cheap,0.0,0.0,0,0.00019,0.1985,0.1092,0.2494,0.4638,34.9,3397,False,111.0,126.0,2,2.267,0.6466,3397,0.0,0.0,103.6748,95.4976
755501,obv,BIN,30.21,78.94,False,8,sub_coin_noise_blob,cheap,0.0,0.0,0,0.00034,0.294,0.307,0.3214,0.0,27.5,3213,False,76.0,59.0,5,0.5451,0.6429,3213,0.0208,0.0,65.2363,58.9893
755501,obv,BIN,30.21,78.94,False,13,sub_coin_noise_blob,cheap,0.0,0.0,0,0.00024,0.239,0.159,0.2618,0.0,32.3,3456,False,87.0,90.0,2,0.9935,0.5956,3456,0.029,0.0,67.6017,60.6654
755501,obv,BIN,30.21,78.94,False,26,sub_coin_noise_blob,cheap,0.0,0.0,0,0.0008,0.1118,0.1061,0.2731,0.0,71.8,14535,False,87.0,98.0,2,1.6067,0.4557,14535,0.1782,0.0068,76.9139,63.9557
755501,obv,BIN,30.21,78.94,False,65,relief_self_segmentation,cheap,0.0,0.0,0,0.00052,0.099,0.2243,0.3505,0.0,39.7,6570,False,61.0,36.0,4,0.332,0.3765,6570,0.0,0.0,96.1937,91.3547
755501,obv,BIN,30.21,78.94,False,77,relief_self_segmentation,cheap,0.0,0.0,0,0.00014,0.2538,0.1888,0.3004,0.0,22.5,1404,False,85.0,61.0,2,0.7205,0.5601,1404,0.0,0.0,98.565,91.219
755501,obv,BIN,30.21,78.94,False,180,low_contrast_coastline,expensive,0.2859,0.0581,50,0.34535,0.3249,0.8461,0.6045,0.7828,529.8,1477434,False,0.0,0.0,0,0.0304,0.9431,1477434,0.1132,0.054,101.0976,75.799
755501,obv,BIN,30.21,78.94,False,184,relief_self_segmentation,cheap,0.0,0.0,0,0.00029,0.2092,0.1513,0.2764,0.3333,36.1,3969,False,105.0,101.0,2,1.1875,0.5623,3969,0.0,0.0,102.2386,95.6626
755501,obv,BIN,30.21,78.94,False,211,relief_self_segmentation,cheap,0.0,0.0,0,0.00014,0.1097,0.0838,0.2882,0.2885,34.0,2730,False,111.0,58.0,3,1.5347,0.3813,2730,0.0,0.0,103.8312,96.9244
755501,rev,BIN,29.68,78.95,False,31,sub_coin_noise_blob,cheap,0.0,0.0,0,0.00039,0.2688,0.2013,0.5018,1.0,36.5,4187,False,62.0,73.0,3,0.6783,0.6303,4187,0.0048,0.0,117.2037,91.2999
755501,rev,BIN,29.68,78.95,False,43,sub_coin_noise_blob,cheap,0.0848,0.0,0,0.00125,0.136,0.124,0.4385,1.0,83.2,20475,False,70.0,68.0,3,0.6742,0.5841,20475,0.0083,0.0006,114.5151,97.4221
755502,obv,BIN,30.92,78.94,False,15,sub_coin_noise_blob,cheap,0.0,0.0,0,0.00177,0.218,0.2068,0.3484,0.0,76.7,19836,False,78.0,94.0,3,0.7316,0.6449,19836,0.248,0.1304,64.1183,46.323
755502,obv,BIN,30.92,78.94,False,17,sub_coin_noise_blob,cheap,0.0,0.0,0,0.0033,0.2191,0.2004,0.3813,0.0,106.4,31960,False,100.0,54.0,5,0.4627,0.7236,31960,0.1932,0.104,64.5782,51.5674
755502,obv,BIN,30.92,78.94,False,36,sub_coin_noise_blob,cheap,0.0304,0.0,0,0.00165,0.1095,0.2072,0.341,0.0,74.1,19520,False,106.0,77.0,4,0.6794,0.4954,19520,0.1528,0.0095,76.8558,64.3134
755502,obv,BIN,30.92,78.94,False,40,sub_coin_noise_blob,cheap,0.0,0.0,0,0.00318,0.1702,0.2772,0.3954,0.0,88.8,31126,False,70.0,75.0,3,0.6301,0.5981,31126,0.1571,0.0385,76.0947,62.3597
755502,obv,BIN,30.92,78.94,False,45,sub_coin_noise_blob,cheap,0.0,0.0,0,0.00016,0.2349,0.1813,0.2997,0.0,24.3,1456,False,125.0,56.0,4,0.4242,0.5626,1456,0.0,0.0,84.8168,79.6555
755502,obv,BIN,30.92,78.94,False,46,sub_coin_noise_blob,cheap,0.0,0.0,0,0.00025,0.4448,0.2798,0.3437,0.0,24.6,1767,False,55.0,84.0,2,0.5189,0.8144,1767,0.0,0.0,83.8462,79.6043
755502,obv,BIN,30.92,78.94,False,109,relief_self_segmentation,cheap,0.0,0.0,0,0.00016,0.266,0.2801,0.3184,0.0841,19.6,1672,False,102.0,74.0,2,0.5944,0.5318,1672,0.0,0.0,93.5674,89.9248
755502,obv,BIN,30.92,78.94,False,323,low_contrast_coastline,expensive,0.0915,0.0122,21,0.31345,0.2039,0.8493,0.6007,0.9993,503.8,1370016,False,0.0,0.0,0,0.0498,0.9284,1370016,0.0865,0.042,107.1714,70.9716
755502,obv,BIN,30.92,78.94,False,499,multi_object_weld,expensive,0.0584,0.0081,3,0.06444,0.0293,0.1241,0.3599,0.1852,597.5,963648,False,123.0,52.0,2,0.5957,0.3266,963648,0.0108,0.0006,96.0792,101.1006
755502,obv,BIN,30.92,78.94,False,558,relief_self_segmentation,cheap,0.0,0.0,0,0.00017,0.1473,0.2347,0.3305,0.6149,22.0,2300,False,77.0,26.0,6,0.3613,0.3736,2300,0.0,0.0,103.0301,98.6817
755502,obv,BIN,30.92,78.94,False,608,relief_self_segmentation,cheap,0.0,0.0,0,0.00021,0.2984,0.1938,0.3266,0.395,27.0,1820,False,87.0,81.0,2,0.6579,0.6797,1820,0.0,0.0,103.9505,96.7161
755502,obv,BIN,30.92,78.94,False,627,relief_self_segmentation,cheap,0.0,0.0,0,0.00016,0.1537,0.0905,0.2508,0.2374,35.3,3564,False,118.0,104.0,2,1.6127,0.5072,3564,0.0,0.0,104.2033,97.6922
755502,obv,BIN,30.92,78.94,False,647,relief_self_segmentation,cheap,0.0,0.0,0,0.00037,0.0639,0.0871,0.2734,0.409,54.0,7869,False,101.0,78.0,3,1.3727,0.3079,7869,0.0,0.0,104.4835,98.0531
755502,rev,BIN,29.97,78.95,False,8,sub_coin_noise_blob,cheap,0.0,0.0,0,0.00251,0.2089,0.2443,0.3545,0.0,84.1,23808,False,90.0,66.0,5,0.5442,0.6935,23808,0.2177,0.168,64.0856,44.6711
755502,rev,BIN,29.97,78.95,False,10,sub_coin_noise_blob,cheap,0.0,0.0,0,0.00227,0.1982,0.1722,0.3531,0.0,95.1,25498,False,94.0,89.0,2,0.5841,0.6608,25498,0.1789,0.1145,64.8289,49.692
755502,rev,BIN,29.97,78.95,False,26,sub_coin_noise_blob,cheap,0.0,0.0,0,0.00249,0.218,0.2513,0.361,0.0,82.5,23058,False,51.0,69.0,3,0.7068,0.623,23058,0.2034,0.014,75.5584,60.9706
755502,rev,BIN,29.97,78.95,False,28,sub_coin_noise_blob,cheap,0.0,0.0,0,0.00285,0.1842,0.2688,0.3904,0.0,85.4,26640,False,80.0,86.0,3,0.6454,0.6008,26640,0.1589,0.0194,75.6986,62.209
755502,rev,BIN,29.97,78.95,False,89,relief_self_segmentation,cheap,0.0,0.0,0,0.00026,0.2194,0.2197,0.2876,0.0,28.7,3120,False,92.0,83.0,3,0.6806,0.4882,3120,0.0,0.0,94.7944,90.2837
755502,rev,BIN,29.97,78.95,False,133,relief_self_segmentation,cheap,0.0564,0.0,0,0.00222,0.1195,0.283,0.3415,0.0299,73.5,22914,False,50.0,32.0,4,0.3166,0.4756,22914,0.0034,0.0,94.7742,90.8109
755502,rev,BIN,29.97,78.95,False,174,relief_self_segmentation,cheap,0.0,0.0,0,0.00058,0.1813,0.2276,0.3426,0.0,41.9,5856,False,95.0,47.0,5,0.4947,0.5423,5856,0.0,0.0,98.2056,93.7167
755502,rev,BIN,29.97,78.95,False,230,relief_self_segmentation,cheap,0.0,0.0,0,0.00014,0.1461,0.1176,0.279,0.0,29.0,2640,False,117.0,89.0,2,0.9354,0.3664,2640,0.0,0.0,101.5932,95.8349
755502,rev,BIN,29.97,78.95,False,271,relief_self_segmentation,cheap,0.0,0.0,0,0.00017,0.121,0.1012,0.2728,0.0,34.2,2835,False,106.0,51.0,3,0.6812,0.3804,2835,0.0,0.0,101.8706,96.6393
755502,rev,BIN,29.97,78.95,False,361,relief_self_segmentation,cheap,0.0,0.0,0,0.00018,0.1409,0.0795,0.241,0.0,39.5,3220,False,105.0,123.0,2,1.9031,0.5176,3220,0.0,0.0,103.9302,96.9896
755502,rev,BIN,29.97,78.95,False,381,non_circular_flan,expensive,0.0971,0.0112,36,0.37922,0.0781,0.7306,0.531,0.6022,597.4,1731456,False,2.0,4.0,11,0.0733,0.8558,1731456,0.0699,0.0276,109.5969,80.9938
755502,rev,BIN,29.97,78.95,False,495,relief_self_segmentation,cheap,0.0,0.0,0,0.00018,0.2358,0.1614,0.3289,0.4113,27.5,1848,False,111.0,88.0,3,0.6829,0.6009,1848,0.0,0.0,104.4183,96.9009
755502,rev,BIN,29.97,78.95,False,511,relief_self_segmentation,cheap,0.0,0.0,0,0.00018,0.1205,0.132,0.3255,0.5057,31.0,2700,False,88.0,74.0,2,0.4649,0.4182,2700,0.0,0.0,105.8265,97.5032
755503,obv,BIN,31.25,78.94,False,18,sub_coin_noise_blob,cheap,0.0,0.0,0,0.00064,0.1456,0.1409,0.2763,0.0,56.0,10912,False,102.0,88.0,3,1.0619,0.4674,10912,0.1703,0.0887,64.6347,51.2382
755503,obv,BIN,31.25,78.94,False,20,sub_coin_noise_blob,cheap,0.0,0.0,0,0.00191,0.2642,0.206,0.3554,0.0,79.8,18810,False,59.0,82.0,3,0.6066,0.7045,18810,0.1922,0.0931,64.7702,51.0498
755503,obv,BIN,31.25,78.94,False,37,sub_coin_noise_blob,cheap,0.0,0.0,0,0.00098,0.0772,0.125,0.3491,0.0,73.4,18880,False,52.0,57.0,3,0.9944,0.3529,18880,0.1764,0.0138,76.589,63.3919
755503,obv,BIN,31.25,78.94,False,45,attached_artifact,cheap,0.0213,0.0,0,0.00502,0.2012,0.2325,0.3394,0.0,121.9,47472,False,98.0,71.0,4,0.6315,0.6955,47472,0.1748,0.0304,76.5034,65.9134
755503,obv,BIN,31.25,78.94,False,58,sub_coin_noise_blob,cheap,0.0,0.0,0,0.00025,0.3778,0.3768,0.385,0.0,21.2,1764,False,54.0,29.0,7,0.2597,0.7073,1764,0.0,0.0,86.0646,83.6421
755503,obv,BIN,31.25,78.94,False,75,relief_self_segmentation,cheap,0.0,0.0,0,0.0003,0.3784,0.4284,0.3684,0.0,22.1,1936,False,48.0,41.0,5,0.3135,0.6839,1936,0.0,0.0,89.2134,87.0762
755503,obv,BIN,31.25,78.94,False,298,relief_self_segmentation,cheap,0.0,0.0,0,0.00023,0.1272,0.2696,0.3381,0.0753,24.3,2491,False,69.0,63.0,4,0.3065,0.3684,2491,0.0,0.0,100.5261,97.5078
755503,obv,BIN,31.25,78.94,False,366,relief_self_segmentation,expensive,0.1382,0.012,45,0.41448,0.1165,0.7565,0.5331,0.3595,613.8,1875920,False,0.0,1.0,1,0.0501,0.8963,1875920,0.1013,0.0202,93.966,81.5489
755503,obv,BIN,31.25,78.94,False,486,relief_self_segmentation,cheap,0.0,0.0,0,0.00019,0.1275,0.138,0.3332,0.6154,30.5,2664,False,90.0,64.0,2,0.4292,0.4339,2664,0.0,0.0,105.6423,97.4884
755503,rev,BIN,29.7,78.95,False,18,sub_coin_noise_blob,cheap,0.0,0.0,0,0.00195,0.2459,0.2205,0.3595,0.0,77.9,18639,False,95.0,65.0,4,0.586,0.6983,18639,0.2235,0.1098,64.4826,47.8277
755503,rev,BIN,29.7,78.95,False,19,sub_coin_noise_blob,cheap,0.0,0.0,0,0.00143,0.1745,0.1696,0.3426,0.0,76.3,18683,False,85.0,68.0,4,0.8477,0.6295,18683,0.169,0.0835,64.5009,51.4505
755503,rev,BIN,29.7,78.95,False,34,sub_coin_noise_blob,cheap,0.0349,0.0,0,0.0027,0.1992,0.2691,0.3869,0.0,83.1,24656,False,69.0,81.0,3,0.5646,0.6642,24656,0.1335,0.01,75.9086,64.7778
755503,rev,BIN,29.7,78.95,False,35,sub_coin_noise_blob,cheap,0.0,0.0,0,0.00231,0.1969,0.1997,0.3157,0.0,89.1,25986,False,88.0,55.0,3,0.6221,0.6619,25986,0.2061,0.0129,75.9975,64.7953
755503,rev,BIN,29.7,78.95,False,40,sub_coin_noise_blob,cheap,0.0,0.0,0,0.00016,0.3322,0.3297,0.3195,0.0,18.3,1134,False,80.0,77.0,4,0.4696,0.6251,1134,0.0,0.0,84.6131,79.7557
755503,rev,BIN,29.7,78.95,False,80,relief_self_segmentation,cheap,0.0,0.0,0,0.00031,0.2529,0.2561,0.299,0.0,28.8,3294,False,87.0,75.0,3,0.6705,0.5399,3294,0.0,0.0,94.5074,90.158
755503,rev,BIN,29.7,78.95,False,99,relief_self_segmentation,cheap,0.0748,0.0,0,0.00136,0.1668,0.188,0.3392,0.027,70.5,14904,False,36.0,52.0,7,0.3633,0.5429,14904,0.0053,0.0002,94.3453,90.9527
755503,rev,BIN,29.7,78.95,False,110,relief_self_segmentation,cheap,0.0,0.0,0,0.00036,0.1961,0.1844,0.3204,0.0,36.8,4224,False,90.0,93.0,3,0.8785,0.5113,4224,0.0,0.0,96.9205,93.1673
755503,rev,BIN,29.7,78.95,False,250,relief_self_segmentation,cheap,0.0,0.0,0,0.00016,0.3283,0.2822,0.3308,0.0,19.5,1305,False,68.0,53.0,3,0.4393,0.6179,1305,0.0,0.0,100.1856,95.5722
755503,rev,BIN,29.7,78.95,False,305,low_contrast_coastline,expensive,0.1394,0.0074,51,0.38899,0.2251,0.8263,0.5696,0.4544,568.9,1625000,False,0.0,0.0,0,0.0441,0.9224,1625000,0.095,0.0155,93.7877,81.1295
755504,obv,BIN,32.22,78.94,False,8,sub_coin_noise_blob,cheap,0.0,0.0,0,0.00067,0.1391,0.114,0.2577,0.0,63.6,13464,False,127.0,79.0,2,1.9793,0.4815,13464,0.1463,0.0937,65.6966,52.7856
755504,obv,BIN,32.22,78.94,False,10,sub_coin_noise_blob,cheap,0.0,0.0,0,0.00276,0.1994,0.1691,0.3015,0.0,106.0,32585,False,94.0,73.0,3,0.7762,0.6523,32585,0.2137,0.1371,64.0918,49.1297
755504,obv,BIN,32.22,78.94,False,19,sub_coin_noise_blob,cheap,0.0,0.0,0,0.00089,0.229,0.3046,0.307,0.0,44.7,8190,False,88.0,72.0,2,0.5413,0.5599,8190,0.0421,0.0,74.72,68.0683
755504,obv,BIN,32.22,78.94,False,29,sub_coin_noise_blob,cheap,0.0,0.0,0,0.00153,0.148,0.1609,0.3319,0.0,80.8,18975,False,65.0,87.0,2,0.9627,0.5002,18975,0.1579,0.0382,75.1536,63.3868
755504,obv,BIN,32.22,78.94,False,231,relief_self_segmentation,cheap,0.0,0.0,0,0.00015,0.1014,0.0598,0.2438,0.3252,41.6,3500,False,72.0,116.0,3,2.4204,0.4087,3500,0.0,0.0,104.236,97.2829
755504,obv,BIN,32.22,78.94,False,232,relief_self_segmentation,cheap,0.0,0.0,0,0.00024,0.1186,0.0873,0.2549,0.0,43.8,4326,False,123.0,105.0,2,3.0677,0.4311,4326,0.0,0.0,102.4286,96.3919
755504,obv,BIN,32.22,78.94,False,267,relief_self_segmentation,cheap,0.0,0.0,0,0.00016,0.1316,0.2807,0.3536,0.0,19.8,2208,False,52.0,24.0,5,0.311,0.3775,2208,0.0,0.0,101.6282,97.3296
755504,obv,BIN,32.22,78.94,False,289,low_contrast_coastline,expensive,0.1857,0.0225,67,0.39749,0.1776,0.7932,0.5572,0.4933,587.0,1731792,False,0.0,2.0,2,0.0486,0.9004,1731792,0.0674,0.0114,94.2553,85.5551
755504,rev,BIN,31.11,78.95,False,6,sub_coin_noise_blob,cheap,0.0,0.0,0,0.00017,0.458,0.4456,0.3867,0.0,16.4,1131,False,56.0,58.0,4,0.2853,0.7399,1131,0.0,0.0,65.2476,60.8225
755504,rev,BIN,31.11,78.95,False,10,sub_coin_noise_blob,cheap,0.0,0.0,0,0.00085,0.1515,0.1964,0.3443,0.0,54.6,9976,False,73.0,60.0,5,0.5511,0.5617,9976,0.0644,0.0,66.2011,60.3998
755504,rev,BIN,31.11,78.95,False,29,sub_coin_noise_blob,cheap,0.0,0.0,0,0.00169,0.1807,0.1722,0.3642,0.0,82.2,20060,False,71.0,89.0,3,1.0003,0.5352,20060,0.1826,0.0251,74.9726,62.9306
755504,rev,BIN,31.11,78.95,False,33,sub_coin_noise_blob,cheap,0.0,0.0,0,0.00118,0.111,0.1245,0.3258,0.0,80.8,21812,False,101.0,71.0,2,0.9528,0.4936,21812,0.1855,0.0257,77.3475,65.7003
755504,rev,BIN,31.11,78.95,False,71,relief_self_segmentation,cheap,0.0,0.0,0,0.0002,0.3233,0.3675,0.3575,0.0,19.2,1710,False,83.0,75.0,3,0.3739,0.6057,1710,0.0,0.0,93.1883,88.774
755504,rev,BIN,31.11,78.95,False,180,relief_self_segmentation,cheap,0.0,0.0,0,0.00014,0.126,0.1589,0.3257,0.0,24.6,2400,False,102.0,60.0,4,0.5354,0.3853,2400,0.0,0.0,100.1117,96.6669
755504,rev,BIN,31.11,78.95,False,258,relief_self_segmentation,expensive,0.193,0.0425,53,0.43151,0.1705,0.7906,0.5304,0.3257,612.6,1910166,False,0.0,1.0,2,0.0461,0.9113,1910166,0.0784,0.0171,88.9641,85.0741
755505,obv,BIN,30.87,78.94,False,5,sub_coin_noise_blob,cheap,0.0,0.0,0,0.00029,0.2686,0.1885,0.2633,0.0,32.3,3456,False,82.0,91.0,2,0.8902,0.6297,3456,0.0087,0.0,67.8929,61.7514
755505,obv,BIN,30.87,78.94,False,14,sub_coin_noise_blob,cheap,0.0,0.0,0,0.00038,0.2269,0.2148,0.3296,0.0,34.7,3660,False,69.0,49.0,4,0.5055,0.5443,3660,0.0,0.0,76.802,73.0081
755505,obv,BIN,30.87,78.94,False,63,relief_self_segmentation,cheap,0.0,0.0,0,0.0002,0.3679,0.3936,0.3771,0.0,18.5,1512,False,64.0,41.0,6,0.3198,0.6254,1512,0.0,0.0,95.1118,91.4926
755505,obv,BIN,30.87,78.94,False,71,relief_self_segmentation,cheap,0.0,0.0,0,0.00053,0.0632,0.1843,0.3495,0.0,44.5,7200,False,39.0,36.0,9,0.3772,0.3155,7200,0.0,0.0,96.946,91.8115
755505,obv,BIN,30.87,78.94,False,73,relief_self_segmentation,cheap,0.0,0.0,0,0.00015,0.1369,0.0911,0.2513,0.14,34.1,2673,False,103.0,87.0,2,0.8266,0.4203,2673,0.0,0.0,97.3796,92.3015
755505,obv,BIN,30.87,78.94,False,147,relief_self_segmentation,cheap,0.0,0.0,0,0.00091,0.0343,0.0418,0.3984,0.6765,122.4,43845,False,105.0,81.0,5,1.2395,0.1994,43845,0.0409,0.0099,105.6471,89.8531
755505,obv,BIN,30.87,78.94,False,183,relief_self_segmentation,cheap,0.0,0.0,0,0.00046,0.0724,0.0897,0.2699,0.0831,59.6,11844,False,121.0,47.0,3,1.6034,0.2609,11844,0.0002,0.0,100.101,95.2208
755505,obv,BIN,30.87,78.94,False,189,relief_self_segmentation,cheap,0.0,0.0,0,0.0007,0.2187,0.305,0.4282,0.4204,39.7,6525,False,50.0,32.0,7,0.3048,0.6006,6525,0.006,0.0,97.4905,92.8039
755505,obv,BIN,30.87,78.94,False,193,relief_self_segmentation,cheap,0.0,0.0,0,0.00047,0.07,0.1921,0.3514,0.1826,40.8,7007,False,58.0,49.0,6,0.3889,0.3452,7007,0.006,0.0,99.0491,92.4938
755505,obv,BIN,30.87,78.94,False,200,relief_self_segmentation,cheap,0.0,0.0,0,0.00078,0.2343,0.1769,0.2819,0.1673,55.0,8424,False,113.0,70.0,4,0.8073,0.6451,8424,0.0372,0.006,98.5608,88.0748
755505,obv,BIN,30.87,78.94,False,215,relief_self_segmentation,cheap,0.0569,0.0,0,0.01275,0.0919,0.1476,0.3641,0.1007,243.7,165005,False,109.0,86.0,4,0.8083,0.5706,165005,0.0343,0.0067,96.5433,93.6978
755505,obv,BIN,30.87,78.94,False,221,relief_self_segmentation,cheap,0.0,0.0,0,0.00016,0.3048,0.277,0.3293,0.16,19.8,1305,False,71.0,58.0,4,0.4757,0.5789,1305,0.0,0.0,99.9109,95.6514
755505,obv,BIN,30.87,78.94,False,232,relief_self_segmentation,cheap,0.0,0.0,0,0.00023,0.1396,0.1223,0.32,0.2626,35.6,3483,False,102.0,85.0,5,1.1232,0.4207,3483,0.0,0.0,102.7348,96.7232
755505,obv,BIN,30.87,78.94,False,233,relief_self_segmentation,cheap,0.0,0.0,0,0.00015,0.1588,0.2604,0.3224,0.0,19.6,1872,False,68.0,53.0,4,0.3699,0.3861,1872,0.0,0.0,101.5561,97.2338
755505,rev,BIN,31.08,78.95,False,7,sub_coin_noise_blob,cheap,0.0,0.0,0,0.00015,0.1805,0.3055,0.3425,0.0,18.7,1596,False,50.0,80.0,3,0.4928,0.4297,1596,0.0,0.0,76.515,73.979
755505,rev,BIN,31.08,78.95,False,52,relief_self_segmentation,cheap,0.0,0.0,0,0.001,0.1393,0.3566,0.3666,0.0749,43.9,7566,False,25.0,31.0,5,0.22,0.5375,7566,0.0,0.0,95.1655,91.2043
755505,rev,BIN,31.08,78.95,False,60,relief_self_segmentation,cheap,0.0,0.0,0,0.00019,0.174,0.1224,0.2527,0.0403,32.6,2496,False,86.0,87.0,3,1.086,0.5254,2496,0.0,0.0,98.7562,91.6356
755505,rev,BIN,31.08,78.95,False,62,relief_self_segmentation,cheap,0.0,0.0,0,0.00019,0.1584,0.1512,0.2713,0.0,29.3,2760,False,97.0,105.0,2,1.0347,0.4042,2760,0.0,0.0,98.1691,93.2347
755505,rev,BIN,31.08,78.95,False,176,relief_self_segmentation,cheap,0.0,0.0,0,0.00058,0.2672,0.1859,0.2634,0.0,46.3,6363,False,101.0,41.0,5,0.5961,0.6389,6363,0.0002,0.0,100.2721,94.0427
755505,rev,BIN,31.08,78.95,False,181,low_contrast_coastline,expensive,0.1693,0.0099,61,0.33802,0.1306,0.7468,0.608,0.7992,557.8,1511250,False,0.0,6.0,3,0.0557,0.8991,1511250,0.0592,0.0305,105.9847,81.1779
755505,rev,BIN,31.08,78.95,False,213,relief_self_segmentation,cheap,0.0,0.0,0,0.00026,0.0838,0.0871,0.3103,0.2573,45.1,5559,False,105.0,52.0,5,0.9228,0.3415,5559,0.0,0.0,102.6627,97.1066
755506,obv,BIN,30.96,78.94,False,24,sub_coin_noise_blob,cheap,0.0,0.0,0,0.00333,0.1921,0.1694,0.3062,0.0,116.3,38220,False,98.0,43.0,3,0.6132,0.6754,38220,0.1514,0.1332,63.7555,54.7117
755506,obv,BIN,30.96,78.94,False,50,sub_coin_noise_blob,cheap,0.0,0.0,0,0.00295,0.1565,0.161,0.3209,0.0,112.2,36815,False,106.0,72.0,4,0.7503,0.6232,36815,0.1038,0.044,75.2419,66.8013
755506,obv,BIN,30.96,78.94,False,69,sub_coin_noise_blob,cheap,0.0,0.0,0,0.00017,0.1196,0.1519,0.319,0.0,27.7,2405,False,101.0,58.0,4,0.5846,0.3434,2405,0.0,0.0,84.6526,76.5637
755506,obv,BIN,30.96,78.94,False,72,attached_artifact,cheap,0.0304,0.0,0,0.01277,0.0618,0.0852,0.3645,0.0,321.1,315262,False,150.0,46.0,3,1.2701,0.3694,315262,0.0633,0.0362,70.4923,76.5915
755506,obv,BIN,30.96,78.94,False,95,relief_self_segmentation,cheap,0.0,0.0,0,0.00025,0.0654,0.0905,0.2923,0.0504,43.4,7178,False,109.0,92.0,2,1.4865,0.2319,7178,0.0,0.0,89.2981,83.8339
755506,obv,BIN,30.96,78.94,False,108,relief_self_segmentation,cheap,0.0,0.0,0,0.00016,0.1407,0.1021,0.2542,0.0,32.9,3312,False,103.0,44.0,4,0.9341,0.4098,3312,0.0,0.0,91.2322,83.8958
755506,obv,BIN,30.96,78.94,False,148,relief_self_segmentation,cheap,0.1165,0.0,0,0.00372,0.0671,0.2194,0.3976,0.0724,108.0,43602,False,102.0,59.0,5,0.6465,0.4454,43602,0.0373,0.0027,88.579,78.563
755506,obv,BIN,30.96,78.94,False,225,relief_self_segmentation,cheap,0.0,0.0,0,0.00059,0.2577,0.2977,0.5129,1.0,36.9,4543,False,81.0,63.0,3,0.4506,0.5662,4543,0.0134,0.0,91.7429,70.4582
755506,obv,BIN,30.96,78.94,False,238,relief_self_segmentation,cheap,0.0,0.0,0,0.0002,0.1763,0.2378,0.3289,0.1973,23.9,1976,True,115.0,57.0,4,0.5297,0.5129,1976,0.0,0.0,97.9344,94.4648
755506,obv,BIN,30.96,78.94,False,255,sub_coin_noise_blob,cheap,0.0,0.0,0,0.00017,0.1122,0.1039,0.3891,1.0,34.0,3871,False,99.0,100.0,2,2.0969,0.3235,3871,0.0098,0.0,85.4212,69.6928
755506,obv,BIN,30.96,78.94,False,262,relief_self_segmentation,cheap,0.0,0.0,0,0.00093,0.3325,0.4288,0.5625,1.0,38.6,6162,False,60.0,22.0,6,0.2559,0.6664,6162,0.1132,0.0033,87.5231,61.8747
755506,obv,BIN,30.96,78.94,False,274,sub_coin_noise_blob,cheap,0.0,0.0,0,0.00019,0.2332,0.3048,0.464,1.0,20.8,1920,False,78.0,62.0,3,0.2966,0.5105,1920,0.0216,0.0,82.9224,66.9009
755506,obv,BIN,30.96,78.94,False,275,relief_self_segmentation,cheap,0.0,0.0,0,0.00046,0.0659,0.1007,0.3315,0.1393,56.0,10260,True,57.0,87.0,2,1.2813,0.3047,10260,0.0,0.0,99.3859,94.5033
755506,obv,BIN,30.96,78.94,False,314,relief_self_segmentation,cheap,0.0,0.0,0,0.00025,0.1388,0.2039,0.3005,0.0,29.3,4160,False,76.0,57.0,5,0.6468,0.3702,4160,0.0,0.0,99.1502,95.4502
755506,obv,BIN,30.96,78.94,False,327,relief_self_segmentation,cheap,0.0,0.0,0,0.00047,0.1585,0.1205,0.2612,0.2996,52.0,6840,True,79.0,133.0,3,2.468,0.4574,6840,0.0,0.0,99.7751,95.7183
755506,obv,BIN,30.96,78.94,False,332,relief_self_segmentation,cheap,0.0,0.0,0,0.00018,0.1514,0.1414,0.2902,0.106,29.6,2881,False,76.0,71.0,4,0.7451,0.4074,2881,0.0,0.0,99.8366,95.5136
755506,obv,BIN,30.96,78.94,False,360,relief_self_segmentation,cheap,0.0,0.0,0,0.00027,0.374,0.3323,0.356,0.0678,23.5,1680,False,50.0,67.0,4,0.3352,0.726,1680,0.0,0.0,100.7022,96.316
755506,obv,BIN,30.96,78.94,False,382,relief_self_segmentation,cheap,0.0,0.0,0,0.00026,0.1977,0.2866,0.35,0.0,24.9,2280,False,44.0,43.0,4,0.3986,0.5157,2280,0.0,0.0,100.6458,95.9218
755506,obv,BIN,30.96,78.94,False,383,relief_self_segmentation,cheap,0.0,0.0,0,0.00026,0.2533,0.3454,0.3449,0.1667,22.9,2214,False,42.0,46.0,4,0.3857,0.5721,2214,0.0,0.0,100.1978,95.5276
755506,obv,BIN,30.96,78.94,False,397,relief_self_segmentation,cheap,0.0,0.0,0,0.0004,0.07,0.0591,0.2518,0.0,68.0,9027,False,146.0,66.0,2,2.4267,0.3303,9027,0.0,0.0,101.9922,97.6668
755506,obv,BIN,30.96,78.94,False,399,relief_self_segmentation,cheap,0.0,0.0,0,0.00032,0.1051,0.1337,0.3111,0.0,40.5,5194,False,82.0,61.0,6,0.678,0.3876,5194,0.0,0.0,101.3391,97.2965
755506,obv,BIN,30.96,78.94,False,404,relief_self_segmentation,cheap,0.0,0.0,0,0.00021,0.1666,0.1208,0.2555,0.0,34.5,2856,False,118.0,34.0,4,0.5707,0.5006,2856,0.0,0.0,102.0188,97.6968
755506,obv,BIN,30.96,78.94,False,453,relief_self_segmentation,cheap,0.0,0.0,0,0.00016,0.1327,0.1135,0.2821,0.0,30.9,2847,False,118.0,75.0,2,0.442,0.4008,2847,0.0,0.0,102.3237,98.6874
755506,obv,BIN,30.96,78.94,False,478,relief_self_segmentation,cheap,0.0,0.0,0,0.00046,0.0475,0.0802,0.2717,0.0,62.6,14630,False,90.0,83.0,3,0.734,0.2362,14630,0.0,0.0,102.1796,98.1634
755506,obv,BIN,30.96,78.94,False,479,relief_self_segmentation,cheap,0.0,0.0,0,0.00116,0.0328,0.1355,0.347,0.0121,76.6,24948,False,63.0,52.0,6,0.461,0.2127,24948,0.0,0.0,101.1525,97.6507
755506,obv,BIN,30.96,78.94,False,482,relief_self_segmentation,cheap,0.0,0.0,0,0.00029,0.1876,0.1647,0.308,0.0,34.6,3483,False,80.0,122.0,2,0.9895,0.5204,3483,0.0,0.0,100.9688,98.5473
755506,obv,BIN,30.96,78.94,False,488,relief_self_segmentation,cheap,0.0,0.0,0,0.00015,0.1263,0.0924,0.3161,0.0,33.4,3081,False,64.0,62.0,3,1.142,0.3757,3081,0.0,0.0,103.7313,98.1757
755506,obv,BIN,30.96,78.94,False,498,relief_self_segmentation,cheap,0.2476,0.0,0,0.00031,0.5892,0.4854,0.3535,0.3333,21.0,1435,True,61.0,105.0,3,0.4524,0.8695,1435,0.0,0.0,101.444,97.1959
755506,obv,BIN,30.96,78.94,False,500,relief_self_segmentation,cheap,0.0,0.0,0,0.00075,0.1572,0.1776,0.3431,0.0396,53.9,7560,False,60.0,74.0,2,0.6806,0.5535,7560,0.0,0.0,101.0627,98.1762
755506,obv,BIN,30.96,78.94,False,503,relief_self_segmentation,cheap,0.0815,0.0,0,0.00107,0.0777,0.1056,0.315,0.1731,83.6,17200,False,104.0,77.0,4,0.7396,0.3777,17200,0.0,0.0,101.7661,98.2094
755506,obv,BIN,30.96,78.94,False,511,relief_self_segmentation,cheap,0.0,0.0,0,0.00033,0.0972,0.1584,0.3334,0.0,38.1,4004,True,39.0,63.0,3,0.5494,0.3788,4004,0.0,0.0,101.8677,97.9845
755506,obv,BIN,30.96,78.94,False,512,relief_self_segmentation,cheap,0.0,0.0,0,0.00049,0.0895,0.207,0.3382,0.0652,40.5,7372,True,59.0,53.0,4,0.5243,0.3459,7372,0.0,0.0,101.3596,97.7614
755506,obv,BIN,30.96,78.94,False,513,relief_self_segmentation,cheap,0.0,0.0,0,0.00023,0.1132,0.0608,0.2278,0.0,50.7,4320,True,89.0,125.0,2,2.287,0.4659,4320,0.0,0.0,102.8403,98.3629
755506,obv,BIN,30.96,78.94,False,516,relief_self_segmentation,cheap,0.0,0.0,0,0.00021,0.1307,0.1322,0.279,0.1034,33.4,2772,True,92.0,109.0,2,1.22,0.3784,2772,0.0,0.0,102.6324,97.4269
755506,obv,BIN,30.96,78.94,False,517,relief_self_segmentation,cheap,0.0,0.0,0,0.00019,0.4472,0.3509,0.3223,0.0,19.3,900,True,98.0,107.0,4,0.4803,0.7893,900,0.0,0.0,101.1931,97.4693
755506,obv,BIN,30.96,78.94,False,518,non_circular_flan,expensive,0.1064,0.0094,51,0.45103,0.0413,0.6632,0.4983,0.4632,683.8,1990500,True,0.0,6.0,11,0.1064,0.7844,1990500,0.0794,0.0399,94.8431,77.4277
755506,obv,BIN,30.96,78.94,False,519,relief_self_segmentation,cheap,0.0,0.0,0,0.00163,0.0603,0.108,0.2541,0.0761,101.8,20244,True,76.0,74.0,4,1.2501,0.4277,20244,0.0,0.0,100.7266,97.5784
755506,obv,BIN,30.96,78.94,False,524,relief_self_segmentation,cheap,0.0,0.0,0,0.00018,0.2539,0.1427,0.0,0.0,29.5,1368,True,154.0,149.0,1,0.6427,0.7642,1368,0.0,0.0,102.3121,97.4066
755506,obv,BIN,30.96,78.94,False,526,relief_self_segmentation,cheap,0.0,0.0,0,0.00059,0.0618,0.1358,0.3047,0.0394,54.5,8382,True,75.0,129.0,2,1.0539,0.3195,8382,0.0,0.0,101.2466,97.6663
755506,obv,BIN,30.96,78.94,False,528,relief_self_segmentation,cheap,0.0,0.0,0,0.00043,0.1605,0.1909,0.3194,0.0393,39.3,4092,True,52.0,81.0,2,0.634,0.4795,4092,0.0,0.0,101.6919,97.7748
755506,obv,BIN,30.96,78.94,False,529,relief_self_segmentation,cheap,0.0592,0.0,0,0.0029,0.0216,0.1744,0.3509,0.1267,107.0,37810,True,38.0,52.0,7,0.3928,0.2765,37810,0.0,0.0,101.1628,97.5822
755506,rev,BIN,30.77,78.95,False,15,sub_coin_noise_blob,cheap,0.0,0.0,0,0.00339,0.2226,0.2403,0.3247,0.0,98.5,31302,False,84.0,93.0,4,0.5794,0.7529,31302,0.2145,0.1633,63.5364,45.7147
755506,rev,BIN,30.77,78.95,False,16,sub_coin_noise_blob,cheap,0.0217,0.0,0,0.00337,0.195,0.217,0.3816,0.0,103.3,32109,False,102.0,65.0,6,0.4939,0.7225,32109,0.1694,0.1328,64.5395,50.5682
755506,rev,BIN,30.77,78.95,False,44,sub_coin_noise_blob,cheap,0.0,0.0,0,0.00264,0.151,0.1842,0.3176,0.0,99.2,29876,False,96.0,75.0,3,0.8457,0.5962,29876,0.1865,0.0104,75.6422,63.101
755506,rev,BIN,30.77,78.95,False,46,sub_coin_noise_blob,cheap,0.0,0.0,0,0.00015,0.1959,0.2745,0.3289,0.0,19.2,1638,False,81.0,38.0,4,0.2959,0.4403,1638,0.0,0.0,83.3665,78.7646
755506,rev,BIN,30.77,78.95,False,49,sub_coin_noise_blob,cheap,0.0,0.0,0,0.00494,0.1502,0.2131,0.3404,0.0,126.2,51675,False,103.0,59.0,4,0.5603,0.6398,51675,0.1197,0.0402,76.088,67.9204
755506,rev,BIN,30.77,78.95,False,70,relief_self_segmentation,cheap,0.0,0.0,0,0.00017,0.3932,0.3768,0.366,0.0,17.7,1056,False,25.0,75.0,3,0.3728,0.6761,1056,0.0,0.0,87.0384,84.0468
755506,rev,BIN,30.77,78.95,False,92,relief_self_segmentation,cheap,0.0,0.0,0,0.00014,0.2568,0.2508,0.301,0.0,19.7,1428,False,79.0,76.0,3,0.5814,0.5372,1428,0.0,0.0,90.4011,87.0735
755506,rev,BIN,30.77,78.95,False,318,relief_self_segmentation,cheap,0.0,0.0,0,0.00025,0.2153,0.174,0.2798,0.2792,31.5,2964,False,93.0,60.0,4,0.5503,0.5466,2964,0.0,0.0,99.6232,96.2395
755506,rev,BIN,30.77,78.95,False,354,relief_self_segmentation,cheap,0.0,0.0,0,0.00016,0.373,0.3038,0.3591,0.2021,19.2,1100,False,44.0,52.0,3,0.4115,0.6961,1100,0.0,0.0,101.8321,96.3839
755506,rev,BIN,30.77,78.95,False,361,relief_self_segmentation,cheap,0.0,0.0,0,0.00025,0.31,0.2938,0.3515,0.208,24.0,1870,False,59.0,83.0,2,0.4024,0.6269,1870,0.0,0.0,101.2622,96.516
755506,rev,BIN,30.77,78.95,False,420,relief_self_segmentation,cheap,0.0,0.0,0,0.00014,0.3513,0.1917,0.3051,0.0,22.3,1152,True,72.0,92.0,2,1.1721,0.8463,1152,0.0,0.0,105.5735,96.6906
755506,rev,BIN,30.77,78.95,False,438,relief_self_segmentation,cheap,0.0,0.0,0,0.0002,0.1235,0.0875,0.254,0.5284,39.2,3496,False,120.0,48.0,2,0.5649,0.439,3496,0.0,0.0,103.1621,97.992
755506,rev,BIN,30.77,78.95,False,549,relief_self_segmentation,cheap,0.0,0.0,0,0.00033,0.1025,0.2081,0.368,0.3508,32.9,3657,True,73.0,23.0,4,0.3579,0.383,3657,0.0,0.0,102.383,97.9118
755506,rev,BIN,30.77,78.95,False,551,non_circular_flan,expensive,0.0924,0.0047,42,0.41671,0.0692,0.6713,0.5028,0.4697,653.3,1972500,False,0.0,2.0,10,0.0669,0.8273,1972500,0.0779,0.0309,98.1701,80.1541
755506,rev,BIN,30.77,78.95,False,589,relief_self_segmentation,cheap,0.0,0.0,0,0.00014,0.1832,0.208,0.2893,0.3793,21.6,1924,False,95.0,72.0,3,0.5282,0.4263,1924,0.0,0.0,102.1758,98.4359
755506,rev,BIN,30.77,78.95,False,599,relief_self_segmentation,cheap,0.0,0.0,0,0.00016,0.2401,0.1501,0.311,0.0,26.9,2040,False,78.0,92.0,2,1.3956,0.6137,2040,0.0,0.0,104.1328,97.0058
755506,rev,BIN,30.77,78.95,False,601,relief_self_segmentation,cheap,0.0,0.0,0,0.0005,0.1116,0.0872,0.2628,0.3379,63.0,9513,False,107.0,48.0,3,0.6893,0.3765,9513,0.0,0.0,102.9814,97.7705
755506,rev,BIN,30.77,78.95,False,606,relief_self_segmentation,cheap,0.0,0.0,0,0.00016,0.1729,0.1755,0.2972,0.1591,24.6,2430,False,101.0,85.0,3,0.7875,0.442,2430,0.0,0.0,103.8333,97.9878
755506,rev,BIN,30.77,78.95,False,612,relief_self_segmentation,cheap,0.0,0.0,0,0.00027,0.269,0.2747,0.3566,0.2214,25.8,2508,False,91.0,41.0,5,0.403,0.5549,2508,0.0,0.0,100.9258,98.483
755506,rev,BIN,30.77,78.95,False,638,relief_self_segmentation,cheap,0.0,0.0,0,0.00051,0.0567,0.108,0.309,0.2822,57.1,10412,False,89.0,77.0,6,0.7191,0.2897,10412,0.0,0.0,103.6951,97.9939
755506,rev,BIN,30.77,78.95,False,664,relief_self_segmentation,cheap,0.0,0.0,0,0.00017,0.1394,0.215,0.335,0.2745,23.5,2068,True,65.0,49.0,4,0.8679,0.3421,2068,0.0,0.0,102.5644,98.0706
755506,rev,BIN,30.77,78.95,False,675,relief_self_segmentation,cheap,0.0,0.0,0,0.00023,0.086,0.1396,0.3104,0.0,33.5,3280,True,57.0,61.0,4,0.5347,0.2951,3280,0.0,0.0,103.1672,98.1284
755507,obv,BIN,29.78,78.94,False,13,sub_coin_noise_blob,cheap,0.0,0.0,0,0.00089,0.1715,0.1794,0.3459,0.0,58.4,12032,False,94.0,42.0,4,0.6043,0.5605,12032,0.2009,0.1044,65.6708,48.6689
755507,obv,BIN,29.78,78.94,False,15,sub_coin_noise_blob,cheap,0.0356,0.0,0,0.00272,0.2132,0.1431,0.307,0.0,114.3,33280,False,105.0,65.0,4,0.7071,0.7168,33280,0.1477,0.1151,64.8266,52.9409
755507,obv,BIN,29.78,78.94,False,32,sub_coin_noise_blob,cheap,0.0,0.0,0,0.00038,0.1234,0.1402,0.2981,0.0,42.9,5824,False,83.0,76.0,2,0.7708,0.4511,5824,0.0374,0.0,77.2602,69.2921
755507,obv,BIN,29.78,78.94,False,39,sub_coin_noise_blob,cheap,0.0,0.0,0,0.00341,0.1725,0.268,0.4027,0.0,93.5,34235,False,65.0,71.0,3,0.6239,0.6062,34235,0.1531,0.037,76.347,62.0984
755507,obv,BIN,29.78,78.94,False,44,sub_coin_noise_blob,cheap,0.0,0.0,0,0.00033,0.4516,0.3426,0.3293,0.0,25.7,2280,False,87.0,62.0,2,0.3972,0.7975,2280,0.0,0.0,83.079,78.7469
755507,obv,BIN,29.78,78.94,False,71,relief_self_segmentation,cheap,0.0,0.0,0,0.00022,0.1816,0.2764,0.353,0.0,23.3,2444,False,39.0,60.0,4,0.4797,0.4503,2444,0.0,0.0,90.7359,86.6964
755507,obv,BIN,29.78,78.94,False,121,relief_self_segmentation,cheap,0.0,0.0,0,0.00023,0.2157,0.2949,0.3637,0.0,23.2,1976,False,42.0,39.0,6,0.2544,0.5139,1976,0.0,0.0,94.8986,89.7189
755507,obv,BIN,29.78,78.94,False,138,relief_self_segmentation,cheap,0.0,0.0,0,0.00019,0.1571,0.1124,0.2745,0.1529,34.1,2835,False,103.0,84.0,4,0.7444,0.4689,2835,0.0,0.0,97.387,92.1791
755507,obv,BIN,29.78,78.94,False,370,relief_self_segmentation,cheap,0.0,0.0,0,0.00016,0.2611,0.2038,0.3064,0.1636,23.6,1782,False,79.0,56.0,4,0.5114,0.5603,1782,0.0,0.0,100.0,96.004
755507,obv,BIN,29.78,78.94,False,426,non_circular_flan,expensive,0.0885,0.0097,26,0.37384,0.0729,0.7005,0.5394,0.5406,605.8,1730034,False,0.0,13.0,10,0.0808,0.8448,1730034,0.0654,0.0304,105.5997,80.7397
755507,obv,BIN,29.78,78.94,False,548,relief_self_segmentation,cheap,0.0,0.0,0,0.00019,0.1275,0.138,0.3332,0.6154,30.5,2664,False,90.0,64.0,2,0.4292,0.4339,2664,0.0,0.0,105.6423,97.4884
755507,rev,BIN,30.95,78.95,False,109,low_contrast_coastline,expensive,0.3061,0.0335,80,0.324,0.157,0.7608,0.6277,0.9073,541.1,1414868,False,2.0,7.0,4,0.0526,0.911,1414868,0.1219,0.0578,109.3779,72.736
755507,rev,BIN,30.95,78.95,False,124,sub_coin_noise_blob,cheap,0.2823,0.2576,1,0.00081,0.0953,0.2082,0.3667,0.1328,51.6,8296,False,46.0,50.0,4,0.4065,0.4395,8296,0.0072,0.0,99.6272,91.1589
755507,rev,BIN,30.95,78.95,False,127,relief_self_segmentation,cheap,0.0,0.0,0,0.00117,0.1805,0.205,0.4066,0.2825,62.6,11550,False,74.0,62.0,4,0.601,0.6043,11550,0.0206,0.0005,100.2735,83.8868
755507,rev,BIN,30.95,78.95,False,131,relief_self_segmentation,cheap,0.0,0.0,0,0.00027,0.1717,0.1224,0.3087,0.3353,38.7,4730,False,108.0,61.0,3,1.4991,0.4753,4730,0.0044,0.0,102.1429,93.008
755508,obv,BIN,29.48,78.94,False,3,sub_coin_noise_blob,cheap,0.0,0.0,0,0.00021,0.2835,0.1981,0.2685,0.0,27.0,2420,False,72.0,99.0,2,0.8644,0.6293,2420,0.0,0.0,67.2291,61.2313
755508,obv,BIN,29.48,78.94,False,18,sub_coin_noise_blob,cheap,0.0,0.0,0,0.00056,0.1781,0.158,0.334,0.0,49.2,7280,False,66.0,73.0,3,0.6983,0.5264,7280,0.0959,0.0034,76.0143,66.1159
755508,obv,BIN,29.48,78.94,False,55,relief_self_segmentation,cheap,0.0,0.0,0,0.00023,0.1353,0.1521,0.4548,1.0,32.0,3685,False,94.0,53.0,5,0.5058,0.3663,3685,0.0,0.0,113.2042,94.7824
755508,obv,BIN,29.48,78.94,False,62,low_contrast_coastline,expensive,0.2013,0.039,47,0.3267,0.273,0.8252,0.6395,0.9992,521.7,1405620,False,0.0,0.0,0,0.0397,0.9358,1405620,0.2087,0.1172,122.7328,64.8386
755509,obv,BIN,33.89,78.94,False,37,sub_coin_noise_blob,cheap,0.0,0.0,0,0.0002,0.1796,0.1367,0.2966,0.0,31.9,2964,False,49.0,86.0,3,0.8584,0.4649,2964,0.0,0.0,73.3314,69.1432
755509,obv,BIN,33.89,78.94,False,93,sub_coin_noise_blob,cheap,0.0,0.0,0,0.00023,0.337,0.3885,0.3811,0.0,20.4,1476,True,37.0,53.0,4,0.5496,0.6415,1476,0.0,0.0,85.8354,82.464
755509,obv,BIN,33.89,78.94,False,95,sub_coin_noise_blob,cheap,0.0,0.0,0,0.00015,0.4637,0.4038,0.3837,0.0,16.1,1053,False,53.0,48.0,4,0.3031,0.7475,1053,0.0,0.0,86.5486,82.235
755509,obv,BIN,33.89,78.94,False,99,non_circular_flan,expensive,0.1436,0.0501,51,0.78517,0.2743,0.7006,0.0,0.008,877.8,2160000,True,155.0,45.0,24,0.2232,0.9626,2160000,0.0,0.0,83.5568,72.5565
755509,rev,BIN,33.42,78.95,False,20,sub_coin_noise_blob,cheap,0.0,0.0,0,0.00218,0.2691,0.2382,0.3745,0.0,79.2,20358,False,63.0,75.0,3,0.6352,0.712,20358,0.1783,0.0965,64.7859,51.5086
755509,rev,BIN,33.42,78.95,False,21,sub_coin_noise_blob,cheap,0.0,0.0,0,0.00182,0.1861,0.2014,0.357,0.0,78.7,19992,False,61.0,83.0,2,0.62,0.6209,19992,0.1322,0.0787,65.7094,54.2449
755509,rev,BIN,33.42,78.95,False,24,sub_coin_noise_blob,cheap,0.0,0.0,0,0.00014,0.099,0.0484,0.3929,1.0,44.7,5488,False,57.0,92.0,2,2.1778,0.5767,5488,0.3395,0.2933,68.8036,40.732
755509,rev,BIN,33.42,78.95,False,26,sub_coin_noise_blob,cheap,0.0,0.0,0,0.00025,0.2582,0.2119,0.2829,0.0,28.7,2989,False,107.0,115.0,2,0.7924,0.5571,2989,0.0,0.0,69.7127,65.6725
755509,rev,BIN,33.42,78.95,False,53,sub_coin_noise_blob,cheap,0.0,0.0,0,0.0018,0.2002,0.2458,0.348,0.0,70.9,18522,False,75.0,107.0,3,0.7538,0.6223,18522,0.1301,0.0284,77.7975,65.4884
755509,rev,BIN,33.42,78.95,False,84,sub_coin_noise_blob,cheap,0.0276,0.0,0,0.00235,0.1194,0.2164,0.377,0.0,86.3,25200,False,66.0,85.0,2,0.834,0.5027,25200,0.0714,0.0134,83.9672,73.873
755509,rev,BIN,33.42,78.95,False,93,relief_self_segmentation,cheap,0.131,0.0,0,0.00104,0.2345,0.433,0.4004,0.0,40.6,6636,False,41.0,33.0,6,0.2284,0.6379,6636,0.0,0.0,88.1079,84.2236
755509,rev,BIN,33.42,78.95,False,100,relief_self_segmentation,cheap,0.0,0.0,0,0.00029,0.1851,0.2292,0.3313,0.0,29.5,2925,False,118.0,75.0,2,0.6285,0.5617,2925,0.0,0.0,90.1676,84.3734
755509,rev,BIN,33.42,78.95,False,111,relief_self_segmentation,cheap,0.0,0.0,0,0.00039,0.1032,0.2106,0.3305,0.0,35.8,5372,False,78.0,30.0,4,0.3841,0.3453,5372,0.0,0.0,92.4215,88.5319
755509,rev,BIN,33.42,78.95,False,128,relief_self_segmentation,cheap,0.0,0.0,0,0.00037,0.1486,0.1477,0.2808,0.0,41.4,6497,False,81.0,92.0,2,2.6658,0.425,6497,0.0,0.0,93.9613,90.5753
755509,rev,BIN,33.42,78.95,False,153,relief_self_segmentation,cheap,0.0,0.0,0,0.00131,0.1109,0.2661,0.363,0.0228,58.1,12730,False,27.0,32.0,5,0.3697,0.4996,12730,0.0145,0.0,94.8185,88.1539
755509,rev,BIN,33.42,78.95,False,168,relief_self_segmentation,cheap,0.0,0.0,0,0.00033,0.2136,0.2169,0.3331,0.0,32.2,3465,False,92.0,103.0,3,0.8254,0.5387,3465,0.0,0.0,97.0542,93.2812
755509,rev,BIN,33.42,78.95,False,389,relief_self_segmentation,cheap,0.0,0.0,0,0.00015,0.2044,0.188,0.2883,0.0,23.6,1802,False,78.0,65.0,4,0.5404,0.4799,1802,0.0,0.0,100.6051,97.5549
755509,rev,BIN,33.42,78.95,False,400,relief_self_segmentation,cheap,0.0,0.0,0,0.00015,0.246,0.1662,0.2816,0.8584,25.0,1740,False,92.0,102.0,2,0.883,0.5789,1740,0.0,0.0,103.3932,96.8816
755509,rev,BIN,33.42,78.95,False,406,non_circular_flan,expensive,0.1588,0.0161,69,0.41265,0.0679,0.6873,0.4892,0.3698,642.5,1775400,False,1.0,1.0,3,0.0672,0.8504,1775400,0.0812,0.0383,93.7446,80.392
755509,rev,BIN,33.42,78.95,False,471,relief_self_segmentation,cheap,0.0,0.0,0,0.00017,0.1361,0.2088,0.3299,0.5128,23.6,2491,False,78.0,66.0,3,0.3559,0.3548,2491,0.0,0.0,102.8677,98.8087
755509,rev,BIN,33.42,78.95,False,513,relief_self_segmentation,cheap,0.0,0.0,0,0.00021,0.2645,0.1823,0.3333,0.456,28.0,1943,False,120.0,55.0,3,0.6171,0.6412,1943,0.0,0.0,104.0078,96.8132
755509,rev,BIN,33.42,78.95,False,522,relief_self_segmentation,cheap,0.0,0.0,0,0.00014,0.1972,0.1257,0.256,0.4706,27.8,2405,False,113.0,98.0,2,1.1131,0.5457,2405,0.0,0.0,104.389,97.2128
755509,rev,BIN,33.42,78.95,False,553,relief_self_segmentation,cheap,0.0,0.0,0,0.00033,0.0583,0.0783,0.2711,0.4311,54.0,7353,False,103.0,72.0,4,1.3781,0.2942,7353,0.0,0.0,104.8761,98.0513
755510,obv,BIN,33.0,78.94,False,30,sub_coin_noise_blob,cheap,0.0,0.0,0,0.00437,0.189,0.1797,0.3243,0.0,129.3,51324,False,111.0,85.0,3,0.6463,0.6825,51324,0.1806,0.1173,63.8593,53.9572
755510,obv,BIN,33.0,78.94,False,31,sub_coin_noise_blob,cheap,0.0326,0.0,0,0.00382,0.168,0.1469,0.3195,0.0,133.7,50224,False,114.0,77.0,3,0.6331,0.7035,50224,0.1562,0.1004,65.0304,58.0336
755510,obv,BIN,33.0,78.94,False,354,non_circular_flan,expensive,0.1895,0.0407,53,0.47682,0.0897,0.6971,0.4648,0.2703,685.8,1995336,False,0.0,4.0,3,0.0685,0.8704,1995336,0.0857,0.0501,84.1743,73.6501
755510,obv,BIN,33.0,78.94,False,413,relief_self_segmentation,cheap,0.0,0.0,0,0.00017,0.1473,0.2347,0.3305,0.6149,22.0,2300,False,77.0,26.0,6,0.3613,0.3736,2300,0.0,0.0,103.0301,98.6817
755510,obv,BIN,33.0,78.94,False,463,relief_self_segmentation,cheap,0.0,0.0,0,0.00021,0.2984,0.1938,0.3266,0.395,27.0,1820,False,87.0,81.0,2,0.6579,0.6797,1820,0.0,0.0,103.9505,96.7161
755510,obv,BIN,33.0,78.94,False,482,relief_self_segmentation,cheap,0.0,0.0,0,0.00016,0.1537,0.0905,0.2508,0.2374,35.3,3564,False,118.0,104.0,2,1.6127,0.5072,3564,0.0,0.0,104.2033,97.6922
755510,obv,BIN,33.0,78.94,False,502,relief_self_segmentation,cheap,0.0,0.0,0,0.00037,0.0639,0.0871,0.2734,0.4507,54.0,7869,False,101.0,78.0,3,1.3727,0.3079,7869,0.0,0.0,104.4835,98.0531
755511,obv,BIN,30.61,78.94,False,12,sub_coin_noise_blob,cheap,0.0,0.0,0,0.00283,0.1643,0.1961,0.3037,0.0,99.6,30820,False,108.0,70.0,4,0.5375,0.6507,30820,0.1817,0.1243,64.1407,52.3291
755511,obv,BIN,30.61,78.94,False,13,sub_coin_noise_blob,cheap,0.0399,0.0,0,0.0029,0.1783,0.1367,0.2776,0.0,120.7,37398,False,101.0,65.0,4,0.6927,0.6738,37398,0.1331,0.1012,64.4372,58.1809
755511,obv,BIN,30.61,78.94,False,30,relief_self_segmentation,cheap,0.0,0.0,0,0.0006,0.0388,0.0189,0.2945,1.0,148.3,64960,False,166.0,45.0,2,1.8632,0.2043,64960,0.0999,0.0703,91.4266,78.0116
755511,obv,BIN,30.61,78.94,False,42,sub_coin_noise_blob,cheap,0.0,0.0,0,0.00343,0.1782,0.2621,0.3847,0.0,94.8,32600,False,58.0,82.0,3,0.6931,0.6163,32600,0.1585,0.0146,75.7163,63.4841
755511,obv,BIN,30.61,78.94,False,44,sub_coin_noise_blob,cheap,0.0,0.0,0,0.0002,0.0654,0.0333,0.3154,1.0,64.4,12322,False,157.0,68.0,3,2.238,0.3954,12322,0.2434,0.0712,83.8913,63.5694
755511,obv,BIN,30.61,78.94,False,49,sub_coin_noise_blob,cheap,0.0,0.0,0,0.00016,0.2216,0.2867,0.3209,0.0,19.8,1584,False,75.0,70.0,4,0.5657,0.5053,1584,0.0,0.0,84.8819,79.1851
755511,obv,BIN,30.61,78.94,False,50,sub_coin_noise_blob,cheap,0.0204,0.0,0,0.0042,0.1409,0.207,0.3058,0.0,118.2,46552,False,108.0,66.0,4,0.6175,0.5687,46552,0.1352,0.0365,75.8113,67.3591
755511,obv,BIN,30.61,78.94,False,153,relief_self_segmentation,cheap,0.0,0.0,0,0.00018,0.2587,0.1998,0.33,0.1379,25.2,2128,False,93.0,111.0,2,0.6849,0.5642,2128,0.0,0.0,93.2757,89.7928
755511,obv,BIN,30.61,78.94,False,249,relief_self_segmentation,cheap,0.0,0.0,0,0.00027,0.0736,0.0922,0.3036,0.187,44.8,6600,False,78.0,60.0,4,0.7575,0.2818,6600,0.0,0.0,100.3654,94.544
755511,obv,BIN,30.61,78.94,False,266,relief_self_segmentation,cheap,0.0,0.0,0,0.00019,0.1204,0.1417,0.3419,0.0,30.0,2816,False,55.0,54.0,4,0.945,0.3914,2816,0.0,0.0,99.5236,94.5805
755511,obv,BIN,30.61,78.94,False,288,relief_self_segmentation,cheap,0.0,0.0,0,0.00017,0.2714,0.3066,0.36,0.0,19.2,1596,False,74.0,58.0,7,0.37,0.5579,1596,0.0,0.0,99.1772,95.5146
755511,obv,BIN,30.61,78.94,False,297,relief_self_segmentation,cheap,0.0,0.0,0,0.00022,0.325,0.3494,0.3741,0.0714,20.9,1960,False,57.0,73.0,3,0.3297,0.619,1960,0.0,0.0,99.2263,95.7932
755511,obv,BIN,30.61,78.94,False,298,relief_self_segmentation,cheap,0.0,0.0,0,0.00034,0.2644,0.2083,0.2793,0.3455,33.5,3200,False,87.0,61.0,4,0.5494,0.6199,3200,0.0,0.0,99.6105,96.0342
755511,obv,BIN,30.61,78.94,False,338,relief_self_segmentation,cheap,0.0,0.0,0,0.00025,0.4161,0.3429,0.3492,0.0734,22.5,1620,False,85.0,62.0,4,0.3261,0.7703,1620,0.0,0.0,100.7857,96.5359
755511,obv,BIN,30.61,78.94,False,357,relief_self_segmentation,cheap,0.0,0.0,0,0.00021,0.2063,0.2797,0.3341,0.0,22.9,2052,False,50.0,73.0,5,0.4264,0.5207,2052,0.0,0.0,101.0771,95.7709
755511,obv,BIN,30.61,78.94,False,358,relief_self_segmentation,cheap,0.0,0.0,0,0.0002,0.1759,0.2687,0.3465,0.2053,22.9,2214,False,42.0,88.0,3,0.4451,0.4677,2214,0.0,0.0,100.7245,95.8113
755511,obv,BIN,30.61,78.94,False,383,relief_self_segmentation,cheap,0.0,0.0,0,0.00021,0.2442,0.1982,0.3355,0.0,27.2,2480,False,99.0,58.0,3,0.4744,0.5342,2480,0.0,0.0,101.3776,97.4796
755511,obv,BIN,30.61,78.94,False,384,relief_self_segmentation,cheap,0.0,0.0,0,0.00017,0.1924,0.1555,0.2624,0.0,27.6,2480,False,82.0,66.0,2,0.7654,0.4997,2480,0.0,0.0,102.0023,97.6895
755511,obv,BIN,30.61,78.94,False,387,relief_self_segmentation,cheap,0.0,0.0,0,0.0003,0.0731,0.0461,0.2304,0.0,66.5,7852,False,155.0,55.0,2,1.5699,0.3606,7852,0.0,0.0,102.4271,97.7085
755511,obv,BIN,30.61,78.94,False,393,relief_self_segmentation,cheap,0.0,0.0,0,0.00054,0.0514,0.0554,0.2724,0.0843,82.2,13350,True,138.0,63.0,3,4.6915,0.2665,13350,0.0,0.0,102.3029,97.5482
755511,obv,BIN,30.61,78.94,False,408,relief_self_segmentation,cheap,0.0,0.0,0,0.00019,0.1478,0.1132,0.2516,0.0,33.6,2480,False,120.0,68.0,2,0.6299,0.4663,2480,0.0,0.0,102.3742,97.7098
755511,obv,BIN,30.61,78.94,False,453,relief_self_segmentation,cheap,0.0,0.0,0,0.0002,0.3183,0.3038,0.343,0.0,21.1,1558,False,96.0,65.0,4,0.4498,0.6033,1558,0.0,0.0,100.4354,96.9832
755511,obv,BIN,30.61,78.94,False,484,relief_self_segmentation,cheap,0.0,0.0,0,0.0009,0.0604,0.099,0.2926,0.3158,79.0,16854,True,98.0,88.0,4,1.0513,0.3108,16854,0.0,0.0,101.7374,98.0414
755511,obv,BIN,30.61,78.94,False,495,relief_self_segmentation,cheap,0.0,0.0,0,0.00021,0.1686,0.2425,0.3337,0.2614,24.2,2538,False,82.0,78.0,3,0.8576,0.3786,2538,0.0,0.0,102.645,97.1674
755511,obv,BIN,30.61,78.94,False,496,relief_self_segmentation,cheap,0.2417,0.0,0,0.00034,0.2938,0.2843,0.3707,0.0,28.7,3100,False,60.0,41.0,4,0.3777,0.585,3100,0.0,0.0,100.4209,98.4293
755511,obv,BIN,30.61,78.94,False,498,relief_self_segmentation,cheap,0.0,0.0,0,0.00059,0.0597,0.0938,0.2587,0.105,65.5,13857,False,63.0,61.0,4,0.6253,0.3016,13857,0.0,0.0,101.544,98.1988
755511,obv,BIN,30.61,78.94,False,508,relief_self_segmentation,cheap,0.0,0.0,0,0.00017,0.1349,0.0858,0.2574,0.0,36.5,4042,False,127.0,46.0,3,0.7889,0.3558,4042,0.0,0.0,103.1162,98.2087
755511,obv,BIN,30.61,78.94,False,516,relief_self_segmentation,cheap,0.0,0.0,0,0.00019,0.2764,0.2612,0.3185,0.0,22.2,1924,False,63.0,118.0,2,0.7645,0.5818,1924,0.0,0.0,101.0043,98.8571
755511,obv,BIN,30.61,78.94,False,522,non_circular_flan,expensive,0.132,0.0544,31,0.43256,0.0916,0.7039,0.5024,0.3296,650.0,1969268,False,0.0,7.0,4,0.0678,0.8617,1969268,0.0666,0.0249,99.6874,83.4583
755511,obv,BIN,30.61,78.94,False,526,relief_self_segmentation,cheap,0.0,0.0,0,0.00019,0.2023,0.3194,0.3573,0.3043,20.2,1320,True,105.0,91.0,3,0.4223,0.5654,1320,0.0,0.0,102.8831,97.5638
755511,obv,BIN,30.61,78.94,False,530,relief_self_segmentation,cheap,0.0,0.0,0,0.00037,0.0679,0.0982,0.3324,0.1139,50.7,8249,False,80.0,83.0,4,0.8539,0.292,8249,0.0,0.0,102.5173,98.0364
755511,obv,BIN,30.61,78.94,False,531,relief_self_segmentation,cheap,0.0,0.0,0,0.00051,0.0835,0.1279,0.3169,0.0767,52.1,7320,False,72.0,62.0,3,0.6648,0.3967,7320,0.0,0.0,101.8648,98.2423
755511,obv,BIN,30.61,78.94,False,535,relief_self_segmentation,cheap,0.0,0.0,0,0.00029,0.1411,0.1996,0.2974,0.1036,31.6,4588,False,106.0,32.0,3,0.482,0.3524,4588,0.0,0.0,101.6524,97.922
755511,obv,BIN,30.61,78.94,False,536,relief_self_segmentation,cheap,0.0919,0.0,0,0.00094,0.0727,0.0949,0.2521,0.1888,82.6,16830,False,105.0,86.0,3,0.8373,0.3558,16830,0.0,0.0,102.0114,98.2462
755511,obv,BIN,30.61,78.94,False,537,relief_self_segmentation,cheap,0.0,0.0,0,0.00015,0.1601,0.108,0.2544,0.0,31.1,2100,False,101.0,105.0,2,1.1459,0.4782,2100,0.0,0.0,103.185,98.1717
755511,obv,BIN,30.61,78.94,False,542,relief_self_segmentation,cheap,0.0,0.0,0,0.00038,0.0823,0.1091,0.2936,0.0569,48.9,6670,False,75.0,33.0,4,0.5349,0.3556,6670,0.0,0.0,101.4629,97.8216
755511,obv,BIN,30.61,78.94,False,552,relief_self_segmentation,cheap,0.0,0.0,0,0.00016,0.1514,0.0852,0.2371,0.0,35.9,2511,True,66.0,106.0,3,2.2943,0.4943,2511,0.0,0.0,103.685,98.0795
755511,obv,BIN,30.61,78.94,False,556,relief_self_segmentation,cheap,0.0,0.0,0,0.00017,0.411,0.3272,0.3202,0.0,19.1,855,True,107.0,121.0,3,0.5015,0.7612,855,0.0,0.0,101.2506,97.7284
755511,obv,BIN,30.61,78.94,False,557,relief_self_segmentation,cheap,0.0,0.0,0,0.00028,0.1542,0.2161,0.3067,0.1551,29.7,2961,True,59.0,92.0,3,1.0463,0.378,2961,0.0,0.0,101.7367,98.083
755511,obv,BIN,30.61,78.94,False,558,relief_self_segmentation,cheap,0.0,0.0,0,0.00035,0.1099,0.0944,0.3031,0.25,50.5,4026,True,144.0,86.0,3,1.0077,0.441,4026,0.0,0.0,101.5238,98.0143
755511,obv,BIN,30.61,78.94,False,560,relief_self_segmentation,cheap,0.0,0.0,0,0.00118,0.0526,0.0979,0.3259,0.0915,91.1,17958,True,67.0,65.0,3,1.3395,0.3502,17958,0.0,0.0,101.0572,97.6413
755511,obv,BIN,30.61,78.94,False,565,relief_self_segmentation,cheap,0.0,0.0,0,0.00015,0.2505,0.1305,0.0,0.0,28.5,1156,True,167.0,150.0,1,0.6369,0.7562,1156,0.0,0.0,102.5685,97.5443
755511,obv,BIN,30.61,78.94,False,568,relief_self_segmentation,cheap,0.0,0.0,0,0.00038,0.1639,0.1864,0.3076,0.0556,37.3,3827,True,49.0,77.0,3,0.6649,0.4504,3827,0.0,0.0,101.8472,98.0251
755511,obv,BIN,30.61,78.94,False,569,relief_self_segmentation,cheap,0.0,0.0,0,0.00018,0.1418,0.1694,0.3092,0.0,27.2,2666,True,81.0,60.0,4,0.8435,0.3491,2666,0.0,0.0,100.9832,97.6218
755511,rev,BIN,30.62,78.95,False,16,sub_coin_noise_blob,cheap,0.0,0.0,0,0.00146,0.1702,0.1727,0.3602,0.0,76.3,18480,False,81.0,86.0,2,0.7932,0.5709,18480,0.1967,0.1245,64.4745,48.5839
755511,rev,BIN,30.62,78.95,False,17,sub_coin_noise_blob,cheap,0.0,0.0,0,0.00132,0.123,0.1446,0.3472,0.0,79.2,18252,False,63.0,82.0,2,0.8152,0.5204,18252,0.1586,0.0878,65.0708,52.2985
755511,rev,BIN,30.62,78.95,False,40,sub_coin_noise_blob,cheap,0.0719,0.0,0,0.00121,0.0868,0.1514,0.3425,0.0,74.1,18876,False,100.0,57.0,3,0.5519,0.4216,18876,0.1525,0.0037,77.5059,65.3112
755511,rev,BIN,30.62,78.95,False,130,relief_self_segmentation,cheap,0.0,0.0,0,0.00015,0.2136,0.1244,0.3011,0.0976,28.5,1700,False,99.0,76.0,2,1.5525,0.594,1700,0.0,0.0,98.55,91.8714
755511,rev,BIN,30.62,78.95,False,147,relief_self_segmentation,cheap,0.1914,0.0,0,0.0004,0.357,0.3652,0.3736,0.0,27.6,2736,False,36.0,32.0,6,0.2868,0.6784,2736,0.0,0.0,93.9863,91.3174
755511,rev,BIN,30.62,78.95,False,166,relief_self_segmentation,cheap,0.0,0.0,0,0.00022,0.1861,0.1259,0.2933,0.0,34.6,3108,False,110.0,74.0,3,0.5937,0.5585,3108,0.0,0.0,97.6243,92.3346
755511,rev,BIN,30.62,78.95,False,202,relief_self_segmentation,cheap,0.0,0.0,0,0.00042,0.1983,0.2395,0.2996,0.0,34.6,4480,False,92.0,110.0,3,0.8501,0.489,4480,0.0,0.0,96.8028,93.0316
755511,rev,BIN,30.62,78.95,False,248,relief_self_segmentation,cheap,0.0,0.0,0,0.00107,0.2104,0.2163,0.281,0.0,58.2,9522,False,94.0,69.0,2,0.6006,0.5923,9522,0.0,0.0,96.9951,93.547
755511,rev,BIN,30.62,78.95,False,310,relief_self_segmentation,cheap,0.0,0.0,0,0.00016,0.462,0.5122,0.3788,0.1446,14.7,1260,False,75.0,51.0,9,0.3085,0.7046,1260,0.0,0.0,99.5663,96.3038
755511,rev,BIN,30.62,78.95,False,323,relief_self_segmentation,cheap,0.0,0.0,0,0.0003,0.25,0.2005,0.2826,0.2516,32.0,3003,False,93.0,109.0,4,0.5766,0.5898,3003,0.0,0.0,99.5262,96.1737
755511,rev,BIN,30.62,78.95,False,363,relief_self_segmentation,cheap,0.0,0.0,0,0.00044,0.1446,0.1239,0.2801,0.0,49.5,6435,False,116.0,59.0,3,0.6741,0.4122,6435,0.0,0.0,99.2786,96.6016
755511,rev,BIN,30.62,78.95,False,365,relief_self_segmentation,cheap,0.0,0.0,0,0.00018,0.4125,0.3335,0.3589,0.2,19.5,1170,False,37.0,53.0,3,0.3531,0.7351,1170,0.0,0.0,101.5067,96.2167
755511,rev,BIN,30.62,78.95,False,380,relief_self_segmentation,cheap,0.0,0.0,0,0.00031,0.1891,0.2132,0.3248,0.1105,31.7,3626,False,92.0,70.0,3,0.6307,0.4783,3626,0.0,0.0,100.9161,96.6689
755511,rev,BIN,30.62,78.95,False,386,relief_self_segmentation,cheap,0.0,0.0,0,0.00014,0.2456,0.1719,0.257,0.0,23.9,1650,False,73.0,76.0,2,0.4901,0.6031,1650,0.0,0.0,101.5895,96.7037
755511,rev,BIN,30.62,78.95,False,409,relief_self_segmentation,cheap,0.0,0.0,0,0.00015,0.0996,0.0579,0.2967,0.0,41.5,3000,False,105.0,74.0,2,1.3533,0.4266,3000,0.0,0.0,102.72,97.3343
755511,rev,BIN,30.62,78.95,False,410,relief_self_segmentation,cheap,0.0,0.0,0,0.00016,0.1751,0.1089,0.2534,0.0,32.0,2156,False,97.0,103.0,2,2.2638,0.5004,2156,0.0,0.0,102.3373,97.4574
755511,rev,BIN,30.62,78.95,False,426,relief_self_segmentation,cheap,0.0,0.0,0,0.00046,0.1227,0.2023,0.353,0.1434,39.6,6279,False,65.0,65.0,8,0.5338,0.411,6279,0.0,0.0,99.8282,96.9103
755511,rev,BIN,30.62,78.95,False,436,relief_self_segmentation,cheap,0.0,0.0,0,0.00015,0.3651,0.2054,0.2892,0.0,22.5,1248,True,77.0,99.0,2,1.2558,0.8325,1248,0.0,0.0,105.3083,96.5266
755511,rev,BIN,30.62,78.95,False,491,relief_self_segmentation,cheap,0.0,0.0,0,0.00017,0.2205,0.1829,0.2829,0.0,25.6,2196,False,84.0,60.0,3,0.5341,0.5129,2196,0.0,0.0,100.6372,97.975
755511,rev,BIN,30.62,78.95,False,492,relief_self_segmentation,cheap,0.0,0.0,0,0.00027,0.0988,0.1205,0.2923,0.4062,39.3,5520,False,118.0,60.0,2,0.5325,0.3321,5520,0.0,0.0,102.2904,97.9699
755511,rev,BIN,30.62,78.95,False,525,relief_self_segmentation,cheap,0.0,0.0,0,0.00017,0.0715,0.0513,0.2455,0.1075,48.2,6102,False,144.0,38.0,3,0.8109,0.2911,6102,0.0,0.0,103.7629,98.0467
755511,rev,BIN,30.62,78.95,False,528,relief_self_segmentation,cheap,0.0,0.0,0,0.00014,0.2027,0.2336,0.3303,0.0,20.3,1400,False,98.0,60.0,4,0.4564,0.4745,1400,0.0,0.0,101.0582,97.4087
755511,rev,BIN,30.62,78.95,False,530,low_contrast_coastline,expensive,0.1156,0.0215,40,0.40722,0.1988,0.7791,0.5189,0.5187,599.5,1654026,False,0.0,2.0,3,0.0565,0.9125,1654026,0.0803,0.0372,103.8977,80.3338
755511,rev,BIN,30.62,78.95,False,532,relief_self_segmentation,cheap,0.0,0.0,0,0.00031,0.1109,0.1008,0.2645,0.0391,45.7,6160,False,115.0,69.0,3,1.2463,0.3525,6160,0.0,0.0,102.1682,97.4314
755511,rev,BIN,30.62,78.95,False,554,relief_self_segmentation,cheap,0.0,0.0,0,0.00014,0.1662,0.2199,0.3303,0.0,21.1,1920,False,64.0,66.0,4,0.9555,0.3904,1920,0.0,0.0,102.2513,97.9243
755511,rev,BIN,30.62,78.95,False,565,relief_self_segmentation,cheap,0.0,0.0,0,0.00054,0.0651,0.1366,0.3225,0.3191,52.0,9594,False,100.0,32.0,4,0.4916,0.2824,9594,0.0,0.0,102.2327,97.4016
755511,rev,BIN,30.62,78.95,False,569,relief_self_segmentation,cheap,0.0,0.0,0,0.0005,0.1518,0.2376,0.3573,0.2897,38.0,4070,True,48.0,38.0,4,0.3617,0.4959,4070,0.0,0.0,101.6935,97.9909
755511,rev,BIN,30.62,78.95,False,587,relief_self_segmentation,cheap,0.0,0.0,0,0.00017,0.139,0.2004,0.3117,0.2829,24.1,2484,False,78.0,77.0,3,1.2591,0.3359,2484,0.0,0.0,103.0292,97.2964
755511,rev,BIN,30.62,78.95,False,612,relief_self_segmentation,cheap,0.0,0.0,0,0.00026,0.2199,0.1468,0.2598,0.121,34.9,3192,False,113.0,97.0,3,1.1201,0.5574,3192,0.0,0.0,102.9953,97.4719
755511,rev,BIN,30.62,78.95,False,616,relief_self_segmentation,cheap,0.0,0.0,0,0.00018,0.1843,0.1913,0.3089,0.1522,25.3,2585,False,94.0,90.0,3,0.995,0.4647,2585,0.0,0.0,103.556,97.8353
755511,rev,BIN,30.62,78.95,False,617,relief_self_segmentation,cheap,0.0,0.0,0,0.00066,0.1162,0.1138,0.2844,0.2665,63.1,10117,False,110.0,57.0,2,0.8169,0.3912,10117,0.0,0.0,102.2996,97.7106
755511,rev,BIN,30.62,78.95,False,621,relief_self_segmentation,cheap,0.0,0.0,0,0.00016,0.2681,0.2162,0.2898,0.0,22.4,1650,False,96.0,106.0,2,1.1344,0.5405,1650,0.0,0.0,102.7355,97.4688
755511,rev,BIN,30.62,78.95,False,628,relief_self_segmentation,cheap,0.0,0.0,0,0.00014,0.1529,0.2454,0.3562,0.3529,19.9,1240,True,129.0,77.0,2,0.4438,0.4476,1240,0.0,0.0,103.3644,97.9001
755511,rev,BIN,30.62,78.95,False,635,relief_self_segmentation,cheap,0.0,0.0,0,0.00019,0.0846,0.1476,0.3416,0.0882,29.7,2989,False,50.0,70.0,4,0.6004,0.3325,2989,0.0,0.0,102.0838,98.1938
755511,rev,BIN,30.62,78.95,False,638,relief_self_segmentation,cheap,0.0,0.0,0,0.00031,0.092,0.0911,0.2793,0.2339,48.1,6160,False,67.0,76.0,3,1.6561,0.3586,6160,0.0,0.0,102.6527,98.1676
755511,rev,BIN,30.62,78.95,False,643,relief_self_segmentation,cheap,0.0,0.0,0,0.00019,0.11,0.143,0.298,0.0,30.3,3504,False,94.0,31.0,6,0.5482,0.3184,3504,0.0,0.0,102.6522,97.9668
755511,rev,BIN,30.62,78.95,False,644,relief_self_segmentation,cheap,0.0,0.0,0,0.00072,0.0464,0.0726,0.2552,0.2033,82.5,16830,False,99.0,90.0,3,0.9174,0.2767,16830,0.0,0.0,103.1044,98.2216
755511,rev,BIN,30.62,78.95,False,645,relief_self_segmentation,cheap,0.0,0.0,0,0.00046,0.0894,0.1109,0.2761,0.0871,53.5,8610,False,90.0,99.0,3,1.0045,0.3458,8610,0.0,0.0,101.0988,98.016
755511,rev,BIN,30.62,78.95,False,668,relief_self_segmentation,cheap,0.0,0.0,0,0.00017,0.4358,0.34,0.3279,0.0,18.6,836,True,107.0,128.0,3,0.4938,0.7866,836,0.0,0.0,101.3373,97.6339
755511,rev,BIN,30.62,78.95,False,669,relief_self_segmentation,cheap,0.0,0.0,0,0.00024,0.2137,0.2851,0.3077,0.255,24.0,2205,True,69.0,104.0,3,0.818,0.4583,2205,0.0,0.0,101.826,97.9878
755511,rev,BIN,30.62,78.95,False,670,relief_self_segmentation,cheap,0.0,0.0,0,0.0003,0.1226,0.1008,0.2837,0.2083,45.1,3379,True,104.0,64.0,3,1.0927,0.4124,3379,0.0,0.0,101.7639,97.7853
755511,rev,BIN,30.62,78.95,False,675,relief_self_segmentation,cheap,0.0,0.0,0,0.00014,0.2935,0.1423,0.0,0.1038,26.1,1008,True,161.0,151.0,2,0.6492,0.8543,1008,0.0,0.0,102.6518,97.6478
755511,rev,BIN,30.62,78.95,False,678,relief_self_segmentation,cheap,0.0,0.0,0,0.00027,0.1001,0.1602,0.3113,0.0,34.3,3402,True,57.0,61.0,4,0.5526,0.343,3402,0.0,0.0,102.7831,98.1315
755512,obv,BIN,31.72,78.94,False,16,sub_coin_noise_blob,cheap,0.0,0.0,0,0.00156,0.1299,0.0971,0.3867,0.9959,105.0,20493,False,118.0,60.0,2,0.8355,0.5719,20493,0.3474,0.1905,72.9695,43.4822
755512,obv,BIN,31.72,78.94,False,19,sub_coin_noise_blob,cheap,0.0,0.0,0,0.00258,0.2878,0.2596,0.356,0.0,82.6,21780,False,85.0,78.0,2,0.5956,0.7523,21780,0.1902,0.1186,63.9377,49.0258
755512,obv,BIN,31.72,78.94,False,21,sub_coin_noise_blob,cheap,0.0,0.0,0,0.0017,0.0533,0.058,0.3448,0.0,141.8,52975,False,149.0,80.0,4,1.651,0.3107,52975,0.1272,0.1079,65.5058,55.1332
755512,obv,BIN,31.72,78.94,False,26,sub_coin_noise_blob,cheap,0.0,0.0,0,0.00019,0.0834,0.0413,0.3527,1.0,56.9,7524,False,138.0,83.0,2,2.0996,0.5412,7524,0.3415,0.2846,78.0508,39.3024
755512,obv,BIN,31.72,78.94,False,43,sub_coin_noise_blob,cheap,0.0,0.0,0,0.00027,0.1522,0.1285,0.2756,0.0,37.8,4896,False,118.0,64.0,2,0.7729,0.3898,4896,0.0,0.0,75.4522,71.6608
755512,obv,BIN,31.72,78.94,False,100,relief_self_segmentation,cheap,0.0,0.0,0,0.00016,0.2276,0.3668,0.3595,0.0,17.5,1292,False,44.0,26.0,4,0.2029,0.5334,1292,0.0,0.0,95.2646,91.5904
755512,obv,BIN,31.72,78.94,False,112,relief_self_segmentation,cheap,0.0,0.0,0,0.00016,0.1398,0.0964,0.2536,0.1419,34.1,2673,False,106.0,90.0,2,0.8582,0.4233,2673,0.0,0.0,97.3634,92.3127
755512,obv,BIN,31.72,78.94,False,181,relief_self_segmentation,cheap,0.0,0.0,0,0.00029,0.3004,0.3178,0.5263,1.0,25.2,2548,False,54.0,49.0,4,0.3423,0.6318,2548,0.0008,0.0,91.9659,77.377
755512,obv,BIN,31.72,78.94,False,216,relief_self_segmentation,cheap,0.0,0.0,0,0.0002,0.0731,0.074,0.3115,0.1562,43.2,4429,False,60.0,69.0,4,0.6845,0.3146,4429,0.0,0.0,101.8354,96.0914
755512,obv,BIN,31.72,78.94,False,279,relief_self_segmentation,expensive,0.2112,0.0255,43,0.36479,0.0656,0.7095,0.5203,0.5126,594.6,1688505,False,6.0,1.0,1,0.0745,0.8377,1688505,0.1095,0.0498,95.3038,75.5904
755512,obv,BIN,31.72,78.94,False,312,relief_self_segmentation,cheap,0.0,0.0,0,0.00016,0.131,0.2827,0.3546,0.0,19.8,2208,False,56.0,19.0,5,0.2889,0.3785,2208,0.0,0.0,101.641,97.3073
755512,obv,BIN,31.72,78.94,False,315,relief_self_segmentation,cheap,0.0,0.0,0,0.00062,0.0759,0.0861,0.2508,0.273,70.5,12070,False,92.0,71.0,6,0.991,0.3578,12070,0.0,0.0,101.3992,97.2975
755512,rev,BIN,30.95,78.95,False,11,sub_coin_noise_blob,cheap,0.0,0.0,0,0.00016,0.2435,0.1662,0.2582,0.0,25.4,2091,False,54.0,75.0,2,0.8988,0.582,2091,0.0,0.0,68.8553,61.9764
755512,rev,BIN,30.95,78.95,False,29,sub_coin_noise_blob,cheap,0.0,0.0,0,0.00147,0.1789,0.2256,0.3015,0.0,67.0,15870,False,75.0,78.0,2,0.779,0.5655,15870,0.1324,0.0124,77.7407,65.3483
755512,rev,BIN,30.95,78.95,False,33,sub_coin_noise_blob,cheap,0.0,0.0,0,0.00037,0.444,0.3481,0.3401,0.0,27.1,2666,False,90.0,63.0,3,0.4276,0.789,2666,0.0,0.0,83.0565,78.8734
755512,rev,BIN,30.95,78.95,False,40,sub_coin_noise_blob,cheap,0.0,0.0,0,0.00014,0.2153,0.24,0.3432,0.0,20.1,1485,False,57.0,38.0,6,0.4461,0.4939,1485,0.0,0.0,86.6861,83.5579
755512,rev,BIN,30.95,78.95,False,88,relief_self_segmentation,cheap,0.0,0.0,0,0.00065,0.0909,0.2772,0.3583,0.0,40.2,7110,False,43.0,61.0,7,0.2825,0.439,7110,0.0111,0.0,94.9831,87.6568
755512,rev,BIN,30.95,78.95,False,100,relief_self_segmentation,cheap,0.0,0.0,0,0.00018,0.2023,0.188,0.2919,0.0,25.9,2666,False,112.0,26.0,5,0.4315,0.4664,2666,0.0,0.0,97.013,92.9967
755512,rev,BIN,30.95,78.95,False,204,relief_self_segmentation,cheap,0.0,0.0,0,0.00015,0.1071,0.0912,0.2748,0.2911,33.6,2720,False,108.0,60.0,2,0.755,0.343,2720,0.0,0.0,102.0392,96.6605
755512,rev,BIN,30.95,78.95,False,239,relief_self_segmentation,cheap,0.0,0.0,0,0.00033,0.1667,0.1159,0.2558,0.0,44.2,4410,False,124.0,64.0,3,1.4515,0.5328,4410,0.0,0.0,101.3842,96.3018
755512,rev,BIN,30.95,78.95,False,296,low_contrast_coastline,expensive,0.202,0.0196,53,0.39726,0.1298,0.7811,0.5178,0.4615,591.3,1819072,False,1.0,0.0,0,0.0598,0.895,1819072,0.1085,0.0557,97.1189,74.762
755513,obv,BIN,32.72,78.94,False,0,sub_coin_noise_blob,cheap,0.0,0.0,0,0.00015,0.5377,0.4563,0.3763,0.0,15.2,1110,False,60.0,56.0,3,0.2768,0.7812,1110,0.0,0.0,65.8892,63.4869
755513,obv,BIN,32.72,78.94,False,3,sub_coin_noise_blob,cheap,0.0,0.0,0,0.00051,0.1067,0.0547,0.3803,0.9812,80.0,12972,False,92.0,76.0,3,2.1204,0.5278,12972,0.2408,0.1459,80.8105,62.271
755513,obv,BIN,32.72,78.94,False,4,sub_coin_noise_blob,cheap,0.0,0.0,0,0.00055,0.1581,0.1999,0.3397,0.0,43.6,7290,False,42.0,66.0,4,0.504,0.5043,7290,0.0411,0.0,65.9129,61.3257
755513,obv,BIN,32.72,78.94,False,16,sub_coin_noise_blob,cheap,0.0,0.0,0,0.00027,0.2059,0.1742,0.2709,0.0,32.7,3960,False,114.0,71.0,4,0.8059,0.4945,3960,0.0,0.0,75.2767,71.471
755513,obv,BIN,32.72,78.94,False,43,attached_artifact,cheap,0.0161,0.0,0,0.00974,0.0581,0.0883,0.3596,0.0,275.3,174885,False,148.0,50.0,2,1.2884,0.3448,174885,0.1042,0.0274,83.6818,81.4014
755513,obv,BIN,32.72,78.94,False,53,relief_self_segmentation,cheap,0.1195,0.0,0,0.00051,0.1402,0.2505,0.362,0.0115,37.5,5368,False,83.0,45.0,6,0.4474,0.4582,5368,0.0,0.0,95.1761,91.259
755513,obv,BIN,32.72,78.94,False,67,relief_self_segmentation,cheap,0.0184,0.0,0,0.00378,0.0758,0.252,0.3921,0.0367,101.5,42090,False,22.0,78.0,4,0.4366,0.4844,42090,0.0165,0.0,93.6666,86.4679
755513,obv,BIN,32.72,78.94,False,165,backdrop_vignette_blob,expensive,0.3416,0.1205,36,0.34793,0.1816,0.7979,0.5643,0.6278,547.5,1574474,False,2.0,0.0,0,0.0551,0.9113,1574474,0.1478,0.0188,101.1553,74.9212
755513,rev,BIN,33.34,78.95,False,6,sub_coin_noise_blob,cheap,0.0,0.0,0,0.00019,0.2223,0.1173,0.4319,1.0,33.0,2418,False,69.0,107.0,3,2.0509,0.7335,2418,0.2788,0.257,86.2077,47.0244
755513,rev,BIN,33.34,78.95,False,9,sub_coin_noise_blob,cheap,0.0,0.0,0,0.00055,0.3608,0.3611,0.3548,0.0,32.4,3844,False,69.0,72.0,4,0.3917,0.7086,3844,0.0816,0.0,65.8552,58.6632
755513,rev,BIN,33.34,78.95,False,19,relief_self_segmentation,cheap,0.0,0.0,0,0.00022,0.2361,0.1667,0.4496,1.0,30.4,3233,False,92.0,106.0,2,1.3371,0.5972,3233,0.0004,0.0,115.4764,98.3734
755513,rev,BIN,33.34,78.95,False,30,relief_self_segmentation,cheap,0.0,0.0,0,0.00029,0.3024,0.2279,0.4983,1.0,29.4,2829,False,62.0,93.0,3,0.705,0.6649,2829,0.0015,0.0,109.6628,92.7165
755513,rev,BIN,33.34,78.95,False,34,relief_self_segmentation,cheap,0.0,0.0,0,0.00019,0.2934,0.3001,0.4577,1.0,20.7,1548,False,57.0,63.0,3,0.5124,0.565,1548,0.0025,0.0,105.9043,93.5542
755513,rev,BIN,33.34,78.95,False,57,relief_self_segmentation,cheap,0.0,0.0,0,0.00034,0.2159,0.1609,0.4837,1.0,38.0,5525,False,92.0,75.0,2,1.6201,0.5212,5525,0.1493,0.0032,147.1297,74.6352
755513,rev,BIN,33.34,78.95,False,66,relief_self_segmentation,cheap,0.0,0.0,0,0.00016,0.2174,0.2593,0.48,1.0,20.7,1872,False,69.0,57.0,4,0.323,0.4765,1872,0.0012,0.0,111.0978,88.9895
755513,rev,BIN,33.34,78.95,False,77,unclassified_ragged,expensive,0.3498,0.0752,42,0.26776,0.0586,0.7438,0.5848,0.9994,497.5,1373295,False,11.0,0.0,0,0.1002,0.7947,1373295,0.1092,0.0259,118.0299,76.324
755514,obv,BIN,30.07,78.94,False,1,sub_coin_noise_blob,cheap,0.0,0.0,0,0.00035,0.2465,0.3423,0.3652,0.0,26.7,3596,False,70.0,36.0,4,0.4249,0.5662,3596,0.0,0.0,65.1249,62.4039
755514,obv,BIN,30.07,78.94,False,4,sub_coin_noise_blob,cheap,0.0,0.0,0,0.00049,0.3182,0.3074,0.3397,0.0,33.1,4002,False,55.0,76.0,3,0.4544,0.6858,4002,0.128,0.0,65.0873,56.5907
755514,obv,BIN,30.07,78.94,False,15,sub_coin_noise_blob,cheap,0.0,0.0,0,0.00022,0.2784,0.2009,0.3205,0.0,27.6,2475,False,57.0,108.0,3,0.7138,0.6549,2475,0.0097,0.0,75.2897,67.4238
755514,obv,BIN,30.07,78.94,False,16,sub_coin_noise_blob,cheap,0.0,0.0,0,0.00026,0.1956,0.1626,0.2698,0.0,33.0,3604,False,116.0,74.0,3,0.802,0.4831,3604,0.0,0.0,75.1755,69.9686
755515,obv,BIN,29.28,78.94,False,2,sub_coin_noise_blob,cheap,0.0,0.0,0,0.00017,0.6271,0.4776,0.3901,0.0,15.8,1178,False,29.0,68.0,4,0.2293,0.8738,1178,0.0,0.0,65.3293,62.6136
755515,obv,BIN,29.28,78.94,False,15,sub_coin_noise_blob,cheap,0.0,0.0,0,0.00076,0.3196,0.3227,0.337,0.0,40.4,6375,False,83.0,60.0,4,0.4784,0.689,6375,0.0,0.0,74.6566,70.9058
755515,rev,BIN,29.76,78.95,False,37,relief_self_segmentation,cheap,0.0,0.0,0,0.00016,0.3228,0.2193,0.4491,1.0,22.3,1584,False,89.0,65.0,2,0.5668,0.6612,1584,0.0142,0.0009,112.4656,79.5058
755515,rev,BIN,29.76,78.95,False,56,relief_self_segmentation,cheap,0.0,0.0,0,0.00017,0.4314,0.2672,0.5077,1.0,20.9,1225,False,68.0,91.0,2,0.5279,0.8044,1225,0.1249,0.013,116.5243,72.4935
755515,rev,BIN,29.76,78.95,False,67,relief_self_segmentation,cheap,0.0,0.0,0,0.0005,0.2222,0.3133,0.5405,1.0,33.0,4620,False,74.0,53.0,3,0.4289,0.5926,4620,0.0621,0.0022,131.9191,80.5197
755515,rev,BIN,29.76,78.95,False,118,relief_self_segmentation,cheap,0.0,0.0,0,0.00061,0.3228,0.3759,0.5285,1.0,33.4,4484,False,34.0,56.0,4,0.3275,0.67,4484,0.02,0.0,116.331,80.719
755515,rev,BIN,29.76,78.95,False,121,relief_self_segmentation,cheap,0.0,0.0,0,0.00016,0.3545,0.3263,0.4975,1.0,18.4,1260,False,103.0,78.0,2,0.5009,0.666,1260,0.0,0.0,108.7197,84.4627
755515,rev,BIN,29.76,78.95,False,128,backdrop_vignette_blob,expensive,0.3591,0.1518,42,0.25824,0.0708,0.7354,0.5927,0.9977,491.3,1305920,False,2.0,0.0,0,0.0629,0.8395,1305920,0.1278,0.0864,117.5174,69.756
755515,rev,BIN,29.76,78.95,False,136,relief_self_segmentation,cheap,0.0,0.0,0,0.00016,0.1442,0.079,0.3714,1.0,37.8,3393,False,75.0,105.0,3,1.2084,0.5462,3393,0.014,0.0,125.1644,86.4761
755516,obv,BIN,29.74,78.94,False,12,sub_coin_noise_blob,cheap,0.0,0.0,0,0.00121,0.3634,0.2492,0.3536,0.0,57.7,9545,False,67.0,92.0,2,0.5239,0.8005,9545,0.1318,0.0426,64.7279,55.3087
755516,obv,BIN,29.74,78.94,False,25,sub_coin_noise_blob,cheap,0.0,0.0,0,0.00133,0.1094,0.1553,0.3222,0.0,76.7,19992,False,96.0,57.0,3,0.6248,0.4781,19992,0.1901,0.067,77.1459,59.0191
755516,obv,BIN,29.74,78.94,False,26,sub_coin_noise_blob,cheap,0.0277,0.0,0,0.00288,0.1658,0.22,0.3453,0.0158,94.9,30192,False,94.0,69.0,4,0.7199,0.6512,30192,0.2315,0.0176,75.5707,59.4216
755516,obv,BIN,29.74,78.94,False,27,sub_coin_noise_blob,cheap,0.0,0.0,0,0.00019,0.5349,0.3805,0.3514,0.0,18.6,1118,False,70.0,76.0,3,0.3736,0.828,1118,0.0,0.0,83.5617,80.2379
755516,obv,BIN,29.74,78.94,False,28,sub_coin_noise_blob,cheap,0.0,0.0,0,0.00027,0.2364,0.3118,0.3428,0.0,24.2,2622,False,45.0,18.0,6,0.3299,0.5174,2622,0.0,0.0,83.2963,78.801
755516,obv,BIN,29.74,78.94,False,69,relief_self_segmentation,cheap,0.0,0.0,0,0.0002,0.1922,0.2676,0.3452,0.0,22.8,2200,False,41.0,44.0,4,0.4515,0.4624,2200,0.0,0.0,90.5796,86.6575
755516,obv,BIN,29.74,78.94,False,74,relief_self_segmentation,cheap,0.0,0.0,0,0.00047,0.1057,0.1925,0.3596,0.0,41.0,6039,False,59.0,73.0,3,0.5411,0.3984,6039,0.0,0.0,89.6638,85.3308
755516,obv,BIN,29.74,78.94,False,79,relief_self_segmentation,cheap,0.0,0.0,0,0.00014,0.3128,0.3382,0.3343,0.0,17.0,1326,False,67.0,75.0,3,0.491,0.6202,1326,0.0,0.0,89.774,86.0325
755516,obv,BIN,29.74,78.94,False,105,relief_self_segmentation,cheap,0.0,0.0,0,0.00067,0.2895,0.397,0.5667,1.0,34.0,4875,False,46.0,36.0,4,0.2774,0.6396,4875,0.1033,0.0213,138.3211,78.713
755516,obv,BIN,29.74,78.94,False,128,relief_self_segmentation,cheap,0.0,0.0,0,0.00021,0.2184,0.3064,0.503,1.0,21.5,1968,False,37.0,29.0,9,0.354,0.4953,1968,0.0,0.0,91.2656,78.8185
755516,obv,BIN,29.74,78.94,False,183,relief_self_segmentation,cheap,0.0,0.0,0,0.00018,0.3375,0.3382,0.5252,1.0,19.1,1395,False,46.0,59.0,5,0.3497,0.6323,1395,0.0071,0.0,91.0572,81.0429
755516,obv,BIN,29.74,78.94,False,186,relief_self_segmentation,cheap,0.0483,0.0,0,0.00407,0.1085,0.291,0.5313,1.0,98.1,36024,False,85.0,62.0,5,0.4272,0.5722,36024,0.0877,0.0291,100.7215,77.26
755516,obv,BIN,29.74,78.94,False,211,non_circular_flan,expensive,0.067,0.0337,11,0.24964,0.0842,0.6916,0.5383,0.9992,498.2,1271832,False,24.0,2.0,5,0.1631,0.8076,1271832,0.1101,0.0712,115.8471,69.8864
755516,obv,BIN,29.74,78.94,False,223,relief_self_segmentation,cheap,0.0,0.0,0,0.00024,0.3834,0.3088,0.4961,1.0,23.2,2016,False,94.0,42.0,7,0.3343,0.7067,2016,0.0046,0.0,92.4574,69.0704
755516,obv,BIN,29.74,78.94,False,236,relief_self_segmentation,cheap,0.0,0.0,0,0.00016,0.2733,0.2146,0.4225,1.0,22.8,1484,False,96.0,92.0,3,0.594,0.5837,1484,0.0,0.0,92.4926,77.7516
755516,obv,BIN,29.74,78.94,False,283,relief_self_segmentation,cheap,0.0,0.0,0,0.00018,0.1147,0.1019,0.2775,0.2081,34.5,3360,False,104.0,55.0,2,0.837,0.3473,3360,0.0,0.0,101.7936,96.7927
755516,obv,BIN,29.74,78.94,False,365,multi_object_weld,expensive,0.0883,0.0119,6,0.06224,0.0235,0.1182,0.2974,0.2901,601.6,1036074,False,121.0,62.0,2,0.7258,0.2884,1036074,0.027,0.0059,95.3452,100.7379
755516,rev,BIN,30.93,78.95,False,86,relief_self_segmentation,cheap,0.0,0.0,0,0.00066,0.1261,0.3015,0.3503,0.0154,38.7,6536,False,40.0,58.0,4,0.2709,0.4372,6536,0.0,0.0,94.8307,91.0626
755516,rev,BIN,30.93,78.95,False,117,relief_self_segmentation,cheap,0.0,0.0,0,0.0002,0.3873,0.4071,0.5437,1.0,18.3,1428,False,75.0,68.0,4,0.2946,0.6492,1428,0.0,0.0,114.1384,86.7926
755516,rev,BIN,30.93,78.95,False,126,backdrop_vignette_blob,expensive,0.2442,0.1243,24,0.25595,0.0696,0.7122,0.5819,0.9996,497.1,1203276,False,11.0,41.0,4,0.1113,0.8429,1203276,0.11,0.0346,113.1893,70.1993
755516,rev,BIN,30.93,78.95,False,132,relief_self_segmentation,cheap,0.0,0.0,0,0.00037,0.4278,0.366,0.5149,1.0,26.4,2852,False,64.0,72.0,5,0.3263,0.7253,2852,0.0,0.0,117.1231,82.9578
755516,rev,BIN,30.93,78.95,False,150,relief_self_segmentation,cheap,0.0,0.0,0,0.0003,0.1935,0.2846,0.4887,1.0,26.9,2968,False,64.0,61.0,3,0.5197,0.4378,2968,0.0,0.0,107.7565,80.2809
755516,rev,BIN,30.93,78.95,False,167,relief_self_segmentation,cheap,0.0,0.0,0,0.00019,0.3409,0.29,0.4961,1.0,21.0,1480,False,81.0,55.0,6,0.3486,0.5852,1480,0.0,0.0,97.4232,77.3772
755516,rev,BIN,30.93,78.95,False,175,relief_self_segmentation,cheap,0.0,0.0,0,0.0004,0.0587,0.0726,0.3599,0.5948,61.5,12360,False,103.0,71.0,3,0.5682,0.2574,12360,0.0093,0.0001,110.1809,85.7387
755516,rev,BIN,30.93,78.95,False,198,relief_self_segmentation,cheap,0.0,0.0,0,0.00018,0.1027,0.0825,0.2641,0.0056,38.2,4824,False,91.0,101.0,2,5.8829,0.2861,4824,0.0,0.0,100.9237,95.5167
755516,rev,BIN,30.93,78.95,False,216,relief_self_segmentation,cheap,0.0827,0.0279,2,0.01482,0.0332,0.0878,0.4036,0.5256,340.8,298371,False,123.0,53.0,3,0.8467,0.2854,298371,0.0108,0.0006,99.7294,98.5613
755517,obv,BIN,31.84,78.94,False,9,sub_coin_noise_blob,cheap,0.0,0.0,0,0.00016,0.5906,0.4763,0.3774,0.0,15.4,1110,False,60.0,60.0,4,0.2838,0.8383,1110,0.0,0.0,65.8087,63.4228
755517,obv,BIN,31.84,78.94,False,13,sub_coin_noise_blob,cheap,0.0,0.0,0,0.00105,0.18,0.171,0.3523,0.0,64.9,13724,False,77.0,40.0,3,0.5032,0.587,13724,0.1543,0.0796,66.3067,52.9777
755517,obv,BIN,31.84,78.94,False,14,sub_coin_noise_blob,cheap,0.0,0.0,0,0.00029,0.0739,0.0365,0.3383,0.9857,73.7,13035,False,125.0,76.0,2,3.5304,0.6138,13035,0.2455,0.1664,76.8573,56.9929
755517,obv,BIN,31.84,78.94,False,41,sub_coin_noise_blob,cheap,0.0,0.0,0,0.00265,0.158,0.2559,0.3956,0.0,84.3,26373,False,100.0,54.0,5,0.4889,0.6129,26373,0.1753,0.0379,76.7687,61.6245
755517,obv,BIN,31.84,78.94,False,47,sub_coin_noise_blob,cheap,0.0,0.0,0,0.0003,0.5309,0.3577,0.3621,0.0,24.1,1960,False,83.0,64.0,5,0.4141,0.8264,1960,0.0,0.0,83.2684,78.7844
755517,obv,BIN,31.84,78.94,False,105,relief_self_segmentation,cheap,0.0,0.0,0,0.00041,0.1321,0.1664,0.3364,0.0,41.0,5820,False,73.0,94.0,3,0.7942,0.4553,5820,0.0,0.0,94.4126,90.4962
755517,obv,BIN,31.84,78.94,False,145,relief_self_segmentation,cheap,0.1786,0.0,0,0.00343,0.1353,0.2198,0.3741,0.0471,103.6,33696,False,60.0,44.0,6,0.4258,0.5205,33696,0.0143,0.0,93.8067,88.1613
755517,obv,BIN,31.84,78.94,False,172,relief_self_segmentation,cheap,0.0,0.0,0,0.0004,0.0947,0.1297,0.2775,0.0629,46.1,6283,False,103.0,78.0,2,0.5954,0.3662,6283,0.0,0.0,98.1761,93.6084
755517,obv,BIN,31.84,78.94,False,173,relief_self_segmentation,cheap,0.0,0.0,0,0.00042,0.1676,0.218,0.3611,0.0,36.2,4424,False,52.0,66.0,3,0.4956,0.5252,4424,0.0118,0.0,96.5648,89.3311
755517,obv,BIN,31.84,78.94,False,306,relief_self_segmentation,cheap,0.0,0.0,0,0.00016,0.141,0.1919,0.3117,0.1871,23.7,2288,False,84.0,52.0,3,0.3633,0.3738,2288,0.0,0.0,100.6165,97.724
755517,obv,BIN,31.84,78.94,False,317,relief_self_segmentation,cheap,0.0,0.0,0,0.00021,0.1643,0.233,0.3063,0.1154,25.0,2109,False,87.0,90.0,4,0.6066,0.4226,2109,0.0,0.0,99.6394,95.1313
755517,obv,BIN,31.84,78.94,False,337,relief_self_segmentation,cheap,0.0,0.0,0,0.00014,0.1056,0.2499,0.3535,0.0,19.7,2208,False,57.0,19.0,5,0.2961,0.331,2208,0.0,0.0,101.9974,97.3641
755517,obv,BIN,31.84,78.94,False,368,non_circular_flan,expensive,0.1673,0.0371,29,0.37474,0.1517,0.7463,0.5184,0.5131,587.6,1731532,False,0.0,6.0,5,0.074,0.9042,1731532,0.1016,0.0401,99.7263,75.697
755517,rev,BIN,31.92,78.95,False,2,sub_coin_noise_blob,cheap,0.0,0.0,0,0.00033,0.1899,0.2679,0.3367,0.0,29.0,3136,False,55.0,35.0,6,0.3203,0.4829,3136,0.0,0.0,66.5607,62.0186
755517,rev,BIN,31.92,78.95,False,3,relief_self_segmentation,cheap,0.0,0.0,0,0.00066,0.1045,0.0528,0.3766,0.9559,92.9,18530,False,106.0,83.0,2,2.6904,0.7071,18530,0.1853,0.1335,92.2511,73.4226
755517,rev,BIN,31.92,78.95,False,22,relief_self_segmentation,cheap,0.0,0.0,0,0.00054,0.0901,0.0484,0.3748,1.0,87.7,19897,False,91.0,76.0,2,2.5761,0.4551,19897,0.001,0.0,115.1784,90.3753
755517,rev,BIN,31.92,78.95,False,53,relief_self_segmentation,cheap,0.0809,0.0,0,0.00299,0.1733,0.2548,0.5475,1.0,89.8,28000,False,80.0,96.0,2,0.5028,0.6128,28000,0.0508,0.0051,103.1119,88.7812
755517,rev,BIN,31.92,78.95,False,93,relief_self_segmentation,cheap,0.0,0.0,0,0.00029,0.3189,0.3374,0.3837,0.1955,24.2,2538,False,46.0,50.0,7,0.2666,0.5929,2538,0.0,0.0,99.7725,95.6422
755517,rev,BIN,31.92,78.95,False,109,low_contrast_coastline,expensive,0.1678,0.0279,34,0.31945,0.1431,0.8348,0.6154,0.9297,512.9,1456849,False,1.0,0.0,0,0.0519,0.8969,1456849,0.0608,0.0197,114.3538,81.6786
755517,rev,BIN,31.92,78.95,False,113,relief_self_segmentation,cheap,0.0,0.0,0,0.0002,0.1973,0.1094,0.2622,0.4786,35.4,3520,False,102.0,109.0,3,2.3202,0.6525,3520,0.0,0.0,103.6454,95.8861
755518,obv,BIN,32.0,78.94,False,15,relief_self_segmentation,cheap,0.0882,0.0592,1,0.00704,0.1026,0.2475,0.485,1.0,139.9,73629,False,94.0,76.0,3,0.4574,0.5359,73629,0.0513,0.0025,125.8964,89.6565
755518,obv,BIN,32.0,78.94,False,57,relief_self_segmentation,cheap,0.0,0.0,0,0.00068,0.2156,0.2083,0.5134,1.0,47.5,8099,False,80.0,81.0,2,0.8832,0.5283,8099,0.1898,0.0641,131.5823,67.423
755518,obv,BIN,32.0,78.94,False,75,relief_self_segmentation,cheap,0.0,0.0,0,0.00064,0.6191,0.5879,0.612,1.0,27.4,3528,False,36.0,21.0,3,0.166,0.8809,3528,0.0644,0.0012,132.4952,72.6114
755518,obv,BIN,32.0,78.94,False,96,relief_self_segmentation,cheap,0.0,0.0,0,0.00039,0.4313,0.3809,0.3933,0.1037,26.6,2480,False,57.0,76.0,2,0.3361,0.7449,2480,0.0,0.0,98.8446,91.4777
755518,obv,BIN,32.0,78.94,False,117,relief_self_segmentation,expensive,0.2907,0.0277,55,0.27562,0.0363,0.6722,0.5621,0.889,531.0,1492843,False,0.0,6.0,5,0.0664,0.7493,1492843,0.1107,0.0289,117.5869,77.2564
755519,rev,BIN,30.75,78.95,False,30,relief_self_segmentation,cheap,0.0,0.0,0,0.00016,0.4322,0.4693,0.3856,0.0,15.4,1332,False,54.0,60.0,6,0.3165,0.688,1332,0.0,0.0,94.2449,90.5688
755519,rev,BIN,30.75,78.95,False,45,relief_self_segmentation,cheap,0.0,0.0,0,0.00039,0.3841,0.252,0.4994,1.0,32.6,3477,False,88.0,86.0,2,0.7222,0.774,3477,0.1074,0.0091,102.1389,79.45
755519,rev,BIN,30.75,78.95,False,68,relief_self_segmentation,cheap,0.0,0.0,0,0.00051,0.1564,0.1073,0.4452,1.0,56.9,10528,False,64.0,76.0,2,1.9803,0.5564,10528,0.078,0.0168,133.363,74.6298
755519,rev,BIN,30.75,78.95,False,74,relief_self_segmentation,cheap,0.0,0.0,0,0.00018,0.1252,0.1519,0.4611,1.0,28.6,3120,False,100.0,58.0,3,0.5644,0.3298,3120,0.154,0.0377,103.8945,67.9542
755519,rev,BIN,30.75,78.95,False,93,relief_self_segmentation,cheap,0.0,0.0,0,0.00035,0.1541,0.2458,0.4905,1.0,31.4,4366,False,51.0,75.0,4,0.6198,0.4223,4366,0.1062,0.0477,100.4126,66.0159
755519,rev,BIN,30.75,78.95,False,107,relief_self_segmentation,cheap,0.0,0.0,0,0.00022,0.3541,0.2546,0.4937,1.0,24.6,1890,False,70.0,101.0,2,0.6465,0.7014,1890,0.047,0.0072,92.2,71.6425
755519,rev,BIN,30.75,78.95,False,113,relief_self_segmentation,cheap,0.0,0.0,0,0.0003,0.116,0.2041,0.3546,0.0,31.5,3762,False,65.0,70.0,4,0.5424,0.3847,3762,0.0,0.0,98.1121,94.4508
755519,rev,BIN,30.75,78.95,False,122,relief_self_segmentation,cheap,0.0,0.0,0,0.00021,0.1629,0.1481,0.3281,0.0,31.4,2886,False,54.0,103.0,3,0.7646,0.4739,2886,0.0,0.0,99.3426,95.4541
755519,rev,BIN,30.75,78.95,False,135,backdrop_vignette_blob,expensive,0.3016,0.1709,43,0.32466,0.0825,0.784,0.6057,0.8467,533.6,1516592,False,15.0,1.0,1,0.0751,0.8531,1516592,0.0665,0.0185,109.2658,78.5672
755521,obv,BIN,96.0,78.94,False,10,sub_coin_noise_blob,cheap,0.0,0.0,0,0.00024,0.2461,0.3706,0.3517,0.0,21.0,1980,False,63.0,26.0,4,0.25,0.5265,1980,0.0,1.0,66.3752,63.5131
755521,obv,BIN,96.0,78.94,False,12,sub_coin_noise_blob,cheap,0.0,0.0,0,0.00021,0.149,0.0907,0.3437,1.0,40.1,4488,False,99.0,73.0,2,1.168,0.5604,4488,0.0321,0.9158,79.7426,37.2322
755521,obv,BIN,96.0,78.94,False,26,relief_self_segmentation,cheap,0.0,0.0,0,0.00067,0.14,0.1083,0.3503,1.0,65.2,13081,False,102.0,86.0,2,2.1165,0.5117,13081,0.0873,0.7256,128.552,68.8596
755521,obv,BIN,96.0,78.94,False,34,relief_self_segmentation,cheap,0.0,0.0,0,0.00028,0.5218,0.5167,0.5497,1.0,19.4,1476,False,59.0,27.0,3,0.2103,0.7584,1476,0.0981,0.7996,179.5714,63.9275
755521,obv,BIN,96.0,78.94,False,38,relief_self_segmentation,cheap,0.0,0.0,0,0.00037,0.4583,0.5446,0.562,1.0,21.6,2500,False,66.0,85.0,5,0.2763,0.7261,2500,0.2114,0.701,159.0605,70.819
755521,obv,BIN,96.0,78.94,False,50,relief_self_segmentation,cheap,0.0,0.0,0,0.00048,0.3664,0.3231,0.5156,1.0,32.0,4087,False,76.0,96.0,2,0.3552,0.7088,4087,0.1152,0.7639,156.6491,63.5574
755521,obv,BIN,96.0,78.94,False,61,low_contrast_coastline,expensive,0.2134,0.0576,32,0.30847,0.0781,0.8135,0.6182,0.9991,510.6,1432280,False,4.0,0.0,0,0.0525,0.877,1432280,0.2314,0.6854,143.2976,65.3931
755523,obv,BIN,32.1,78.94,False,10,sub_coin_noise_blob,cheap,0.0,0.0,0,0.00111,0.1821,0.1796,0.3562,0.0,65.1,13724,False,59.0,88.0,2,0.5534,0.6095,13724,0.1741,0.0932,66.0144,51.6538
755523,obv,BIN,32.1,78.94,False,17,sub_coin_noise_blob,cheap,0.0,0.0,0,0.00068,0.175,0.1588,0.353,0.0,54.3,8736,False,61.0,88.0,5,0.7211,0.5611,8736,0.1476,0.0162,76.084,62.9232
755523,rev,BIN,31.71,78.95,False,15,sub_coin_noise_blob,cheap,0.0,0.0,0,0.00111,0.2105,0.1974,0.3271,0.0,62.2,13167,False,85.0,77.0,2,0.9737,0.6153,13167,0.2118,0.1006,64.1762,49.1008
755523,rev,BIN,31.71,78.95,False,19,sub_coin_noise_blob,cheap,0.0,0.0,0,0.00044,0.1064,0.0936,0.2815,0.0,57.0,9690,False,97.0,95.0,2,3.3288,0.3964,9690,0.1558,0.0829,66.1905,52.4721
755523,rev,BIN,31.71,78.95,False,20,sub_coin_noise_blob,cheap,0.0,0.0,0,0.00034,0.0781,0.0386,0.374,1.0,77.6,12740,False,49.0,95.0,2,8.2696,0.4949,12740,0.2511,0.1673,75.3111,56.1669
755523,rev,BIN,31.71,78.95,False,29,sub_coin_noise_blob,cheap,0.0,0.0,0,0.00018,0.3435,0.3405,0.3658,0.0,18.9,1333,False,43.0,23.0,7,0.2717,0.6217,1333,0.0,0.0,75.9213,73.894
755523,rev,BIN,31.71,78.95,False,30,sub_coin_noise_blob,cheap,0.0,0.0,0,0.00088,0.2015,0.3222,0.3128,0.0,43.4,8633,False,79.0,58.0,3,0.5101,0.5701,8633,0.0,0.0,74.8852,71.078
755524,obv,BIN,33.51,78.94,False,11,sub_coin_noise_blob,cheap,0.0,0.0,0,0.00042,0.3165,0.3068,0.332,0.0,30.7,3536,False,90.0,68.0,3,0.733,0.6051,3536,0.0537,0.0,63.672,58.1144
755524,obv,BIN,33.51,78.94,False,12,sub_coin_noise_blob,cheap,0.0,0.0,0,0.00028,0.2221,0.257,0.3071,0.0,27.4,2964,False,57.0,88.0,2,0.7409,0.5149,2964,0.0,0.0,65.4269,62.8489
755524,obv,BIN,33.51,78.94,False,16,sub_coin_noise_blob,cheap,0.0,0.0,0,0.00164,0.1243,0.1225,0.3204,0.0,96.0,26061,False,80.0,91.0,2,0.8666,0.5154,26061,0.1849,0.135,63.7484,50.2079
755524,obv,BIN,33.51,78.94,False,18,sub_coin_noise_blob,cheap,0.0,0.0,0,0.00029,0.1463,0.0848,0.3911,1.0,48.3,4560,False,57.0,63.0,4,1.54,0.5732,4560,0.3853,0.3417,67.489,33.1863
755524,obv,BIN,33.51,78.94,False,58,sub_coin_noise_blob,cheap,0.0,0.0,0,0.00015,0.329,0.2286,0.3396,0.0,21.2,1406,False,66.0,107.0,2,0.6069,0.6663,1406,0.0,0.0,74.4677,68.01
755524,obv,BIN,33.51,78.94,False,60,sub_coin_noise_blob,cheap,0.0,0.0,0,0.00025,0.3509,0.3071,0.3414,0.0,23.9,2080,False,90.0,64.0,3,0.4458,0.6354,2080,0.0,0.0,76.1964,72.823
755524,obv,BIN,33.51,78.94,False,65,sub_coin_noise_blob,cheap,0.0,0.0,0,0.0035,0.0264,0.0163,0.2759,0.9994,384.3,352340,False,152.0,50.0,2,1.2229,0.0966,352340,0.134,0.061,70.2343,74.6576
755524,obv,BIN,33.51,78.94,False,74,sub_coin_noise_blob,cheap,0.0843,0.0,0,0.00185,0.182,0.1592,0.3149,0.0,89.3,23865,False,107.0,73.0,5,0.9948,0.6091,23865,0.1775,0.0362,76.2262,63.7136
755524,obv,BIN,33.51,78.94,False,105,relief_self_segmentation,cheap,0.0,0.0,0,0.00022,0.1505,0.2753,0.3425,0.0,23.4,2250,False,47.0,26.0,4,0.2809,0.4274,2250,0.0,0.0,90.3155,86.6752
755524,obv,BIN,33.51,78.94,False,300,unclassified_ragged,expensive,0.2047,0.095,35,0.43142,0.1558,0.7571,0.5433,0.4135,625.9,1895184,False,0.0,1.0,3,0.0565,0.9082,1895184,0.0866,0.0398,89.1182,83.0152
755524,rev,BIN,32.81,78.95,False,8,sub_coin_noise_blob,cheap,0.0,0.0,0,0.00022,0.1066,0.0612,0.388,1.0,50.0,5520,False,109.0,106.0,2,2.2518,0.4839,5520,0.3481,0.2235,68.5155,50.0262
755524,rev,BIN,32.81,78.95,False,12,sub_coin_noise_blob,cheap,0.0,0.0,0,0.0017,0.1862,0.168,0.35,0.0,83.3,20492,False,69.0,87.0,2,0.6261,0.6722,20492,0.1837,0.1377,65.327,49.8257
755524,rev,BIN,32.81,78.95,False,33,sub_coin_noise_blob,cheap,0.0,0.0,0,0.00032,0.4363,0.4117,0.388,0.0,23.0,2340,False,59.0,64.0,5,0.2875,0.747,2340,0.0,0.0,75.2399,70.4153
755524,rev,BIN,32.81,78.95,False,45,sub_coin_noise_blob,cheap,0.0,0.0,0,0.00386,0.2127,0.2141,0.3282,0.0,111.4,38925,False,93.0,78.0,2,0.6664,0.7387,38925,0.2251,0.0779,75.0972,58.4759
755524,rev,BIN,32.81,78.95,False,78,relief_self_segmentation,cheap,0.0,0.0,0,0.00015,0.1277,0.1167,0.2634,0.0,29.4,2484,False,123.0,49.0,2,0.6842,0.4047,2484,0.0,0.0,97.3181,93.3744
755524,rev,BIN,32.81,78.95,False,141,backdrop_vignette_blob,expensive,0.3726,0.129,55,0.39031,0.1914,0.7422,0.5606,0.5434,601.3,1796995,False,0.0,3.0,4,0.0556,0.9101,1796995,0.0903,0.0274,84.4128,83.2397
755524,rev,BIN,32.81,78.95,False,152,relief_self_segmentation,cheap,0.0,0.0,0,0.00018,0.1096,0.0858,0.2572,0.0,37.6,3432,False,131.0,70.0,3,1.9001,0.3814,3432,0.0,0.0,102.9047,96.4037
755524,rev,BIN,32.81,78.95,False,161,relief_self_segmentation,cheap,0.0,0.0,0,0.00028,0.1018,0.0948,0.2889,0.141,45.1,5450,False,99.0,42.0,4,0.8038,0.3777,5450,0.0,0.0,102.389,97.0986
755525,obv,BIN,30.51,78.94,False,11,sub_coin_noise_blob,cheap,0.0,0.0,0,0.00024,0.1751,0.0923,0.4409,1.0,41.9,4416,False,90.0,95.0,3,1.49,0.7008,4416,0.3304,0.2814,72.357,39.6773
755525,obv,BIN,30.51,78.94,False,13,sub_coin_noise_blob,cheap,0.0,0.0,0,0.00094,0.2272,0.1897,0.3463,0.0,58.4,10033,False,95.0,61.0,3,0.4861,0.6407,10033,0.17,0.0975,65.6477,50.8121
755525,obv,BIN,30.51,78.94,False,21,relief_self_segmentation,cheap,0.0,0.0,0,0.00016,0.1744,0.0864,0.3127,1.0,35.2,3796,False,92.0,78.0,2,2.9869,0.7028,3796,0.2536,0.2125,88.0299,50.39
755525,obv,BIN,30.51,78.94,False,31,sub_coin_noise_blob,cheap,0.0,0.0,0,0.00081,0.1883,0.1872,0.3496,0.0,54.6,8944,False,62.0,93.0,4,0.7056,0.5901,8944,0.1494,0.0057,76.0923,62.8845
755525,obv,BIN,30.51,78.94,False,34,sub_coin_noise_blob,cheap,0.1382,0.0,0,0.00093,0.2844,0.3104,0.3623,0.0,45.5,7954,False,51.0,89.0,3,0.4602,0.6439,7954,0.0597,0.0,77.1928,68.3444
755525,obv,BIN,30.51,78.94,False,42,sub_coin_noise_blob,cheap,0.0,0.0,0,0.00017,0.1582,0.1817,0.3281,0.0,25.3,2501,False,62.0,59.0,4,0.5611,0.411,2501,0.0,0.0,83.7062,78.9089
755525,obv,BIN,30.51,78.94,False,106,relief_self_segmentation,cheap,0.0,0.0,0,0.00031,0.4254,0.3743,0.5383,1.0,23.7,2322,False,63.0,46.0,3,0.3377,0.7416,2322,0.0438,0.0032,111.0763,82.0192
755525,rev,BIN,30.78,78.95,False,15,sub_coin_noise_blob,cheap,0.0,0.0,0,0.00064,0.1213,0.0693,0.381,1.0,79.6,14430,False,103.0,75.0,2,2.0515,0.4921,14430,0.4019,0.2081,73.359,43.4558
755525,rev,BIN,30.78,78.95,False,16,sub_coin_noise_blob,cheap,0.0,0.0,0,0.00026,0.1949,0.1289,0.2526,0.0,37.0,4250,False,44.0,88.0,2,1.1947,0.5509,4250,0.1056,0.0,68.5887,58.5607
755525,rev,BIN,30.78,78.95,False,18,sub_coin_noise_blob,cheap,0.0,0.0,0,0.00124,0.2586,0.2368,0.3546,0.0,59.9,12384,False,89.0,59.0,2,0.4845,0.6926,12384,0.2035,0.1007,65.1182,49.0815
755525,rev,BIN,30.78,78.95,False,34,sub_coin_noise_blob,cheap,0.0,0.0,0,0.00047,0.1279,0.2222,0.3352,0.0,38.1,5896,False,56.0,77.0,4,0.6607,0.4499,5896,0.0,0.0,77.9607,72.4776
755525,rev,BIN,30.78,78.95,False,39,sub_coin_noise_blob,cheap,0.0,0.0,0,0.00161,0.1211,0.167,0.3131,0.0,81.5,19560,False,70.0,59.0,3,0.7583,0.5072,19560,0.181,0.0124,75.7215,61.6991
755525,rev,BIN,30.78,78.95,False,114,relief_self_segmentation,cheap,0.0,0.0,0,0.00029,0.137,0.1336,0.4769,1.0,38.6,4956,False,92.0,96.0,2,1.2048,0.4483,4956,0.0063,0.0,105.0,81.4673
755525,rev,BIN,30.78,78.95,False,148,relief_self_segmentation,cheap,0.0,0.0,0,0.00103,0.2569,0.3133,0.4546,1.0,47.5,8701,False,97.0,38.0,4,0.2813,0.5995,8701,0.1717,0.126,107.2511,62.9234
755525,rev,BIN,30.78,78.95,False,155,relief_self_segmentation,cheap,0.0,0.0,0,0.00017,0.0971,0.0463,0.3336,1.0,50.2,7107,False,109.0,64.0,3,1.218,0.5377,7107,0.0533,0.0227,124.7495,83.6909
755525,rev,BIN,30.78,78.95,False,173,relief_self_segmentation,expensive,0.2092,0.0508,31,0.28156,0.2036,0.8436,0.6166,0.9986,479.0,1266478,False,15.0,0.0,0,0.0724,0.9088,1266478,0.1975,0.1215,106.1402,60.9204
755526,obv,BIN,31.04,78.94,False,7,sub_coin_noise_blob,cheap,0.0,0.0,0,0.00068,0.098,0.058,0.4025,1.0,90.0,17513,False,151.0,38.0,3,0.927,0.3627,17513,0.2126,0.269,82.4368,54.4477
755526,obv,BIN,31.04,78.94,False,83,low_contrast_coastline,expensive,0.2367,0.0425,37,0.26012,0.2299,0.7866,0.6284,0.9996,476.8,1193292,False,0.0,0.0,0,0.0544,0.9176,1193292,0.1368,0.0391,118.9278,72.6107
755526,rev,BIN,31.95,78.95,False,42,sub_coin_noise_blob,cheap,0.0,0.0,0,0.00118,0.0705,0.1929,0.3262,0.0182,64.7,15402,False,78.0,103.0,4,0.6115,0.3748,15402,0.0231,0.0,86.2915,79.5029
755526,rev,BIN,31.95,78.95,False,49,sub_coin_noise_blob,cheap,0.0,0.0,0,0.00107,0.0877,0.1509,0.3002,0.0,69.8,15200,False,113.0,75.0,4,0.516,0.3126,15200,0.0194,0.0,86.4303,78.5048
755526,rev,BIN,31.95,78.95,False,88,relief_self_segmentation,cheap,0.0,0.0,0,0.00018,0.0653,0.0305,0.3806,1.0,64.0,11978,False,160.0,61.0,2,3.416,0.428,11978,0.001,0.0,122.4177,98.3071
755526,rev,BIN,31.95,78.95,False,92,low_contrast_coastline,expensive,0.1927,0.0308,33,0.28049,0.3745,0.8101,0.5863,0.9997,487.9,1209012,False,0.0,0.0,0,0.0571,0.964,1209012,0.2026,0.0667,122.2086,61.6379
755527,obv,BIN,32.23,78.94,False,31,sub_coin_noise_blob,cheap,0.0,0.0,0,0.00023,0.1119,0.0685,0.2789,1.0,48.0,4140,False,124.0,94.0,2,1.6381,0.4444,4140,0.3799,0.2832,60.2191,35.8555
755527,obv,BIN,32.23,78.94,False,37,attached_artifact,cheap,0.0131,0.0,0,0.00529,0.1384,0.1587,0.3182,0.0,151.4,71656,False,105.0,58.0,4,0.6425,0.5832,71656,0.1393,0.0645,64.2559,58.4652
755527,obv,BIN,32.23,78.94,False,66,attached_artifact,cheap,0.0,0.0,0,0.00608,0.1391,0.2562,0.4066,0.0,127.8,54120,False,88.0,60.0,4,0.4085,0.6693,54120,0.1092,0.0312,75.6653,66.5012
755527,obv,BIN,32.23,78.94,False,72,sub_coin_noise_blob,cheap,0.0,0.0,0,0.00023,0.1653,0.0965,0.331,1.0,40.7,4628,False,90.0,60.0,5,2.1618,0.6045,4628,0.2694,0.0261,78.7376,53.9059
755527,obv,BIN,32.23,78.94,False,73,sub_coin_noise_blob,cheap,0.0,0.0,0,0.00048,0.1785,0.2395,0.3474,0.0,37.0,4895,False,70.0,68.0,3,0.5397,0.4919,4895,0.0,0.0,83.2356,78.9035
755527,obv,BIN,32.23,78.94,False,163,relief_self_segmentation,cheap,0.0,0.0,0,0.00015,0.1589,0.1843,0.3297,0.2868,23.9,2184,False,52.0,51.0,3,0.6559,0.4107,2184,0.0,0.0,92.4738,85.5353
755527,obv,BIN,32.23,78.94,False,167,relief_self_segmentation,cheap,0.0,0.0,0,0.00033,0.1129,0.1276,0.2722,0.0,41.9,4753,False,101.0,55.0,2,0.4614,0.4428,4753,0.0,0.0,92.0656,87.3789
755527,obv,BIN,32.23,78.94,False,238,relief_self_segmentation,cheap,0.0,0.0,0,0.00015,0.2484,0.2101,0.3172,0.1442,21.8,1850,False,85.0,53.0,5,0.5736,0.5331,1850,0.0,0.0,93.4674,89.892
755527,obv,BIN,32.23,78.94,False,241,relief_self_segmentation,cheap,0.0,0.0,0,0.00015,0.1352,0.0992,0.2841,0.0,32.6,2775,False,91.0,89.0,2,1.1139,0.4243,2775,0.0,0.0,96.9109,91.0089
755527,obv,BIN,32.23,78.94,False,261,relief_self_segmentation,cheap,0.0,0.0,0,0.00037,0.133,0.2395,0.3513,0.0655,32.4,4050,False,67.0,31.0,7,0.3199,0.4551,4050,0.0,0.0,96.1057,90.7495
755527,obv,BIN,32.23,78.94,False,269,relief_self_segmentation,cheap,0.0,0.0,0,0.00021,0.2632,0.4232,0.3611,0.0,18.6,1476,False,43.0,23.0,4,0.2005,0.5777,1476,0.0,0.0,94.9752,91.3097
755527,obv,BIN,32.23,78.94,False,271,relief_self_segmentation,cheap,0.0,0.0,0,0.00024,0.306,0.1949,0.3304,0.0,29.1,2139,False,84.0,71.0,2,0.7344,0.7094,2139,0.0,0.0,96.95,91.9225
755527,obv,BIN,32.23,78.94,False,272,relief_self_segmentation,cheap,0.0,0.0,0,0.00016,0.1375,0.1225,0.2643,0.1391,30.0,2808,False,130.0,63.0,4,0.679,0.3898,2808,0.0,0.0,98.747,91.8774
755527,obv,BIN,32.23,78.94,False,297,relief_self_segmentation,cheap,0.0,0.0,0,0.00077,0.0536,0.1236,0.3402,0.0803,65.5,15244,False,61.0,67.0,4,0.6138,0.2846,15244,0.0,0.0,96.2862,92.5172
755527,obv,BIN,32.23,78.94,False,307,relief_self_segmentation,cheap,0.0,0.0,0,0.00023,0.0904,0.0892,0.2648,0.0543,41.8,5130,False,72.0,57.0,3,0.921,0.2991,5130,0.0,0.0,98.211,94.0975
755527,obv,BIN,32.23,78.94,False,318,relief_self_segmentation,cheap,0.127,0.0,0,0.00257,0.0594,0.1988,0.3417,0.1579,94.3,31504,True,82.0,42.0,7,0.583,0.4117,31504,0.0,0.0,96.7271,93.8545
755527,obv,BIN,32.23,78.94,False,319,relief_self_segmentation,cheap,0.0,0.0,0,0.00028,0.2292,0.1935,0.2748,0.0,31.8,3127,True,92.0,69.0,2,0.8457,0.5866,3127,0.0,0.0,97.5159,94.6022
755527,obv,BIN,32.23,78.94,False,331,relief_self_segmentation,cheap,0.0,0.0,0,0.00014,0.2706,0.3165,0.351,0.0,17.4,1360,False,75.0,60.0,4,0.4699,0.569,1360,0.0,0.0,99.1193,95.7509
755527,obv,BIN,32.23,78.94,False,342,relief_self_segmentation,cheap,0.0,0.0,0,0.00049,0.0828,0.1673,0.3052,0.0,44.9,7776,False,86.0,50.0,4,0.4599,0.3227,7776,0.0,0.0,98.5596,95.5756
755527,obv,BIN,32.23,78.94,False,349,relief_self_segmentation,cheap,0.0,0.0,0,0.00026,0.1132,0.0996,0.2913,0.0,42.1,5141,False,56.0,20.0,4,0.5381,0.3477,5141,0.0,0.0,99.1409,96.5219
755527,obv,BIN,32.23,78.94,False,362,relief_self_segmentation,cheap,0.0,0.0,0,0.00034,0.5533,0.5259,0.353,0.0,21.0,1599,True,65.0,98.0,3,0.4099,0.8268,1599,0.0,0.0,100.7128,97.1556
755527,obv,BIN,32.23,78.94,False,366,relief_self_segmentation,cheap,0.0,0.0,0,0.00016,0.4118,0.3705,0.3629,0.0,17.5,1107,False,38.0,41.0,4,0.2991,0.7136,1107,0.0,0.0,100.793,97.4672
755527,obv,BIN,32.23,78.94,False,370,relief_self_segmentation,cheap,0.0,0.0,0,0.00015,0.3105,0.284,0.3098,0.0,19.3,1260,True,86.0,71.0,7,0.5964,0.5678,1260,0.0,0.0,100.4026,97.7365
755527,obv,BIN,32.23,78.94,False,371,relief_self_segmentation,cheap,0.0,0.0,0,0.00036,0.1285,0.0677,0.0,0.0,60.7,4234,True,169.0,148.0,1,0.6492,0.6213,4234,0.0,0.0,101.1088,97.9356
755527,obv,BIN,32.23,78.94,False,372,multi_object_weld,expensive,0.2043,0.0158,70,0.53701,0.0364,0.499,0.442,0.2596,860.1,2145000,True,66.0,48.0,6,0.3373,0.7799,2145000,0.0613,0.0271,96.6017,75.9197
755527,rev,BIN,32.01,78.95,False,12,sub_coin_noise_blob,cheap,0.0,0.0,0,0.00256,0.244,0.2534,0.36,0.0,83.3,22568,False,97.0,70.0,3,0.51,0.7178,22568,0.2208,0.1264,64.0551,47.8604
755527,rev,BIN,32.01,78.95,False,18,sub_coin_noise_blob,cheap,0.0,0.0,0,0.00247,0.1439,0.1668,0.3623,0.0,101.0,32634,False,71.0,80.0,3,0.754,0.6126,32634,0.1894,0.0851,65.7291,51.5006
755527,rev,BIN,32.01,78.95,False,48,sub_coin_noise_blob,cheap,0.04,0.0,0,0.00259,0.1786,0.2906,0.3831,0.0,78.3,24840,False,71.0,72.0,3,0.5178,0.5771,24840,0.1634,0.0115,75.8501,63.633
755527,rev,BIN,32.01,78.95,False,53,attached_artifact,cheap,0.0,0.0,0,0.00515,0.1765,0.2633,0.4039,0.0,116.0,49374,False,102.0,81.0,5,0.4711,0.6545,49374,0.1741,0.075,75.7722,60.2187
755527,rev,BIN,32.01,78.95,False,58,sub_coin_noise_blob,cheap,0.0,0.0,0,0.00039,0.4821,0.3573,0.3511,0.0,27.5,2709,False,89.0,67.0,3,0.4434,0.815,2709,0.0,0.0,82.9715,78.887
755527,rev,BIN,32.01,78.95,False,95,relief_self_segmentation,cheap,0.0,0.0,0,0.00016,0.21,0.207,0.3417,0.0,23.0,2035,False,39.0,68.0,3,0.618,0.4839,2035,0.0,0.0,91.0369,87.0785
755527,rev,BIN,32.01,78.95,False,298,relief_self_segmentation,cheap,0.0,0.0,0,0.00026,0.0927,0.2019,0.3708,0.069,29.9,3551,False,98.0,17.0,6,0.2918,0.3579,3551,0.0,0.0,100.9753,95.2765
755527,rev,BIN,32.01,78.95,False,347,relief_self_segmentation,cheap,0.0,0.0,0,0.00024,0.0999,0.0833,0.2565,0.1814,44.1,4576,False,109.0,70.0,3,1.3451,0.3528,4576,0.0,0.0,101.4142,97.0194
755527,rev,BIN,32.01,78.95,False,484,non_circular_flan,expensive,0.1749,0.0192,49,0.35462,0.0352,0.6437,0.4938,0.5889,615.4,1892160,False,2.0,15.0,8,0.0862,0.7872,1892160,0.06,0.0157,99.9721,81.702
755527,rev,BIN,32.01,78.95,False,549,relief_self_segmentation,cheap,0.0,0.0,0,0.00017,0.1361,0.2088,0.3299,0.5128,23.6,2491,False,78.0,66.0,3,0.3559,0.3548,2491,0.0,0.0,102.8677,98.8087
755527,rev,BIN,32.01,78.95,False,591,relief_self_segmentation,cheap,0.0,0.0,0,0.00021,0.2645,0.1823,0.3333,0.456,28.0,1943,False,120.0,55.0,3,0.6171,0.6412,1943,0.0,0.0,104.0078,96.8132
755527,rev,BIN,32.01,78.95,False,600,relief_self_segmentation,cheap,0.0,0.0,0,0.00014,0.1972,0.1257,0.256,0.4706,27.8,2405,False,113.0,98.0,2,1.1131,0.5457,2405,0.0,0.0,104.389,97.2128
755527,rev,BIN,32.01,78.95,False,631,relief_self_segmentation,cheap,0.0,0.0,0,0.00033,0.0583,0.0783,0.2711,0.4701,54.0,7353,False,103.0,72.0,4,1.3781,0.2942,7353,0.0,0.0,104.8761,98.0513
755528,obv,BIN,31.8,78.94,False,22,sub_coin_noise_blob,cheap,0.0143,0.0,0,0.00366,0.2476,0.2174,0.3119,0.0,107.6,33728,False,101.0,75.0,3,0.6446,0.737,33728,0.21,0.1261,63.6927,48.9017
755528,obv,BIN,31.8,78.94,False,28,sub_coin_noise_blob,cheap,0.0114,0.0,0,0.0046,0.2116,0.1825,0.3167,0.0,131.6,51910,False,93.0,55.0,5,0.4451,0.6952,51910,0.1673,0.1107,64.113,53.1376
755528,obv,BIN,31.8,78.94,False,66,sub_coin_noise_blob,cheap,0.0,0.0,0,0.0024,0.1548,0.2353,0.3685,0.0,83.8,23718,False,75.0,68.0,3,0.6404,0.5815,23718,0.1765,0.0092,76.1242,62.9382
755528,obv,BIN,31.8,78.94,False,70,sub_coin_noise_blob,cheap,0.0,0.0,0,0.00286,0.2131,0.2549,0.3998,0.0,87.9,27594,False,49.0,80.0,3,0.7169,0.6316,27594,0.1869,0.0224,75.5982,62.0681
755528,obv,BIN,31.8,78.94,False,77,sub_coin_noise_blob,cheap,0.0,0.0,0,0.00015,0.3001,0.2622,0.2993,0.0,19.6,1080,False,103.0,37.0,3,0.3471,0.6057,1080,0.0,0.0,84.9348,80.425
755528,obv,BIN,31.8,78.94,False,236,relief_self_segmentation,cheap,0.0,0.0,0,0.00026,0.1607,0.197,0.5161,1.0,30.4,2790,False,71.0,60.0,4,0.565,0.3983,2790,0.0018,0.0,95.4719,78.1456
755528,obv,BIN,31.8,78.94,False,380,relief_self_segmentation,cheap,0.0,0.0,0,0.00014,0.2562,0.1824,0.318,0.0,23.2,1458,False,90.0,111.0,3,0.7925,0.5807,1458,0.0,0.0,99.4432,96.9297
755528,obv,BIN,31.8,78.94,False,392,relief_self_segmentation,cheap,0.0,0.0,0,0.00029,0.1653,0.3234,0.3382,0.1209,24.8,2544,False,78.0,36.0,5,0.2631,0.4533,2544,0.0,0.0,100.0825,97.4726
755528,obv,BIN,31.8,78.94,False,407,relief_self_segmentation,cheap,0.0,0.0,0,0.00016,0.2468,0.207,0.286,0.3451,23.3,1802,False,77.0,83.0,3,0.5577,0.5285,1802,0.0,0.0,99.9756,96.0257
755528,obv,BIN,31.8,78.94,False,434,relief_self_segmentation,cheap,0.0,0.0,0,0.00024,0.1594,0.305,0.3584,0.0,23.5,2585,False,44.0,50.0,6,0.2865,0.4691,2585,0.0,0.0,100.7984,96.9818
755528,obv,BIN,31.8,78.94,False,474,non_circular_flan,expensive,0.1441,0.0297,41,0.3651,0.0848,0.7448,0.5364,0.5874,580.6,1704330,False,0.0,6.0,8,0.0656,0.8676,1704330,0.066,0.0277,100.7495,80.403
755528,obv,BIN,31.8,78.94,False,488,relief_self_segmentation,cheap,0.0,0.0,0,0.00014,0.2656,0.1658,0.2789,0.6075,24.1,1512,False,92.0,119.0,2,0.9336,0.6016,1512,0.0,0.0,103.5978,96.9353
755528,obv,BIN,31.8,78.94,False,587,relief_self_segmentation,cheap,0.0,0.0,0,0.00018,0.2536,0.1717,0.3265,0.4322,26.5,1728,False,82.0,83.0,3,0.7679,0.6259,1728,0.0,0.0,104.3257,96.8481
755528,obv,BIN,31.8,78.94,False,601,relief_self_segmentation,cheap,0.0,0.0,0,0.0002,0.1168,0.1345,0.3286,0.6862,32.0,2772,False,77.0,74.0,4,0.4671,0.4307,2772,0.0,0.0,105.5841,97.4653
755528,rev,BIN,32.92,78.95,False,18,sub_coin_noise_blob,cheap,0.0,0.0,0,0.00024,0.069,0.0376,0.3935,1.0,66.9,7840,False,79.0,103.0,3,3.3817,0.4328,7840,0.2759,0.2436,66.7188,49.3706
755528,rev,BIN,32.92,78.95,False,33,sub_coin_noise_blob,cheap,0.0,0.0,0,0.00494,0.1998,0.2091,0.3333,0.0,127.5,47775,False,90.0,67.0,4,0.5187,0.7168,47775,0.1851,0.1051,63.8381,54.5893
755528,rev,BIN,32.92,78.95,False,75,attached_artifact,cheap,0.0,0.0,0,0.00621,0.1707,0.2575,0.4184,0.0,128.7,52668,False,93.0,66.0,4,0.4975,0.6859,52668,0.1123,0.0093,76.1512,69.5855
755528,rev,BIN,32.92,78.95,False,120,sub_coin_noise_blob,cheap,0.0,0.0,0,0.00038,0.1883,0.2576,0.3105,0.0,32.0,4092,False,89.0,46.0,3,0.38,0.4498,4092,0.0,0.0,86.5162,83.6483
755528,rev,BIN,32.92,78.95,False,207,relief_self_segmentation,cheap,0.0,0.0,0,0.00014,0.1991,0.1578,0.2899,0.0,25.0,1708,False,91.0,76.0,2,0.4889,0.5263,1708,0.0,0.0,97.1267,92.4947
755528,rev,BIN,32.92,78.95,False,243,relief_self_segmentation,cheap,0.0,0.0,0,0.00018,0.1356,0.0853,0.2416,0.0,38.3,3784,False,113.0,83.0,2,1.0019,0.4634,3784,0.0,0.0,98.7579,93.777
755528,rev,BIN,32.92,78.95,False,269,relief_self_segmentation,cheap,0.0,0.0,0,0.00023,0.1038,0.136,0.2831,0.0,33.7,3634,False,99.0,62.0,3,0.5911,0.3694,3634,0.0,0.0,99.5322,95.0987
755528,rev,BIN,32.92,78.95,False,270,relief_self_segmentation,cheap,0.0,0.0,0,0.00066,0.0542,0.1424,0.3284,0.2103,56.3,9400,True,40.0,54.0,4,0.621,0.2853,9400,0.0,0.0,98.902,94.3206
755528,rev,BIN,32.92,78.95,False,274,relief_self_segmentation,cheap,0.0,0.0,0,0.00033,0.0859,0.1869,0.3367,0.0,35.0,4480,False,90.0,59.0,4,0.6266,0.3484,4480,0.0,0.0,99.1984,94.5839
755528,rev,BIN,32.92,78.95,False,299,relief_self_segmentation,cheap,0.0,0.0,0,0.00021,0.2789,0.3177,0.3669,0.0,21.3,2058,False,75.0,41.0,4,0.3667,0.5686,2058,0.0,0.0,98.8833,95.9815
755528,rev,BIN,32.92,78.95,False,302,relief_self_segmentation,cheap,0.0,0.0,0,0.00022,0.3351,0.3498,0.3622,0.0714,20.9,1872,False,65.0,73.0,3,0.3424,0.6356,1872,0.0,0.0,99.1847,95.9482
755528,rev,BIN,32.92,78.95,False,307,relief_self_segmentation,cheap,0.0,0.0,0,0.00048,0.1525,0.1231,0.2588,0.204,52.0,6840,True,66.0,122.0,4,2.4693,0.4635,6840,0.0,0.0,99.6036,95.6609
755528,rev,BIN,32.92,78.95,False,311,relief_self_segmentation,cheap,0.0,0.0,0,0.00016,0.1186,0.118,0.2992,0.1118,30.8,3240,False,91.0,39.0,3,0.5211,0.3568,3240,0.0,0.0,100.046,95.5793
755528,rev,BIN,32.92,78.95,False,339,relief_self_segmentation,cheap,0.0,0.0,0,0.00027,0.4145,0.3359,0.3617,0.1858,23.5,1680,False,58.0,57.0,3,0.3264,0.7699,1680,0.0,0.0,100.6355,96.2377
755528,rev,BIN,32.92,78.95,False,351,relief_self_segmentation,cheap,0.0,0.0,0,0.0005,0.1277,0.1161,0.2616,0.0855,54.4,7749,False,101.0,77.0,4,0.777,0.4504,7749,0.0,0.0,100.3164,96.7534
755528,rev,BIN,32.92,78.95,False,355,relief_self_segmentation,cheap,0.0,0.0,0,0.00024,0.1962,0.2694,0.3385,0.0,24.9,2166,False,57.0,67.0,6,0.4527,0.5029,2166,0.0,0.0,100.7562,95.9482
755528,rev,BIN,32.92,78.95,False,356,relief_self_segmentation,cheap,0.0,0.0,0,0.00027,0.2122,0.3087,0.3533,0.1032,24.5,2296,False,40.0,43.0,5,0.3835,0.5197,2296,0.0,0.0,100.2212,95.7162
755528,rev,BIN,32.92,78.95,False,368,relief_self_segmentation,cheap,0.0,0.0,0,0.00026,0.2375,0.1838,0.3493,0.0,31.4,3182,False,68.0,57.0,4,0.5462,0.5611,3182,0.0,0.0,101.1182,97.2568
755528,rev,BIN,32.92,78.95,False,371,relief_self_segmentation,cheap,0.0,0.0,0,0.00041,0.0657,0.0579,0.2514,0.0171,69.6,9240,True,144.0,64.0,3,1.7104,0.3238,9240,0.0,0.0,102.0265,97.4632
755528,rev,BIN,32.92,78.95,False,373,relief_self_segmentation,cheap,0.0,0.0,0,0.00021,0.1266,0.1536,0.3066,0.0795,30.9,3358,False,73.0,49.0,6,0.7588,0.3657,3358,0.0,0.0,101.9964,97.2235
755528,rev,BIN,32.92,78.95,False,384,relief_self_segmentation,cheap,0.0,0.0,0,0.00021,0.1644,0.1259,0.255,0.4076,33.6,2560,False,121.0,33.0,3,0.5752,0.4866,2560,0.0,0.0,102.0095,97.7228
755528,rev,BIN,32.92,78.95,False,408,relief_self_segmentation,cheap,0.0,0.0,0,0.00015,0.1856,0.1696,0.3008,0.0,24.5,1920,False,87.0,62.0,4,0.5084,0.4494,1920,0.0,0.0,100.0574,96.9767
755528,rev,BIN,32.92,78.95,False,433,relief_self_segmentation,cheap,0.0,0.0,0,0.00014,0.1288,0.1637,0.3191,0.0,24.4,2703,False,99.0,40.0,3,0.4589,0.2881,2703,0.0,0.0,101.6728,97.8493
755528,rev,BIN,32.92,78.95,False,448,relief_self_segmentation,cheap,0.0,0.0,0,0.0002,0.1277,0.0942,0.2628,0.0,38.5,4335,False,133.0,57.0,2,1.356,0.3686,4335,0.0,0.0,101.8861,97.7627
755528,rev,BIN,32.92,78.95,False,450,relief_self_segmentation,cheap,0.0,0.0,0,0.00017,0.1447,0.1296,0.2822,0.0,29.9,2952,False,102.0,72.0,2,0.5243,0.4089,2952,0.0,0.0,102.22,98.6226
755528,rev,BIN,32.92,78.95,False,458,relief_self_segmentation,cheap,0.086,0.0,0,0.00206,0.0407,0.1409,0.348,0.1857,100.3,27783,True,59.0,47.0,5,0.5154,0.3258,27783,0.0,0.0,101.0414,97.6043
755528,rev,BIN,32.92,78.95,False,468,relief_self_segmentation,cheap,0.0,0.0,0,0.00068,0.0701,0.1086,0.2791,0.0278,65.5,14155,False,74.0,83.0,3,0.556,0.2921,14155,0.0,0.0,101.2894,98.1639
755528,rev,BIN,32.92,78.95,False,472,relief_self_segmentation,cheap,0.0,0.0,0,0.00017,0.1254,0.0934,0.2679,0.0,35.7,4200,False,131.0,48.0,3,0.805,0.3319,4200,0.0,0.0,101.6937,97.9082
755528,rev,BIN,32.92,78.95,False,474,relief_self_segmentation,cheap,0.0,0.0,0,0.00017,0.1894,0.1188,0.264,0.0,30.9,2590,False,100.0,58.0,4,0.869,0.4958,2590,0.0,0.0,103.0095,98.2626
755528,rev,BIN,32.92,78.95,False,476,relief_self_segmentation,cheap,0.0,0.0,0,0.00076,0.067,0.1025,0.2854,0.0,71.5,16905,False,85.0,57.0,5,0.7053,0.2726,16905,0.0,0.0,101.0128,98.0306
755528,rev,BIN,32.92,78.95,False,479,relief_self_segmentation,cheap,0.0,0.0,0,0.00026,0.1411,0.1406,0.2845,0.0,35.9,3910,False,81.0,78.0,4,1.0491,0.4376,3910,0.0,0.0,101.1654,98.5121
755528,rev,BIN,32.92,78.95,False,483,relief_self_segmentation,cheap,0.0,0.0,0,0.00016,0.1421,0.0995,0.3155,0.0,33.0,2964,False,73.0,74.0,2,1.115,0.4034,2964,0.0,0.0,103.5588,98.1128
755528,rev,BIN,32.92,78.95,False,489,non_circular_flan,expensive,0.1021,0.0123,39,0.46285,0.046,0.6494,0.46,0.2655,700.1,2103000,False,0.0,9.0,8,0.074,0.7952,2103000,0.0791,0.0374,94.1934,75.3472
755528,rev,BIN,32.92,78.95,False,490,relief_self_segmentation,cheap,0.0,0.0,0,0.00017,0.2022,0.3091,0.35,0.0,19.7,1440,True,62.0,72.0,5,0.4219,0.5382,1440,0.0,0.0,101.8442,98.0397
755528,rev,BIN,32.92,78.95,False,492,relief_self_segmentation,cheap,0.2826,0.0,0,0.00031,0.5742,0.4878,0.3531,0.3458,21.0,1440,True,54.0,102.0,5,0.449,0.8511,1440,0.0,0.0,101.3045,97.2165
755528,rev,BIN,32.92,78.95,False,494,relief_self_segmentation,cheap,0.0,0.0,0,0.00073,0.1426,0.1803,0.3426,0.109,52.8,7440,False,57.0,73.0,3,0.7099,0.5264,7440,0.0,0.0,101.0599,98.1743
755528,rev,BIN,32.92,78.95,False,496,relief_self_segmentation,cheap,0.0,0.0,0,0.00051,0.0893,0.1194,0.3283,0.1472,54.0,9120,False,74.0,88.0,3,0.8394,0.3667,9120,0.0,0.0,101.751,98.0736
755528,rev,BIN,32.92,78.95,False,498,relief_self_segmentation,cheap,0.0,0.0,0,0.00033,0.155,0.2157,0.3003,0.0,32.5,4712,False,101.0,35.0,3,0.4873,0.3876,4712,0.0,0.0,101.6174,97.9435
755528,rev,BIN,32.92,78.95,False,499,relief_self_segmentation,cheap,0.0726,0.0,0,0.00114,0.0942,0.114,0.3282,0.1921,83.1,17114,False,104.0,78.0,4,0.7578,0.4038,17114,0.0,0.0,101.4854,98.215
755528,rev,BIN,32.92,78.95,False,504,relief_self_segmentation,cheap,0.0,0.0,0,0.0006,0.0899,0.1404,0.3033,0.0595,54.1,7493,False,80.0,112.0,2,0.9318,0.3932,7493,0.0,0.0,101.1801,97.7898
755528,rev,BIN,32.92,78.95,False,510,relief_self_segmentation,cheap,0.0,0.0,0,0.00039,0.1366,0.1992,0.3357,0.0,36.8,3872,True,29.0,62.0,3,0.5805,0.465,3872,0.0,0.0,101.2082,98.1515
755528,rev,BIN,32.92,78.95,False,513,relief_self_segmentation,cheap,0.0,0.0,0,0.00018,0.1228,0.0722,0.239,0.092,40.9,3298,True,71.0,102.0,3,2.735,0.4286,3298,0.0,0.0,103.2768,98.4636
755528,rev,BIN,32.92,78.95,False,516,relief_self_segmentation,cheap,0.0,0.0,0,0.0002,0.123,0.1226,0.3063,0.1029,33.9,2808,True,90.0,106.0,2,1.5253,0.3632,2808,0.0,0.0,102.6086,97.464
755528,rev,BIN,32.92,78.95,False,517,relief_self_segmentation,cheap,0.0,0.0,0,0.0002,0.4442,0.3408,0.333,0.0,20.1,1029,True,114.0,109.0,3,0.4706,0.7901,1029,0.0,0.0,101.2661,97.538
755528,rev,BIN,32.92,78.95,False,518,relief_self_segmentation,cheap,0.0,0.0,0,0.00083,0.0738,0.082,0.2496,0.1752,83.5,11426,True,127.0,89.0,2,1.0,0.3573,11426,0.0,0.0,101.3719,98.0272
755528,rev,BIN,32.92,78.95,False,519,relief_self_segmentation,cheap,0.0,0.0,0,0.00164,0.0558,0.1112,0.2584,0.121,100.8,19908,True,93.0,119.0,2,1.2088,0.4297,19908,0.0,0.0,100.7123,97.5703
755528,rev,BIN,32.92,78.95,False,524,relief_self_segmentation,cheap,0.0,0.0,0,0.00017,0.2569,0.1329,0.0,0.0894,29.5,1296,True,165.0,150.0,1,0.6142,0.7809,1296,0.0,0.0,102.4977,97.5383
755528,rev,BIN,32.92,78.95,False,527,relief_self_segmentation,cheap,0.0,0.0,0,0.00044,0.1466,0.197,0.3359,0.0,39.2,4185,True,65.0,63.0,3,0.5758,0.4823,4185,0.0,0.0,101.6187,97.7169
755528,rev,BIN,32.92,78.95,False,528,relief_self_segmentation,cheap,0.0,0.0,0,0.00039,0.1305,0.1914,0.3117,0.0,37.4,5226,True,93.0,44.0,4,0.7458,0.3555,5226,0.0,0.0,100.9344,97.9596
755529,obv,BIN,28.89,78.94,False,11,sub_coin_noise_blob,cheap,0.0,0.0,0,0.00247,0.2619,0.2771,0.3722,0.0,78.3,21780,False,90.0,70.0,3,0.4771,0.735,21780,0.2529,0.1359,64.1105,44.5911
755529,obv,BIN,28.89,78.94,False,12,sub_coin_noise_blob,cheap,0.0,0.0,0,0.00116,0.1465,0.1646,0.3564,0.0,69.5,16171,False,59.0,44.0,5,0.6313,0.5436,16171,0.1772,0.0989,66.1185,49.8257
755529,obv,BIN,28.89,78.94,False,28,sub_coin_noise_blob,cheap,0.0,0.0,0,0.00204,0.2838,0.3827,0.3871,0.0,60.5,15290,False,47.0,78.0,3,0.3512,0.6987,15290,0.111,0.0001,74.8735,63.7761
755529,rev,BIN,30.59,78.95,False,42,sub_coin_noise_blob,cheap,0.0,0.0,0,0.00053,0.172,0.1972,0.4233,1.0,43.1,6693,False,89.0,80.0,4,0.967,0.4488,6693,0.0,0.0,123.5692,98.2002
755530,obv,BIN,31.63,78.94,False,21,sub_coin_noise_blob,cheap,0.0,0.0,0,0.00108,0.1549,0.1458,0.3483,0.0,71.3,15429,False,77.0,78.0,3,0.9068,0.5924,15429,0.2114,0.0916,64.3384,50.1536
755530,obv,BIN,31.63,78.94,False,22,sub_coin_noise_blob,cheap,0.0,0.0,0,0.00223,0.2378,0.2287,0.3631,0.0,81.9,20886,False,82.0,72.0,3,0.6721,0.6863,20886,0.1861,0.1017,64.0167,49.8386
755530,obv,BIN,31.63,78.94,False,37,sub_coin_noise_blob,cheap,0.0,0.0,0,0.00213,0.294,0.3271,0.3669,0.0,66.8,17343,False,79.0,94.0,2,0.5076,0.6753,17343,0.1998,0.0207,74.353,59.761
755530,obv,BIN,31.63,78.94,False,42,sub_coin_noise_blob,cheap,0.0,0.0,0,0.00342,0.1972,0.2542,0.3434,0.0,96.2,31641,False,83.0,71.0,3,0.5502,0.7103,31641,0.2529,0.0469,75.215,55.8669
755530,obv,BIN,31.63,78.94,False,93,relief_self_segmentation,cheap,0.0,0.0,0,0.00015,0.1618,0.0794,0.2932,1.0,36.4,3795,False,87.0,103.0,2,1.227,0.6319,3795,0.0,0.0,112.7995,89.5195
755530,obv,BIN,31.63,78.94,False,190,relief_self_segmentation,cheap,0.0,0.0,0,0.00015,0.1296,0.1044,0.2838,0.0,31.4,2925,False,92.0,82.0,2,2.1719,0.3481,2925,0.0,0.0,98.799,94.2057
755530,obv,BIN,31.63,78.94,False,232,relief_self_segmentation,cheap,0.0,0.0,0,0.00026,0.1001,0.1688,0.3346,0.0541,32.5,3952,False,30.0,34.0,6,0.4787,0.3568,3952,0.0,0.0,101.2217,95.7292
755530,obv,BIN,31.63,78.94,False,237,relief_self_segmentation,cheap,0.0,0.0,0,0.00019,0.1214,0.1599,0.3415,0.0694,28.4,2745,False,97.0,34.0,4,0.4203,0.3946,2745,0.0,0.0,101.142,96.1079
755530,obv,BIN,31.63,78.94,False,246,relief_self_segmentation,cheap,0.0,0.0,0,0.00036,0.1723,0.1205,0.2689,0.2727,45.6,5959,False,98.0,88.0,2,1.3723,0.5372,5959,0.0,0.0,101.6592,94.3299
755530,obv,BIN,31.63,78.94,False,251,unclassified_ragged,expensive,0.2112,0.0754,28,0.32885,0.2564,0.8136,0.5694,0.8524,527.2,1444800,False,0.0,0.0,0,0.0408,0.9299,1444800,0.1256,0.0442,107.2465,74.1711
755530,obv,BIN,31.63,78.94,False,299,relief_self_segmentation,cheap,0.0638,0.0,0,0.00077,0.1228,0.1093,0.2491,0.2413,69.5,12264,False,89.0,76.0,4,0.8983,0.4322,12264,0.0,0.0,100.7782,97.3045
755530,rev,BIN,30.51,78.95,False,13,sub_coin_noise_blob,cheap,0.0,0.0,0,0.00014,0.2247,0.2131,0.3102,0.0,21.6,1664,False,100.0,51.0,6,0.6103,0.5028,1664,0.0,0.0,65.2337,62.1911
755530,rev,BIN,30.51,78.95,False,16,sub_coin_noise_blob,cheap,0.0839,0.0,0,0.00058,0.1318,0.2015,0.3444,0.0,44.4,7968,False,39.0,49.0,4,0.5834,0.4812,7968,0.1383,0.0143,65.8559,55.9437
755530,rev,BIN,30.51,78.95,False,24,sub_coin_noise_blob,cheap,0.0,0.0,0,0.00027,0.3638,0.3173,0.5311,1.0,24.2,1938,False,95.0,110.0,3,0.5181,0.6779,1938,0.258,0.0589,83.7516,53.4831
755530,rev,BIN,30.51,78.95,False,26,sub_coin_noise_blob,cheap,0.0,0.0,0,0.00017,0.2641,0.2384,0.4446,1.0,22.0,1935,False,109.0,52.0,3,0.4227,0.5352,1935,0.487,0.0696,80.9498,41.7622
755530,rev,BIN,30.51,78.95,False,33,sub_coin_noise_blob,cheap,0.0,0.0,0,0.00249,0.2359,0.2147,0.3668,0.0,89.2,23975,False,88.0,58.0,3,0.5596,0.6741,23975,0.2176,0.039,74.478,58.0126
755530,rev,BIN,30.51,78.95,False,84,relief_self_segmentation,cheap,0.0,0.0,0,0.00101,0.1481,0.1748,0.3344,0.0322,63.1,12905,False,37.0,44.0,6,0.4314,0.4784,12905,0.0022,0.0,94.9595,90.9277
755530,rev,BIN,30.51,78.95,False,95,relief_self_segmentation,cheap,0.0,0.0,0,0.00017,0.3527,0.3632,0.5425,1.0,17.9,1189,False,71.0,34.0,5,0.3681,0.6442,1189,0.002,0.0,102.3811,80.3547
755530,rev,BIN,30.51,78.95,False,101,relief_self_segmentation,cheap,0.0,0.0,0,0.00029,0.1781,0.1775,0.2787,0.0,33.6,3600,False,92.0,103.0,2,0.9271,0.4638,3600,0.0,0.0,97.444,92.987
755530,rev,BIN,30.51,78.95,False,125,relief_self_segmentation,cheap,0.0,0.0,0,0.00017,0.0782,0.129,0.3253,0.0,29.9,3456,False,79.0,84.0,4,0.6089,0.2874,3456,0.0,0.0,100.5419,94.0336
755530,rev,BIN,30.51,78.95,False,170,relief_self_segmentation,cheap,0.0,0.0,0,0.00028,0.1406,0.1531,0.3757,0.2448,35.2,3840,False,101.0,72.0,2,0.8746,0.4379,3840,0.0006,0.0,98.6407,91.4241
755530,rev,BIN,30.51,78.95,False,206,unclassified_ragged,expensive,0.2275,0.0825,37,0.34337,0.1755,0.8475,0.5994,0.8593,527.8,1535120,False,5.0,0.0,0,0.0502,0.9125,1535120,0.1105,0.0457,100.2921,73.4774
755530,rev,BIN,30.51,78.95,False,219,relief_self_segmentation,cheap,0.0,0.0,0,0.00026,0.1724,0.1209,0.2551,0.0,38.3,3549,False,124.0,87.0,3,2.2936,0.5151,3549,0.0,0.0,101.5916,96.2488
755530,rev,BIN,30.51,78.95,False,236,relief_self_segmentation,cheap,0.0,0.0,0,0.00027,0.0891,0.0902,0.3138,0.2625,45.6,5610,False,108.0,33.0,5,0.8079,0.3596,5610,0.0,0.0,102.5668,97.0745
755531,obv,BIN,32.47,78.94,False,11,sub_coin_noise_blob,cheap,0.0,0.0,0,0.00077,0.3535,0.3138,0.3594,0.0,41.1,6030,False,56.0,94.0,2,0.5181,0.7503,6030,0.1352,0.0,64.6908,57.4225
755531,obv,BIN,32.47,78.94,False,12,sub_coin_noise_blob,cheap,0.0,0.0,0,0.0012,0.2401,0.1971,0.3234,0.0,64.6,14214,False,81.0,99.0,2,0.8589,0.6285,14214,0.2286,0.1102,64.4849,49.2128
755531,obv,BIN,32.47,78.94,False,33,sub_coin_noise_blob,cheap,0.0306,0.0,0,0.00169,0.2696,0.3374,0.3722,0.0,58.6,14796,False,86.0,75.0,3,0.4131,0.6746,14796,0.1466,0.0198,74.4822,63.0061
755531,obv,BIN,32.47,78.94,False,39,sub_coin_noise_blob,cheap,0.0,0.0,0,0.00391,0.2526,0.2604,0.3799,0.0,101.6,35588,False,85.0,68.0,4,0.5309,0.7416,35588,0.3095,0.0289,75.5883,55.2345
755531,obv,BIN,32.47,78.94,False,43,relief_self_segmentation,cheap,0.0,0.0,0,0.00016,0.0509,0.0242,0.2803,1.0,67.1,11100,False,168.0,39.0,2,2.4074,0.3767,11100,0.2031,0.006,100.594,61.9723
755531,obv,BIN,32.47,78.94,False,55,relief_self_segmentation,cheap,0.0,0.0,0,0.00054,0.1369,0.1658,0.4447,1.0,47.1,7521,False,57.0,58.0,3,0.756,0.4883,7521,0.0009,0.0,98.3509,79.8021
755531,obv,BIN,32.47,78.94,False,58,relief_self_segmentation,cheap,0.0,0.0,0,0.00046,0.0683,0.0319,0.2906,1.0,99.7,15168,False,129.0,89.0,4,2.8809,0.4985,15168,0.0139,0.0,111.5584,81.3236
755531,obv,BIN,32.47,78.94,False,88,relief_self_segmentation,cheap,0.0,0.0,0,0.00034,0.3075,0.3714,0.3853,0.0,25.2,2640,False,40.0,43.0,7,0.2617,0.6362,2640,0.0,0.0,94.0983,90.0974
755531,obv,BIN,32.47,78.94,False,100,relief_self_segmentation,cheap,0.0,0.0,0,0.00027,0.228,0.1524,0.275,0.1548,35.1,3230,False,77.0,85.0,2,0.6756,0.6015,3230,0.0,0.0,96.1482,92.23
755531,obv,BIN,32.47,78.94,False,145,low_contrast_coastline,expensive,0.1832,0.0336,32,0.29456,0.277,0.8127,0.6062,0.9923,499.2,1349052,False,2.0,0.0,0,0.0453,0.9098,1349052,0.1912,0.0365,125.9801,70.6707
755531,obv,BIN,32.47,78.94,False,146,relief_self_segmentation,cheap,0.0,0.0,0,0.00059,0.1089,0.0541,0.2717,1.0,86.3,19902,False,88.0,97.0,2,2.371,0.7062,19902,0.0004,0.0,128.2369,101.7691
755531,obv,BIN,32.47,78.94,False,149,relief_self_segmentation,cheap,0.188,0.0,0,0.00049,0.2189,0.2498,0.5031,1.0,36.8,4300,False,69.0,24.0,7,0.3994,0.5566,4300,0.04,0.001,112.2223,92.9579
755531,obv,BIN,32.47,78.94,False,151,relief_self_segmentation,cheap,0.0,0.0,0,0.00222,0.0311,0.0252,0.347,0.9983,245.9,171127,False,154.0,56.0,2,1.2774,0.1701,171127,0.0036,0.0001,120.3303,107.9054
755531,rev,BIN,30.57,78.95,False,2,sub_coin_noise_blob,cheap,0.0,0.0,0,0.00015,0.2309,0.1585,0.2594,0.0,25.1,2142,False,70.0,72.0,2,0.906,0.5683,2142,0.0,0.0,68.2324,61.1651
755531,rev,BIN,30.57,78.95,False,12,relief_self_segmentation,cheap,0.0,0.0,0,0.00017,0.5909,0.4767,0.4481,1.0,15.5,999,False,72.0,55.0,4,0.3116,0.8575,999,0.0,0.0,105.2727,90.1406
755531,rev,BIN,30.57,78.95,False,18,relief_self_segmentation,cheap,0.0,0.0,0,0.00019,0.4374,0.3165,0.4764,1.0,20.2,1302,False,83.0,73.0,3,0.3639,0.758,1302,0.1077,0.0,103.2616,76.828
755531,rev,BIN,30.57,78.95,False,102,relief_self_segmentation,cheap,0.0,0.0,0,0.00037,0.0724,0.0631,0.3043,0.6634,63.2,11466,False,106.0,54.0,3,0.6648,0.2661,11466,0.0026,0.0,109.7191,90.7425
755531,rev,BIN,30.57,78.95,False,137,relief_self_segmentation,cheap,0.0,0.0,0,0.00016,0.1696,0.1967,0.3238,0.1603,23.3,1911,False,67.0,54.0,3,0.4235,0.4062,1911,0.0,0.0,99.7816,94.9729
755531,rev,BIN,30.57,78.95,False,147,relief_self_segmentation,cheap,0.0,0.0,0,0.00019,0.1063,0.1162,0.321,0.0914,33.5,3950,False,85.0,124.0,2,1.2147,0.2962,3950,0.0,0.0,100.8429,95.6746
755531,rev,BIN,30.57,78.95,False,179,low_contrast_coastline,expensive,0.2621,0.047,47,0.32204,0.2099,0.8378,0.5895,0.9376,514.1,1467712,False,0.0,2.0,1,0.0496,0.9228,1467712,0.0507,0.0316,109.8721,82.9123
755532,obv,BIN,29.03,78.94,False,1,sub_coin_noise_blob,cheap,0.0,0.0,0,0.00016,0.1402,0.1582,0.2988,0.0,26.3,2666,False,88.0,45.0,6,0.5169,0.3698,2666,0.0,0.0,66.4726,61.7088
755532,obv,BIN,29.03,78.94,False,106,low_contrast_coastline,expensive,0.1822,0.0483,34,0.32176,0.2231,0.826,0.6437,0.9998,517.5,1380678,False,0.0,0.0,0,0.0362,0.9248,1380678,0.1305,0.0604,138.422,73.4412
755532,rev,BIN,27.04,78.95,False,59,relief_self_segmentation,cheap,0.0,0.0,0,0.00023,0.0921,0.1234,0.4629,1.0,36.1,5396,False,105.0,36.0,3,0.4847,0.2545,5396,0.0113,0.0,124.5406,93.5836
755532,rev,BIN,27.04,78.95,False,63,relief_self_segmentation,cheap,0.0,0.0,0,0.00016,0.2002,0.2184,0.4903,1.0,22.7,2025,False,105.0,59.0,5,0.6282,0.4178,2025,0.0,0.0,109.3822,94.2156
755532,rev,BIN,27.04,78.95,False,88,relief_self_segmentation,cheap,0.0,0.0,0,0.00021,0.3243,0.1864,0.4056,1.0,27.7,2318,False,53.0,98.0,2,0.8033,0.741,2318,0.0073,0.0,129.7574,82.6012
755532,rev,BIN,27.04,78.95,False,89,relief_self_segmentation,cheap,0.0,0.0,0,0.00045,0.1206,0.2561,0.5221,1.0,34.8,5427,False,59.0,40.0,5,0.427,0.4091,5427,0.002,0.0,111.3081,89.7596
755532,rev,BIN,27.04,78.95,False,159,relief_self_segmentation,cheap,0.0,0.0,0,0.0002,0.3962,0.3302,0.5547,1.0,20.7,1550,False,50.0,61.0,3,0.2907,0.7224,1550,0.0,0.0,106.0548,87.1792
755532,rev,BIN,27.04,78.95,False,176,relief_self_segmentation,cheap,0.099,0.0,0,0.00047,0.0912,0.1009,0.367,0.7981,56.9,11640,False,108.0,111.0,2,1.775,0.3118,11640,0.0014,0.0,102.8917,86.3275
755532,rev,BIN,27.04,78.95,False,203,backdrop_vignette_blob,expensive,0.2746,0.162,15,0.26505,0.0579,0.7011,0.5998,0.9999,509.8,1385954,False,5.0,3.0,2,0.0681,0.8043,1385954,0.0473,0.0592,132.4082,81.949
755532,rev,BIN,27.04,78.95,False,209,relief_self_segmentation,cheap,0.0,0.0,0,0.00053,0.2294,0.3035,0.5355,1.0,34.7,5265,False,44.0,46.0,7,0.3575,0.5413,5265,0.0008,0.0,114.4952,85.0496
755532,rev,BIN,27.04,78.95,False,220,relief_self_segmentation,cheap,0.0,0.0,0,0.0002,0.1281,0.1283,0.2828,0.2273,32.5,3773,False,93.0,70.0,4,0.7577,0.3287,3773,0.0,0.0,100.6342,95.7147
755533,obv,BIN,32.59,78.94,False,6,sub_coin_noise_blob,cheap,0.0,0.0,0,0.00073,0.179,0.1722,0.331,0.0,53.9,9660,False,55.0,84.0,2,0.8254,0.5551,9660,0.1848,0.1185,64.5131,49.61
755533,obv,BIN,32.59,78.94,False,8,sub_coin_noise_blob,cheap,0.0,0.0,0,0.00215,0.2227,0.1662,0.3444,0.0,94.2,24840,False,91.0,88.0,2,0.5926,0.6959,24840,0.2185,0.1444,64.7924,47.6653
755533,obv,BIN,32.59,78.94,False,14,sub_coin_noise_blob,cheap,0.0,0.0,0,0.00033,0.1698,0.0879,0.2744,1.0,50.6,6882,False,107.0,75.0,2,1.6808,0.6671,6882,0.5367,0.2109,74.4022,33.9145
755533,obv,BIN,32.59,78.94,False,31,sub_coin_noise_blob,cheap,0.0,0.0,0,0.00052,0.1036,0.1235,0.3168,0.0,53.7,10200,False,94.0,86.0,3,1.1727,0.3721,10200,0.1828,0.0099,75.7148,62.3377
755533,obv,BIN,32.59,78.94,False,42,sub_coin_noise_blob,cheap,0.0,0.0,0,0.00312,0.1924,0.27,0.3715,0.0,89.2,29988,False,69.0,81.0,3,0.5958,0.6456,29988,0.4025,0.0259,75.7993,53.1096
755533,obv,BIN,32.59,78.94,False,49,relief_self_segmentation,cheap,0.0,0.0,0,0.00022,0.2593,0.126,0.2944,1.0,34.3,2187,False,83.0,68.0,2,0.8432,0.8047,2187,0.0246,0.0,108.778,66.2536
755533,obv,BIN,32.59,78.94,False,78,relief_self_segmentation,cheap,0.0655,0.0,0,0.00094,0.1512,0.3574,0.3603,0.0085,42.6,7821,False,53.0,16.0,7,0.2196,0.5563,7821,0.0,0.0,94.7742,90.28
755533,obv,BIN,32.59,78.94,False,104,relief_self_segmentation,cheap,0.0,0.0,0,0.00016,0.0451,0.0202,0.2799,1.0,74.0,16272,False,119.0,72.0,2,3.8892,0.4686,16272,0.0,0.0,133.6767,94.6286
755533,obv,BIN,32.59,78.94,False,107,backdrop_vignette_blob,expensive,0.2965,0.1419,19,0.28983,0.4505,0.7997,0.5816,0.9969,499.2,1288326,False,0.0,4.0,1,0.0404,0.9552,1288326,0.1463,0.015,115.4048,74.6289
755533,obv,BIN,32.59,78.94,False,112,relief_self_segmentation,cheap,0.0,0.0,0,0.00167,0.0251,0.0135,0.224,0.9716,292.4,201780,False,157.0,46.0,2,1.8533,0.101,201780,0.008,0.0008,130.1386,102.9889
755533,rev,BIN,29.92,78.95,False,29,relief_self_segmentation,cheap,0.0,0.0,0,0.00054,0.089,0.2169,0.3493,0.0,41.4,6825,False,65.0,52.0,4,0.3744,0.3532,6825,0.0,0.0,96.0761,90.9623
755533,rev,BIN,29.92,78.95,False,36,relief_self_segmentation,cheap,0.0,0.0,0,0.00017,0.1692,0.1191,0.3073,0.0,31.4,2400,False,90.0,81.0,2,0.9187,0.5003,2400,0.0,0.0,98.4796,91.8169
755533,rev,BIN,29.92,78.95,False,59,relief_self_segmentation,cheap,0.0,0.0,0,0.00025,0.0509,0.0579,0.3257,0.6458,54.8,11349,False,111.0,87.0,2,0.8894,0.1727,11349,0.0026,0.0,101.5524,91.5317
755533,rev,BIN,29.92,78.95,False,103,unclassified_ragged,expensive,0.2424,0.0602,43,0.34887,0.6118,0.8285,0.5802,0.9164,538.1,1460382,False,0.0,1.0,2,0.0302,0.9655,1460382,0.0469,0.0061,108.9256,85.6362
755534,obv,BIN,30.75,78.94,False,16,sub_coin_noise_blob,cheap,0.0,0.0,0,0.00393,0.2194,0.1922,0.3087,0.0,118.6,43684,False,106.0,58.0,2,0.5463,0.6955,43684,0.2384,0.099,63.8333,49.097
755534,obv,BIN,30.75,78.94,False,18,sub_coin_noise_blob,cheap,0.0114,0.0,0,0.00461,0.2698,0.2389,0.3862,0.0,115.2,43400,False,88.0,78.0,3,0.4419,0.7485,43400,0.2206,0.1621,64.2999,46.9333
755534,obv,BIN,30.75,78.94,False,20,sub_coin_noise_blob,cheap,0.0,0.0,0,0.00026,0.1985,0.1315,0.3526,1.0,37.2,3910,False,91.0,84.0,2,1.3027,0.6047,3910,0.4126,0.0686,69.8955,45.7977
755534,obv,BIN,30.75,78.94,False,50,sub_coin_noise_blob,cheap,0.0253,0.0,0,0.00381,0.1956,0.2682,0.3875,0.0,98.8,34736,False,88.0,69.0,2,0.5111,0.7071,34736,0.1881,0.0076,75.3894,61.4063
755534,obv,BIN,30.75,78.94,False,51,sub_coin_noise_blob,cheap,0.0,0.0,0,0.00496,0.257,0.3307,0.4061,0.0,101.6,38843,False,84.0,75.0,3,0.4305,0.7703,38843,0.2634,0.0348,75.69,57.0539
755534,obv,BIN,30.75,78.94,False,57,sub_coin_noise_blob,cheap,0.0,0.0,0,0.00018,0.212,0.2894,0.3284,0.0,20.4,1548,False,71.0,68.0,4,0.5079,0.4843,1548,0.0,0.0,84.4695,79.3219
755534,obv,BIN,30.75,78.94,False,59,sub_coin_noise_blob,cheap,0.0,0.0,0,0.00024,0.5612,0.4354,0.3748,0.0,19.3,1320,False,72.0,60.0,6,0.3145,0.8198,1320,0.0,0.0,83.6234,79.4249
755534,obv,BIN,30.75,78.94,False,154,relief_self_segmentation,cheap,0.0,0.0,0,0.00041,0.164,0.2088,0.3215,0.0,36.9,4437,False,102.0,41.0,4,0.4783,0.4924,4437,0.0,0.0,94.8076,90.2062
755534,obv,BIN,30.75,78.94,False,169,relief_self_segmentation,cheap,0.0,0.0,0,0.00024,0.1729,0.1213,0.2758,0.0655,37.1,3293,False,76.0,93.0,3,0.8073,0.5266,3293,0.0,0.0,96.3852,92.3258
755534,obv,BIN,30.75,78.94,False,243,relief_self_segmentation,cheap,0.0435,0.0,0,0.00918,0.1081,0.3279,0.4408,0.0529,138.8,87230,False,54.0,69.0,5,0.3879,0.6023,87230,0.0203,0.0026,93.3621,86.0907
755534,obv,BIN,30.75,78.94,False,328,relief_self_segmentation,cheap,0.0,0.0,0,0.00037,0.1014,0.1056,0.2943,0.1429,49.2,5616,False,63.0,71.0,4,0.7891,0.3967,5616,0.0,0.0,100.3904,95.912
755534,obv,BIN,30.75,78.94,False,352,sub_coin_noise_blob,cheap,0.1121,0.1029,1,0.00232,0.0833,0.18,0.3489,0.0,94.2,25916,False,67.0,67.0,2,0.654,0.4806,25916,0.0,0.0,96.9083,93.1641
755534,obv,BIN,30.75,78.94,False,355,relief_self_segmentation,cheap,0.0,0.0,0,0.00015,0.2456,0.2382,0.339,0.4414,20.8,1500,False,48.0,75.0,3,0.4829,0.5278,1500,0.0,0.0,101.2316,96.6134
755534,obv,BIN,30.75,78.94,False,385,relief_self_segmentation,cheap,0.0,0.0,0,0.00035,0.0499,0.0706,0.2621,0.0474,58.5,8680,False,111.0,47.0,4,0.9569,0.2562,8680,0.0,0.0,100.6339,96.2061
755534,obv,BIN,30.75,78.94,False,387,relief_self_segmentation,cheap,0.0,0.0,0,0.00083,0.0597,0.1429,0.3542,0.1865,63.3,13708,False,82.0,69.0,8,0.5551,0.2909,13708,0.0,0.0,101.5836,93.5681
755534,obv,BIN,30.75,78.94,False,392,relief_self_segmentation,cheap,0.0,0.0,0,0.00026,0.0974,0.19,0.3547,0.1982,30.7,4020,False,73.0,69.0,4,0.3971,0.3231,4020,0.0,0.0,102.5304,94.0599
755534,obv,BIN,30.75,78.94,False,394,relief_self_segmentation,cheap,0.0,0.0,0,0.00018,0.1069,0.1266,0.2833,0.0,31.5,2625,False,103.0,60.0,6,1.12,0.368,2625,0.0,0.0,99.3971,96.3208
755534,obv,BIN,30.75,78.94,False,400,relief_self_segmentation,cheap,0.1031,0.0,0,0.00052,0.1433,0.0999,0.2702,0.3358,59.8,9709,False,123.0,66.0,2,0.684,0.5037,9709,0.0,0.0,102.1602,92.223
755534,obv,BIN,30.75,78.94,False,403,relief_self_segmentation,cheap,0.0,0.0,0,0.00025,0.1913,0.1371,0.2724,0.2264,35.4,3600,False,111.0,90.0,2,1.5635,0.5349,3600,0.0,0.0,102.8293,95.7978
755534,obv,BIN,30.75,78.94,False,421,sub_coin_noise_blob,cheap,0.2214,0.0709,1,0.00453,0.0545,0.1733,0.4083,0.2585,134.1,72450,False,95.0,40.0,6,0.3417,0.3908,72450,0.0,0.0,98.5619,94.3611
755534,obv,BIN,30.75,78.94,False,443,relief_self_segmentation,cheap,0.0,0.0,0,0.00016,0.1787,0.1027,0.2757,0.3582,32.7,2387,False,127.0,61.0,2,1.4004,0.5321,2387,0.0,0.0,104.4757,96.7772
755534,obv,BIN,30.75,78.94,False,445,relief_self_segmentation,cheap,0.0,0.0,0,0.00015,0.1047,0.0812,0.2563,0.0,35.3,3192,False,127.0,118.0,3,3.5226,0.3489,3192,0.0,0.0,103.2829,96.439
755534,obv,BIN,30.75,78.94,False,482,relief_self_segmentation,cheap,0.0,0.0,0,0.0003,0.068,0.0806,0.3099,0.3101,51.0,7076,False,93.0,52.0,7,1.0423,0.336,7076,0.0,0.0,102.3697,97.3634
755534,obv,BIN,30.75,78.94,False,632,relief_self_segmentation,cheap,0.0,0.0,0,0.00019,0.1275,0.138,0.3332,0.6154,30.5,2664,False,90.0,64.0,2,0.4292,0.4339,2664,0.0,0.0,105.6423,97.4884
755534,rev,BIN,30.49,78.95,False,18,sub_coin_noise_blob,cheap,0.0,0.0,0,0.00222,0.2565,0.2496,0.3681,0.0,78.3,21063,False,73.0,83.0,2,0.6689,0.7123,21063,0.1988,0.1607,64.2858,46.2033
755534,rev,BIN,30.49,78.95,False,20,sub_coin_noise_blob,cheap,0.0,0.0,0,0.00239,0.1678,0.1596,0.3788,0.0,101.4,29640,False,98.0,89.0,2,0.6397,0.6173,29640,0.1419,0.1139,65.0467,54.4941
755534,rev,BIN,30.49,78.95,False,49,sub_coin_noise_blob,cheap,0.0282,0.0,0,0.00447,0.1979,0.2695,0.3827,0.0,106.7,37467,False,63.0,79.0,2,0.5062,0.708,37467,0.1351,0.0256,75.7567,64.5286
755534,rev,BIN,30.49,78.95,False,51,sub_coin_noise_blob,cheap,0.0,0.0,0,0.00035,0.2461,0.263,0.3485,0.0,30.2,3066,False,58.0,67.0,3,0.4475,0.6001,3066,0.0,0.0,83.4048,79.185
755534,rev,BIN,30.49,78.95,False,54,attached_artifact,cheap,0.0488,0.0,0,0.00525,0.226,0.2916,0.4084,0.0,111.2,45880,False,98.0,69.0,4,0.6027,0.6986,45880,0.1395,0.0453,76.6115,66.5924
755534,rev,BIN,30.49,78.95,False,88,sub_coin_noise_blob,cheap,0.0,0.0,0,0.00038,0.1452,0.2386,0.3293,0.0,32.9,4221,False,78.0,45.0,4,0.4051,0.437,4221,0.0,0.0,86.1399,82.2674
755534,rev,BIN,30.49,78.95,False,115,relief_self_segmentation,cheap,0.0,0.0,0,0.00021,0.1903,0.2336,0.34,0.0,24.7,2580,False,51.0,34.0,4,0.5386,0.4827,2580,0.0,0.0,91.3666,86.8318
755534,rev,BIN,30.49,78.95,False,219,relief_self_segmentation,cheap,0.0,0.0,0,0.00018,0.1364,0.0856,0.2445,0.0,37.6,3654,False,113.0,80.0,2,1.1092,0.4641,3654,0.0,0.0,98.8398,93.7733
755534,rev,BIN,30.49,78.95,False,246,relief_self_segmentation,cheap,0.0,0.0,0,0.00021,0.1018,0.1283,0.277,0.0,33.6,3634,False,99.0,60.0,3,0.6386,0.3572,3634,0.0,0.0,99.5763,95.1667
755534,rev,BIN,30.49,78.95,False,247,relief_self_segmentation,cheap,0.0,0.0,0,0.00066,0.0542,0.1424,0.3284,0.2103,56.3,9400,True,40.0,54.0,4,0.621,0.2853,9400,0.0,0.0,98.902,94.3206
755534,rev,BIN,30.49,78.95,False,251,relief_self_segmentation,cheap,0.0,0.0,0,0.00032,0.0859,0.1837,0.3354,0.0,34.8,4320,False,88.0,58.0,4,0.7122,0.3433,4320,0.0,0.0,99.2287,94.6059
755534,rev,BIN,30.49,78.95,False,275,relief_self_segmentation,cheap,0.0,0.0,0,0.0002,0.2721,0.31,0.3676,0.0,21.3,2009,False,69.0,85.0,4,0.4025,0.5687,2009,0.0,0.0,98.9602,95.9658
755534,rev,BIN,30.49,78.95,False,278,relief_self_segmentation,cheap,0.0,0.0,0,0.00022,0.3344,0.3491,0.3631,0.0714,20.9,1872,False,65.0,73.0,3,0.341,0.6343,1872,0.0,0.0,99.185,95.9523
755534,rev,BIN,30.49,78.95,False,283,relief_self_segmentation,cheap,0.0,0.0,0,0.00048,0.1525,0.1231,0.2588,0.204,52.0,6840,True,66.0,122.0,4,2.4693,0.4635,6840,0.0,0.0,99.6036,95.6609
755534,rev,BIN,30.49,78.95,False,287,relief_self_segmentation,cheap,0.0,0.0,0,0.00016,0.1186,0.118,0.2992,0.1118,30.8,3240,False,91.0,39.0,3,0.5211,0.3568,3240,0.0,0.0,100.046,95.5793
755534,rev,BIN,30.49,78.95,False,314,relief_self_segmentation,cheap,0.0,0.0,0,0.00027,0.4145,0.3359,0.3617,0.1858,23.5,1680,False,58.0,57.0,3,0.3264,0.7699,1680,0.0,0.0,100.6355,96.2377
755534,rev,BIN,30.49,78.95,False,326,relief_self_segmentation,cheap,0.0,0.0,0,0.00051,0.1273,0.1168,0.262,0.0846,54.9,7812,False,101.0,73.0,4,0.7702,0.4535,7812,0.0,0.0,100.2871,96.7306
755534,rev,BIN,30.49,78.95,False,330,relief_self_segmentation,cheap,0.0,0.0,0,0.00024,0.1962,0.2694,0.3385,0.0,24.9,2166,False,57.0,67.0,6,0.4527,0.5029,2166,0.0,0.0,100.7562,95.9482
755534,rev,BIN,30.49,78.95,False,331,relief_self_segmentation,cheap,0.0,0.0,0,0.00027,0.2122,0.3087,0.3533,0.1032,24.5,2296,False,40.0,43.0,5,0.3835,0.5197,2296,0.0,0.0,100.2212,95.7162
755534,rev,BIN,30.49,78.95,False,343,relief_self_segmentation,cheap,0.0,0.0,0,0.00026,0.2375,0.1838,0.3493,0.0,31.4,3182,False,68.0,57.0,4,0.5462,0.5611,3182,0.0,0.0,101.1182,97.2568
755534,rev,BIN,30.49,78.95,False,346,relief_self_segmentation,cheap,0.0,0.0,0,0.00041,0.0657,0.0579,0.2514,0.0171,69.6,9240,True,144.0,64.0,3,1.7104,0.3238,9240,0.0,0.0,102.0265,97.4632
755534,rev,BIN,30.49,78.95,False,349,relief_self_segmentation,cheap,0.0,0.0,0,0.00021,0.1266,0.1536,0.3066,0.0795,30.9,3358,False,73.0,49.0,6,0.7588,0.3657,3358,0.0,0.0,101.9964,97.2235
755534,rev,BIN,30.49,78.95,False,359,relief_self_segmentation,cheap,0.0,0.0,0,0.00021,0.1644,0.1259,0.255,0.4076,33.6,2560,False,121.0,33.0,3,0.5752,0.4866,2560,0.0,0.0,102.0095,97.7228
755534,rev,BIN,30.49,78.95,False,406,relief_self_segmentation,cheap,0.0,0.0,0,0.00014,0.1288,0.1637,0.3191,0.0,24.4,2703,False,99.0,40.0,3,0.4589,0.2881,2703,0.0,0.0,101.6728,97.8493
755534,rev,BIN,30.49,78.95,False,422,relief_self_segmentation,cheap,0.0,0.0,0,0.00017,0.1447,0.1296,0.2822,0.0,29.9,2952,False,102.0,72.0,2,0.5243,0.4089,2952,0.0,0.0,102.22,98.6226
755534,rev,BIN,30.49,78.95,False,430,relief_self_segmentation,cheap,0.086,0.0,0,0.00206,0.0407,0.1409,0.348,0.1857,100.3,27783,True,59.0,47.0,5,0.5154,0.3258,27783,0.0,0.0,101.0414,97.6043
755534,rev,BIN,30.49,78.95,False,440,relief_self_segmentation,cheap,0.0,0.0,0,0.00082,0.0491,0.1293,0.326,0.0214,65.8,18450,False,82.0,69.0,3,0.7291,0.266,18450,0.0,0.0,101.1334,98.0244
755534,rev,BIN,30.49,78.95,False,444,relief_self_segmentation,cheap,0.0,0.0,0,0.00017,0.1254,0.0934,0.2679,0.0,35.7,4200,False,131.0,48.0,3,0.805,0.3319,4200,0.0,0.0,101.6937,97.9082
755534,rev,BIN,30.49,78.95,False,446,relief_self_segmentation,cheap,0.0,0.0,0,0.00017,0.1894,0.1188,0.264,0.0,30.9,2590,False,100.0,58.0,4,0.869,0.4958,2590,0.0,0.0,103.0095,98.2626
755534,rev,BIN,30.49,78.95,False,448,relief_self_segmentation,cheap,0.0,0.0,0,0.00076,0.067,0.1025,0.2854,0.0,71.5,16905,False,85.0,57.0,5,0.7053,0.2726,16905,0.0,0.0,101.0128,98.0306
755534,rev,BIN,30.49,78.95,False,451,relief_self_segmentation,cheap,0.0,0.0,0,0.00026,0.1411,0.1406,0.2845,0.0,35.9,3910,False,81.0,78.0,4,1.0491,0.4376,3910,0.0,0.0,101.1654,98.5121
755534,rev,BIN,30.49,78.95,False,455,relief_self_segmentation,cheap,0.0,0.0,0,0.00016,0.1421,0.0995,0.3155,0.0,33.0,2964,False,73.0,74.0,2,1.115,0.4034,2964,0.0,0.0,103.5588,98.1128
755534,rev,BIN,30.49,78.95,False,461,non_circular_flan,expensive,0.1152,0.0528,23,0.44672,0.0712,0.6777,0.512,0.2602,673.2,1995000,False,1.0,2.0,6,0.0648,0.8369,1995000,0.0625,0.0254,96.7657,84.2955
755534,rev,BIN,30.49,78.95,False,462,relief_self_segmentation,cheap,0.0,0.0,0,0.00017,0.2022,0.3091,0.35,0.0,19.7,1440,True,62.0,72.0,5,0.4219,0.5382,1440,0.0,0.0,101.8442,98.0397
755534,rev,BIN,30.49,78.95,False,464,relief_self_segmentation,cheap,0.2826,0.0,0,0.00031,0.5742,0.4878,0.3531,0.3458,21.0,1440,True,54.0,102.0,5,0.449,0.8511,1440,0.0,0.0,101.3045,97.2165
755534,rev,BIN,30.49,78.95,False,466,relief_self_segmentation,cheap,0.0,0.0,0,0.00073,0.1426,0.1803,0.3426,0.109,52.8,7440,False,57.0,73.0,3,0.7099,0.5264,7440,0.0,0.0,101.0599,98.1743
755534,rev,BIN,30.49,78.95,False,468,relief_self_segmentation,cheap,0.0,0.0,0,0.00051,0.0893,0.1194,0.3283,0.1472,54.0,9120,False,74.0,88.0,3,0.8394,0.3667,9120,0.0,0.0,101.751,98.0736
755534,rev,BIN,30.49,78.95,False,470,relief_self_segmentation,cheap,0.0,0.0,0,0.00033,0.155,0.2157,0.3003,0.0,32.5,4712,False,101.0,35.0,3,0.4873,0.3876,4712,0.0,0.0,101.6174,97.9435
755534,rev,BIN,30.49,78.95,False,471,relief_self_segmentation,cheap,0.0726,0.0,0,0.00114,0.0942,0.114,0.3282,0.1921,83.1,17114,False,104.0,78.0,4,0.7578,0.4038,17114,0.0,0.0,101.4854,98.215
755534,rev,BIN,30.49,78.95,False,476,relief_self_segmentation,cheap,0.0,0.0,0,0.0006,0.0899,0.1404,0.3033,0.0595,54.1,7493,False,80.0,112.0,2,0.9318,0.3932,7493,0.0,0.0,101.1801,97.7898
755534,rev,BIN,30.49,78.95,False,482,relief_self_segmentation,cheap,0.0,0.0,0,0.00039,0.1366,0.1992,0.3357,0.0,36.8,3872,True,29.0,62.0,3,0.5805,0.465,3872,0.0,0.0,101.2082,98.1515
755534,rev,BIN,30.49,78.95,False,485,relief_self_segmentation,cheap,0.0,0.0,0,0.00018,0.1228,0.0722,0.239,0.092,40.9,3298,True,71.0,102.0,3,2.735,0.4286,3298,0.0,0.0,103.2768,98.4636
755534,rev,BIN,30.49,78.95,False,488,relief_self_segmentation,cheap,0.0,0.0,0,0.0002,0.123,0.1226,0.3063,0.1029,33.9,2808,True,90.0,106.0,2,1.5253,0.3632,2808,0.0,0.0,102.6086,97.464
755534,rev,BIN,30.49,78.95,False,489,relief_self_segmentation,cheap,0.0,0.0,0,0.0002,0.4442,0.3408,0.333,0.0,20.1,1029,True,114.0,109.0,3,0.4706,0.7901,1029,0.0,0.0,101.2661,97.538
755534,rev,BIN,30.49,78.95,False,490,relief_self_segmentation,cheap,0.0,0.0,0,0.00083,0.0738,0.082,0.2496,0.1752,83.5,11426,True,127.0,89.0,2,1.0,0.3573,11426,0.0,0.0,101.3719,98.0272
755534,rev,BIN,30.49,78.95,False,491,relief_self_segmentation,cheap,0.0,0.0,0,0.00164,0.0558,0.1112,0.2584,0.121,100.8,19908,True,93.0,119.0,2,1.2088,0.4297,19908,0.0,0.0,100.7123,97.5703
755534,rev,BIN,30.49,78.95,False,496,relief_self_segmentation,cheap,0.0,0.0,0,0.00017,0.2569,0.1329,0.0,0.0894,29.5,1296,True,165.0,150.0,1,0.6142,0.7809,1296,0.0,0.0,102.4977,97.5383
755534,rev,BIN,30.49,78.95,False,499,relief_self_segmentation,cheap,0.0,0.0,0,0.00044,0.1466,0.197,0.3359,0.0,39.2,4185,True,65.0,63.0,3,0.5758,0.4823,4185,0.0,0.0,101.6187,97.7169
755534,rev,BIN,30.49,78.95,False,500,relief_self_segmentation,cheap,0.0,0.0,0,0.00039,0.1305,0.1914,0.3117,0.0,37.4,5226,True,93.0,44.0,4,0.7458,0.3555,5226,0.0,0.0,100.9344,97.9596
755535,obv,BIN,29.42,78.94,False,18,sub_coin_noise_blob,cheap,0.0,0.0,0,0.00205,0.3137,0.2395,0.355,0.0,76.8,18421,False,46.0,88.0,2,0.6455,0.7897,18421,0.1963,0.1171,64.3269,47.8595
755535,obv,BIN,29.42,78.94,False,20,sub_coin_noise_blob,cheap,0.0,0.0,0,0.00223,0.2173,0.1663,0.2993,0.0,96.1,26784,False,97.0,87.0,2,0.6761,0.6745,26784,0.1961,0.1693,64.9537,45.5522
755535,obv,BIN,29.42,78.94,False,49,sub_coin_noise_blob,cheap,0.0,0.0,0,0.00041,0.3905,0.2855,0.5369,1.0,31.5,3180,False,76.0,82.0,3,0.4572,0.7358,3180,0.3071,0.0715,86.0924,49.644
755535,obv,BIN,29.42,78.94,False,59,sub_coin_noise_blob,cheap,0.0,0.0,0,0.00177,0.1604,0.2025,0.3853,0.0,77.5,20010,False,63.0,66.0,3,0.5828,0.5513,20010,0.1712,0.0071,75.1717,61.9478
755535,obv,BIN,29.42,78.94,False,60,sub_coin_noise_blob,cheap,0.0,0.0,0,0.00275,0.1942,0.2107,0.3822,0.0,94.7,28598,False,81.0,55.0,4,0.6062,0.6503,28598,0.1952,0.0575,75.8473,58.3618
755535,obv,BIN,29.42,78.94,False,81,relief_self_segmentation,cheap,0.0,0.0,0,0.00024,0.2636,0.2261,0.47,1.0,27.2,2666,False,87.0,64.0,4,0.5336,0.5403,2666,0.2988,0.0277,89.879,54.6665
755535,obv,BIN,29.42,78.94,False,84,relief_self_segmentation,cheap,0.0,0.0,0,0.00017,0.4061,0.2755,0.5049,1.0,20.6,1376,False,97.0,64.0,3,0.4402,0.7475,1376,0.3227,0.0153,89.4576,53.8198
755535,obv,BIN,29.42,78.94,False,91,relief_self_segmentation,cheap,0.0,0.0,0,0.00025,0.2338,0.3324,0.3586,0.0,22.8,2400,False,66.0,45.0,4,0.3458,0.5368,2400,0.0,0.0,90.0794,86.5269
755535,obv,BIN,29.42,78.94,False,109,relief_self_segmentation,cheap,0.0,0.0,0,0.00019,0.2628,0.1582,0.3994,1.0,28.8,2745,False,62.0,92.0,3,0.7473,0.6507,2745,0.0045,0.0,113.4292,80.4141
755535,obv,BIN,29.42,78.94,False,127,relief_self_segmentation,cheap,0.0,0.0,0,0.00032,0.191,0.1294,0.4189,1.0,41.5,5440,False,90.0,64.0,3,1.3354,0.5603,5440,0.084,0.0009,102.9975,73.0617
755535,obv,BIN,29.42,78.94,False,131,relief_self_segmentation,cheap,0.04,0.0,0,0.00324,0.1021,0.2208,0.3943,0.0178,100.4,38406,False,105.0,81.0,3,0.5006,0.4932,38406,0.1176,0.0216,92.9134,75.061
755535,obv,BIN,29.42,78.94,False,138,relief_self_segmentation,cheap,0.0,0.0,0,0.00018,0.1971,0.1445,0.3153,0.0,29.3,2139,False,78.0,91.0,2,1.0977,0.5503,2139,0.0,0.0,98.2256,93.1997
755535,obv,BIN,29.42,78.94,False,174,low_contrast_coastline,expensive,0.2273,0.0507,40,0.2793,0.2904,0.7188,0.6248,1.0,516.9,1331942,False,0.0,7.0,2,0.0562,0.9129,1331942,0.2687,0.1251,112.7133,50.1355
755535,obv,BIN,29.42,78.94,False,181,relief_self_segmentation,cheap,0.0,0.0,0,0.00067,0.1569,0.1018,0.374,1.0,67.1,10812,False,87.0,85.0,3,1.5178,0.4944,10812,0.0264,0.0086,116.0322,94.6071
755535,obv,BIN,29.42,78.94,False,189,relief_self_segmentation,cheap,0.0,0.0,0,0.00275,0.0798,0.051,0.3628,0.9975,192.4,99356,False,146.0,62.0,5,2.3487,0.3953,99356,0.0109,0.0029,118.4414,100.4103
755535,obv,BIN,29.42,78.94,False,190,relief_self_segmentation,cheap,0.0,0.0,0,0.00321,0.0443,0.0268,0.3709,1.0,287.1,235800,False,154.0,46.0,2,1.4668,0.1753,235800,0.0181,0.0035,123.0084,101.8336
755535,rev,BIN,30.17,78.95,False,17,relief_self_segmentation,cheap,0.0,0.0,0,0.0002,0.2492,0.17,0.4319,1.0,28.1,2345,False,131.0,70.0,3,1.2278,0.5191,2345,0.068,0.0041,106.5905,67.7175
755535,rev,BIN,30.17,78.95,False,32,relief_self_segmentation,cheap,0.0,0.0,0,0.00046,0.151,0.1006,0.3998,1.0,56.3,8906,False,110.0,81.0,3,0.981,0.5009,8906,0.0287,0.0003,93.9227,81.2324
755535,rev,BIN,30.17,78.95,False,33,relief_self_segmentation,cheap,0.0,0.0,0,0.00017,0.3368,0.3265,0.4554,1.0,18.7,1276,False,91.0,74.0,5,0.564,0.5919,1276,0.0,0.0,108.2787,92.2927
755535,rev,BIN,30.17,78.95,False,36,relief_self_segmentation,cheap,0.0,0.0,0,0.00024,0.2183,0.2422,0.2951,0.0,26.3,2703,False,91.0,126.0,2,1.0317,0.4729,2703,0.0,0.0,94.7488,90.0512
755535,rev,BIN,30.17,78.95,False,49,relief_self_segmentation,cheap,0.0,0.0,0,0.00014,0.4931,0.4096,0.5198,1.0,15.5,1080,False,45.0,47.0,4,0.2901,0.7728,1080,0.0163,0.0,92.2312,78.1951
755535,rev,BIN,30.17,78.95,False,55,relief_self_segmentation,cheap,0.0483,0.0,0,0.00191,0.1992,0.2522,0.3621,0.0641,72.2,19488,False,22.0,31.0,9,0.3044,0.5545,19488,0.0044,0.0,93.9308,91.1903
755535,rev,BIN,30.17,78.95,False,63,relief_self_segmentation,cheap,0.0,0.0,0,0.00021,0.2079,0.1409,0.2708,0.0493,32.1,2541,False,96.0,73.0,2,1.0439,0.5761,2541,0.0,0.0,98.0417,92.067
755535,rev,BIN,30.17,78.95,False,66,relief_self_segmentation,cheap,0.0,0.0,0,0.00026,0.1741,0.182,0.2854,0.0,31.2,3300,False,90.0,91.0,2,0.8982,0.4508,3300,0.0,0.0,97.6516,93.0491
755535,rev,BIN,30.17,78.95,False,103,low_contrast_coastline,expensive,0.1959,0.0238,39,0.3032,0.2314,0.7817,0.6189,0.9982,516.4,1367397,False,0.0,1.0,1,0.0519,0.9204,1367397,0.1696,0.1096,118.248,61.5672
755535,rev,BIN,30.17,78.95,False,156,attached_artifact,cheap,0.1341,0.0778,2,0.01232,0.0766,0.1772,0.3935,0.4035,218.7,137700,False,90.0,68.0,3,0.5335,0.5239,137700,0.0114,0.0016,95.3856,94.3172
755535,rev,BIN,30.17,78.95,False,158,attached_artifact,cheap,0.1274,0.0729,1,0.00999,0.1009,0.1847,0.3847,0.2442,192.8,104850,False,80.0,90.0,2,0.7397,0.5911,104850,0.018,0.0018,96.8234,91.7149
755535,rev,BIN,30.17,78.95,False,167,relief_self_segmentation,cheap,0.0,0.0,0,0.00021,0.1187,0.0976,0.2569,0.0,38.1,3471,False,130.0,65.0,2,1.6296,0.4288,3471,0.0,0.0,102.5892,96.305
755535,rev,BIN,30.17,78.95,False,181,relief_self_segmentation,cheap,0.0,0.0,0,0.00033,0.0923,0.0847,0.3134,0.166,51.4,6642,False,94.0,50.0,5,1.0327,0.3885,6642,0.0,0.0,102.1317,97.4237
755536,obv,BIN,32.89,78.94,False,6,sub_coin_noise_blob,cheap,0.0,0.0,0,0.00049,0.1303,0.1302,0.2561,0.0,50.7,8208,False,105.0,82.0,2,1.0354,0.4704,8208,0.1408,0.0598,64.7985,54.0093
755536,obv,BIN,32.89,78.94,False,7,sub_coin_noise_blob,cheap,0.0,0.0,0,0.00064,0.158,0.1782,0.3364,0.0,49.5,8652,False,63.0,65.0,2,0.5009,0.5165,8652,0.0485,0.0,66.1389,61.4554
755536,obv,BIN,32.89,78.94,False,8,sub_coin_noise_blob,cheap,0.0,0.0,0,0.00091,0.0787,0.0406,0.3368,1.0,124.4,35712,False,150.0,68.0,3,2.3652,0.477,35712,0.2478,0.1126,70.486,57.4235
755536,obv,BIN,32.89,78.94,False,27,sub_coin_noise_blob,cheap,0.0,0.0,0,0.00276,0.0782,0.0415,0.3602,0.9963,213.8,120320,False,161.0,42.0,2,1.6501,0.3648,120320,0.1542,0.0766,78.2128,72.576
755536,obv,BIN,32.89,78.94,False,36,sub_coin_noise_blob,cheap,0.0,0.0,0,0.00051,0.5294,0.4581,0.3889,0.0,27.7,3000,False,46.0,50.0,4,0.2209,0.8417,3000,0.0,0.0,74.9923,72.5305
755536,obv,BIN,32.89,78.94,False,45,sub_coin_noise_blob,cheap,0.015,0.0,0,0.0035,0.2396,0.2812,0.4092,0.0,92.5,28424,False,76.0,85.0,3,0.4904,0.6857,28424,0.1872,0.0556,75.6536,59.7758
755536,obv,BIN,32.89,78.94,False,55,relief_self_segmentation,cheap,0.0,0.0,0,0.00059,0.0831,0.0417,0.3892,1.0,98.5,22275,False,87.0,82.0,2,2.4153,0.5317,22275,0.1468,0.03,92.7245,74.9048
755536,obv,BIN,32.89,78.94,False,183,relief_self_segmentation,cheap,0.0,0.0,0,0.00024,0.0727,0.1846,0.3477,0.151,29.8,3894,False,49.0,40.0,5,0.49,0.2641,3894,0.0,0.0,100.875,95.9391
755536,rev,BIN,28.29,78.95,False,12,sub_coin_noise_blob,cheap,0.0,0.0,0,0.00016,0.2829,0.3143,0.3607,0.0,18.9,1247,False,70.0,66.0,3,0.4404,0.5916,1247,0.0,0.0,84.1626,81.0
755536,rev,BIN,28.29,78.95,False,46,relief_self_segmentation,cheap,0.0,0.0,0,0.00014,0.1324,0.0911,0.2667,0.0,32.6,2574,False,105.0,80.0,2,0.6781,0.413,2574,0.0,0.0,98.1211,92.168
755536,rev,BIN,28.29,78.95,False,132,relief_self_segmentation,cheap,0.0,0.0,0,0.00027,0.1562,0.1014,0.285,0.3855,42.5,4656,False,113.0,102.0,2,1.6627,0.5316,4656,0.0008,0.0,102.7021,95.3098
755536,rev,BIN,28.29,78.95,False,156,relief_self_segmentation,cheap,0.0,0.0,0,0.00031,0.0704,0.0851,0.3138,0.3965,50.4,7018,False,89.0,98.0,4,1.061,0.3525,7018,0.0,0.0,102.1016,97.424
755537,obv,BIN,32.46,78.94,False,15,sub_coin_noise_blob,cheap,0.0,0.0,0,0.00101,0.2046,0.2317,0.3551,0.0,54.8,11374,False,71.0,73.0,2,0.5858,0.6361,11374,0.1747,0.1201,64.8116,50.1067
755537,obv,BIN,32.46,78.94,False,19,sub_coin_noise_blob,cheap,0.0,0.0,0,0.00036,0.146,0.0752,0.3731,1.0,57.6,8256,False,114.0,83.0,3,1.8089,0.6289,8256,0.4738,0.1935,71.7679,37.7433
755537,obv,BIN,32.46,78.94,False,20,sub_coin_noise_blob,cheap,0.0,0.0,0,0.00234,0.32,0.2501,0.3628,0.0,80.3,19952,False,70.0,85.0,2,0.5,0.7408,19952,0.1775,0.1019,64.9214,51.2554
755537,obv,BIN,32.46,78.94,False,44,relief_self_segmentation,cheap,0.0,0.0,0,0.00042,0.1427,0.2111,0.5072,1.0,37.1,5292,False,60.0,96.0,2,0.4677,0.4865,5292,0.1445,0.0839,102.7835,61.3125
755537,obv,BIN,32.46,78.94,False,60,sub_coin_noise_blob,cheap,0.0,0.0,0,0.00311,0.2185,0.2706,0.3941,0.0,88.9,28917,False,79.0,68.0,3,0.5683,0.6561,28917,0.2683,0.0436,75.2694,56.7047
755537,obv,BIN,32.46,78.94,False,109,relief_self_segmentation,cheap,0.0,0.0,0,0.00028,0.2103,0.3166,0.3734,0.0,24.6,2240,False,27.0,51.0,4,0.3662,0.5604,2240,0.0,0.0,94.7354,90.3795
755537,obv,BIN,32.46,78.94,False,121,relief_self_segmentation,cheap,0.0,0.0,0,0.00019,0.2301,0.1572,0.266,0.0,29.0,2277,False,87.0,123.0,2,0.693,0.5959,2277,0.0,0.0,97.6839,92.243
755537,obv,BIN,32.46,78.94,False,159,low_contrast_coastline,expensive,0.2022,0.0501,21,0.29425,0.3254,0.7777,0.6115,0.9924,510.0,1359488,False,0.0,5.0,2,0.0493,0.9406,1359488,0.2618,0.0868,136.5469,61.9831
755537,obv,BIN,32.46,78.94,False,168,relief_self_segmentation,cheap,0.0,0.0,0,0.0011,0.0388,0.0206,0.3306,1.0,191.3,87200,False,165.0,46.0,2,1.8077,0.2155,87200,0.0001,0.0,141.5577,115.6883
755537,obv,BIN,32.46,78.94,False,169,relief_self_segmentation,cheap,0.0,0.0,0,0.00094,0.0222,0.0108,0.2571,1.0,244.5,169848,False,160.0,47.0,2,1.9123,0.1001,169848,0.0,0.0,134.9668,112.3669
755537,rev,BIN,29.65,78.95,False,17,sub_coin_noise_blob,cheap,0.0,0.0,0,0.00026,0.1857,0.1316,0.2601,0.0,36.6,4148,False,40.0,89.0,2,0.9622,0.5263,4148,0.0152,0.0,74.9387,69.0596
755537,rev,BIN,29.65,78.95,False,92,relief_self_segmentation,cheap,0.0,0.0,0,0.00097,0.0681,0.2183,0.4836,1.0,55.4,13433,False,85.0,49.0,4,0.4457,0.3812,13433,0.0,0.0,115.1382,99.6072
755537,rev,BIN,29.65,78.95,False,140,relief_self_segmentation,cheap,0.0,0.0,0,0.00021,0.2283,0.2707,0.5066,1.0,22.8,2205,False,83.0,63.0,3,0.4209,0.4879,2205,0.0,0.0,116.0591,100.1302
755537,rev,BIN,29.65,78.95,False,191,unclassified_ragged,expensive,0.24,0.098,22,0.28946,0.0741,0.7597,0.5851,0.9988,511.8,1404858,False,2.0,15.0,5,0.0789,0.8265,1404858,0.0878,0.0757,125.9848,79.4464
755537,rev,BIN,29.65,78.95,False,192,relief_self_segmentation,cheap,0.0,0.0,0,0.00028,0.1589,0.0919,0.3082,0.9648,45.9,3850,False,79.0,79.0,3,0.833,0.5835,3850,0.0,0.0,110.8596,91.243
755538,obv,BIN,31.36,78.94,False,37,sub_coin_noise_blob,cheap,0.0,0.0,0,0.00089,0.0543,0.0281,0.2971,1.0,147.3,53953,False,165.0,46.0,2,2.2669,0.3123,53953,0.2133,0.1584,60.9768,55.7577
755538,obv,BIN,31.36,78.94,False,56,sub_coin_noise_blob,cheap,0.0,0.0,0,0.00015,0.0769,0.0385,0.3068,1.0,51.3,6840,False,45.0,98.0,2,3.4351,0.4889,6840,0.4237,0.0036,75.4139,48.197
755538,obv,BIN,31.36,78.94,False,208,relief_self_segmentation,cheap,0.0,0.0,0,0.00027,0.0736,0.0922,0.3036,0.187,44.8,6600,False,78.0,60.0,4,0.7575,0.2818,6600,0.0,0.0,100.3654,94.544
755538,obv,BIN,31.36,78.94,False,219,relief_self_segmentation,cheap,0.0,0.0,0,0.00022,0.0887,0.1183,0.3329,0.0,36.1,4116,False,102.0,61.0,3,0.6414,0.3572,4116,0.0,0.0,99.3485,95.1795
755538,obv,BIN,31.36,78.94,False,244,relief_self_segmentation,cheap,0.0,0.0,0,0.00021,0.1539,0.1916,0.3141,0.0,27.2,3528,False,84.0,43.0,5,0.5674,0.3949,3528,0.0,0.0,99.2841,95.0199
755538,obv,BIN,31.36,78.94,False,252,relief_self_segmentation,cheap,0.0,0.0,0,0.00024,0.3296,0.3583,0.3714,0.0696,21.5,2100,False,54.0,82.0,6,0.348,0.6224,2100,0.0,0.0,99.1817,95.9004
755538,obv,BIN,31.36,78.94,False,253,relief_self_segmentation,cheap,0.0,0.0,0,0.00034,0.2644,0.2083,0.2793,0.3394,33.5,3200,False,87.0,61.0,4,0.5494,0.6199,3200,0.0,0.0,99.6105,96.0342
755538,obv,BIN,31.36,78.94,False,294,relief_self_segmentation,cheap,0.0,0.0,0,0.00025,0.4161,0.3429,0.3492,0.0734,22.5,1620,False,85.0,62.0,4,0.3261,0.7703,1620,0.0,0.0,100.7857,96.5359
755538,obv,BIN,31.36,78.94,False,311,relief_self_segmentation,cheap,0.0,0.0,0,0.00022,0.1687,0.2619,0.3413,0.0,24.0,2090,False,48.0,73.0,4,0.4369,0.4612,2090,0.0,0.0,101.0577,96.0758
755538,obv,BIN,31.36,78.94,False,312,relief_self_segmentation,cheap,0.0,0.0,0,0.0002,0.1735,0.2675,0.3477,0.2053,22.9,2214,False,42.0,88.0,3,0.4456,0.4656,2214,0.0,0.0,100.7215,95.8226
755538,obv,BIN,31.36,78.94,False,335,relief_self_segmentation,cheap,0.0,0.0,0,0.00021,0.2458,0.2015,0.3327,0.0,26.9,2440,False,100.0,58.0,3,0.4696,0.535,2440,0.0,0.0,101.3752,97.4488
755538,obv,BIN,31.36,78.94,False,336,relief_self_segmentation,cheap,0.0,0.0,0,0.00018,0.1956,0.1586,0.262,0.0,27.6,2542,False,82.0,67.0,2,0.7591,0.5074,2542,0.0,0.0,101.9798,97.6786
755538,obv,BIN,31.36,78.94,False,339,relief_self_segmentation,cheap,0.0,0.0,0,0.0003,0.0747,0.047,0.2304,0.0,66.5,7852,False,154.0,53.0,2,1.7322,0.3673,7852,0.0,0.0,102.4033,97.7049
755538,obv,BIN,31.36,78.94,False,344,relief_self_segmentation,cheap,0.0,0.0,0,0.00053,0.0514,0.0544,0.3042,0.0513,82.2,13350,True,135.0,107.0,2,6.4359,0.2643,13350,0.0,0.0,102.3848,97.5481
755538,obv,BIN,31.36,78.94,False,359,relief_self_segmentation,cheap,0.0,0.0,0,0.00019,0.1478,0.1132,0.2516,0.0,33.6,2480,False,120.0,68.0,2,0.6299,0.4663,2480,0.0,0.0,102.3742,97.7098
755538,obv,BIN,31.36,78.94,False,405,relief_self_segmentation,cheap,0.0,0.0,0,0.00019,0.3251,0.3147,0.3607,0.0,20.4,1480,False,97.0,64.0,5,0.4394,0.6043,1480,0.0,0.0,100.4516,97.1694
755538,obv,BIN,31.36,78.94,False,410,relief_self_segmentation,cheap,0.0,0.0,0,0.00037,0.1253,0.1151,0.2633,0.0372,47.1,6328,False,119.0,73.0,3,1.0415,0.4009,6328,0.0,0.0,101.9654,97.3843
755538,obv,BIN,31.36,78.94,False,438,relief_self_segmentation,cheap,0.0,0.0,0,0.0009,0.0604,0.099,0.2926,0.3102,79.0,16854,True,98.0,88.0,4,1.0513,0.3108,16854,0.0,0.0,101.7374,98.0414
755538,obv,BIN,31.36,78.94,False,449,relief_self_segmentation,cheap,0.0,0.0,0,0.00021,0.1686,0.2425,0.3337,0.2614,24.2,2538,False,82.0,78.0,3,0.8576,0.3786,2538,0.0,0.0,102.645,97.1674
755538,obv,BIN,31.36,78.94,False,450,relief_self_segmentation,cheap,0.2417,0.0,0,0.00034,0.2938,0.2843,0.3707,0.0,28.7,3100,False,60.0,41.0,4,0.3777,0.585,3100,0.0,0.0,100.4209,98.4293
755538,obv,BIN,31.36,78.94,False,452,relief_self_segmentation,cheap,0.0,0.0,0,0.00058,0.0592,0.0932,0.2587,0.1007,65.5,13857,False,64.0,60.0,3,0.6098,0.3021,13857,0.0,0.0,101.5568,98.1998
755538,obv,BIN,31.36,78.94,False,462,relief_self_segmentation,cheap,0.0,0.0,0,0.00017,0.1349,0.0858,0.2574,0.0,36.5,4042,False,127.0,46.0,3,0.7889,0.3558,4042,0.0,0.0,103.1162,98.2087
755538,obv,BIN,31.36,78.94,False,470,relief_self_segmentation,cheap,0.0,0.0,0,0.00019,0.2764,0.2612,0.3185,0.0,22.2,1924,False,63.0,118.0,2,0.7645,0.5818,1924,0.0,0.0,101.0043,98.8571
755538,obv,BIN,31.36,78.94,False,476,multi_object_weld,expensive,0.0616,0.0066,6,0.14654,0.0135,0.1994,0.4429,0.0991,710.8,2127000,False,58.0,51.0,4,0.1602,0.2329,2127000,0.0685,0.023,87.7058,89.2832
755538,obv,BIN,31.36,78.94,False,480,relief_self_segmentation,cheap,0.0,0.0,0,0.00019,0.2023,0.3194,0.3573,0.3043,20.2,1320,True,105.0,91.0,3,0.4223,0.5654,1320,0.0,0.0,102.8831,97.5638
755538,obv,BIN,31.36,78.94,False,484,relief_self_segmentation,cheap,0.0,0.0,0,0.00037,0.0679,0.0982,0.3324,0.1139,50.7,8249,False,80.0,83.0,4,0.8539,0.292,8249,0.0,0.0,102.5173,98.0364
755538,obv,BIN,31.36,78.94,False,485,relief_self_segmentation,cheap,0.0,0.0,0,0.00051,0.0835,0.1279,0.3169,0.0619,52.1,7320,False,72.0,62.0,3,0.6648,0.3967,7320,0.0,0.0,101.8648,98.2423
755538,obv,BIN,31.36,78.94,False,489,relief_self_segmentation,cheap,0.0,0.0,0,0.00029,0.1411,0.1996,0.2974,0.1036,31.6,4588,False,106.0,32.0,3,0.482,0.3524,4588,0.0,0.0,101.6524,97.922
755538,obv,BIN,31.36,78.94,False,490,relief_self_segmentation,cheap,0.0919,0.0,0,0.00094,0.0727,0.0949,0.2521,0.1767,82.6,16830,False,105.0,86.0,3,0.8373,0.3558,16830,0.0,0.0,102.0114,98.2462
755538,obv,BIN,31.36,78.94,False,491,relief_self_segmentation,cheap,0.0,0.0,0,0.00015,0.1601,0.108,0.2544,0.0,31.1,2100,False,101.0,105.0,2,1.1459,0.4782,2100,0.0,0.0,103.185,98.1717
755538,obv,BIN,31.36,78.94,False,496,relief_self_segmentation,cheap,0.0,0.0,0,0.00038,0.0823,0.1091,0.2936,0.0569,48.9,6670,False,75.0,33.0,4,0.5349,0.3556,6670,0.0,0.0,101.4629,97.8216
755538,obv,BIN,31.36,78.94,False,506,relief_self_segmentation,cheap,0.0,0.0,0,0.00016,0.1514,0.0852,0.2371,0.0,35.9,2511,True,66.0,106.0,3,2.2943,0.4943,2511,0.0,0.0,103.685,98.0795
755538,obv,BIN,31.36,78.94,False,510,relief_self_segmentation,cheap,0.0,0.0,0,0.00017,0.411,0.3272,0.3202,0.0,19.1,855,True,107.0,121.0,3,0.5015,0.7612,855,0.0,0.0,101.2506,97.7284
755538,obv,BIN,31.36,78.94,False,511,relief_self_segmentation,cheap,0.0,0.0,0,0.00028,0.1542,0.2161,0.3067,0.1497,29.7,2961,True,59.0,92.0,3,1.0463,0.378,2961,0.0,0.0,101.7367,98.083
755538,obv,BIN,31.36,78.94,False,512,relief_self_segmentation,cheap,0.0,0.0,0,0.00035,0.1099,0.0944,0.3031,0.1885,50.5,4026,True,144.0,86.0,3,1.0077,0.441,4026,0.0,0.0,101.5238,98.0143
755538,obv,BIN,31.36,78.94,False,514,relief_self_segmentation,cheap,0.0,0.0,0,0.00118,0.0526,0.0979,0.3259,0.087,91.1,17958,True,67.0,65.0,3,1.3395,0.3502,17958,0.0,0.0,101.0572,97.6413
755538,obv,BIN,31.36,78.94,False,519,relief_self_segmentation,cheap,0.0,0.0,0,0.00015,0.2505,0.1305,0.0,0.0,28.5,1156,True,167.0,150.0,1,0.6369,0.7562,1156,0.0,0.0,102.5685,97.5443
755538,obv,BIN,31.36,78.94,False,522,relief_self_segmentation,cheap,0.0,0.0,0,0.00038,0.1639,0.1864,0.3076,0.0556,37.3,3827,True,49.0,77.0,3,0.6649,0.4504,3827,0.0,0.0,101.8472,98.0251
755538,obv,BIN,31.36,78.94,False,523,relief_self_segmentation,cheap,0.0,0.0,0,0.00018,0.1418,0.1694,0.3092,0.0,27.2,2666,True,81.0,60.0,4,0.8435,0.3491,2666,0.0,0.0,100.9832,97.6218
755538,rev,BIN,29.04,78.95,False,79,relief_self_segmentation,cheap,0.0468,0.0,0,0.00118,0.0986,0.2602,0.3611,0.0,55.7,11658,False,38.0,46.0,5,0.2664,0.4965,11658,0.0,0.0,94.6907,91.2253
755538,rev,BIN,29.04,78.95,False,95,relief_self_segmentation,cheap,0.0,0.0,0,0.00017,0.1948,0.1847,0.293,0.0,25.4,2623,False,116.0,23.0,4,0.4016,0.4545,2623,0.0,0.0,97.0771,93.0242
755538,rev,BIN,29.04,78.95,False,216,relief_self_segmentation,cheap,0.0,0.0,0,0.00024,0.398,0.36,0.4826,0.9907,21.4,1716,False,79.0,78.0,4,0.4392,0.7245,1716,0.0,0.0,98.3613,88.4453
755538,rev,BIN,29.04,78.95,False,224,relief_self_segmentation,cheap,0.0,0.0,0,0.00042,0.2328,0.2688,0.4385,1.0,32.9,3750,False,89.0,65.0,3,0.5293,0.6286,3750,0.0,0.0,97.5571,87.8731
755538,rev,BIN,29.04,78.95,False,256,relief_self_segmentation,cheap,0.0,0.0,0,0.00062,0.3091,0.3507,0.3892,0.2551,34.7,4620,False,57.0,65.0,5,0.3534,0.6553,4620,0.0,0.0,98.5574,92.9746
755538,rev,BIN,29.04,78.95,False,275,relief_self_segmentation,cheap,0.0,0.0,0,0.00039,0.2132,0.2537,0.363,0.0798,32.5,4028,False,33.0,37.0,6,0.4393,0.5109,4028,0.0,0.0,100.0715,95.5492
755538,rev,BIN,29.04,78.95,False,278,relief_self_segmentation,cheap,0.0,0.0,0,0.00018,0.1158,0.1497,0.335,0.2759,28.7,2745,False,101.0,39.0,3,0.4257,0.3848,2745,0.0,0.0,101.1034,95.8781
755538,rev,BIN,29.04,78.95,False,286,relief_self_segmentation,cheap,0.0,0.0,0,0.00048,0.1849,0.1562,0.2571,0.0714,45.8,6930,False,131.0,38.0,4,0.7403,0.5367,6930,0.0,0.0,100.7445,94.8666
755538,rev,BIN,29.04,78.95,False,290,relief_self_segmentation,cheap,0.0,0.0,0,0.00027,0.2066,0.1429,0.2552,0.3899,35.9,3645,False,96.0,91.0,2,1.5733,0.5674,3645,0.0,0.0,102.5508,95.3344
755538,rev,BIN,29.04,78.95,False,334,relief_self_segmentation,cheap,0.0,0.0,0,0.00025,0.0792,0.0831,0.2884,0.343,45.1,5450,False,105.0,120.0,2,1.0826,0.3318,5450,0.0,0.0,102.7278,97.1235
755539,obv,BIN,30.46,78.94,False,18,sub_coin_noise_blob,cheap,0.0,0.0,0,0.00111,0.0817,0.0455,0.3235,0.9981,129.2,26265,False,156.0,55.0,2,2.1644,0.4536,26265,0.2414,0.162,62.7802,53.0187
755539,obv,BIN,30.46,78.94,False,22,sub_coin_noise_blob,cheap,0.0243,0.0,0,0.00456,0.2112,0.1736,0.3118,0.0,134.4,51861,False,93.0,57.0,3,0.5588,0.7489,51861,0.2044,0.0891,64.7837,51.1715
755539,obv,BIN,30.46,78.94,False,23,sub_coin_noise_blob,cheap,0.0119,0.0,0,0.00491,0.2112,0.2072,0.2997,0.0,127.6,53098,False,102.0,57.0,6,0.5346,0.7209,53098,0.2167,0.1731,64.0319,45.0117
755539,obv,BIN,30.46,78.94,False,24,sub_coin_noise_blob,cheap,0.0,0.0,0,0.00086,0.1854,0.1123,0.3054,1.0,72.5,15778,False,108.0,94.0,2,2.117,0.6586,15778,0.3762,0.2166,69.5269,38.8285
755539,obv,BIN,30.46,78.94,False,44,sub_coin_noise_blob,cheap,0.0,0.0,0,0.00051,0.0985,0.047,0.3539,1.0,86.6,21750,False,97.0,89.0,2,2.8608,0.6458,21750,0.2927,0.1561,79.1209,47.407
755539,obv,BIN,30.46,78.94,False,55,sub_coin_noise_blob,cheap,0.0,0.0,0,0.00485,0.2009,0.3085,0.4153,0.0,104.0,39060,False,94.0,69.0,3,0.4178,0.7213,39060,0.2121,0.0216,75.196,59.3209
755539,obv,BIN,30.46,78.94,False,58,sub_coin_noise_blob,cheap,0.0,0.0,0,0.00025,0.2696,0.2418,0.3327,0.0,26.4,2340,False,100.0,90.0,3,0.6926,0.5749,2340,0.0,0.0,83.8758,78.8952
755539,obv,BIN,30.46,78.94,False,63,attached_artifact,cheap,0.0211,0.0,0,0.00797,0.1975,0.2282,0.3334,0.0,155.0,77914,False,96.0,64.0,4,0.5307,0.731,77914,0.1934,0.0494,75.2445,61.338
755539,obv,BIN,30.46,78.94,False,103,relief_self_segmentation,cheap,0.0,0.0,0,0.00014,0.2802,0.1883,0.2773,0.0,22.6,1672,False,116.0,53.0,2,0.6995,0.6117,1672,0.0,0.0,93.4744,88.4787
755539,obv,BIN,30.46,78.94,False,179,relief_self_segmentation,cheap,0.0,0.0,0,0.00055,0.1588,0.1876,0.3349,0.0,44.9,6161,False,105.0,50.0,3,0.5403,0.5125,6161,0.0,0.0,98.2602,93.6971
755539,obv,BIN,30.46,78.94,False,181,relief_self_segmentation,cheap,0.0857,0.0,0,0.0007,0.2543,0.2228,0.2914,0.0819,46.3,6552,False,100.0,85.0,3,0.5787,0.6093,6552,0.0,0.0,96.926,93.4241
755539,obv,BIN,30.46,78.94,False,187,relief_self_segmentation,cheap,0.0285,0.0,0,0.00803,0.0368,0.051,0.3844,0.6537,329.0,311619,False,111.0,134.0,2,1.7787,0.1759,311619,0.0284,0.0014,95.6462,94.4737
755539,obv,BIN,30.46,78.94,False,237,relief_self_segmentation,cheap,0.0,0.0,0,0.00029,0.1205,0.0775,0.3919,1.0,50.8,6120,False,87.0,82.0,3,1.2871,0.4738,6120,0.0,0.0,105.2138,86.0665
755539,obv,BIN,30.46,78.94,False,245,low_contrast_coastline,expensive,0.2169,0.0328,38,0.2796,0.3391,0.8449,0.6247,0.9995,477.0,1231076,False,0.0,0.0,0,0.0363,0.9369,1231076,0.1828,0.1165,108.3667,57.5908
755539,obv,BIN,30.46,78.94,False,314,relief_self_segmentation,cheap,0.0,0.0,0,0.00016,0.1292,0.1366,0.3191,0.0,28.1,2442,False,51.0,38.0,4,0.5129,0.371,2442,0.0,0.0,102.0743,96.0123
755539,obv,BIN,30.46,78.94,False,325,relief_self_segmentation,cheap,0.0538,0.0,0,0.00425,0.0608,0.1658,0.4053,0.1995,132.7,62916,False,86.0,90.0,3,0.5679,0.4568,62916,0.0008,0.0,97.6859,92.6796
755539,obv,BIN,30.46,78.94,False,343,relief_self_segmentation,expensive,0.099,0.0189,2,0.01555,0.0193,0.0518,0.4127,0.549,454.4,807045,False,116.0,33.0,3,0.6476,0.1213,807045,0.02,0.0037,106.6447,102.2328
755539,obv,BIN,30.46,78.94,False,367,relief_self_segmentation,cheap,0.0,0.0,0,0.00015,0.1701,0.0988,0.2604,0.2313,32.7,2387,False,131.0,67.0,2,1.6084,0.518,2387,0.0,0.0,104.5739,96.798
755539,rev,BIN,30.03,78.95,False,32,sub_coin_noise_blob,cheap,0.0,0.0,0,0.00207,0.2028,0.2413,0.3802,0.0,76.8,19360,False,72.0,64.0,4,0.5217,0.6578,19360,0.2263,0.0279,75.5661,58.6359
755539,rev,BIN,30.03,78.95,False,60,relief_self_segmentation,cheap,0.0,0.0,0,0.00019,0.2195,0.1778,0.2947,0.0,27.3,2736,False,113.0,86.0,2,1.712,0.5027,2736,0.0,0.0,92.7211,88.7438
755539,rev,BIN,30.03,78.95,False,97,relief_self_segmentation,cheap,0.1381,0.0,0,0.00126,0.2986,0.4576,0.3934,0.0727,43.6,8100,False,36.0,19.0,7,0.2075,0.704,8100,0.0,0.0,93.8323,89.7174
755539,rev,BIN,30.03,78.95,False,109,relief_self_segmentation,cheap,0.0,0.0,0,0.00019,0.1091,0.125,0.3527,0.2514,32.3,3080,False,93.0,93.0,2,1.0904,0.4053,3080,0.0018,0.0,97.1357,88.5192
755539,rev,BIN,30.03,78.95,False,112,relief_self_segmentation,cheap,0.0,0.0,0,0.00026,0.1751,0.1895,0.3122,0.0,30.7,3256,False,91.0,92.0,3,0.895,0.4561,3256,0.0,0.0,97.6816,93.0207
755539,rev,BIN,30.03,78.95,False,118,relief_self_segmentation,cheap,0.0658,0.0,0,0.00465,0.1682,0.338,0.4089,0.0193,97.3,41256,False,63.0,43.0,4,0.3104,0.6178,41256,0.0322,0.0004,93.1134,85.482
755539,rev,BIN,30.03,78.95,False,134,relief_self_segmentation,cheap,0.0,0.0,0,0.00015,0.1217,0.1031,0.3831,1.0,31.3,3015,False,78.0,73.0,5,0.8991,0.3472,3015,0.0,0.0,97.9091,80.5117
755539,rev,BIN,30.03,78.95,False,140,relief_self_segmentation,cheap,0.0,0.0,0,0.00036,0.1358,0.1601,0.3204,0.0,39.2,4464,False,97.0,64.0,3,0.4683,0.4365,4464,0.0,0.0,97.5242,93.4007
755539,rev,BIN,30.03,78.95,False,156,relief_self_segmentation,cheap,0.0,0.0,0,0.00021,0.1522,0.1172,0.392,1.0,35.0,3960,False,111.0,63.0,2,0.6318,0.3709,3960,0.0265,0.0,114.6498,72.1666
755539,rev,BIN,30.03,78.95,False,193,backdrop_vignette_blob,expensive,0.3459,0.1006,27,0.28784,0.1453,0.7894,0.5765,0.9985,500.7,1388590,False,4.0,4.0,3,0.0614,0.8732,1388590,0.0684,0.0557,104.5069,68.2139
755539,rev,BIN,30.03,78.95,False,234,relief_self_segmentation,cheap,0.0,0.0,0,0.00015,0.3311,0.2748,0.3263,0.0,19.4,1305,False,66.0,52.0,3,0.4093,0.623,1305,0.0,0.0,100.2059,95.5356
755539,rev,BIN,30.03,78.95,False,253,relief_self_segmentation,cheap,0.0424,0.0,0,0.03311,0.0472,0.119,0.3585,0.1986,437.3,440580,False,139.0,91.0,2,1.543,0.3973,440580,0.0198,0.0064,96.5415,96.1386
755540,obv,BIN,29.4,78.94,False,5,sub_coin_noise_blob,cheap,0.0,0.0,0,0.0004,0.1754,0.2203,0.3077,0.0,35.3,5390,False,87.0,89.0,3,0.6787,0.466,5390,0.0378,0.0,66.9412,60.1154
755540,obv,BIN,29.4,78.94,False,7,sub_coin_noise_blob,cheap,0.0,0.0,0,0.00083,0.2962,0.2871,0.3626,0.0,44.5,7644,False,77.0,87.0,2,0.4874,0.6924,7644,0.2142,0.0961,64.7996,48.2408
755540,obv,BIN,29.4,78.94,False,32,sub_coin_noise_blob,cheap,0.0,0.0,0,0.00365,0.2427,0.2678,0.3961,0.0,96.8,29550,False,87.0,63.0,4,0.4818,0.7426,29550,0.2536,0.0129,74.7595,57.4955
755540,obv,BIN,29.4,78.94,False,40,relief_self_segmentation,cheap,0.0,0.0,0,0.00483,0.0255,0.0172,0.3542,0.9818,439.4,586080,False,138.0,50.0,2,0.8008,0.0637,586080,0.0703,0.0437,94.5461,98.4481
755540,obv,BIN,29.4,78.94,False,42,sub_coin_noise_blob,cheap,0.0285,0.0,0,0.00351,0.0943,0.1109,0.3458,0.0,147.5,59070,False,118.0,61.0,5,0.9561,0.5456,59070,0.1226,0.0663,79.4085,71.3427
755540,obv,BIN,29.4,78.94,False,51,relief_self_segmentation,cheap,0.0,0.0,0,0.00063,0.1356,0.0667,0.308,1.0,80.9,12852,False,75.0,93.0,2,2.9935,0.6369,12852,0.1369,0.0,106.3572,71.8391
755540,obv,BIN,29.4,78.94,False,106,relief_self_segmentation,cheap,0.0,0.0,0,0.00105,0.1882,0.3868,0.3582,0.0934,43.3,7161,False,30.0,23.0,5,0.1878,0.571,7161,0.0,0.0,94.045,90.7512
755540,obv,BIN,29.4,78.94,False,131,relief_self_segmentation,cheap,0.0,0.0,0,0.00026,0.1157,0.0512,0.3568,1.0,59.4,10201,False,118.0,77.0,2,2.9784,0.7958,10201,0.0006,0.0,122.2118,87.7026
755540,obv,BIN,29.4,78.94,False,187,relief_self_segmentation,cheap,0.0218,0.0,0,0.00955,0.0616,0.1242,0.3568,0.2733,229.9,175414,False,109.0,71.0,4,0.5465,0.4155,175414,0.0185,0.0044,95.5415,93.8886
755540,obv,BIN,29.4,78.94,False,215,low_contrast_coastline,expensive,0.1325,0.0287,22,0.27543,0.1325,0.8316,0.5787,1.0,477.2,1289330,False,1.0,0.0,0,0.0471,0.8948,1289330,0.096,0.0196,118.531,74.5204
755540,rev,BIN,29.14,78.95,False,1,sub_coin_noise_blob,cheap,0.0,0.0,0,0.00016,0.1323,0.2285,0.3477,0.0,22.2,2397,False,63.0,35.0,4,0.2674,0.3417,2397,0.0,0.0,66.935,63.7557
755540,rev,BIN,29.14,78.95,False,196,relief_self_segmentation,cheap,0.1317,0.0,0,0.00178,0.0927,0.0934,0.2463,0.1374,114.4,28016,False,95.0,79.0,3,0.9755,0.5283,28016,0.0101,0.0007,99.144,92.8188
755540,rev,BIN,29.14,78.95,False,200,relief_self_segmentation,cheap,0.0,0.0,0,0.00026,0.2455,0.1605,0.2583,0.0,33.2,3300,False,113.0,56.0,8,0.5538,0.6439,3300,0.0,0.0,100.9635,97.0849
755540,rev,BIN,29.14,78.95,False,201,low_contrast_coastline,expensive,0.1494,0.0219,53,0.34993,0.3375,0.8404,0.5879,0.8221,535.1,1505304,False,1.0,1.0,1,0.0376,0.9529,1505304,0.0677,0.0443,110.9127,80.4985
755540,rev,BIN,29.14,78.95,False,212,relief_self_segmentation,cheap,0.0,0.0,0,0.00017,0.1175,0.0922,0.2595,0.0,35.3,3276,False,125.0,114.0,3,3.6173,0.38,3276,0.0,0.0,103.1298,96.353
755540,rev,BIN,29.14,78.95,False,243,relief_self_segmentation,cheap,0.0755,0.0,0,0.00074,0.1161,0.1037,0.251,0.2188,70.0,11999,False,91.0,76.0,4,0.9165,0.4273,11999,0.0,0.0,100.7497,97.3298
755541,obv,BIN,31.69,78.94,False,21,sub_coin_noise_blob,cheap,0.0,0.0,0,0.00093,0.2305,0.3199,0.3179,0.0,44.7,9016,False,86.0,80.0,2,0.5025,0.568,9016,0.0364,0.0,74.654,68.2283
755541,obv,BIN,31.69,78.94,False,35,sub_coin_noise_blob,cheap,0.0,0.0,0,0.00056,0.0895,0.0934,0.2509,0.0,64.0,14070,False,87.0,80.0,4,1.1469,0.3769,14070,0.1032,0.0047,76.5033,67.8437
755541,obv,BIN,31.69,78.94,False,41,relief_self_segmentation,cheap,0.0,0.0,0,0.00015,0.2326,0.1147,0.3339,1.0,30.3,1971,False,97.0,95.0,2,1.0671,0.7586,1971,0.2272,0.0,100.3181,56.8123
755541,obv,BIN,31.69,78.94,False,73,relief_self_segmentation,cheap,0.0,0.0,0,0.00194,0.0539,0.0289,0.379,1.0,214.7,108066,False,156.0,45.0,2,1.7333,0.2182,108066,0.0158,0.0001,125.0592,101.4033
755541,obv,BIN,31.69,78.94,False,114,low_contrast_coastline,expensive,0.116,0.0194,24,0.31628,0.1034,0.8128,0.63,0.9992,517.2,1419642,False,1.0,0.0,0,0.0417,0.8779,1419642,0.2054,0.1056,123.9784,60.8101
755541,rev,BIN,30.38,78.95,False,3,sub_coin_noise_blob,cheap,0.0,0.0,0,0.00015,0.5262,0.4503,0.3788,0.0,15.3,1147,False,41.0,65.0,3,0.3106,0.7844,1147,0.0,0.0,66.0271,63.5043
755541,rev,BIN,30.38,78.95,False,7,sub_coin_noise_blob,cheap,0.0,0.0,0,0.00017,0.2258,0.165,0.2639,0.0,26.3,2322,False,75.0,95.0,2,0.9867,0.5464,2322,0.0023,0.0,66.9069,61.2962
755541,rev,BIN,30.38,78.95,False,21,sub_coin_noise_blob,cheap,0.0,0.0,0,0.00116,0.1723,0.2008,0.3453,0.0,63.1,13110,False,79.0,47.0,3,0.5605,0.5301,13110,0.1285,0.0002,75.88,65.3138
755541,rev,BIN,30.38,78.95,False,135,relief_self_segmentation,cheap,0.0,0.0,0,0.00044,0.1942,0.1505,0.2577,0.0485,44.7,6664,False,131.0,41.0,5,0.7582,0.5275,6664,0.0,0.0,100.7219,94.4438
755541,rev,BIN,30.38,78.95,False,137,relief_self_segmentation,cheap,0.0,0.0,0,0.00018,0.1917,0.1036,0.2644,0.4453,34.9,3397,False,111.0,114.0,2,2.2611,0.626,3397,0.0,0.0,103.7687,95.549
755542,obv,BIN,29.98,78.94,False,11,sub_coin_noise_blob,cheap,0.0,0.0,0,0.00381,0.2319,0.1964,0.2818,0.0,115.5,40894,False,101.0,60.0,4,0.5282,0.7158,40894,0.1819,0.1383,63.7655,47.3098
755542,obv,BIN,29.98,78.94,False,14,attached_artifact,cheap,0.0,0.0,0,0.00524,0.2357,0.2179,0.3804,0.0,128.6,53108,False,79.0,54.0,4,0.4769,0.7364,53108,0.2012,0.1274,64.2519,47.6242
755542,obv,BIN,29.98,78.94,False,17,sub_coin_noise_blob,cheap,0.0,0.0,0,0.00145,0.0731,0.038,0.3436,1.0,161.8,61752,False,161.0,45.0,2,1.4487,0.36,61752,0.1683,0.1284,67.395,66.7897
755542,obv,BIN,29.98,78.94,False,19,sub_coin_noise_blob,cheap,0.0,0.0,0,0.00139,0.0804,0.0403,0.3398,1.0,153.7,56887,False,159.0,46.0,2,2.0831,0.5022,56887,0.1632,0.1314,66.1748,67.0692
755542,obv,BIN,29.98,78.94,False,41,sub_coin_noise_blob,cheap,0.0,0.0,0,0.00018,0.22,0.1197,0.3763,1.0,32.3,3224,False,132.0,76.0,2,1.4956,0.6555,3224,0.4523,0.1313,70.1256,36.9681
755542,obv,BIN,29.98,78.94,False,46,sub_coin_noise_blob,cheap,0.018,0.0,0,0.00449,0.2461,0.3103,0.391,0.0,99.8,35360,False,78.0,59.0,3,0.4412,0.761,35360,0.2437,0.0068,75.2861,58.5795
755542,obv,BIN,29.98,78.94,False,54,sub_coin_noise_blob,cheap,0.0,0.0,0,0.00016,0.3401,0.3188,0.302,0.0,18.7,1075,False,80.0,80.0,4,0.4937,0.6419,1075,0.0,0.0,84.407,80.1394
755542,obv,BIN,29.98,78.94,False,60,attached_artifact,cheap,0.0162,0.0,0,0.00809,0.189,0.2166,0.3376,0.0,160.2,81360,False,106.0,63.0,3,0.5435,0.73,81360,0.1867,0.0378,75.1774,63.9814
755542,obv,BIN,29.98,78.94,False,87,relief_self_segmentation,cheap,0.0,0.0,0,0.00014,0.1875,0.2296,0.3338,0.0,20.6,1900,False,34.0,64.0,3,0.6018,0.4419,1900,0.0,0.0,91.0981,86.9454
755542,obv,BIN,29.98,78.94,False,151,relief_self_segmentation,cheap,0.037,0.0,0,0.00566,0.1317,0.3276,0.4217,0.0254,109.0,53352,False,59.0,40.0,5,0.315,0.5846,53352,0.0021,0.0,92.9919,83.7027
755542,obv,BIN,29.98,78.94,False,184,relief_self_segmentation,cheap,0.0,0.0,0,0.00045,0.1585,0.1711,0.2833,0.0753,42.4,6014,False,94.0,36.0,4,0.5638,0.4408,6014,0.0,0.0,97.8499,93.6768
755542,obv,BIN,29.98,78.94,False,206,relief_self_segmentation,cheap,0.0438,0.0,0,0.0083,0.0563,0.1752,0.35,0.2557,180.5,118755,False,76.0,68.0,6,0.4624,0.4527,118755,0.0059,0.0001,94.8548,92.2592
755542,obv,BIN,29.98,78.94,False,256,low_contrast_coastline,expensive,0.1401,0.0532,18,0.28665,0.2722,0.83,0.647,1.0,487.3,1260600,False,0.0,0.0,0,0.0355,0.9307,1260600,0.1966,0.1252,116.427,58.4626
755542,obv,BIN,29.98,78.94,False,259,relief_self_segmentation,cheap,0.0,0.0,0,0.00015,0.4035,0.3462,0.4746,1.0,17.0,960,False,94.0,63.0,5,0.4284,0.7053,960,0.0,0.0,101.9296,87.6807
755542,obv,BIN,29.98,78.94,False,288,relief_self_segmentation,cheap,0.0,0.0,0,0.00092,0.1414,0.2303,0.3537,0.0,52.5,10396,False,54.0,32.0,6,0.4423,0.4809,10396,0.0,0.0,97.0286,92.8483
755542,obv,BIN,29.98,78.94,False,291,relief_self_segmentation,cheap,0.0,0.0,0,0.0011,0.0163,0.0099,0.2341,0.9385,276.6,133464,False,159.0,46.0,3,1.4823,0.0725,133464,0.0051,0.0002,120.817,101.3402
755542,obv,BIN,29.98,78.94,False,356,relief_self_segmentation,cheap,0.0,0.0,0,0.00016,0.3619,0.2294,0.2809,0.0,22.1,1452,False,96.0,69.0,3,0.5236,0.7031,1452,0.0,0.0,101.4386,96.8723
755542,rev,BIN,31.67,78.95,False,7,sub_coin_noise_blob,cheap,0.0,0.0,0,0.0004,0.368,0.399,0.3588,0.0,26.3,3100,False,50.0,32.0,6,0.3612,0.6859,3100,0.0,0.0,65.9458,62.8942
755542,rev,BIN,31.67,78.95,False,22,sub_coin_noise_blob,cheap,0.0,0.0,0,0.00054,0.101,0.1043,0.2893,0.0,59.7,10710,False,91.0,82.0,2,2.5987,0.3613,10710,0.1408,0.0145,78.2248,65.4174
755542,rev,BIN,31.67,78.95,False,80,relief_self_segmentation,cheap,0.0,0.0,0,0.00093,0.1558,0.3476,0.3527,0.0,42.8,7084,False,30.0,25.0,3,0.2138,0.5063,7084,0.0,0.0,94.3471,90.8632
755542,rev,BIN,31.67,78.95,False,90,relief_self_segmentation,cheap,0.0,0.0,0,0.00016,0.1735,0.1338,0.2615,0.0,28.9,2244,False,109.0,88.0,2,1.5114,0.4581,2244,0.0,0.0,98.3795,93.3052
755542,rev,BIN,31.67,78.95,False,117,relief_self_segmentation,cheap,0.0,0.0,0,0.00135,0.1887,0.2395,0.5228,1.0,62.3,16632,False,56.0,80.0,3,0.7156,0.5392,16632,0.1847,0.0103,98.3885,63.1166
755542,rev,BIN,31.67,78.95,False,120,sub_coin_noise_blob,cheap,0.0,0.0,0,0.00018,0.2974,0.3002,0.516,1.0,20.4,1776,False,103.0,70.0,2,0.5414,0.6031,1776,0.0616,0.0,85.904,72.8682
755542,rev,BIN,31.67,78.95,False,224,relief_self_segmentation,cheap,0.0,0.0,0,0.00017,0.1172,0.2369,0.3509,0.0,21.9,2304,False,49.0,24.0,8,0.3247,0.3727,2304,0.0,0.0,101.4615,97.5234
755542,rev,BIN,31.67,78.95,False,240,non_circular_flan,expensive,0.1542,0.0177,37,0.33749,0.0617,0.7268,0.5757,0.708,565.0,1605744,False,2.0,26.0,6,0.0807,0.8266,1605744,0.1095,0.0324,100.395,74.6135
755543,obv,BIN,29.87,78.94,False,5,sub_coin_noise_blob,cheap,0.0,0.0,0,0.00014,0.5594,0.4212,0.3717,0.0,15.2,1036,False,33.0,71.0,3,0.265,0.8281,1036,0.0,0.0,65.2815,62.2252
755543,obv,BIN,29.87,78.94,False,15,sub_coin_noise_blob,cheap,0.0,0.0,0,0.00224,0.14,0.1151,0.3147,0.0,115.7,33152,False,105.0,59.0,4,0.807,0.6202,33152,0.2159,0.092,64.2988,49.2663
755543,obv,BIN,29.87,78.94,False,20,sub_coin_noise_blob,cheap,0.0,0.0,0,0.00072,0.4768,0.4206,0.4886,1.0,34.3,4617,False,74.0,84.0,2,0.4502,0.8311,4617,0.406,0.3116,83.1098,30.3563
755543,obv,BIN,29.87,78.94,False,34,sub_coin_noise_blob,cheap,0.0,0.0,0,0.00352,0.0767,0.0617,0.4026,1.0,198.1,94710,False,142.0,56.0,2,0.9748,0.3923,94710,0.171,0.0928,79.3829,78.505
755543,obv,BIN,29.87,78.94,False,40,sub_coin_noise_blob,cheap,0.0887,0.0,0,0.00152,0.114,0.213,0.466,1.0,70.1,17250,False,66.0,68.0,3,0.409,0.508,17250,0.4656,0.1675,67.6276,36.8844
755543,obv,BIN,29.87,78.94,False,45,sub_coin_noise_blob,cheap,0.0,0.0,0,0.00041,0.1795,0.1856,0.4823,1.0,39.1,5040,False,55.0,40.0,4,0.5732,0.4564,5040,0.2764,0.2306,80.5622,41.1731
755543,obv,BIN,29.87,78.94,False,55,sub_coin_noise_blob,cheap,0.0,0.0,0,0.00052,0.221,0.2026,0.3966,1.0,42.1,6480,False,115.0,92.0,3,1.1271,0.5402,6480,0.5156,0.0906,81.5097,38.997
755543,obv,BIN,29.87,78.94,False,64,relief_self_segmentation,cheap,0.0,0.0,0,0.00459,0.3544,0.4635,0.5446,1.0,82.5,23998,False,28.0,49.0,4,0.2093,0.8065,23998,0.466,0.0798,92.0827,41.8021
755543,obv,BIN,29.87,78.94,False,70,sub_coin_noise_blob,cheap,0.0,0.0,0,0.00331,0.1913,0.2382,0.3749,0.0,97.7,33072,False,93.0,67.0,4,0.5668,0.6878,33072,0.2184,0.0101,74.9106,59.1377
755543,obv,BIN,29.87,78.94,False,73,sub_coin_noise_blob,cheap,0.0,0.0,0,0.00015,0.3322,0.414,0.3517,0.0,16.0,1188,False,64.0,45.0,7,0.3796,0.6044,1188,0.0,0.0,84.5579,78.5318
755543,obv,BIN,29.87,78.94,False,76,relief_self_segmentation,cheap,0.0,0.0,0,0.00056,0.4558,0.2543,0.4218,1.0,39.1,4004,False,66.0,82.0,2,0.6958,0.8996,4004,0.276,0.0943,99.3613,49.0656
755543,obv,BIN,29.87,78.94,False,119,relief_self_segmentation,cheap,0.0,0.0,0,0.00027,0.3387,0.1989,0.4155,1.0,30.7,2880,False,62.0,79.0,2,0.4947,0.7927,2880,0.0078,0.0,114.3975,80.8284
755543,obv,BIN,29.87,78.94,False,159,non_circular_flan,expensive,0.206,0.0444,27,0.27598,0.1209,0.5995,0.5866,0.8437,562.6,1437248,False,1.0,39.0,4,0.1181,0.8344,1437248,0.1756,0.0688,124.1146,68.2806
755543,obv,BIN,29.87,78.94,False,164,relief_self_segmentation,cheap,0.0498,0.0,0,0.00422,0.0361,0.023,0.287,0.9993,355.0,268816,False,149.0,48.0,2,1.3351,0.1299,268816,0.017,0.0036,127.0707,109.582
755543,rev,BIN,28.8,78.95,False,55,low_contrast_coastline,expensive,0.2602,0.03,60,0.31741,0.1602,0.8471,0.6288,0.9974,507.6,1402440,False,0.0,0.0,0,0.049,0.9052,1402440,0.1019,0.0583,133.7389,81.3321
755543,rev,BIN,28.8,78.95,False,56,sub_coin_noise_blob,cheap,0.0,0.0,0,0.00031,0.142,0.0898,0.3977,1.0,48.5,4140,False,87.0,94.0,2,4.6045,0.4879,4140,0.0,0.0,124.0653,97.2519
755543,rev,BIN,28.8,78.95,False,57,sub_coin_noise_blob,cheap,0.0,0.0,0,0.00025,0.2185,0.2934,0.4906,1.0,24.4,2438,False,67.0,50.0,3,0.3174,0.5053,2438,0.0223,0.0,129.6108,84.8545
755544,obv,BIN,29.02,78.94,False,24,attached_artifact,cheap,0.0,0.0,0,0.0067,0.1743,0.1584,0.3239,0.0,170.5,84315,False,108.0,56.0,5,0.6755,0.6833,84315,0.2072,0.0734,63.5589,55.7122
755544,obv,BIN,29.02,78.94,False,42,sub_coin_noise_blob,cheap,0.0,0.0,0,0.00419,0.0263,0.0161,0.2969,0.9994,422.7,471276,False,142.0,50.0,2,1.1685,0.0732,471276,0.0862,0.0414,75.7443,89.362
755544,obv,BIN,29.02,78.94,False,53,attached_artifact,cheap,0.0084,0.0,0,0.00713,0.1382,0.18,0.3253,0.0,165.1,84500,False,98.0,58.0,5,0.5897,0.6276,84500,0.1337,0.0098,74.7204,66.8579
755544,obv,BIN,29.02,78.94,False,77,sub_coin_noise_blob,cheap,0.0,0.0,0,0.0002,0.4584,0.4123,0.3718,0.0,18.4,1360,False,67.0,64.0,5,0.2848,0.7432,1360,0.0,0.0,86.7464,84.2226
755544,obv,BIN,29.02,78.94,False,105,relief_self_segmentation,cheap,0.0627,0.0,0,0.00109,0.1622,0.3503,0.3691,0.0,46.3,9588,False,60.0,52.0,4,0.3528,0.5232,9588,0.0,0.0,89.1992,86.1762
755544,obv,BIN,29.02,78.94,False,159,relief_self_segmentation,cheap,0.0,0.0,0,0.00015,0.2223,0.138,0.2998,0.0,27.6,1782,False,96.0,49.0,2,0.7845,0.5953,1782,0.0,0.0,97.7789,92.2232
755544,obv,BIN,29.02,78.94,False,218,relief_self_segmentation,cheap,0.0,0.0,0,0.00027,0.0736,0.0922,0.3036,0.187,44.8,6600,False,78.0,60.0,4,0.7575,0.2818,6600,0.0,0.0,100.3654,94.544
755544,obv,BIN,29.02,78.94,False,237,relief_self_segmentation,cheap,0.0,0.0,0,0.00021,0.1279,0.1462,0.3297,0.0,31.3,3015,False,60.0,63.0,3,0.8594,0.4089,3015,0.0,0.0,99.4037,94.5388
755544,obv,BIN,29.02,78.94,False,263,relief_self_segmentation,cheap,0.0,0.0,0,0.00016,0.2622,0.3028,0.3587,0.0,19.2,1596,False,73.0,57.0,5,0.3654,0.553,1596,0.0,0.0,99.2304,95.5048
755544,obv,BIN,29.02,78.94,False,269,relief_self_segmentation,cheap,0.0,0.0,0,0.00022,0.3179,0.34,0.3702,0.0,20.9,1872,False,63.0,78.0,3,0.3522,0.6069,1872,0.0,0.0,99.1943,95.8901
755544,obv,BIN,29.02,78.94,False,273,relief_self_segmentation,cheap,0.0,0.0,0,0.00034,0.2644,0.2083,0.2793,0.3455,33.5,3200,False,87.0,61.0,4,0.5494,0.6199,3200,0.0,0.0,99.6105,96.0342
755544,obv,BIN,29.02,78.94,False,313,relief_self_segmentation,cheap,0.0,0.0,0,0.00025,0.4161,0.3429,0.3492,0.0734,22.5,1620,False,85.0,62.0,4,0.3261,0.7703,1620,0.0,0.0,100.7857,96.5359
755544,obv,BIN,29.02,78.94,False,329,relief_self_segmentation,cheap,0.0,0.0,0,0.00046,0.1252,0.121,0.2656,0.1762,50.9,7015,False,102.0,58.0,6,0.7268,0.4352,7015,0.0,0.0,100.4269,96.6031
755544,obv,BIN,29.02,78.94,False,334,relief_self_segmentation,cheap,0.0,0.0,0,0.00021,0.2048,0.2943,0.3343,0.0,21.9,1976,False,49.0,72.0,3,0.421,0.5121,1976,0.0,0.0,101.0795,95.6763
755544,obv,BIN,29.02,78.94,False,335,relief_self_segmentation,cheap,0.0,0.0,0,0.0002,0.1735,0.2675,0.3477,0.2053,22.9,2214,False,42.0,88.0,3,0.4456,0.4656,2214,0.0,0.0,100.7215,95.8226
755544,obv,BIN,29.02,78.94,False,363,relief_self_segmentation,cheap,0.0,0.0,0,0.00021,0.2458,0.2015,0.3327,0.0,26.9,2440,False,100.0,58.0,3,0.4696,0.535,2440,0.0,0.0,101.3752,97.4488
755544,obv,BIN,29.02,78.94,False,364,relief_self_segmentation,cheap,0.0,0.0,0,0.00016,0.1825,0.1496,0.2625,0.0,27.4,2480,False,82.0,64.0,2,0.7437,0.4819,2480,0.0,0.0,102.0619,97.717
755544,obv,BIN,29.02,78.94,False,367,relief_self_segmentation,cheap,0.0,0.0,0,0.00029,0.0731,0.0464,0.2296,0.0,66.0,7800,False,155.0,57.0,2,1.5665,0.3577,7800,0.0,0.0,102.4356,97.7038
755544,obv,BIN,29.02,78.94,False,373,relief_self_segmentation,cheap,0.0,0.0,0,0.00053,0.0514,0.0544,0.3042,0.0513,82.2,13350,True,135.0,107.0,2,6.4359,0.2643,13350,0.0,0.0,102.3848,97.5481
755544,obv,BIN,29.02,78.94,False,389,relief_self_segmentation,cheap,0.0,0.0,0,0.00019,0.1478,0.1132,0.2516,0.0,33.6,2480,False,120.0,68.0,2,0.6299,0.4663,2480,0.0,0.0,102.3742,97.7098
755544,obv,BIN,29.02,78.94,False,438,relief_self_segmentation,cheap,0.0,0.0,0,0.00018,0.3167,0.3015,0.3614,0.0,20.3,1404,False,98.0,66.0,3,0.4332,0.5912,1404,0.0,0.0,100.5405,97.2123
755544,obv,BIN,29.02,78.94,False,443,relief_self_segmentation,cheap,0.0,0.0,0,0.00037,0.1238,0.1144,0.2619,0.1405,47.1,6328,False,119.0,73.0,3,1.0436,0.3984,6328,0.0,0.0,101.9729,97.387
755544,obv,BIN,29.02,78.94,False,471,relief_self_segmentation,cheap,0.0,0.0,0,0.0009,0.0604,0.099,0.2926,0.3158,79.0,16854,True,98.0,88.0,4,1.0513,0.3108,16854,0.0,0.0,101.7374,98.0414
755544,obv,BIN,29.02,78.94,False,482,relief_self_segmentation,cheap,0.0,0.0,0,0.00021,0.1686,0.2425,0.3337,0.2614,24.2,2538,False,82.0,78.0,3,0.8576,0.3786,2538,0.0,0.0,102.645,97.1674
755544,obv,BIN,29.02,78.94,False,483,relief_self_segmentation,cheap,0.2417,0.0,0,0.00034,0.2938,0.2843,0.3707,0.0,28.7,3100,False,60.0,41.0,4,0.3777,0.585,3100,0.0,0.0,100.4209,98.4293
755544,obv,BIN,29.02,78.94,False,485,relief_self_segmentation,cheap,0.0,0.0,0,0.00057,0.0586,0.0918,0.2587,0.1078,65.5,13857,False,66.0,62.0,3,0.6175,0.2975,13857,0.0,0.0,101.57,98.2038
755544,obv,BIN,29.02,78.94,False,495,relief_self_segmentation,cheap,0.0,0.0,0,0.00017,0.1349,0.0858,0.2574,0.0,36.5,4042,False,127.0,46.0,3,0.7889,0.3558,4042,0.0,0.0,103.1162,98.2087
755544,obv,BIN,29.02,78.94,False,503,relief_self_segmentation,cheap,0.0,0.0,0,0.00019,0.2764,0.2612,0.3185,0.0,22.2,1924,False,63.0,118.0,2,0.7645,0.5818,1924,0.0,0.0,101.0043,98.8571
755544,obv,BIN,29.02,78.94,False,508,relief_self_segmentation,cheap,0.0,0.0,0,0.00095,0.0852,0.1463,0.2991,0.2473,66.9,15147,False,89.0,47.0,3,0.6312,0.3436,15147,0.0,0.0,101.8726,97.5959
755544,obv,BIN,29.02,78.94,False,510,relief_self_segmentation,expensive,0.095,0.0109,34,0.41807,0.0342,0.5722,0.4519,0.3925,708.8,2127000,False,1.0,14.0,10,0.0898,0.7403,2127000,0.1117,0.0488,106.4655,71.5718
755544,obv,BIN,29.02,78.94,False,514,relief_self_segmentation,cheap,0.0,0.0,0,0.00019,0.2023,0.3194,0.3573,0.3043,20.2,1320,True,105.0,91.0,3,0.4223,0.5654,1320,0.0,0.0,102.8831,97.5638
755544,obv,BIN,29.02,78.94,False,518,relief_self_segmentation,cheap,0.0,0.0,0,0.00037,0.0679,0.0982,0.3324,0.1139,50.7,8249,False,80.0,83.0,4,0.8539,0.292,8249,0.0,0.0,102.5173,98.0364
755544,obv,BIN,29.02,78.94,False,519,relief_self_segmentation,cheap,0.0,0.0,0,0.00051,0.0835,0.1279,0.3169,0.0767,52.1,7320,False,72.0,62.0,3,0.6648,0.3967,7320,0.0,0.0,101.8648,98.2423
755544,obv,BIN,29.02,78.94,False,523,relief_self_segmentation,cheap,0.0,0.0,0,0.00029,0.1411,0.1996,0.2974,0.1036,31.6,4588,False,106.0,32.0,3,0.482,0.3524,4588,0.0,0.0,101.6524,97.922
755544,obv,BIN,29.02,78.94,False,524,relief_self_segmentation,cheap,0.0919,0.0,0,0.00094,0.0727,0.0949,0.2521,0.1888,82.6,16830,False,105.0,86.0,3,0.8373,0.3558,16830,0.0,0.0,102.0114,98.2462
755544,obv,BIN,29.02,78.94,False,525,relief_self_segmentation,cheap,0.0,0.0,0,0.00015,0.1601,0.108,0.2544,0.0,31.1,2100,False,101.0,105.0,2,1.1459,0.4782,2100,0.0,0.0,103.185,98.1717
755544,obv,BIN,29.02,78.94,False,530,relief_self_segmentation,cheap,0.0,0.0,0,0.00038,0.0823,0.1091,0.2936,0.0569,48.9,6670,False,75.0,33.0,4,0.5349,0.3556,6670,0.0,0.0,101.4629,97.8216
755544,obv,BIN,29.02,78.94,False,540,relief_self_segmentation,cheap,0.0,0.0,0,0.00016,0.1514,0.0852,0.2371,0.0,35.9,2511,True,66.0,106.0,3,2.2943,0.4943,2511,0.0,0.0,103.685,98.0795
755544,obv,BIN,29.02,78.94,False,544,relief_self_segmentation,cheap,0.0,0.0,0,0.00017,0.411,0.3272,0.3202,0.0,19.1,855,True,107.0,121.0,3,0.5015,0.7612,855,0.0,0.0,101.2506,97.7284
755544,obv,BIN,29.02,78.94,False,545,relief_self_segmentation,cheap,0.0,0.0,0,0.00028,0.1542,0.2161,0.3067,0.1551,29.7,2961,True,59.0,92.0,3,1.0463,0.378,2961,0.0,0.0,101.7367,98.083
755544,obv,BIN,29.02,78.94,False,546,relief_self_segmentation,cheap,0.0,0.0,0,0.00035,0.1099,0.0944,0.3031,0.25,50.5,4026,True,144.0,86.0,3,1.0077,0.441,4026,0.0,0.0,101.5238,98.0143
755544,obv,BIN,29.02,78.94,False,548,relief_self_segmentation,cheap,0.0,0.0,0,0.00118,0.0526,0.0979,0.3259,0.0915,91.1,17958,True,67.0,65.0,3,1.3395,0.3502,17958,0.0,0.0,101.0572,97.6413
755544,obv,BIN,29.02,78.94,False,553,relief_self_segmentation,cheap,0.0,0.0,0,0.00015,0.2505,0.1305,0.0,0.0,28.5,1156,True,167.0,150.0,1,0.6369,0.7562,1156,0.0,0.0,102.5685,97.5443
755544,obv,BIN,29.02,78.94,False,556,relief_self_segmentation,cheap,0.0,0.0,0,0.00038,0.1639,0.1864,0.3076,0.0556,37.3,3827,True,49.0,77.0,3,0.6649,0.4504,3827,0.0,0.0,101.8472,98.0251
755544,obv,BIN,29.02,78.94,False,557,relief_self_segmentation,cheap,0.0,0.0,0,0.00018,0.1418,0.1694,0.3092,0.0,27.2,2666,True,81.0,60.0,4,0.8435,0.3491,2666,0.0,0.0,100.9832,97.6218
755544,rev,BIN,30.26,78.95,False,3,sub_coin_noise_blob,cheap,0.0,0.0,0,0.00017,0.5318,0.4468,0.3754,0.0,16.4,1131,False,48.0,61.0,3,0.2784,0.7668,1131,0.0,0.0,65.259,61.5907
755544,rev,BIN,30.26,78.95,False,9,sub_coin_noise_blob,cheap,0.0,0.0,0,0.00051,0.1607,0.184,0.2981,0.0,43.5,7176,False,98.0,111.0,2,0.9883,0.4451,7176,0.1297,0.0024,67.3086,57.4401
755544,rev,BIN,30.26,78.95,False,20,sub_coin_noise_blob,cheap,0.0,0.0,0,0.00017,0.1855,0.2351,0.3089,0.0,22.3,1938,False,67.0,44.0,4,0.547,0.4611,1938,0.0,0.0,75.6284,73.643
755544,rev,BIN,30.26,78.95,False,26,sub_coin_noise_blob,cheap,0.0,0.0,0,0.00077,0.1978,0.187,0.2778,0.0,53.2,9800,False,64.0,105.0,2,0.9064,0.5418,9800,0.094,0.0101,76.7283,66.9636
755544,rev,BIN,30.26,78.95,False,90,relief_self_segmentation,cheap,0.0,0.0,0,0.00021,0.16,0.1684,0.2828,0.0,29.3,2760,False,94.0,114.0,2,1.1854,0.4067,2760,0.0,0.0,97.9776,93.166
755544,rev,BIN,30.26,78.95,False,93,relief_self_segmentation,cheap,0.0,0.0,0,0.00034,0.3108,0.2221,0.3291,0.0,32.4,3080,False,82.0,66.0,3,0.5718,0.6716,3080,0.0,0.0,96.4746,90.9859
755544,rev,BIN,30.26,78.95,False,158,relief_self_segmentation,cheap,0.0,0.0,0,0.00037,0.1033,0.1845,0.3493,0.0,37.1,5073,False,95.0,48.0,6,0.4609,0.3844,5073,0.0,0.0,98.4467,94.9166
755544,rev,BIN,30.26,78.95,False,223,relief_self_segmentation,cheap,0.0,0.0,0,0.00023,0.1093,0.0844,0.2546,0.0,43.1,4242,False,122.0,87.0,3,2.3903,0.4125,4242,0.0,0.0,102.6134,96.3865
755544,rev,BIN,30.26,78.95,False,255,low_contrast_coastline,expensive,0.2078,0.0448,29,0.36326,0.166,0.7826,0.5387,0.5731,564.9,1600890,False,0.0,3.0,1,0.0466,0.9063,1600890,0.0646,0.0414,98.0438,80.7996
755545,obv,BIN,29.45,78.94,False,1,sub_coin_noise_blob,cheap,0.0,0.0,0,0.0002,0.186,0.1114,0.249,0.0,35.1,2550,False,125.0,64.0,2,0.9717,0.5711,2550,0.0546,0.0,65.2292,57.8543
755545,obv,BIN,29.45,78.94,False,4,sub_coin_noise_blob,cheap,0.0,0.0,0,0.00015,0.5599,0.4285,0.3725,0.0,15.3,1073,False,45.0,59.0,4,0.3113,0.8098,1073,0.0,0.0,65.604,63.1129
755545,obv,BIN,29.45,78.94,False,8,sub_coin_noise_blob,cheap,0.0,0.0,0,0.00145,0.219,0.1874,0.3478,0.0,72.9,17289,False,111.0,83.0,3,0.6835,0.6442,17289,0.1447,0.0567,65.2776,54.2877
755545,obv,BIN,29.45,78.94,False,10,sub_coin_noise_blob,cheap,0.0,0.0,0,0.00102,0.184,0.0916,0.3177,0.9909,87.5,20458,False,117.0,88.0,2,1.6042,0.7848,20458,0.3028,0.288,76.9679,41.099
755545,obv,BIN,29.45,78.94,False,21,sub_coin_noise_blob,cheap,0.0,0.0,0,0.00168,0.1565,0.1964,0.341,0.0,76.6,19888,False,73.0,63.0,4,0.6969,0.5714,19888,0.1634,0.0007,75.2273,62.9793
755545,obv,BIN,29.45,78.94,False,22,sub_coin_noise_blob,cheap,0.0,0.0,0,0.00262,0.1822,0.23,0.3651,0.0,88.5,27742,False,83.0,70.0,3,0.6193,0.6462,27742,0.3431,0.0561,75.782,52.087
755545,obv,BIN,29.45,78.94,False,66,relief_self_segmentation,cheap,0.0,0.0,0,0.00067,0.1083,0.2915,0.3561,0.0236,39.6,6364,False,33.0,29.0,4,0.2571,0.4262,6364,0.0,0.0,95.7308,91.7288
755545,obv,BIN,29.45,78.94,False,87,backdrop_vignette_blob,expensive,0.2178,0.1895,9,0.27078,0.4313,0.7925,0.5975,0.9905,484.7,1188510,False,4.0,3.0,1,0.0515,0.9463,1188510,0.1298,0.0741,134.3469,72.2668
755545,obv,BIN,29.45,78.94,False,88,relief_self_segmentation,cheap,0.0,0.0,0,0.00045,0.095,0.0437,0.3243,1.0,83.8,10200,False,115.0,87.0,2,3.1348,0.6005,10200,0.0,0.0,158.9947,117.3314
755545,rev,BIN,28.89,78.95,False,32,relief_self_segmentation,cheap,0.0,0.0,0,0.0002,0.1967,0.2653,0.527,1.0,22.8,2208,False,35.0,50.0,5,0.3959,0.4879,2208,0.0,0.0,125.3723,113.3824
755545,rev,BIN,28.89,78.95,False,34,multi_object_weld,expensive,0.147,0.1027,10,0.15759,0.0985,0.4892,0.5136,0.9996,470.6,1004976,False,69.0,55.0,4,0.3436,0.6655,1004976,0.1102,0.0498,139.8444,102.2766
755545,rev,BIN,28.89,78.95,False,35,multi_object_weld,expensive,0.0703,0.0115,13,0.12111,0.0412,0.3173,0.4948,0.9997,512.3,1187760,False,55.0,65.0,3,0.3989,0.4918,1187760,0.0605,0.0347,147.6636,116.5613
755546,obv,BIN,30.84,78.94,False,9,sub_coin_noise_blob,cheap,0.0,0.0,0,0.00055,0.2547,0.1437,0.3165,1.0,51.4,6360,False,99.0,83.0,2,0.9916,0.7909,6360,0.3796,0.478,79.4838,22.3332
755546,obv,BIN,30.84,78.94,False,11,sub_coin_noise_blob,cheap,0.0,0.0,0,0.00101,0.2035,0.1972,0.3457,0.0,59.2,11875,False,84.0,74.0,3,0.6728,0.6504,11875,0.1955,0.1216,64.7349,48.4178
755546,obv,BIN,30.84,78.94,False,13,sub_coin_noise_blob,cheap,0.0,0.0,0,0.00137,0.1277,0.1449,0.3333,0.0,80.6,21177,False,90.0,62.0,4,0.6848,0.5263,21177,0.1512,0.0807,65.9234,52.7412
755546,obv,BIN,30.84,78.94,False,17,sub_coin_noise_blob,cheap,0.0,0.0,0,0.00118,0.1006,0.0688,0.3427,1.0,108.9,30734,False,115.0,83.0,2,1.022,0.4087,30734,0.3169,0.2257,75.1546,41.7578
755546,obv,BIN,30.84,78.94,False,35,sub_coin_noise_blob,cheap,0.0,0.0,0,0.00039,0.1622,0.1904,0.4403,1.0,37.7,5016,False,76.0,41.0,4,0.5084,0.4185,5016,0.5392,0.109,82.0146,39.6314
755546,obv,BIN,30.84,78.94,False,46,sub_coin_noise_blob,cheap,0.0,0.0,0,0.00144,0.1234,0.1484,0.3052,0.0,81.8,21648,False,88.0,62.0,3,1.0115,0.4442,21648,0.1914,0.0289,75.6665,61.3782
755546,obv,BIN,30.84,78.94,False,49,sub_coin_noise_blob,cheap,0.0,0.0,0,0.00227,0.1767,0.2195,0.3401,0.0,84.4,23100,False,98.0,69.0,3,0.594,0.5994,23100,0.2164,0.0196,76.5314,60.4324
755546,obv,BIN,30.84,78.94,False,57,sub_coin_noise_blob,cheap,0.0,0.0,0,0.00023,0.4232,0.2708,0.3484,0.0,24.1,1792,False,20.0,67.0,4,0.4624,0.7928,1792,0.0,0.0,83.4753,79.4808
755546,obv,BIN,30.84,78.94,False,67,relief_self_segmentation,cheap,0.0,0.0,0,0.00138,0.1906,0.1139,0.348,1.0,91.3,19872,False,67.0,85.0,2,1.6802,0.6971,19872,0.1965,0.0001,110.71,65.9136
755546,obv,BIN,30.84,78.94,False,69,relief_self_segmentation,cheap,0.0,0.0,0,0.0006,0.2243,0.1468,0.3888,1.0,53.0,6552,False,93.0,98.0,2,3.205,0.6527,6552,0.2666,0.0013,90.4578,58.454
755546,obv,BIN,30.84,78.94,False,76,relief_self_segmentation,cheap,0.0,0.0,0,0.00018,0.283,0.2312,0.4137,1.0,22.8,2050,False,116.0,46.0,3,0.3898,0.5616,2050,0.4249,0.0018,102.777,51.6255
755546,obv,BIN,30.84,78.94,False,78,relief_self_segmentation,cheap,0.0,0.0,0,0.00019,0.2147,0.1526,0.3804,1.0,28.9,2750,False,80.0,100.0,2,1.6703,0.5442,2750,0.3357,0.0095,114.5183,58.5797
755546,obv,BIN,30.84,78.94,False,79,relief_self_segmentation,cheap,0.0,0.0,0,0.00129,0.2096,0.355,0.4931,1.0,50.0,10527,False,92.0,28.0,6,0.2554,0.6379,10527,0.0448,0.0,105.6639,68.373
755546,obv,BIN,30.84,78.94,False,95,relief_self_segmentation,cheap,0.0,0.0,0,0.00067,0.4098,0.2453,0.4162,1.0,43.4,5824,False,88.0,80.0,2,0.6132,0.8504,5824,0.0249,0.0,124.3238,74.9428
755546,obv,BIN,30.84,78.94,False,109,relief_self_segmentation,cheap,0.0,0.0,0,0.00017,0.1651,0.2201,0.3498,0.0,23.2,1908,False,57.0,29.0,6,0.3256,0.4283,1908,0.0,0.0,95.3512,90.8048
755546,obv,BIN,30.84,78.94,False,123,relief_self_segmentation,cheap,0.0,0.0,0,0.00107,0.4191,0.2716,0.4495,1.0,51.9,8600,False,85.0,64.0,4,0.5034,0.8621,8600,0.0009,0.0,121.511,85.5277
755546,obv,BIN,30.84,78.94,False,137,relief_self_segmentation,cheap,0.0,0.0,0,0.0006,0.3061,0.1502,0.3516,1.0,52.4,7998,False,95.0,82.0,2,1.1281,0.8747,7998,0.0048,0.0,139.786,78.426
755546,obv,BIN,30.84,78.94,False,153,relief_self_segmentation,cheap,0.0,0.0,0,0.00016,0.1763,0.0882,0.3333,1.0,35.2,3198,False,95.0,85.0,3,2.0738,0.7699,3198,0.0,0.0,111.292,87.9564
755546,obv,BIN,30.84,78.94,False,158,low_contrast_coastline,expensive,0.2473,0.0483,43,0.27322,0.1767,0.7681,0.6164,1.0,494.5,1288104,False,2.0,2.0,3,0.0447,0.8901,1288104,0.2713,0.1422,118.3827,52.6988
755546,obv,BIN,30.84,78.94,False,163,relief_self_segmentation,cheap,0.0,0.0,0,0.00029,0.0738,0.0355,0.2354,1.0,74.7,14973,False,123.0,92.0,2,2.6734,0.6046,14973,0.0,0.0,119.3404,93.5366
755546,obv,BIN,30.84,78.94,False,172,relief_self_segmentation,cheap,0.0,0.0,0,0.00065,0.046,0.0222,0.2433,1.0,141.4,34711,False,167.0,46.0,2,3.5138,0.3611,34711,0.004,0.0003,121.6958,106.2756
755546,rev,BIN,28.9,78.95,False,12,relief_self_segmentation,cheap,0.0,0.0,0,0.00023,0.2253,0.2263,0.4508,1.0,26.2,2356,False,114.0,60.0,2,0.7678,0.4729,2356,0.0108,0.0006,108.7828,77.9721
755546,rev,BIN,28.9,78.95,False,44,relief_self_segmentation,cheap,0.0,0.0,0,0.00039,0.0645,0.1784,0.3526,0.076,38.7,6424,False,57.0,42.0,5,0.3185,0.2957,6424,0.0,0.0,96.6736,91.6598
755546,rev,BIN,28.9,78.95,False,74,relief_self_segmentation,cheap,0.0,0.0,0,0.00023,0.1182,0.1477,0.4575,1.0,33.0,3960,False,110.0,48.0,5,0.5365,0.3491,3960,0.0135,0.0,101.6899,76.9565
755546,rev,BIN,28.9,78.95,False,103,relief_self_segmentation,cheap,0.0,0.0,0,0.00132,0.0857,0.0636,0.4186,1.0,119.6,27360,False,114.0,98.0,2,2.3217,0.4084,27360,0.002,0.0,116.8287,101.4999
755546,rev,BIN,28.9,78.95,False,126,relief_self_segmentation,cheap,0.0,0.0,0,0.00099,0.06,0.1457,0.3462,0.0617,68.5,21352,False,84.0,68.0,5,0.6878,0.3075,21352,0.0036,0.0,98.3801,91.3593
755547,obv,BIN,31.24,78.94,False,8,sub_coin_noise_blob,cheap,0.0,0.0,0,0.00041,0.366,0.4351,0.3575,0.0,25.5,3000,False,54.0,46.0,3,0.3954,0.6961,3000,0.0,0.0,65.7681,61.8855
755547,obv,BIN,31.24,78.94,False,13,sub_coin_noise_blob,cheap,0.0,0.0,0,0.00177,0.1849,0.1475,0.306,0.0,90.8,23246,False,79.0,92.0,2,0.7965,0.6176,23246,0.189,0.097,64.4335,51.0307
755547,obv,BIN,31.24,78.94,False,19,sub_coin_noise_blob,cheap,0.0,0.0,0,0.00063,0.0764,0.0453,0.3854,1.0,97.7,26586,False,161.0,49.0,2,2.1803,0.3949,26586,0.2639,0.1524,72.6677,55.1256
755547,obv,BIN,31.24,78.94,False,20,relief_self_segmentation,cheap,0.0,0.0,0,0.00022,0.2292,0.146,0.4318,0.8421,31.9,3472,False,59.0,87.0,2,1.3554,0.615,3472,0.2343,0.1535,90.5187,53.1212
755547,obv,BIN,31.24,78.94,False,27,sub_coin_noise_blob,cheap,0.0286,0.0,0,0.0018,0.1989,0.2823,0.3616,0.0,66.2,17250,False,64.0,75.0,4,0.4522,0.5854,17250,0.1083,0.0096,75.1884,66.2905
755547,rev,BIN,30.58,78.95,False,2,sub_coin_noise_blob,cheap,0.0,0.0,0,0.00034,0.2459,0.234,0.362,0.0,31.8,2970,False,40.0,44.0,5,0.3999,0.6278,2970,0.0,0.0,65.1908,61.3844
755547,rev,BIN,30.58,78.95,False,19,sub_coin_noise_blob,cheap,0.0,0.0,0,0.00067,0.1581,0.1328,0.2556,0.0,59.0,11439,False,111.0,65.0,3,0.9172,0.5032,11439,0.1232,0.0021,76.9699,65.9968
755547,rev,BIN,30.58,78.95,False,129,relief_self_segmentation,cheap,0.0,0.0,0,0.00025,0.1943,0.1324,0.2648,0.3924,35.9,3564,False,113.0,86.0,2,1.5535,0.5534,3564,0.0,0.0,102.8571,95.3515
755548,obv,BIN,31.44,78.94,False,5,sub_coin_noise_blob,cheap,0.0,0.0,0,0.00018,0.1351,0.1703,0.3131,0.0,26.7,2684,False,86.0,28.0,7,0.4724,0.3826,2684,0.0,0.0,66.4199,62.2373
755548,obv,BIN,31.44,78.94,False,21,sub_coin_noise_blob,cheap,0.0,0.0,0,0.00127,0.1013,0.1543,0.3191,0.0,75.2,20125,False,103.0,59.0,4,0.8098,0.4209,20125,0.1496,0.0142,76.581,66.3735
755548,obv,BIN,31.44,78.94,False,39,relief_self_segmentation,cheap,0.0,0.0,0,0.00028,0.5563,0.5082,0.5804,1.0,19.4,1480,False,44.0,52.0,5,0.2207,0.8248,1480,0.0122,0.002,105.7654,81.5653
755548,rev,BIN,30.02,78.95,False,8,sub_coin_noise_blob,cheap,0.0,0.0,0,0.00018,0.1636,0.1925,0.3099,0.0,25.0,2538,False,112.0,40.0,4,0.4689,0.42,2538,0.0,0.0,77.9314,74.5728
755548,rev,BIN,30.02,78.95,False,122,low_contrast_coastline,expensive,0.2405,0.0378,46,0.34203,0.1971,0.838,0.6287,0.7987,529.8,1492960,False,8.0,0.0,0,0.0508,0.9204,1492960,0.0838,0.0038,102.2632,78.612
755548,rev,BIN,30.02,78.95,False,135,sub_coin_noise_blob,cheap,0.0,0.0,0,0.00017,0.1079,0.0839,0.2557,0.0,37.7,3432,False,132.0,65.0,2,1.6005,0.3786,3432,0.0,0.0,102.9163,96.4122
755549,obv,BIN,30.87,78.94,False,11,sub_coin_noise_blob,cheap,0.0,0.0,0,0.00015,0.4354,0.4,0.3588,0.0,16.0,1258,False,48.0,49.0,4,0.4292,0.7176,1258,0.0,0.0,66.0799,63.4639
755549,obv,BIN,30.87,78.94,False,14,sub_coin_noise_blob,cheap,0.0,0.0,0,0.00044,0.1178,0.146,0.2899,0.0,45.3,8300,False,103.0,72.0,2,0.6295,0.375,8300,0.1053,0.0011,66.5935,58.1766
755549,obv,BIN,30.87,78.94,False,19,sub_coin_noise_blob,cheap,0.0,0.0,0,0.00019,0.1557,0.225,0.3332,0.0,24.0,2226,False,53.0,84.0,3,0.4128,0.4229,2226,0.0,0.0,76.1159,73.373
755549,obv,BIN,30.87,78.94,False,29,sub_coin_noise_blob,cheap,0.0,0.0,0,0.00103,0.0841,0.1305,0.3199,0.0,73.8,18375,False,68.0,105.0,2,1.5274,0.4215,18375,0.1226,0.0053,77.5241,66.6523
755549,rev,BIN,29.17,78.95,False,1,sub_coin_noise_blob,cheap,0.0,0.0,0,0.00021,0.1765,0.2667,0.3483,0.0,23.4,2484,False,64.0,28.0,5,0.2289,0.4433,2484,0.0,0.0,66.5477,63.4011
755549,rev,BIN,29.17,78.95,False,71,relief_self_segmentation,cheap,0.0,0.0,0,0.00112,0.1708,0.1423,0.5142,1.0,73.5,14080,False,83.0,105.0,2,0.6934,0.5417,14080,0.0231,0.0024,124.2539,84.1025
755549,rev,BIN,29.17,78.95,False,97,relief_self_segmentation,expensive,0.1866,0.0139,47,0.31165,0.2194,0.8382,0.598,0.9911,505.6,1340400,False,15.0,1.0,1,0.0714,0.9203,1340400,0.0528,0.0133,119.2368,81.5169
755549,rev,BIN,29.17,78.95,False,119,relief_self_segmentation,cheap,0.0,0.0,0,0.00014,0.1379,0.0882,0.3147,1.0,32.9,2993,False,95.0,128.0,2,1.1769,0.4815,2993,0.0004,0.0,108.0514,90.4961
755549,rev,BIN,29.17,78.95,False,126,relief_self_segmentation,cheap,0.0,0.0,0,0.00021,0.2077,0.2927,0.4589,1.0,22.4,2288,False,73.0,33.0,7,0.4262,0.4583,2288,0.001,0.0,100.2833,84.9223
755549,rev,BIN,29.17,78.95,False,141,relief_self_segmentation,cheap,0.0,0.0,0,0.00019,0.2622,0.2601,0.4446,1.0,22.5,2322,False,86.0,108.0,2,0.8738,0.5095,2322,0.0,0.0,100.7832,86.8469
755549,rev,BIN,29.17,78.95,False,182,relief_self_segmentation,cheap,0.0,0.0,0,0.00032,0.1763,0.1145,0.2944,0.3568,43.5,5148,False,89.0,85.0,2,1.4435,0.5789,5148,0.0,0.0,102.0607,95.5718
755549,rev,BIN,29.17,78.95,False,185,relief_self_segmentation,cheap,0.1091,0.0469,1,0.00649,0.0991,0.2236,0.4508,0.4437,141.2,69423,False,76.0,98.0,4,0.4783,0.625,69423,0.0099,0.0008,97.3429,91.0589
755549,rev,BIN,29.17,78.95,False,216,relief_self_segmentation,cheap,0.0,0.0,0,0.00032,0.0723,0.0857,0.3115,0.3684,50.9,7076,False,94.0,92.0,3,1.0111,0.3606,7076,0.0,0.0,102.0426,97.4083
755553,rev,BIN,96.0,78.95,False,10,sub_coin_noise_blob,cheap,0.0,0.0,0,0.00019,0.3352,0.2006,0.4029,1.0,25.7,1736,False,79.0,74.0,2,0.6327,0.7195,1736,0.0394,0.9506,120.883,45.4593
755554,rev,BIN,27.87,78.95,False,82,sub_coin_noise_blob,cheap,0.0,0.0,0,0.00026,0.0454,0.0427,0.3152,0.8844,64.7,14497,False,133.0,65.0,3,0.7167,0.1671,14497,0.0006,0.0,119.787,90.7694
755557,obv,BIN,34.27,78.94,False,57,relief_self_segmentation,cheap,0.0,0.0,0,0.00026,0.2244,0.2157,0.3837,1.0,29.0,3416,False,89.0,56.0,3,0.4992,0.5074,3416,0.0698,0.0088,121.9006,95.1989
755557,obv,BIN,34.27,78.94,False,64,relief_self_segmentation,cheap,0.0,0.0,0,0.0005,0.199,0.2425,0.4356,1.0,37.5,5159,False,61.0,72.0,3,0.5374,0.4823,5159,0.0,0.0,124.7163,107.2278
755557,obv,BIN,34.27,78.94,False,73,relief_self_segmentation,cheap,0.0,0.0,0,0.00064,0.106,0.1012,0.3678,1.0,65.7,15498,False,83.0,103.0,2,5.1474,0.3791,15498,0.0022,0.0,111.4629,96.644
755557,obv,BIN,34.27,78.94,False,74,unclassified_ragged,expensive,0.2397,0.0693,30,0.27043,0.1018,0.7374,0.549,0.9964,502.2,1261744,False,19.0,3.0,1,0.1061,0.8452,1261744,0.0434,0.0012,126.0454,92.5456
755557,obv,BIN,34.27,78.94,False,76,relief_self_segmentation,cheap,0.0,0.0,0,0.00124,0.1406,0.1404,0.3835,0.9926,78.0,17578,False,117.0,49.0,2,0.5624,0.4322,17578,0.0023,0.0,125.6832,102.4
755557,obv,BIN,34.27,78.94,False,79,relief_self_segmentation,cheap,0.0,0.0,0,0.00052,0.2224,0.2589,0.3684,1.0,37.0,4361,False,101.0,78.0,3,0.5783,0.5551,4361,0.0,0.0,119.8561,96.4068
755557,obv,BIN,34.27,78.94,False,85,relief_self_segmentation,cheap,0.1853,0.0,0,0.00123,0.4336,0.3219,0.4095,0.9957,51.2,9592,False,48.0,78.0,2,0.4635,0.8365,9592,0.0,0.0,119.4942,96.9993
755557,obv,BIN,34.27,78.94,False,88,relief_self_segmentation,cheap,0.0,0.0,0,0.0043,0.0491,0.0533,0.3281,0.9954,235.6,102102,False,92.0,64.0,3,1.4935,0.3171,102102,0.0014,0.0003,122.6876,104.0182
755558,obv,BIN,33.54,78.94,False,4,sub_coin_noise_blob,cheap,0.0,0.0,0,0.00015,0.1853,0.1232,0.4182,0.9836,28.8,1768,False,110.0,96.0,2,2.1863,0.4965,1768,0.1619,0.1484,104.9687,62.0448
755559,obv,BIN,33.16,78.94,False,18,relief_self_segmentation,cheap,0.0,0.0,0,0.00069,0.1045,0.2777,0.5125,1.0,41.4,7820,False,81.0,38.0,4,0.3997,0.389,7820,0.0904,0.0164,126.1452,78.7116
755559,obv,BIN,33.16,78.94,False,62,relief_self_segmentation,cheap,0.0,0.0,0,0.0002,0.2572,0.1454,0.3911,1.0,30.6,2146,False,93.0,87.0,3,1.6095,0.7126,2146,0.2074,0.0591,123.3078,58.8098
755559,obv,BIN,33.16,78.94,False,69,relief_self_segmentation,cheap,0.2537,0.0,0,0.00089,0.2538,0.2825,0.4959,0.9962,46.5,7998,False,56.0,57.0,3,0.4449,0.5954,7998,0.2352,0.0853,100.0049,56.9014
755559,obv,BIN,33.16,78.94,False,71,relief_self_segmentation,cheap,0.0,0.0,0,0.00026,0.0562,0.0551,0.305,0.6784,56.6,9546,False,82.0,51.0,5,0.6583,0.2747,9546,0.0037,0.0002,106.3877,92.1408
755559,obv,BIN,33.16,78.94,False,72,sub_coin_noise_blob,cheap,0.298,0.2793,1,0.00104,0.2421,0.3982,0.5095,1.0,42.3,7020,False,43.0,33.0,5,0.3271,0.5484,7020,0.253,0.1461,93.7498,51.2992
755559,obv,BIN,33.16,78.94,False,124,non_circular_flan,expensive,0.2286,0.0387,40,0.33139,0.0878,0.7856,0.5705,0.8393,538.5,1536358,False,1.0,4.0,4,0.0683,0.8546,1536358,0.0689,0.0156,115.2711,79.7064
755559,obv,BIN,33.16,78.94,False,135,relief_self_segmentation,cheap,0.0,0.0,0,0.00037,0.0816,0.0751,0.2409,0.1856,58.5,7980,False,77.0,46.0,5,1.1286,0.3458,7980,0.0,0.0,102.2672,97.4104
755560,obv,BIN,32.08,78.94,False,7,sub_coin_noise_blob,cheap,0.0,0.0,0,0.00017,0.52,0.4699,0.3805,0.0,15.7,1258,False,52.0,58.0,4,0.2895,0.7963,1258,0.0,0.0,65.7802,63.0381
755560,obv,BIN,32.08,78.94,False,15,sub_coin_noise_blob,cheap,0.0,0.0,0,0.00115,0.2284,0.2028,0.291,0.0,62.5,13300,False,72.0,89.0,2,0.7469,0.6622,13300,0.1564,0.0845,64.6835,53.0049
755560,obv,BIN,32.08,78.94,False,18,sub_coin_noise_blob,cheap,0.0,0.0,0,0.00034,0.2691,0.2713,0.4964,1.0,29.2,2829,False,49.0,78.0,4,0.5368,0.599,2829,0.5104,0.0957,83.4254,41.8999
755560,obv,BIN,32.08,78.94,False,26,sub_coin_noise_blob,cheap,0.0,0.0,0,0.0003,0.3601,0.3625,0.3536,0.0,23.9,1950,False,69.0,56.0,3,0.3049,0.707,1950,0.0,0.0,75.2917,73.1376
755560,obv,BIN,32.08,78.94,False,38,sub_coin_noise_blob,cheap,0.0,0.0,0,0.00078,0.1178,0.1135,0.2672,0.0,68.7,15476,False,110.0,98.0,2,1.4923,0.4203,15476,0.1674,0.0075,77.6004,64.1041
755560,obv,BIN,32.08,78.94,False,45,sub_coin_noise_blob,cheap,0.0,0.0,0,0.00019,0.5325,0.3684,0.3492,0.0,19.0,1144,False,75.0,77.0,2,0.3699,0.8348,1144,0.0,0.0,83.6847,80.3662
755560,obv,BIN,32.08,78.94,False,94,relief_self_segmentation,cheap,0.0,0.0,0,0.00017,0.1735,0.2351,0.3531,0.0,22.5,1836,False,64.0,28.0,6,0.3165,0.4386,1836,0.0,0.0,95.2876,90.7296
755560,obv,BIN,32.08,78.94,False,107,relief_self_segmentation,cheap,0.0,0.0,0,0.00016,0.1392,0.0939,0.2538,0.1382,34.1,2673,False,101.0,92.0,2,0.8112,0.431,2673,0.0,0.0,97.3175,92.2845
755560,obv,BIN,32.08,78.94,False,214,unclassified_ragged,expensive,0.2975,0.0602,49,0.3507,0.1993,0.8112,0.5658,0.6928,545.2,1547724,False,1.0,0.0,0,0.0505,0.915,1547724,0.1676,0.026,109.6167,72.5807
755560,rev,BIN,31.47,78.95,False,37,relief_self_segmentation,cheap,0.0,0.0,0,0.00041,0.1545,0.1621,0.4391,1.0,41.5,5000,False,96.0,95.0,3,1.7213,0.4671,5000,0.0328,0.0,104.4773,74.8682
755560,rev,BIN,31.47,78.95,False,101,relief_self_segmentation,cheap,0.0,0.0,0,0.00014,0.3641,0.2622,0.3216,0.3111,19.3,1125,False,72.0,37.0,6,0.4192,0.6773,1125,0.0,0.0,101.4746,95.819
755560,rev,BIN,31.47,78.95,False,105,relief_self_segmentation,cheap,0.0,0.0,0,0.00017,0.1521,0.1835,0.3524,0.3108,25.5,2520,False,71.0,83.0,5,0.6597,0.3911,2520,0.0,0.0,101.8422,92.3369
755561,obv,BIN,28.99,78.94,False,5,sub_coin_noise_blob,cheap,0.0,0.0,0,0.00153,0.2442,0.2161,0.3305,0.0,69.7,15453,False,38.0,80.0,2,0.7204,0.7141,15453,0.2293,0.1034,64.1337,47.12
755561,obv,BIN,28.99,78.94,False,6,sub_coin_noise_blob,cheap,0.0,0.0,0,0.00131,0.2105,0.1782,0.3556,0.0,71.2,15049,False,96.0,85.0,2,0.6056,0.6577,15049,0.159,0.0695,65.24,52.0616
755561,obv,BIN,28.99,78.94,False,15,sub_coin_noise_blob,cheap,0.0,0.0,0,0.00076,0.2016,0.1815,0.352,0.0,53.7,9288,False,93.0,71.0,2,0.6112,0.6005,9288,0.193,0.0024,75.8601,60.7551
755561,obv,BIN,28.99,78.94,False,19,sub_coin_noise_blob,cheap,0.0,0.0,0,0.0018,0.1518,0.2155,0.362,0.0,75.8,20125,False,55.0,68.0,5,0.5425,0.5316,20125,0.0759,0.0005,75.3972,67.8097
755561,rev,BIN,27.77,78.95,False,5,sub_coin_noise_blob,cheap,0.0,0.0,0,0.001,0.1966,0.2933,0.3527,0.0,48.4,10656,False,91.0,57.0,5,0.5356,0.5954,10656,0.073,0.0,66.5868,58.937
755561,rev,BIN,27.77,78.95,False,24,sub_coin_noise_blob,cheap,0.0528,0.0,0,0.00147,0.1435,0.1817,0.2991,0.0,74.7,18816,False,82.0,82.0,3,0.893,0.5545,18816,0.1745,0.0505,77.0807,59.8466
755562,obv,BIN,29.94,78.94,False,6,sub_coin_noise_blob,cheap,0.0,0.0,0,0.00068,0.1285,0.0815,0.4094,1.0,75.7,14525,False,73.0,62.0,5,1.4027,0.5651,14525,0.1826,0.0974,86.7097,76.0311
755563,obv,BIN,34.3,78.94,False,5,sub_coin_noise_blob,cheap,0.0846,0.0,0,0.00058,0.1897,0.241,0.3389,0.0,40.8,6075,False,65.0,55.0,4,0.3911,0.5381,6075,0.1127,0.0,66.5177,58.799
755563,obv,BIN,34.3,78.94,False,6,sub_coin_noise_blob,cheap,0.0,0.0,0,0.00019,0.1151,0.0623,0.2543,0.8708,45.5,5454,False,99.0,86.0,2,2.5965,0.5769,5454,0.2909,0.2023,78.0828,49.9678
755563,obv,BIN,34.3,78.94,False,26,sub_coin_noise_blob,cheap,0.0,0.0,0,0.00108,0.1281,0.14,0.3007,0.0,72.7,17934,False,70.0,103.0,2,1.1983,0.4844,17934,0.2359,0.0237,76.6997,60.9161
755563,obv,BIN,34.3,78.94,False,59,relief_self_segmentation,cheap,0.0,0.0,0,0.00077,0.3884,0.4252,0.5134,1.0,35.2,4697,False,85.0,54.0,4,0.3947,0.7245,4697,0.0432,0.0413,131.6306,85.0394
755563,obv,BIN,34.3,78.94,False,67,relief_self_segmentation,cheap,0.0,0.0,0,0.00021,0.3915,0.2508,0.4356,1.0,24.0,2009,False,73.0,82.0,2,0.6522,0.7868,2009,0.3894,0.0931,106.1723,48.9628
755563,obv,BIN,34.3,78.94,False,77,relief_self_segmentation,cheap,0.0,0.0,0,0.00041,0.3567,0.2869,0.4731,1.0,31.2,3300,False,27.0,60.0,5,0.3146,0.6965,3300,0.2882,0.0127,93.902,58.0448
755563,obv,BIN,34.3,78.94,False,84,relief_self_segmentation,cheap,0.0,0.0,0,0.0008,0.1271,0.2994,0.355,0.0198,42.9,6992,False,53.0,48.0,6,0.2889,0.4942,6992,0.0,0.0,95.0491,89.2682
755563,obv,BIN,34.3,78.94,False,101,relief_self_segmentation,cheap,0.0,0.0,0,0.00033,0.19,0.2527,0.4735,1.0,29.9,3953,False,86.0,56.0,2,0.2644,0.4161,3953,0.5646,0.1099,116.5663,41.6601
755563,obv,BIN,34.3,78.94,False,121,non_circular_flan,expensive,0.1269,0.0211,25,0.24822,0.0729,0.677,0.5012,0.9896,502.1,1265706,False,14.0,47.0,3,0.124,0.809,1265706,0.1938,0.0331,119.4833,68.7635
755563,obv,BIN,34.3,78.94,False,171,relief_self_segmentation,cheap,0.0,0.0,0,0.00021,0.2137,0.1291,0.2539,0.0,33.4,2888,False,113.0,72.0,4,0.6934,0.6391,2888,0.0,0.0,100.9101,97.2298
755563,obv,BIN,34.3,78.94,False,201,multi_object_weld,expensive,0.0554,0.0129,3,0.05032,0.034,0.1443,0.3746,0.4164,489.7,811805,False,125.0,65.0,4,0.9398,0.3795,811805,0.0696,0.0117,94.316,97.3992
755563,rev,BIN,33.44,78.95,False,6,sub_coin_noise_blob,cheap,0.0,0.0,0,0.00024,0.2252,0.1274,0.3218,0.993,35.8,3528,False,85.0,81.0,2,1.2323,0.7285,3528,0.284,0.2831,75.5897,45.2247
755563,rev,BIN,33.44,78.95,False,9,relief_self_segmentation,cheap,0.0,0.0,0,0.00031,0.1249,0.0664,0.3599,0.963,57.0,9225,False,96.0,79.0,2,4.7076,0.516,9225,0.2668,0.1976,87.703,63.2041
755563,rev,BIN,33.44,78.95,False,49,relief_self_segmentation,cheap,0.0,0.0,0,0.00045,0.0784,0.045,0.3859,1.0,82.8,15552,False,130.0,109.0,3,3.6718,0.3926,15552,0.0473,0.0014,102.5996,80.9
755563,rev,BIN,33.44,78.95,False,61,relief_self_segmentation,cheap,0.0,0.0,0,0.00494,0.1271,0.222,0.4609,1.0,123.7,59388,False,102.0,77.0,2,0.3939,0.4689,59388,0.1068,0.0119,142.9185,91.2258
755563,rev,BIN,33.44,78.95,False,91,relief_self_segmentation,cheap,0.0,0.0,0,0.00254,0.3608,0.4012,0.5216,1.0,66.0,16692,False,53.0,25.0,4,0.2739,0.7339,16692,0.1311,0.0075,129.6886,74.8944
755563,rev,BIN,33.44,78.95,False,109,relief_self_segmentation,cheap,0.0,0.0,0,0.00026,0.423,0.3244,0.5425,1.0,23.3,1650,False,96.0,55.0,4,0.4123,0.7662,1650,0.0382,0.001,96.4517,77.4962
755563,rev,BIN,33.44,78.95,False,115,relief_self_segmentation,cheap,0.0,0.0,0,0.00089,0.116,0.1952,0.4869,1.0,56.1,10881,False,92.0,86.0,3,0.6012,0.4007,10881,0.0265,0.0008,100.059,79.0199
755563,rev,BIN,33.44,78.95,False,157,multi_object_weld,expensive,0.1797,0.0533,16,0.22487,0.0187,0.542,0.5292,0.9813,534.1,1443392,False,16.0,19.0,6,0.1459,0.654,1443392,0.0747,0.0128,113.6538,81.6661
755563,rev,BIN,33.44,78.95,False,171,relief_self_segmentation,cheap,0.0727,0.0274,2,0.00894,0.0335,0.126,0.423,0.8945,220.9,133644,False,80.0,62.0,4,0.5373,0.4383,133644,0.0177,0.0007,99.7293,91.5738
755564,obv,BIN,32.42,78.94,False,2,relief_self_segmentation,cheap,0.0,0.0,0,0.00036,0.1862,0.0923,0.3228,0.9898,51.8,6785,False,104.0,78.0,3,1.6574,0.8397,6785,0.3093,0.1768,91.74,52.202
755564,obv,BIN,32.42,78.94,False,3,relief_self_segmentation,cheap,0.0,0.0,0,0.00166,0.0565,0.0287,0.3248,0.9834,199.3,85827,False,161.0,42.0,2,1.5537,0.25,85827,0.1113,0.0549,93.9922,80.9827
755564,obv,BIN,32.42,78.94,False,73,relief_self_segmentation,cheap,0.0,0.0,0,0.00024,0.0906,0.0823,0.2802,0.2152,44.6,5400,False,101.0,116.0,2,1.1083,0.3424,5400,0.0,0.0,102.9234,97.0856
755565,rev,BIN,30.73,78.95,False,2,sub_coin_noise_blob,cheap,0.0,0.0,0,0.00016,0.2891,0.1563,0.315,0.0,26.3,2040,False,109.0,55.0,2,0.7345,0.737,2040,0.0,0.0,69.852,62.9902
755565,rev,BIN,30.73,78.95,False,9,sub_coin_noise_blob,cheap,0.0,0.0,0,0.00015,0.1204,0.1226,0.2846,0.0,28.7,3021,False,104.0,58.0,3,0.8832,0.3379,3021,0.0,0.0,78.1091,74.2901
755565,rev,BIN,30.73,78.95,False,25,relief_self_segmentation,cheap,0.0,0.0,0,0.00024,0.0337,0.016,0.3053,1.0,100.4,23230,False,170.0,45.0,2,3.2551,0.2756,23230,0.0149,0.0019,146.9729,106.3947
755567,obv,BIN,33.63,78.94,False,26,sub_coin_noise_blob,cheap,0.0,0.0,0,0.0006,0.2382,0.2329,0.3373,0.0,41.9,5940,False,53.0,82.0,3,0.6572,0.6043,5940,0.1692,0.0189,64.8804,55.4854
755567,obv,BIN,33.63,78.94,False,30,sub_coin_noise_blob,cheap,0.0,0.0,0,0.0022,0.2285,0.1833,0.3566,0.0,90.8,23562,False,93.0,89.0,2,0.587,0.6713,23562,0.2166,0.1214,64.7717,49.4107
755567,obv,BIN,33.63,78.94,False,43,sub_coin_noise_blob,cheap,0.0,0.0,0,0.00059,0.2228,0.2133,0.2811,0.0,43.5,6450,False,107.0,102.0,2,0.8217,0.5475,6450,0.0335,0.0,74.9667,69.0394
755567,obv,BIN,33.63,78.94,False,57,sub_coin_noise_blob,cheap,0.028,0.0,0,0.00181,0.1275,0.1792,0.3564,0.0,83.4,21353,False,81.0,81.0,3,0.8058,0.5382,21353,0.2027,0.0176,76.9136,62.8752
755567,obv,BIN,33.63,78.94,False,61,sub_coin_noise_blob,cheap,0.0,0.0,0,0.0002,0.4247,0.2639,0.339,0.0,22.6,1378,False,70.0,78.0,3,0.4654,0.817,1378,0.0,0.0,83.5669,79.902
755567,obv,BIN,33.63,78.94,False,115,relief_self_segmentation,cheap,0.0,0.0,0,0.00014,0.115,0.0828,0.2825,0.0,34.1,2673,False,98.0,44.0,4,0.6553,0.406,2673,0.0,0.0,98.6867,92.6182
755567,obv,BIN,33.63,78.94,False,118,relief_self_segmentation,cheap,0.0,0.0,0,0.00015,0.2402,0.18,0.4597,1.0,23.8,1908,False,84.0,74.0,3,0.9941,0.5411,1908,0.0039,0.0,103.1253,83.842
755567,obv,BIN,33.63,78.94,False,175,relief_self_segmentation,cheap,0.0,0.0,0,0.00017,0.1166,0.0711,0.3372,0.8896,40.3,4183,False,102.0,69.0,5,1.6469,0.4366,4183,0.0022,0.0,119.1004,94.3905
755567,obv,BIN,33.63,78.94,False,197,relief_self_segmentation,cheap,0.0,0.0,0,0.00046,0.0962,0.2029,0.3487,0.0,39.6,5184,False,60.0,51.0,7,0.4187,0.3929,5184,0.0,0.0,97.9662,94.2861
755567,obv,BIN,33.63,78.94,False,235,relief_self_segmentation,cheap,0.0,0.0,0,0.00018,0.1491,0.1601,0.3264,0.0,28.1,2442,False,58.0,36.0,5,0.4559,0.4206,2442,0.0,0.0,101.813,95.7646
755567,rev,BIN,33.72,78.95,False,9,sub_coin_noise_blob,cheap,0.0,0.0,0,0.00054,0.0793,0.042,0.3357,1.0,94.2,13725,False,129.0,82.0,2,3.9179,0.4817,13725,0.2573,0.1161,79.0507,62.6905
755567,rev,BIN,33.72,78.95,False,11,sub_coin_noise_blob,cheap,0.0,0.0,0,0.00058,0.4028,0.3115,0.3657,0.0,35.8,4500,False,85.0,82.0,2,0.4033,0.7712,4500,0.0346,0.0,64.3979,60.0267
755567,rev,BIN,33.72,78.95,False,13,sub_coin_noise_blob,cheap,0.0,0.0,0,0.00046,0.1643,0.1873,0.2916,0.0,41.2,6596,False,75.0,76.0,3,0.8814,0.5058,6596,0.1285,0.0029,64.9382,57.3205
755567,rev,BIN,33.72,78.95,False,15,sub_coin_noise_blob,cheap,0.0,0.0,0,0.00014,0.2385,0.2472,0.3304,0.0,19.8,1628,False,80.0,68.0,3,0.6505,0.5092,1628,0.0,0.0,67.6006,64.1322
755567,rev,BIN,33.72,78.95,False,18,sub_coin_noise_blob,cheap,0.0,0.0,0,0.00032,0.1002,0.0509,0.3519,1.0,66.2,11985,False,133.0,86.0,4,2.1806,0.6121,11985,0.3076,0.1766,76.0765,54.685
755567,rev,BIN,33.72,78.95,False,26,sub_coin_noise_blob,cheap,0.0,0.0,0,0.00088,0.226,0.3071,0.3108,0.0,44.4,8004,False,87.0,82.0,2,0.5504,0.5707,8004,0.0269,0.0,74.6495,68.9948
755567,rev,BIN,33.72,78.95,False,41,sub_coin_noise_blob,cheap,0.057,0.0,0,0.00151,0.1412,0.1894,0.3051,0.0,73.9,18468,False,105.0,64.0,4,0.6147,0.5441,18468,0.1848,0.0203,76.4111,61.9303
755567,rev,BIN,33.72,78.95,False,150,relief_self_segmentation,cheap,0.0,0.0,0,0.00018,0.1034,0.1568,0.3461,0.0,28.0,2442,False,79.0,32.0,4,0.4057,0.363,2442,0.0,0.0,101.8664,95.7769
755568,obv,BIN,31.21,78.94,False,39,relief_self_segmentation,cheap,0.0,0.0,0,0.00028,0.1326,0.1634,0.3902,1.0,34.3,4256,False,114.0,48.0,3,0.5958,0.3676,4256,0.0024,0.0,114.067,92.972
755568,obv,BIN,31.21,78.94,False,47,relief_self_segmentation,cheap,0.0,0.0,0,0.00014,0.3864,0.2506,0.3919,1.0,19.8,1125,False,85.0,70.0,4,0.7913,0.7239,1125,0.0,0.0,116.0767,92.9136
755568,obv,BIN,31.21,78.94,False,48,relief_self_segmentation,cheap,0.0,0.0,0,0.00014,0.3878,0.3145,0.4184,1.0,17.6,1248,False,97.0,71.0,3,0.5295,0.6777,1248,0.0,0.0,107.4771,92.1129
755568,obv,BIN,31.21,78.94,False,61,relief_self_segmentation,cheap,0.0,0.0,0,0.00309,0.1134,0.0817,0.3549,0.9556,161.3,51471,False,66.0,74.0,5,1.3713,0.5662,51471,0.0085,0.0017,115.6244,96.6636
755568,rev,BIN,30.9,78.95,False,18,sub_coin_noise_blob,cheap,0.0,0.0,0,0.00058,0.4249,0.3517,0.3704,0.0,33.8,4392,False,56.0,75.0,3,0.3252,0.7658,4392,0.1314,0.0,65.0468,56.3203
755568,rev,BIN,30.9,78.95,False,188,relief_self_segmentation,cheap,0.0,0.0,0,0.00016,0.2879,0.2182,0.289,0.0,22.5,1785,False,86.0,61.0,2,0.5288,0.6316,1785,0.0,0.0,101.2932,97.3012
755568,rev,BIN,30.9,78.95,False,189,low_contrast_coastline,expensive,0.2227,0.0597,39,0.35259,0.3431,0.8447,0.5628,0.7055,535.7,1462548,False,0.0,0.0,0,0.0314,0.954,1462548,0.0754,0.0105,105.6118,80.5365
755568,rev,BIN,30.9,78.95,False,200,relief_self_segmentation,cheap,0.0,0.0,0,0.00018,0.1174,0.0892,0.2569,0.0,37.2,3393,False,129.0,70.0,3,2.2517,0.3924,3393,0.0,0.0,102.8975,96.3549
755568,rev,BIN,30.9,78.95,False,225,relief_self_segmentation,cheap,0.0,0.0,0,0.00048,0.066,0.068,0.2496,0.3424,69.5,11256,False,95.0,74.0,4,0.9379,0.3347,11256,0.0,0.0,101.9992,97.3685
755569,obv,BIN,30.45,78.94,False,7,sub_coin_noise_blob,cheap,0.0,0.0,0,0.00031,0.2012,0.1635,0.2999,0.0,36.3,3800,False,98.0,106.0,2,0.7443,0.5901,3800,0.0714,0.0,65.9581,58.2163
755569,obv,BIN,30.45,78.94,False,10,sub_coin_noise_blob,cheap,0.0,0.0,0,0.00107,0.2143,0.2185,0.358,0.0,57.9,11875,False,84.0,77.0,2,0.5549,0.6521,11875,0.204,0.0923,65.3911,49.5484
755569,obv,BIN,30.45,78.94,False,21,sub_coin_noise_blob,cheap,0.0,0.0,0,0.00229,0.169,0.2649,0.3528,0.0,77.1,21091,False,90.0,70.0,3,0.5631,0.6125,21091,0.2177,0.0292,76.309,60.1255
755569,obv,BIN,30.45,78.94,False,24,sub_coin_noise_blob,cheap,0.0,0.0,0,0.0037,0.1882,0.2872,0.4187,0.0,94.2,32395,False,70.0,77.0,3,0.5836,0.6855,32395,0.1854,0.0089,75.8581,63.0284
755569,obv,BIN,30.45,78.94,False,27,sub_coin_noise_blob,cheap,0.0,0.0,0,0.0002,0.2257,0.1915,0.2938,0.0,26.6,2379,False,89.0,59.0,2,0.7012,0.543,2379,0.0,0.0,83.9146,79.4097
755569,obv,BIN,30.45,78.94,False,28,sub_coin_noise_blob,cheap,0.0,0.0,0,0.00036,0.4609,0.3636,0.3507,0.0,26.2,2240,False,61.0,62.0,2,0.3518,0.7824,2240,0.0,0.0,82.8863,78.2598
755569,obv,BIN,30.45,78.94,False,46,relief_self_segmentation,cheap,0.0,0.0,0,0.00019,0.1283,0.1587,0.2926,0.0,28.5,2442,False,69.0,69.0,2,0.5116,0.3919,2442,0.0,0.0,87.6339,81.9929
755569,obv,BIN,30.45,78.94,False,54,relief_self_segmentation,cheap,0.0,0.0,0,0.00014,0.154,0.1214,0.2737,0.0,28.1,2077,False,77.0,42.0,3,0.7333,0.4684,2077,0.0,0.0,92.1413,86.8167
755569,obv,BIN,30.45,78.94,False,60,relief_self_segmentation,cheap,0.0,0.0,0,0.00048,0.1804,0.2934,0.3743,0.0,33.7,4275,False,35.0,43.0,6,0.3143,0.5515,4275,0.0,0.0,88.9509,86.5597
755569,obv,BIN,30.45,78.94,False,78,relief_self_segmentation,cheap,0.0,0.0,0,0.00024,0.2588,0.2189,0.3184,0.0,27.2,3111,False,103.0,93.0,2,1.0375,0.5438,3111,0.0,0.0,92.4246,88.522
755569,obv,BIN,30.45,78.94,False,98,relief_self_segmentation,cheap,0.068,0.0,0,0.00284,0.1154,0.2317,0.3938,0.131,91.8,34034,False,39.0,38.0,7,0.4142,0.4813,34034,0.0268,0.0,93.047,84.839
755569,obv,BIN,30.45,78.94,False,99,relief_self_segmentation,cheap,0.0,0.0,0,0.00015,0.1134,0.1263,0.2843,0.0,28.3,2747,False,111.0,56.0,3,0.5869,0.3304,2747,0.0,0.0,97.5151,93.116
755569,obv,BIN,30.45,78.94,False,191,unclassified_ragged,expensive,0.2154,0.0677,29,0.33872,0.0533,0.7411,0.5465,0.6446,560.6,1639668,False,0.0,8.0,6,0.066,0.8306,1639668,0.1369,0.0563,101.314,70.4507
755569,rev,BIN,31.66,78.95,False,87,sub_coin_noise_blob,cheap,0.0,0.0,0,0.00029,0.2025,0.2286,0.3591,0.0,29.3,2600,False,64.0,58.0,4,0.5113,0.4834,2600,0.0,0.0,80.419,77.5993
755569,rev,BIN,31.66,78.95,False,97,backdrop_vignette_blob,expensive,0.1503,0.4686,4,0.81691,0.3696,0.7075,0.0,0.0076,891.0,2160000,True,153.0,0.0,0,0.1963,0.9704,2160000,0.0,0.0,85.3955,67.7513
755571,obv,BIN,32.39,78.94,False,12,sub_coin_noise_blob,cheap,0.0,0.0,0,0.00064,0.0559,0.0286,0.3211,0.9894,124.4,39060,False,165.0,48.0,2,2.704,0.3656,39060,0.1709,0.0751,83.5267,74.2867
755571,rev,BIN,33.65,78.95,False,10,sub_coin_noise_blob,cheap,0.0,0.0,0,0.00017,0.2198,0.2051,0.33,0.0,23.9,2052,False,73.0,85.0,2,0.7561,0.4871,2052,0.0,0.0,67.5558,62.1912
755571,rev,BIN,33.65,78.95,False,29,sub_coin_noise_blob,cheap,0.0,0.0,0,0.00068,0.1508,0.1345,0.2649,0.0,58.9,11253,False,48.0,100.0,2,0.9769,0.4853,11253,0.1172,0.0169,76.1694,66.2906
755572,obv,BIN,32.97,78.94,False,13,sub_coin_noise_blob,cheap,0.0,0.0,0,0.00028,0.2113,0.3065,0.3561,0.0,25.1,2679,False,58.0,36.0,5,0.2178,0.5199,2679,0.0,0.0,66.3668,62.2668
755572,obv,BIN,32.97,78.94,False,16,sub_coin_noise_blob,cheap,0.0,0.0,0,0.00149,0.2909,0.2568,0.3457,0.0,63.1,12800,False,69.0,72.0,3,0.5199,0.6757,12800,0.1246,0.0489,64.7358,56.3382
755572,obv,BIN,32.97,78.94,False,18,sub_coin_noise_blob,cheap,0.0,0.0,0,0.00056,0.0471,0.0243,0.301,0.9959,126.4,33222,False,167.0,47.0,2,1.9082,0.3193,33222,0.1532,0.0736,75.9673,72.5165
755572,obv,BIN,32.97,78.94,False,92,relief_self_segmentation,cheap,0.0,0.0,0,0.0002,0.1942,0.2474,0.361,0.0,23.4,1908,False,53.0,39.0,4,0.4148,0.4863,1908,0.0,0.0,95.1406,90.5988
755572,obv,BIN,32.97,78.94,False,108,relief_self_segmentation,cheap,0.0,0.0,0,0.00017,0.1513,0.1011,0.2759,0.0,34.1,2673,False,106.0,81.0,2,0.619,0.5017,2673,0.0,0.0,98.1094,92.4937
755572,obv,BIN,32.97,78.94,False,110,relief_self_segmentation,cheap,0.0,0.0,0,0.00024,0.1582,0.1239,0.2868,0.1337,36.3,3132,False,75.0,101.0,2,0.9396,0.4928,3132,0.0,0.0,96.4023,92.3738
755572,obv,BIN,32.97,78.94,False,130,relief_self_segmentation,cheap,0.0,0.0,0,0.00017,0.2006,0.2013,0.2933,0.0,23.8,2128,False,103.0,69.0,3,0.6539,0.4556,2128,0.0,0.0,98.0261,93.2391
755572,obv,BIN,32.97,78.94,False,348,unclassified_ragged,expensive,0.2398,0.0782,27,0.40023,0.1769,0.7815,0.5143,0.4617,593.4,1630200,False,1.0,6.0,3,0.06,0.9205,1630200,0.0892,0.0139,103.2091,81.6649
755572,obv,BIN,32.97,78.94,False,353,relief_self_segmentation,cheap,0.0,0.0,0,0.00015,0.2541,0.1634,0.2732,0.6036,24.9,1740,False,94.0,117.0,2,0.9762,0.5849,1740,0.0,0.0,103.512,96.8969
755572,obv,BIN,32.97,78.94,False,454,relief_self_segmentation,cheap,0.0,0.0,0,0.00018,0.2536,0.1717,0.3265,0.4322,26.5,1728,False,82.0,83.0,3,0.7679,0.6259,1728,0.0,0.0,104.3257,96.8481
755572,obv,BIN,32.97,78.94,False,468,relief_self_segmentation,cheap,0.0,0.0,0,0.0002,0.1168,0.1345,0.3286,0.6862,32.0,2772,False,77.0,74.0,4,0.4671,0.4307,2772,0.0,0.0,105.5841,97.4653
755572,rev,BIN,32.36,78.95,False,13,sub_coin_noise_blob,cheap,0.0,0.0,0,0.00015,0.201,0.1329,0.3084,0.0,28.3,2394,False,62.0,117.0,3,0.8967,0.5276,2394,0.0393,0.0,66.3611,59.1815
755572,rev,BIN,32.36,78.95,False,16,sub_coin_noise_blob,cheap,0.0,0.0,0,0.00221,0.2802,0.2441,0.3619,0.0,78.8,20184,False,82.0,70.0,4,0.6085,0.7324,20184,0.2491,0.1302,64.1134,46.694
755572,rev,BIN,32.36,78.95,False,18,sub_coin_noise_blob,cheap,0.0,0.0,0,0.00057,0.0812,0.0392,0.2868,0.9678,99.9,24753,False,160.0,70.0,2,2.8863,0.5104,24753,0.1871,0.104,74.3507,71.3528
755572,rev,BIN,32.36,78.95,False,31,sub_coin_noise_blob,cheap,0.0,0.0,0,0.00026,0.1819,0.154,0.2623,0.0,33.8,3726,False,73.0,95.0,2,1.2601,0.4962,3726,0.0083,0.0,75.1714,69.3625
755572,rev,BIN,32.36,78.95,False,92,relief_self_segmentation,cheap,0.0,0.0,0,0.00142,0.1485,0.226,0.4924,1.0,65.6,13400,False,34.0,48.0,4,0.394,0.5514,13400,0.048,0.0042,95.3292,82.0728
755572,rev,BIN,32.36,78.95,False,190,relief_self_segmentation,cheap,0.0,0.0,0,0.00027,0.0881,0.1816,0.3519,0.0,31.8,3888,False,93.0,44.0,6,0.4533,0.3374,3888,0.0,0.0,98.8602,94.3732
755572,rev,BIN,32.36,78.95,False,200,relief_self_segmentation,cheap,0.0,0.0,0,0.00033,0.0938,0.1626,0.3404,0.0,37.3,4611,False,60.0,62.0,4,0.583,0.3776,4611,0.0,0.0,97.858,92.6683
755572,rev,BIN,32.36,78.95,False,239,relief_self_segmentation,cheap,0.0,0.0,0,0.00015,0.356,0.2697,0.3256,0.3158,19.9,1344,False,79.0,65.0,3,0.4354,0.6495,1344,0.0,0.0,101.2977,95.9748
755572,rev,BIN,32.36,78.95,False,261,low_contrast_coastline,expensive,0.2006,0.0407,37,0.32058,0.1059,0.8002,0.4961,0.9189,524.8,1472540,False,0.0,0.0,0,0.057,0.8744,1472540,0.0652,0.0137,102.7386,80.3018
755572,rev,BIN,32.36,78.95,False,266,relief_self_segmentation,cheap,0.0,0.0,0,0.00045,0.2252,0.1488,0.2543,0.0,45.4,6039,False,104.0,37.0,8,0.6218,0.5884,6039,0.0,0.0,100.6789,96.7678
755572,rev,BIN,32.36,78.95,False,274,relief_self_segmentation,cheap,0.0,0.0,0,0.00032,0.199,0.1423,0.3013,0.3409,39.2,4872,False,107.0,59.0,3,1.1522,0.5264,4872,0.0,0.0,101.6314,94.7821
755572,rev,BIN,32.36,78.95,False,299,relief_self_segmentation,cheap,0.0,0.0,0,0.00019,0.1176,0.0903,0.2578,0.0,37.6,3432,False,129.0,66.0,2,1.8794,0.3953,3432,0.0,0.0,102.7963,96.3852
755573,obv,BIN,32.7,78.94,False,13,sub_coin_noise_blob,cheap,0.0,0.0,0,0.00027,0.261,0.1838,0.2616,0.0,31.6,3339,False,77.0,93.0,2,0.9768,0.6233,3339,0.008,0.0,67.7685,61.8227
755573,obv,BIN,32.7,78.94,False,16,sub_coin_noise_blob,cheap,0.0,0.0,0,0.00062,0.1053,0.0604,0.3451,1.0,83.8,17563,False,142.0,86.0,2,2.4773,0.5412,17563,0.2367,0.1492,76.1457,64.4857
755573,obv,BIN,32.7,78.94,False,65,relief_self_segmentation,cheap,0.0,0.0,0,0.00018,0.3456,0.2266,0.266,0.1942,23.4,1782,False,86.0,101.0,2,0.7802,0.7145,1782,0.0,0.0,100.465,94.7825
755573,obv,BIN,32.7,78.94,False,129,relief_self_segmentation,cheap,0.0,0.0,0,0.00021,0.2149,0.117,0.2471,0.2174,34.9,3397,False,108.0,118.0,3,2.3271,0.6737,3397,0.0,0.0,103.4528,95.5852
755574,obv,BIN,29.68,78.94,False,10,sub_coin_noise_blob,cheap,0.0,0.0,0,0.00014,0.1352,0.0711,0.3275,0.9863,36.8,2697,False,92.0,59.0,4,2.1096,0.6266,2697,0.3862,0.2355,74.2314,37.3069
755574,obv,BIN,29.68,78.94,False,21,sub_coin_noise_blob,cheap,0.0,0.0,0,0.00063,0.356,0.3579,0.3617,0.0,34.7,4884,False,65.0,71.0,2,0.3872,0.7267,4884,0.0508,0.0,65.455,58.467
755574,obv,BIN,29.68,78.94,False,22,sub_coin_noise_blob,cheap,0.0,0.0,0,0.00031,0.1686,0.1978,0.2941,0.0,33.0,4489,False,96.0,91.0,2,0.7953,0.427,4489,0.0281,0.0,66.2176,60.2062
755574,obv,BIN,29.68,78.94,False,28,sub_coin_noise_blob,cheap,0.0,0.0,0,0.00016,0.1483,0.0778,0.3945,1.0,37.6,3888,False,135.0,82.0,4,1.7056,0.6139,3888,0.3227,0.2722,78.1511,41.0714
755574,obv,BIN,29.68,78.94,False,137,sub_coin_noise_blob,cheap,0.1569,0.084,2,0.00412,0.0586,0.1028,0.3597,0.9974,166.1,78155,False,89.0,55.0,3,1.2022,0.3862,78155,0.004,0.001,105.8746,108.2073
755574,obv,BIN,29.68,78.94,False,139,relief_self_segmentation,expensive,0.2007,0.0384,31,0.30366,0.2356,0.8145,0.6013,0.9998,506.3,1370880,False,28.0,0.0,0,0.081,0.8954,1370880,0.1128,0.0577,124.3398,78.1766
755574,rev,BIN,96.0,78.95,False,5,sub_coin_noise_blob,cheap,0.0,0.0,0,0.00025,0.2186,0.3099,0.3486,0.0,23.8,2585,False,60.0,23.0,6,0.2299,0.506,2585,0.0,1.0,66.3824,63.4542
755575,obv,BIN,30.66,78.94,False,0,sub_coin_noise_blob,cheap,0.0,0.0,0,0.00019,0.1508,0.0802,0.3378,1.0,40.8,3783,False,90.0,99.0,2,2.3897,0.632,3783,0.2532,0.2194,96.1277,60.0671
755575,rev,BIN,30.98,78.95,False,16,sub_coin_noise_blob,cheap,0.0,0.0,0,0.00036,0.3244,0.2934,0.4763,1.0,29.0,3445,False,23.0,56.0,3,0.3477,0.6067,3445,0.0192,0.0043,104.0472,93.7495
755575,rev,BIN,30.98,78.95,False,29,sub_coin_noise_blob,cheap,0.0,0.0,0,0.00016,0.1467,0.1554,0.4107,1.0,26.9,2542,False,117.0,92.0,2,0.6434,0.3467,2542,0.0182,0.0317,109.5234,88.3683
755576,obv,BIN,32.32,78.94,False,9,sub_coin_noise_blob,cheap,0.0,0.0,0,0.0012,0.2029,0.2348,0.3545,0.0,59.2,12573,False,77.0,70.0,3,0.6647,0.6319,12573,0.2142,0.1131,64.8083,49.3348
755576,obv,BIN,32.32,78.94,False,10,sub_coin_noise_blob,cheap,0.0,0.0,0,0.00073,0.1767,0.2394,0.3365,0.0,45.8,8585,False,79.0,63.0,3,0.4494,0.5506,8585,0.0645,0.0,66.8432,60.3325
755576,obv,BIN,32.32,78.94,False,14,sub_coin_noise_blob,cheap,0.0,0.0,0,0.00362,0.045,0.0261,0.353,0.9928,308.7,191401,False,151.0,48.0,2,1.3364,0.1577,191401,0.084,0.0536,77.6311,83.7345
755576,obv,BIN,32.32,78.94,False,27,sub_coin_noise_blob,cheap,0.0,0.0,0,0.00037,0.1762,0.0836,0.3748,1.0,55.4,8961,False,76.0,85.0,2,1.7397,0.7832,8961,0.2984,0.0589,85.124,56.3081
755576,obv,BIN,32.32,78.94,False,30,relief_self_segmentation,cheap,0.0,0.0,0,0.00015,0.1021,0.049,0.3309,1.0,45.2,5963,False,102.0,100.0,2,3.1046,0.6338,5963,0.2869,0.0578,90.5316,59.1237
755576,obv,BIN,32.32,78.94,False,40,sub_coin_noise_blob,cheap,0.0574,0.0,0,0.00086,0.1218,0.2154,0.3577,0.0,52.4,11934,False,59.0,70.0,2,0.7076,0.4539,11934,0.0107,0.0,78.6021,73.4255
755576,obv,BIN,32.32,78.94,False,41,sub_coin_noise_blob,cheap,0.0,0.0,0,0.0024,0.1735,0.2316,0.3813,0.0,84.5,24288,False,74.0,70.0,3,0.677,0.5642,24288,0.1503,0.0136,75.6467,63.6869
755576,obv,BIN,32.32,78.94,False,49,sub_coin_noise_blob,cheap,0.0,0.0,0,0.00033,0.3302,0.2984,0.3508,0.0,27.4,2688,False,73.0,106.0,3,0.5968,0.6657,2688,0.0,0.0,83.5801,79.4195
755576,obv,BIN,32.32,78.94,False,67,relief_self_segmentation,cheap,0.0,0.0,0,0.0002,0.1683,0.164,0.2888,0.0,29.0,2144,False,105.0,81.0,2,0.6945,0.4631,2144,0.0,0.0,87.387,80.6438
755576,obv,BIN,32.32,78.94,False,190,relief_self_segmentation,cheap,0.0,0.0,0,0.00019,0.0707,0.1616,0.3739,0.0714,28.7,3300,False,85.0,36.0,7,0.2518,0.2795,3300,0.0,0.0,101.9099,95.141
755576,obv,BIN,32.32,78.94,False,221,relief_self_segmentation,cheap,0.0,0.0,0,0.00017,0.1494,0.1674,0.3309,0.0,26.7,2496,False,117.0,60.0,3,0.6455,0.4243,2496,0.0,0.0,99.8267,96.5018
755576,obv,BIN,32.32,78.94,False,323,backdrop_vignette_blob,expensive,0.2013,0.1007,43,0.39782,0.1288,0.7341,0.5178,0.3327,610.4,1858738,False,0.0,5.0,5,0.0563,0.895,1858738,0.0564,0.0103,97.001,85.5387
755576,rev,BIN,31.26,78.95,False,10,sub_coin_noise_blob,cheap,0.0,0.0,0,0.00144,0.2191,0.1882,0.3494,0.0,72.5,16524,False,87.0,88.0,2,0.7845,0.6565,16524,0.2102,0.1156,64.1408,48.2201
755576,rev,BIN,31.26,78.95,False,12,sub_coin_noise_blob,cheap,0.0,0.0,0,0.00204,0.2769,0.2271,0.3655,0.0,78.5,17820,False,76.0,84.0,2,0.55,0.693,17820,0.1845,0.0842,64.8828,51.5921
755576,rev,BIN,31.26,78.95,False,23,sub_coin_noise_blob,cheap,0.0,0.0,0,0.00037,0.1451,0.1867,0.3228,0.0,37.0,5120,False,68.0,105.0,2,0.8004,0.4735,5120,0.0,0.0,75.372,71.1855
755576,rev,BIN,31.26,78.95,False,27,sub_coin_noise_blob,cheap,0.0,0.0,0,0.00054,0.1355,0.1309,0.3231,0.0,53.5,8700,False,32.0,65.0,2,0.9381,0.484,8700,0.1479,0.0073,75.7067,63.6377
755576,rev,BIN,31.26,78.95,False,203,relief_self_segmentation,cheap,0.0,0.0,0,0.00014,0.0724,0.0858,0.3024,0.1316,33.9,4004,False,87.0,60.0,3,0.8067,0.2244,4004,0.0,0.0,101.3098,95.5426
755577,obv,BIN,29.19,78.94,False,3,sub_coin_noise_blob,cheap,0.0,0.0,0,0.00242,0.0578,0.0305,0.3369,0.9798,233.5,87360,False,160.0,44.0,2,1.6536,0.2493,87360,0.087,0.076,84.4744,94.9211
755577,rev,BIN,30.01,78.95,False,10,sub_coin_noise_blob,cheap,0.0,0.0,0,0.00031,0.1104,0.0559,0.3846,0.9836,61.2,7008,False,152.0,78.0,2,1.7257,0.5503,7008,0.2882,0.2571,78.0051,45.2588
755577,rev,BIN,30.01,78.95,False,16,sub_coin_noise_blob,cheap,0.0,0.0,0,0.00022,0.2151,0.145,0.2655,0.0,32.6,3498,False,71.0,108.0,2,0.8348,0.5641,3498,0.0011,0.0,67.2072,61.7705
755577,rev,BIN,30.01,78.95,False,18,sub_coin_noise_blob,cheap,0.0,0.0,0,0.00022,0.215,0.1141,0.3458,1.0,36.1,3440,False,96.0,80.0,2,1.8125,0.7163,3440,0.3055,0.2529,74.4304,37.0168
755577,rev,BIN,30.01,78.95,False,45,relief_self_segmentation,cheap,0.0,0.0,0,0.00016,0.446,0.2708,0.5097,1.0,20.2,1332,False,62.0,80.0,2,0.5415,0.8134,1332,0.0,0.0,136.9562,107.654
755578,obv,BIN,32.44,78.94,False,171,sub_coin_noise_blob,cheap,0.0,0.0,0,0.00015,0.1159,0.0841,0.2441,0.3161,34.5,2765,False,106.0,66.0,4,1.833,0.4046,2765,0.0,0.0,103.797,96.9141
755578,rev,BIN,32.25,78.95,False,4,sub_coin_noise_blob,cheap,0.0,0.0,0,0.00295,0.0638,0.0341,0.3126,0.7865,244.0,102960,False,157.0,46.0,2,1.3943,0.2458,102960,0.0881,0.0506,81.7728,83.7361
755578,rev,BIN,32.25,78.95,False,109,sub_coin_noise_blob,cheap,0.0,0.0,0,0.00017,0.1059,0.0839,0.2589,0.0,37.7,3432,False,131.0,71.0,3,1.8893,0.37,3432,0.0,0.0,102.8865,96.4141
755579,obv,BIN,33.19,78.94,False,3,relief_self_segmentation,cheap,0.0,0.0,0,0.00125,0.1537,0.0761,0.3636,0.9776,106.2,28320,False,138.0,70.0,2,1.5793,0.6991,28320,0.1334,0.0901,113.8739,90.3199
755579,obv,BIN,33.19,78.94,False,7,relief_self_segmentation,cheap,0.0,0.0,0,0.0005,0.1599,0.0803,0.3699,0.9957,65.6,13056,False,148.0,51.0,2,1.5735,0.6522,13056,0.1483,0.0461,126.0872,88.9703
755579,obv,BIN,33.19,78.94,False,8,relief_self_segmentation,cheap,0.0,0.0,0,0.0002,0.186,0.1038,0.317,0.9658,36.4,3240,False,47.0,68.0,4,1.129,0.6803,3240,0.2552,0.0014,110.17,68.4899
755579,obv,BIN,33.19,78.94,False,13,relief_self_segmentation,cheap,0.0,0.0,0,0.00039,0.1547,0.0766,0.3427,0.9959,59.1,5922,False,117.0,89.0,3,2.7694,0.6565,5922,0.0606,0.0,120.5705,88.6045
755579,rev,BIN,31.58,78.95,False,1,sub_coin_noise_blob,cheap,0.0,0.0,0,0.00025,0.1193,0.065,0.3715,1.0,51.2,8051,False,88.0,120.0,2,3.3014,0.4417,8051,0.1565,0.0191,109.8829,96.1751
755580,obv,BIN,29.75,78.94,False,2,relief_self_segmentation,cheap,0.0,0.0,0,0.00053,0.1334,0.0642,0.3793,0.934,75.6,13760,False,109.0,75.0,2,1.6137,0.7874,13760,0.2001,0.1759,90.714,61.27
755580,obv,BIN,29.75,78.94,False,5,relief_self_segmentation,cheap,0.0,0.0,0,0.00097,0.0333,0.0168,0.2498,0.914,199.8,98550,False,164.0,44.0,3,2.1402,0.1748,98550,0.0824,0.0532,93.1357,92.0532
755580,obv,BIN,29.75,78.94,False,6,relief_self_segmentation,cheap,0.0,0.0,0,0.00015,0.0771,0.0354,0.3343,1.0,54.7,8610,False,156.0,77.0,2,2.0889,0.4963,8610,0.2311,0.1703,109.5991,58.7135
755580,obv,BIN,29.75,78.94,False,9,relief_self_segmentation,cheap,0.0,0.0,0,0.00016,0.2061,0.1001,0.373,1.0,33.4,3234,False,83.0,89.0,2,1.1563,0.7725,3234,0.3196,0.134,95.6131,49.1889
755580,obv,BIN,29.75,78.94,False,11,relief_self_segmentation,cheap,0.0,0.0,0,0.0004,0.1235,0.0575,0.372,0.9698,69.2,14231,False,101.0,91.0,3,2.2447,0.7541,14231,0.2241,0.02,102.7668,68.7807
755580,rev,BIN,29.43,78.95,False,7,sub_coin_noise_blob,cheap,0.0,0.0,0,0.00036,0.0888,0.0426,0.2876,0.8771,76.7,13376,False,151.0,79.0,2,3.9871,0.6202,13376,0.2463,0.2012,72.0791,55.1783
755580,rev,BIN,29.43,78.95,False,9,relief_self_segmentation,cheap,0.0,0.0,0,0.00173,0.0421,0.0209,0.2404,0.7468,238.7,114444,False,161.0,45.0,2,1.7683,0.1965,114444,0.0738,0.0622,89.5463,93.1734
755580,rev,BIN,29.43,78.95,False,67,relief_self_segmentation,cheap,0.0,0.0,0,0.00026,0.2639,0.149,0.3246,0.9932,34.7,2520,False,84.0,83.0,2,1.2525,0.7896,2520,0.0,0.0,97.7194,97.562
755581,obv,BIN,32.25,78.94,False,9,sub_coin_noise_blob,cheap,0.0,0.0,0,0.00117,0.2723,0.2412,0.3514,0.0,57.7,10912,False,78.0,73.0,2,0.6526,0.7038,10912,0.1773,0.092,64.3212,51.4169
755581,obv,BIN,32.25,78.94,False,11,sub_coin_noise_blob,cheap,0.0401,0.0,0,0.00128,0.2554,0.1798,0.3257,0.0,69.9,15010,False,57.0,78.0,2,0.5884,0.7015,15010,0.1771,0.1024,64.675,52.5316
755581,obv,BIN,32.25,78.94,False,14,sub_coin_noise_blob,cheap,0.0,0.0,0,0.00234,0.0336,0.0185,0.2386,0.9983,295.2,163560,False,157.0,44.0,2,1.4805,0.1343,163560,0.1053,0.042,77.7733,84.9481
755581,obv,BIN,32.25,78.94,False,30,sub_coin_noise_blob,cheap,0.0,0.0,0,0.00014,0.2763,0.2043,0.3317,0.0,21.7,1681,False,81.0,49.0,3,0.6886,0.5879,1681,0.0,0.0,75.8892,72.3535
755581,obv,BIN,32.25,78.94,False,43,sub_coin_noise_blob,cheap,0.0,0.0,0,0.00354,0.2049,0.2924,0.4068,0.0,91.2,30150,False,75.0,73.0,5,0.52,0.6876,30150,0.1812,0.0431,75.7279,60.6051
755581,obv,BIN,32.25,78.94,False,48,sub_coin_noise_blob,cheap,0.0,0.0,0,0.00026,0.5017,0.3609,0.3538,0.0,22.1,1820,False,77.0,61.0,4,0.3723,0.791,1820,0.0,0.0,83.2968,79.2846
755581,obv,BIN,32.25,78.94,False,88,relief_self_segmentation,cheap,0.0,0.0,0,0.00088,0.1294,0.3226,0.3586,0.0,43.3,7392,False,27.0,28.0,4,0.2287,0.4951,7392,0.0,0.0,95.3317,91.3058
755581,obv,BIN,32.25,78.94,False,89,relief_self_segmentation,cheap,0.0,0.0,0,0.00048,0.0747,0.2169,0.3559,0.0873,39.0,6512,False,42.0,55.0,4,0.2677,0.3207,6512,0.0,0.0,95.5221,91.6321
755581,obv,BIN,32.25,78.94,False,206,relief_self_segmentation,cheap,0.0,0.0,0,0.00018,0.1084,0.1142,0.2996,0.0894,33.0,3822,False,112.0,68.0,3,0.7911,0.3031,3822,0.0,0.0,100.7391,95.6634
755581,obv,BIN,32.25,78.94,False,208,relief_self_segmentation,cheap,0.0,0.0,0,0.00016,0.2096,0.1792,0.3219,0.6721,24.5,1870,False,77.0,37.0,4,0.5178,0.4853,1870,0.0,0.0,102.2618,94.2695
755581,obv,BIN,32.25,78.94,False,255,relief_self_segmentation,cheap,0.0,0.0,0,0.00019,0.1425,0.1031,0.2792,0.2963,35.6,2997,False,96.0,92.0,3,1.5476,0.4651,2997,0.0,0.0,103.1829,96.8182
755581,obv,BIN,32.25,78.94,False,273,unclassified_ragged,expensive,0.2053,0.0756,19,0.33051,0.2502,0.789,0.5551,0.6833,536.7,1464496,False,0.0,10.0,2,0.0598,0.9365,1464496,0.0361,0.0078,108.582,83.8499
755581,rev,BIN,31.68,78.95,False,9,sub_coin_noise_blob,cheap,0.0,0.0,0,0.00145,0.3379,0.2892,0.3641,0.0,58.8,13068,False,74.0,70.0,2,0.5199,0.7712,13068,0.2263,0.1226,64.8448,47.5609
755581,rev,BIN,31.68,78.95,False,10,sub_coin_noise_blob,cheap,0.0,0.0,0,0.00194,0.2631,0.2172,0.3648,0.0,78.3,17985,False,56.0,85.0,3,0.5918,0.7164,17985,0.1474,0.0789,64.9501,53.1859
755581,rev,BIN,31.68,78.95,False,12,sub_coin_noise_blob,cheap,0.0,0.0,0,0.00166,0.0765,0.0396,0.3353,0.9926,169.7,55878,False,164.0,47.0,2,1.5968,0.3684,55878,0.1643,0.0911,75.1592,72.3317
755581,rev,BIN,31.68,78.95,False,17,sub_coin_noise_blob,cheap,0.0,0.0,0,0.00061,0.0511,0.035,0.3736,1.0,109.4,31616,False,129.0,57.0,2,4.2475,0.2832,31616,0.2357,0.109,72.0526,65.5445
755581,rev,BIN,31.68,78.95,False,31,sub_coin_noise_blob,cheap,0.0,0.0,0,0.00147,0.2533,0.315,0.3709,0.0,56.6,13038,False,76.0,68.0,3,0.4875,0.6279,13038,0.1502,0.0068,75.2268,63.1341
755581,rev,BIN,31.68,78.95,False,40,sub_coin_noise_blob,cheap,0.0,0.0,0,0.00336,0.2459,0.3088,0.3926,0.0,86.6,26312,False,67.0,84.0,3,0.5116,0.7278,26312,0.188,0.0294,75.826,60.1403
755581,rev,BIN,31.68,78.95,False,56,relief_self_segmentation,cheap,0.0649,0.0,0,0.00249,0.3035,0.2596,0.5172,1.0,81.2,17848,False,55.0,53.0,4,0.4177,0.7926,17848,0.102,0.0025,114.7134,88.9487
755581,rev,BIN,31.68,78.95,False,227,non_circular_flan,expensive,0.2435,0.0402,36,0.30454,0.1576,0.7606,0.5542,0.8156,524.7,1440465,False,2.0,14.0,4,0.0626,0.897,1440465,0.0881,0.0176,104.8158,79.6079
755582,rev,BIN,96.0,78.95,False,2,sub_coin_noise_blob,cheap,0.0,0.0,0,0.00031,0.0987,0.0473,0.2894,0.6454,67.5,11550,False,94.0,83.0,3,3.3484,0.7625,11550,0.0881,0.5519,118.7189,91.7529
755582,rev,BIN,96.0,78.95,False,3,sub_coin_noise_blob,cheap,0.0,0.0,0,0.0005,0.0684,0.0375,0.3084,0.6309,95.7,24752,False,144.0,81.0,2,2.1396,0.4385,24752,0.0933,0.5173,111.0459,97.0547
755583,rev,BIN,32.55,78.95,False,0,sub_coin_noise_blob,cheap,0.0,0.0,0,0.00034,0.1272,0.0662,0.3265,0.8625,59.2,6204,False,161.0,48.0,2,1.2951,0.4947,6204,0.1691,0.1471,115.1731,86.2109
755584,obv,BIN,31.89,78.94,False,3,sub_coin_noise_blob,cheap,0.0,0.0,0,0.00031,0.2271,0.2164,0.301,0.0,31.6,3723,False,94.0,44.0,3,0.5059,0.5797,3723,0.085,0.0,65.1905,57.825
755584,obv,BIN,31.89,78.94,False,15,sub_coin_noise_blob,cheap,0.0,0.0,0,0.00016,0.2985,0.2196,0.2891,0.0,22.6,1600,False,121.0,100.0,2,0.7229,0.6017,1600,0.0,0.0,75.0934,68.0637
755584,obv,BIN,31.89,78.94,False,22,sub_coin_noise_blob,cheap,0.0,0.0,0,0.00019,0.2946,0.2703,0.3384,0.0,22.1,2150,False,61.0,79.0,4,0.4304,0.5542,2150,0.0,0.0,76.5802,72.8721
755584,obv,BIN,31.89,78.94,False,54,relief_self_segmentation,cheap,0.0,0.0,0,0.00033,0.1533,0.2473,0.5062,1.0,30.3,3660,False,52.0,47.0,3,0.5069,0.4457,3660,0.1075,0.007,110.774,78.2952
755584,obv,BIN,31.89,78.94,False,73,relief_self_segmentation,cheap,0.0,0.0,0,0.00015,0.2024,0.126,0.4047,1.0,29.1,2520,False,91.0,104.0,5,1.2228,0.5382,2520,0.214,0.0282,99.3501,61.4235
755584,obv,BIN,31.89,78.94,False,75,relief_self_segmentation,cheap,0.0,0.0,0,0.00039,0.4177,0.4036,0.5011,1.0,25.8,2736,False,84.0,30.0,4,0.3191,0.7223,2736,0.1468,0.0941,96.3996,65.0423
755584,obv,BIN,31.89,78.94,False,82,relief_self_segmentation,cheap,0.0,0.0,0,0.00026,0.2045,0.2169,0.3423,0.0,28.9,2772,False,67.0,26.0,6,0.4319,0.4996,2772,0.0,0.0,94.5785,90.0972
755584,obv,BIN,31.89,78.94,False,90,relief_self_segmentation,cheap,0.0,0.0,0,0.00024,0.1648,0.1244,0.2906,0.1264,36.1,3132,False,57.0,106.0,2,0.8073,0.506,3132,0.0,0.0,96.2742,92.3262
755584,obv,BIN,31.89,78.94,False,95,sub_coin_noise_blob,cheap,0.1,0.0,0,0.00066,0.2664,0.214,0.4147,1.0,46.0,7008,False,114.0,61.0,4,0.6363,0.6214,7008,0.144,0.0312,86.4974,64.9802
755584,obv,BIN,31.89,78.94,False,219,non_circular_flan,expensive,0.2237,0.057,53,0.35847,0.0548,0.7123,0.5383,0.7358,588.2,1761984,False,0.0,15.0,7,0.0754,0.8066,1761984,0.1135,0.0444,102.5653,72.5649
755584,rev,BIN,31.33,78.95,False,16,sub_coin_noise_blob,cheap,0.0,0.0,0,0.00087,0.1971,0.2134,0.3475,0.0,52.8,10878,False,40.0,92.0,2,0.7172,0.5858,10878,0.1089,0.0145,66.0897,58.1524
755584,rev,BIN,31.33,78.95,False,17,sub_coin_noise_blob,cheap,0.0,0.0,0,0.00118,0.2561,0.3703,0.3683,0.0,46.7,9048,False,77.0,48.0,4,0.3908,0.6687,9048,0.2004,0.0585,65.9371,51.9103
755584,rev,BIN,31.33,78.95,False,34,sub_coin_noise_blob,cheap,0.0,0.0,0,0.0002,0.2118,0.3244,0.346,0.0,20.7,1968,False,45.0,88.0,5,0.4112,0.498,1968,0.0,0.0,76.2708,73.6618
755584,rev,BIN,31.33,78.95,False,52,relief_self_segmentation,cheap,0.0,0.0,0,0.00073,0.1052,0.2965,0.5613,1.0,41.2,7921,False,32.0,32.0,3,0.1569,0.3905,7921,0.246,0.0884,109.2728,54.708
755584,rev,BIN,31.33,78.95,False,54,sub_coin_noise_blob,cheap,0.0409,0.0,0,0.00485,0.0963,0.1245,0.3483,0.0,163.6,74800,False,113.0,80.0,4,0.9532,0.5017,74800,0.122,0.031,78.3023,72.8627
755584,rev,BIN,31.33,78.95,False,96,relief_self_segmentation,cheap,0.059,0.0,0,0.00106,0.1854,0.2844,0.4976,1.0,50.7,12221,False,81.0,31.0,6,0.3042,0.5197,12221,0.161,0.0285,100.2196,59.5224
755584,rev,BIN,31.33,78.95,False,113,relief_self_segmentation,cheap,0.0,0.0,0,0.00034,0.2514,0.3137,0.362,0.0,27.3,3111,False,54.0,31.0,4,0.4203,0.5614,3111,0.0,0.0,95.6174,91.0399
755584,rev,BIN,31.33,78.95,False,123,relief_self_segmentation,cheap,0.1517,0.0,0,0.00137,0.212,0.2641,0.3702,0.0,59.6,14364,False,48.0,69.0,4,0.3964,0.5682,14364,0.0149,0.0,93.4162,85.0643
755584,rev,BIN,31.33,78.95,False,156,relief_self_segmentation,cheap,0.0131,0.0,0,0.01192,0.0901,0.0842,0.4329,0.9061,312.0,275328,False,138.0,45.0,2,0.9026,0.2874,275328,0.0588,0.0151,98.431,91.6129
755584,rev,BIN,31.33,78.95,False,160,relief_self_segmentation,cheap,0.0,0.0,0,0.00015,0.4236,0.3028,0.509,1.0,18.4,1056,False,57.0,50.0,2,0.3921,0.7368,1056,0.3426,0.071,96.7665,49.7886
755584,rev,BIN,31.33,78.95,False,180,relief_self_segmentation,cheap,0.0,0.0,0,0.0006,0.1271,0.1984,0.4596,1.0,45.5,6901,False,110.0,59.0,2,0.3863,0.4416,6901,0.2305,0.057,98.9945,54.9292
755584,rev,BIN,31.33,78.95,False,187,relief_self_segmentation,expensive,0.2519,0.0359,34,0.26549,0.1485,0.7712,0.6006,0.9998,486.5,1278000,False,6.0,0.0,0,0.0787,0.867,1278000,0.2096,0.0749,100.5384,58.2871
755584,rev,BIN,31.33,78.95,False,264,relief_self_segmentation,cheap,0.0,0.0,0,0.00014,0.1206,0.0647,0.2588,0.0,38.5,3060,False,86.0,120.0,3,2.2122,0.463,3060,0.0,0.0,104.6359,97.1013
755584,rev,BIN,31.33,78.95,False,274,relief_self_segmentation,cheap,0.0494,0.011,2,0.04278,0.0594,0.1679,0.3842,0.3223,418.6,527592,False,128.0,80.0,3,1.325,0.4098,527592,0.0537,0.016,95.9837,91.5276
755585,obv,BIN,32.81,78.94,False,33,sub_coin_noise_blob,cheap,0.0,0.0,0,0.00038,0.2402,0.2061,0.4303,1.0,35.6,4300,False,84.0,100.0,2,0.6261,0.5677,4300,0.1392,0.0166,113.3359,76.8091
755585,rev,BIN,33.44,78.95,False,194,relief_self_segmentation,cheap,0.0,0.0,0,0.00032,0.187,0.1166,0.2901,0.3934,43.5,4851,False,81.0,94.0,2,1.4309,0.5957,4851,0.0,0.0,102.121,99.1643
755585,rev,BIN,33.44,78.95,False,199,relief_self_segmentation,cheap,0.0,0.0,0,0.00016,0.2941,0.2162,0.2804,0.0,22.5,1836,False,91.0,62.0,2,0.5387,0.6343,1836,0.0,0.0,101.2947,97.5497
755585,rev,BIN,33.44,78.95,False,269,relief_self_segmentation,cheap,0.0651,0.0,0,0.00086,0.1016,0.1202,0.2767,0.2138,70.0,14365,False,77.0,58.0,5,0.7737,0.3929,14365,0.0,0.0,100.8974,97.2324
755586,obv,BIN,30.32,78.94,False,6,sub_coin_noise_blob,cheap,0.0,0.0,0,0.00026,0.2527,0.2551,0.3438,0.0,26.5,2790,False,63.0,48.0,5,0.4726,0.5458,2790,0.0,0.0,65.4401,62.507
755586,obv,BIN,30.32,78.94,False,14,sub_coin_noise_blob,cheap,0.0,0.0,0,0.00102,0.1985,0.2079,0.354,0.0,58.1,12192,False,87.0,54.0,3,0.5508,0.6068,12192,0.1856,0.0991,65.4607,49.7842
755586,obv,BIN,30.32,78.94,False,16,sub_coin_noise_blob,cheap,0.0,0.0,0,0.00112,0.092,0.0489,0.376,1.0,125.3,36414,False,140.0,72.0,2,2.6814,0.5175,36414,0.1904,0.1423,79.6425,67.4385
755586,obv,BIN,30.32,78.94,False,18,sub_coin_noise_blob,cheap,0.0,0.0,0,0.00158,0.078,0.0439,0.3738,1.0,157.0,62650,False,149.0,92.0,2,3.4525,0.3796,62650,0.1454,0.0814,82.1627,72.6166
755586,obv,BIN,30.32,78.94,False,27,relief_self_segmentation,cheap,0.0,0.0,0,0.00024,0.1098,0.0522,0.285,1.0,55.9,9200,False,79.0,88.0,3,2.8891,0.6266,9200,0.3754,0.0781,93.0246,57.3792
755586,obv,BIN,30.32,78.94,False,31,sub_coin_noise_blob,cheap,0.0,0.0,0,0.00154,0.1313,0.1969,0.3413,0.0,73.4,18720,False,84.0,80.0,3,0.8002,0.5073,18720,0.1408,0.0034,76.3392,64.3141
755586,obv,BIN,30.32,78.94,False,34,sub_coin_noise_blob,cheap,0.0,0.0,0,0.0029,0.214,0.2271,0.4066,0.0,93.8,29568,False,102.0,66.0,4,0.562,0.6757,29568,0.1692,0.0228,76.414,63.477
755586,obv,BIN,30.32,78.94,False,42,sub_coin_noise_blob,cheap,0.0,0.0,0,0.00041,0.4928,0.3967,0.3476,0.0,26.7,2684,False,52.0,60.0,3,0.3648,0.8102,2684,0.0,0.0,82.824,78.6126
755586,obv,BIN,30.32,78.94,False,51,sub_coin_noise_blob,cheap,0.0,0.0,0,0.00035,0.1499,0.1482,0.3085,0.0,40.0,4171,False,95.0,76.0,3,1.0021,0.4649,4171,0.0002,0.0,86.0938,80.4114
755586,obv,BIN,30.32,78.94,False,141,relief_self_segmentation,cheap,0.0,0.0,0,0.00014,0.1102,0.078,0.2466,0.0897,35.2,3060,False,140.0,37.0,4,0.7597,0.3753,3060,0.0,0.0,102.3828,96.3777
755586,obv,BIN,30.32,78.94,False,199,unclassified_ragged,expensive,0.2251,0.0935,23,0.37333,0.1558,0.7997,0.5591,0.387,566.6,1682694,False,0.0,0.0,0,0.0408,0.9042,1682694,0.0592,0.0192,97.621,84.052
755586,rev,BIN,30.17,78.95,False,7,sub_coin_noise_blob,cheap,0.0,0.0,0,0.00054,0.107,0.0531,0.3761,0.997,83.5,10200,False,143.0,51.0,2,1.8045,0.576,10200,0.251,0.185,74.7099,53.8762
755586,rev,BIN,30.17,78.95,False,14,sub_coin_noise_blob,cheap,0.0,0.0,0,0.00214,0.2853,0.2368,0.3701,0.0,78.8,18857,False,58.0,84.0,2,0.6656,0.7407,18857,0.1727,0.0917,64.5109,51.1465
755586,rev,BIN,30.17,78.95,False,15,sub_coin_noise_blob,cheap,0.0,0.0,0,0.00021,0.0994,0.0515,0.3938,1.0,53.3,7018,False,157.0,78.0,2,2.1865,0.4611,7018,0.3548,0.2485,78.8099,41.2384
755586,rev,BIN,30.17,78.95,False,20,sub_coin_noise_blob,cheap,0.0,0.0,0,0.00196,0.1636,0.1923,0.3713,0.0,83.6,24366,False,92.0,98.0,2,0.6433,0.6482,24366,0.1989,0.1334,65.8202,48.1868
755586,rev,BIN,30.17,78.95,False,25,sub_coin_noise_blob,cheap,0.0,0.0,0,0.0003,0.0953,0.0452,0.3841,1.0,67.7,13365,False,160.0,49.0,2,2.0347,0.5623,13365,0.3024,0.1978,79.1888,45.6212
755586,rev,BIN,30.17,78.95,False,45,sub_coin_noise_blob,cheap,0.0221,0.0,0,0.00323,0.2461,0.331,0.3815,0.0,82.0,23288,False,55.0,73.0,3,0.4248,0.7327,23288,0.1856,0.0027,75.9414,62.3231
755586,rev,BIN,30.17,78.95,False,47,sub_coin_noise_blob,cheap,0.0539,0.0,0,0.00252,0.1865,0.2073,0.3816,0.0,91.4,27864,False,76.0,90.0,3,0.7099,0.6412,27864,0.1709,0.0481,76.59,60.993
755586,rev,BIN,30.17,78.95,False,53,sub_coin_noise_blob,cheap,0.0,0.0,0,0.00028,0.1815,0.1763,0.3338,0.0,33.2,3432,False,74.0,61.0,4,0.5378,0.4998,3432,0.0,0.0,83.515,79.5323
755586,rev,BIN,30.17,78.95,False,122,relief_self_segmentation,cheap,0.0461,0.0,0,0.00125,0.1565,0.4167,0.3644,0.0,45.5,8925,False,20.0,27.0,7,0.1936,0.5861,8925,0.0,0.0,94.7161,91.0857
755586,rev,BIN,30.17,78.95,False,132,relief_self_segmentation,cheap,0.0,0.0,0,0.00021,0.1993,0.1376,0.2475,0.0,32.1,2541,False,93.0,83.0,2,1.0807,0.5638,2541,0.0,0.0,98.4096,91.4807
755586,rev,BIN,30.17,78.95,False,134,relief_self_segmentation,cheap,0.0,0.0,0,0.00023,0.1633,0.1766,0.2899,0.0,29.8,3168,False,95.0,117.0,2,1.1266,0.4155,3168,0.0,0.0,97.8893,93.1011
755586,rev,BIN,30.17,78.95,False,276,relief_self_segmentation,cheap,0.0,0.0,0,0.00022,0.2142,0.1415,0.2579,0.0,33.1,3075,False,117.0,69.0,4,0.6083,0.6019,3075,0.0,0.0,100.966,97.1785
755586,rev,BIN,30.17,78.95,False,331,low_contrast_coastline,expensive,0.1611,0.0355,28,0.32285,0.1804,0.7592,0.5638,0.7912,540.7,1506132,False,0.0,17.0,3,0.0565,0.9286,1506132,0.0763,0.0282,102.377,80.2883
755587,obv,BIN,29.55,78.94,False,25,sub_coin_noise_blob,cheap,0.0,0.0,0,0.00124,0.1776,0.1759,0.287,0.0,69.6,16241,False,98.0,71.0,2,1.0727,0.5663,16241,0.1437,0.0057,77.0342,63.9151
755587,obv,BIN,29.55,78.94,False,48,relief_self_segmentation,cheap,0.0,0.0,0,0.00032,0.3043,0.2701,0.3408,0.0,28.5,2880,False,52.0,68.0,2,0.894,0.6212,2880,0.0,0.0,89.4823,82.7081
755587,obv,BIN,29.55,78.94,False,80,relief_self_segmentation,cheap,0.0,0.0,0,0.00029,0.1773,0.2464,0.5164,1.0,28.3,3510,False,105.0,56.0,4,0.2965,0.4536,3510,0.2471,0.0422,105.461,58.6079
755587,obv,BIN,29.55,78.94,False,86,relief_self_segmentation,cheap,0.0583,0.0,0,0.00273,0.105,0.2318,0.3987,0.0,89.9,28710,False,92.0,94.0,3,0.7008,0.5331,28710,0.0762,0.0121,92.9869,80.3652
755587,obv,BIN,29.55,78.94,False,91,relief_self_segmentation,cheap,0.0,0.0,0,0.00048,0.1099,0.1423,0.3545,0.4495,48.0,8284,False,108.0,34.0,5,0.5286,0.34,8284,0.0321,0.001,101.8391,85.5583
755587,obv,BIN,29.55,78.94,False,118,relief_self_segmentation,cheap,0.0,0.0,0,0.00018,0.3295,0.3471,0.4866,1.0,19.1,1476,False,49.0,45.0,4,0.336,0.6408,1476,0.1935,0.085,129.8822,61.8504
755587,obv,BIN,29.55,78.94,False,122,relief_self_segmentation,cheap,0.0,0.0,0,0.00126,0.0955,0.1525,0.424,0.8418,75.3,20160,False,49.0,70.0,3,0.8085,0.4083,20160,0.0995,0.0713,109.9764,80.4155
755587,obv,BIN,29.55,78.94,False,142,low_contrast_coastline,expensive,0.2421,0.0322,50,0.33159,0.1114,0.8489,0.6136,0.992,518.2,1455612,False,3.0,0.0,0,0.0409,0.9111,1455612,0.2199,0.1013,108.8098,60.0238
755587,rev,BIN,29.91,78.95,False,9,sub_coin_noise_blob,cheap,0.0,0.0,0,0.00088,0.2627,0.2653,0.3481,0.0,47.8,8393,False,89.0,46.0,4,0.3744,0.6416,8393,0.1683,0.0439,65.8517,53.4737
755587,rev,BIN,29.91,78.95,False,23,sub_coin_noise_blob,cheap,0.0,0.0,0,0.00072,0.1588,0.1695,0.3489,0.0,54.2,9711,False,29.0,47.0,4,0.832,0.5073,9711,0.1463,0.0035,75.424,62.9213
755587,rev,BIN,29.91,78.95,False,29,sub_coin_noise_blob,cheap,0.0,0.0,0,0.0011,0.2445,0.2472,0.2914,0.0,55.3,11088,False,79.0,80.0,2,0.7264,0.5917,11088,0.1168,0.0006,76.8448,66.4734
755588,obv,BIN,30.49,78.94,False,6,sub_coin_noise_blob,cheap,0.0,0.0,0,0.00041,0.2244,0.1834,0.3315,0.0,39.4,4950,False,76.0,87.0,3,0.613,0.603,4950,0.1508,0.0076,64.9261,55.2907
755588,obv,BIN,30.49,78.94,False,10,sub_coin_noise_blob,cheap,0.0,0.0,0,0.00034,0.0882,0.0441,0.3566,0.9929,73.1,12956,False,77.0,98.0,2,3.6698,0.5949,12956,0.2543,0.1813,74.042,60.6693
755588,obv,BIN,30.49,78.94,False,11,relief_self_segmentation,cheap,0.0,0.0,0,0.00158,0.0721,0.0369,0.3341,0.9583,171.7,62556,False,141.0,85.0,2,2.4675,0.4295,62556,0.1014,0.0861,88.8617,83.8428
755588,obv,BIN,30.49,78.94,False,37,relief_self_segmentation,cheap,0.0,0.0,0,0.00027,0.1434,0.0701,0.3865,1.0,51.1,6325,False,135.0,86.0,2,1.8757,0.6099,6325,0.1221,0.034,110.0446,76.7331
755588,rev,BIN,30.2,78.95,False,8,sub_coin_noise_blob,cheap,0.0,0.0,0,0.00096,0.1219,0.1651,0.3459,0.0,63.1,12596,False,88.0,88.0,3,0.7051,0.4876,12596,0.1859,0.0875,63.8148,50.9134
755588,rev,BIN,30.2,78.95,False,11,sub_coin_noise_blob,cheap,0.0,0.0,0,0.00093,0.1828,0.1993,0.3516,0.0,56.6,11844,False,44.0,72.0,3,0.6462,0.6111,11844,0.2219,0.1113,64.9273,48.0956
755588,rev,BIN,30.2,78.95,False,12,sub_coin_noise_blob,cheap,0.0,0.0,0,0.00204,0.093,0.0505,0.3434,0.9985,166.8,59985,False,148.0,82.0,3,2.8661,0.4523,59985,0.1262,0.1148,76.3188,71.9578
755588,rev,BIN,30.2,78.95,False,13,sub_coin_noise_blob,cheap,0.0,0.0,0,0.00148,0.0855,0.0452,0.3436,0.9966,150.1,51060,False,162.0,81.0,3,2.6157,0.4327,51060,0.1451,0.0899,74.2773,76.4234
755588,rev,BIN,30.2,78.95,False,17,relief_self_segmentation,cheap,0.0,0.0,0,0.00018,0.1863,0.097,0.366,1.0,35.4,3844,False,69.0,92.0,2,3.1495,0.5986,3844,0.3745,0.3232,93.4978,32.6654
755588,rev,BIN,30.2,78.95,False,25,sub_coin_noise_blob,cheap,0.0,0.0,0,0.00029,0.1154,0.1627,0.2785,0.0,35.0,4380,False,73.0,85.0,2,0.5867,0.4147,4380,0.0006,0.0,75.5014,70.2223
755588,rev,BIN,30.2,78.95,False,30,sub_coin_noise_blob,cheap,0.0,0.0,0,0.0003,0.1187,0.1948,0.3076,0.0,32.7,3933,False,71.0,90.0,2,1.0809,0.3855,3933,0.0,0.0,77.6937,73.7854
755588,rev,BIN,30.2,78.95,False,39,relief_self_segmentation,cheap,0.0,0.0,0,0.00025,0.1462,0.0715,0.3761,1.0,48.7,6104,False,83.0,73.0,2,1.3602,0.7333,6104,0.2723,0.1218,92.272,52.4177
755589,obv,BIN,31.04,78.94,False,2,relief_self_segmentation,cheap,0.0,0.0,0,0.00017,0.2821,0.1471,0.3852,0.5304,28.5,1496,False,92.0,67.0,3,0.967,0.7926,1496,0.3772,0.265,92.823,37.0148
755589,obv,BIN,31.04,78.94,False,5,relief_self_segmentation,cheap,0.0,0.0,0,0.00103,0.1402,0.0694,0.3644,0.8886,101.0,29678,False,145.0,84.0,2,1.8659,0.6443,29678,0.1979,0.1031,92.9006,78.8022
755589,obv,BIN,31.04,78.94,False,13,sub_coin_noise_blob,cheap,0.0,0.0,0,0.00016,0.2137,0.1513,0.2977,0.0,26.9,2352,False,84.0,50.0,3,0.8801,0.4967,2352,0.0,0.0,79.1951,72.8342
755589,obv,BIN,31.04,78.94,False,18,relief_self_segmentation,cheap,0.0,0.0,0,0.00056,0.0817,0.0394,0.3239,0.986,99.1,27170,False,161.0,63.0,2,2.5686,0.4933,27170,0.1883,0.0486,100.0623,73.8992
755589,obv,BIN,31.04,78.94,False,49,relief_self_segmentation,cheap,0.0,0.0,0,0.00069,0.0452,0.0214,0.3389,1.0,148.9,64960,False,166.0,43.0,2,2.0134,0.2564,64960,0.0757,0.0156,118.7832,96.5755
755589,rev,BIN,30.81,78.95,False,9,sub_coin_noise_blob,cheap,0.0,0.0,0,0.00016,0.2133,0.356,0.3402,0.0,17.4,1560,False,49.0,79.0,6,0.4583,0.4769,1560,0.0,0.0,76.1521,73.8173
755589,rev,BIN,30.81,78.95,False,15,sub_coin_noise_blob,cheap,0.0,0.0,0,0.00054,0.251,0.2538,0.3298,0.0,38.1,5610,False,80.0,92.0,2,0.7692,0.5849,5610,0.0534,0.0,76.5163,68.0267
755589,rev,BIN,30.81,78.95,False,21,relief_self_segmentation,cheap,0.0,0.0,0,0.00123,0.0532,0.0274,0.3527,0.9944,175.6,55461,False,164.0,40.0,2,1.6353,0.2747,55461,0.0719,0.012,109.5348,95.6328
755590,obv,BIN,32.56,78.94,False,6,sub_coin_noise_blob,cheap,0.0,0.0,0,0.00015,0.5741,0.4621,0.3802,0.0,14.9,1044,False,58.0,63.0,4,0.2685,0.824,1044,0.0,0.0,65.6574,63.4679
755590,obv,BIN,32.56,78.94,False,16,sub_coin_noise_blob,cheap,0.0,0.0,0,0.0003,0.0943,0.0521,0.3607,1.0,62.5,8140,False,149.0,44.0,3,1.5956,0.4176,8140,0.2887,0.2021,83.0497,55.7979
755590,obv,BIN,32.56,78.94,False,22,sub_coin_noise_blob,cheap,0.0,0.0,0,0.00028,0.0861,0.0658,0.3797,1.0,53.7,8249,False,84.0,78.0,3,3.5004,0.4098,8249,0.3734,0.1747,80.8944,47.6927
755590,obv,BIN,32.56,78.94,False,35,sub_coin_noise_blob,cheap,0.0,0.0,0,0.00024,0.113,0.1013,0.264,0.0,40.4,5402,False,121.0,84.0,3,1.0548,0.3523,5402,0.0547,0.0,74.9533,67.8714
755590,obv,BIN,32.56,78.94,False,38,sub_coin_noise_blob,cheap,0.0,0.0,0,0.00017,0.2477,0.1319,0.4152,1.0,29.5,2585,False,60.0,72.0,2,0.9421,0.7293,2585,0.5437,0.0703,82.1899,42.3133
755590,obv,BIN,32.56,78.94,False,83,relief_self_segmentation,cheap,0.0,0.0,0,0.00022,0.2019,0.2999,0.5254,1.0,22.3,2295,False,61.0,55.0,4,0.2336,0.4781,2295,0.1943,0.0153,120.9113,67.4509
755590,obv,BIN,32.56,78.94,False,126,unclassified_ragged,expensive,0.2841,0.0835,33,0.31963,0.1464,0.8309,0.602,0.8873,514.3,1420860,False,0.0,0.0,0,0.0462,0.894,1420860,0.1513,0.0233,105.6264,72.1273
755590,rev,BIN,32.93,78.95,False,6,sub_coin_noise_blob,cheap,0.0,0.0,0,0.00015,0.2732,0.1605,0.3811,0.9714,25.6,1612,False,101.0,97.0,2,0.8736,0.66,1612,0.377,0.0443,86.6909,50.8798
755590,rev,BIN,32.93,78.95,False,11,sub_coin_noise_blob,cheap,0.0,0.0,0,0.00028,0.1368,0.0738,0.3599,0.8725,51.4,5734,False,110.0,69.0,2,1.6821,0.6114,5734,0.2779,0.187,83.7469,64.2433
755591,rev,BIN,31.04,78.95,False,110,sub_coin_noise_blob,cheap,0.0,0.0,0,0.00029,0.1598,0.1094,0.2964,0.328,43.0,5194,False,109.0,83.0,2,1.4887,0.5293,5194,0.0,0.0,102.3051,95.8316
755591,rev,BIN,31.04,78.95,False,111,low_contrast_coastline,expensive,0.2281,0.0496,39,0.34331,0.2292,0.837,0.5778,0.9143,531.1,1498750,False,0.0,0.0,0,0.0297,0.9443,1498750,0.1084,0.0103,107.6366,77.5712
755591,rev,BIN,31.04,78.95,False,132,sub_coin_noise_blob,cheap,0.0,0.0,0,0.00023,0.0767,0.0804,0.2913,0.1681,44.6,5508,False,106.0,31.0,4,0.7911,0.3209,5508,0.0,0.0,102.8013,97.1244
755592,obv,BIN,32.85,78.94,False,35,sub_coin_noise_blob,cheap,0.0,0.0,0,0.00029,0.137,0.1019,0.3945,1.0,44.4,6408,False,87.0,103.0,2,1.0652,0.4213,6408,0.0142,0.0,106.9029,81.3617
755592,obv,BIN,32.85,78.94,False,81,sub_coin_noise_blob,cheap,0.0,0.0,0,0.00023,0.0921,0.0807,0.2808,0.2186,44.6,5292,False,101.0,96.0,2,0.9623,0.341,5292,0.0,0.0,102.8671,97.0931
755592,rev,BIN,32.17,78.95,False,3,sub_coin_noise_blob,cheap,0.0,0.0,0,0.00036,0.2406,0.3363,0.3714,0.0,27.1,3477,False,78.0,45.0,5,0.4676,0.5679,3477,0.0,0.0,65.0452,61.8481
755592,rev,BIN,32.17,78.95,False,5,sub_coin_noise_blob,cheap,0.0,0.0,0,0.00014,0.2973,0.2093,0.3441,0.0,21.6,1352,False,46.0,57.0,2,0.5476,0.6371,1352,0.0,0.0,68.0226,63.0753
755592,rev,BIN,32.17,78.95,False,7,relief_self_segmentation,cheap,0.0,0.0,0,0.00021,0.102,0.056,0.3812,1.0,51.0,7728,False,137.0,54.0,2,2.2601,0.4459,7728,0.2963,0.1092,90.5805,63.1608
755592,rev,BIN,32.17,78.95,False,16,sub_coin_noise_blob,cheap,0.0,0.0,0,0.00118,0.1099,0.1325,0.3071,0.0,78.1,20336,False,94.0,63.0,3,1.0197,0.4611,20336,0.127,0.0121,76.6933,66.341
755592,rev,BIN,32.17,78.95,False,24,relief_self_segmentation,cheap,0.0,0.0,0,0.00023,0.1072,0.0502,0.3633,1.0,56.0,4860,False,115.0,81.0,3,1.7926,0.6022,4860,0.127,0.0438,115.4483,73.4746
755593,obv,BIN,30.38,78.94,False,13,sub_coin_noise_blob,cheap,0.0,0.0,0,0.00094,0.3907,0.3371,0.3525,0.0,43.9,7084,False,77.0,85.0,2,0.4181,0.8012,7084,0.2085,0.0361,65.0219,52.0115
755593,obv,BIN,30.38,78.94,False,16,relief_self_segmentation,cheap,0.0,0.0,0,0.00014,0.2875,0.1398,0.3939,1.0,26.5,1998,False,89.0,92.0,2,1.0168,0.8271,1998,0.4273,0.3011,95.6919,33.8778
755593,obv,BIN,30.38,78.94,False,31,sub_coin_noise_blob,cheap,0.0335,0.0,0,0.00169,0.1553,0.1982,0.3636,0.0,76.6,18720,False,88.0,52.0,3,0.7403,0.5381,18720,0.1565,0.0193,76.2083,63.3742
755593,obv,BIN,30.38,78.94,False,179,relief_self_segmentation,cheap,0.0,0.0,0,0.00015,0.3529,0.2151,0.2931,0.0,21.9,1376,False,98.0,61.0,3,0.5015,0.6956,1376,0.0,0.0,101.3118,96.9891
755593,obv,BIN,30.38,78.94,False,208,low_contrast_coastline,expensive,0.1869,0.0251,42,0.36412,0.1793,0.8324,0.5715,0.7222,548.4,1595026,False,0.0,0.0,0,0.0439,0.9219,1595026,0.1161,0.0397,92.8226,74.749
755593,rev,BIN,31.03,78.95,False,35,sub_coin_noise_blob,cheap,0.0,0.0,0,0.00057,0.0692,0.0888,0.4779,1.0,66.3,13650,False,94.0,46.0,3,0.7046,0.3111,13650,0.0481,0.0002,106.695,86.5624
755594,rev,BIN,32.35,78.95,False,5,sub_coin_noise_blob,cheap,0.0,0.0,0,0.00089,0.0615,0.0295,0.2947,0.3631,144.2,45024,False,168.0,43.0,2,2.0167,0.3572,45024,0.1345,0.0683,88.3862,90.973
755595,obv,BIN,32.51,78.94,False,16,sub_coin_noise_blob,cheap,0.0,0.0,0,0.00016,0.4653,0.3328,0.3661,0.0,18.4,1221,False,93.0,55.0,2,0.3409,0.7918,1221,0.0,0.0,75.3098,69.9172
755595,obv,BIN,32.51,78.94,False,21,sub_coin_noise_blob,cheap,0.0,0.0,0,0.00028,0.1213,0.1474,0.3135,0.0,35.9,4810,False,110.0,110.0,2,0.8313,0.3796,4810,0.0631,0.0,79.8494,69.7001
755595,obv,BIN,32.51,78.94,False,56,relief_self_segmentation,cheap,0.0,0.0,0,0.00026,0.5029,0.4672,0.5502,1.0,19.7,1628,False,57.0,78.0,3,0.2702,0.7588,1628,0.0175,0.0,102.3774,74.751
755595,obv,BIN,32.51,78.94,False,57,relief_self_segmentation,cheap,0.0,0.0,0,0.00048,0.2408,0.2049,0.4582,1.0,40.3,5100,False,95.0,91.0,4,0.6038,0.5665,5100,0.1618,0.0752,121.6405,64.3984
755595,obv,BIN,32.51,78.94,False,98,relief_self_segmentation,cheap,0.0,0.0,0,0.00107,0.1332,0.2171,0.347,0.0278,58.3,12768,False,44.0,64.0,4,0.3609,0.5128,12768,0.0604,0.0,94.0103,80.41
755595,obv,BIN,32.51,78.94,False,102,relief_self_segmentation,cheap,0.0285,0.0,0,0.00313,0.1137,0.3185,0.4018,0.1476,82.1,28891,False,32.0,55.0,5,0.329,0.548,28891,0.0535,0.0,93.3487,84.8166
755595,obv,BIN,32.51,78.94,False,119,relief_self_segmentation,cheap,0.0,0.0,0,0.00019,0.1686,0.2442,0.5152,1.0,22.8,1836,False,66.0,69.0,5,0.558,0.4363,1836,0.0791,0.0019,113.9726,74.1201
755595,obv,BIN,32.51,78.94,False,131,relief_self_segmentation,cheap,0.0,0.0,0,0.00034,0.148,0.2327,0.476,1.0,31.5,5032,False,64.0,27.0,5,0.2979,0.395,5032,0.2743,0.0248,126.704,59.1528
755595,obv,BIN,32.51,78.94,False,154,relief_self_segmentation,cheap,0.2031,0.0,0,0.0021,0.1867,0.3695,0.5392,1.0,62.5,19500,False,70.0,39.0,7,0.3574,0.5795,19500,0.0385,0.0027,98.3878,79.3689
755595,obv,BIN,32.51,78.94,False,162,relief_self_segmentation,cheap,0.0,0.0,0,0.00015,0.1359,0.109,0.2834,0.0,30.6,2860,False,81.0,95.0,2,1.6055,0.3602,2860,0.0,0.0,98.8325,94.4359
755595,obv,BIN,32.51,78.94,False,181,relief_self_segmentation,expensive,0.192,0.0388,31,0.27502,0.0322,0.6767,0.5222,0.9846,528.6,1430092,False,42.0,33.0,5,0.1136,0.7425,1430092,0.2086,0.0659,115.6147,63.9749
755595,rev,BIN,32.67,78.95,False,27,relief_self_segmentation,cheap,0.0,0.0,0,0.00055,0.4481,0.368,0.5153,1.0,32.1,4161,False,77.0,108.0,2,0.4939,0.7952,4161,0.0366,0.001,141.7539,83.0098
755595,rev,BIN,32.67,78.95,False,42,relief_self_segmentation,cheap,0.0,0.0,0,0.00104,0.1661,0.352,0.5075,1.0,45.0,11009,False,50.0,73.0,5,0.5238,0.4588,11009,0.0763,0.0063,130.8722,76.5405
755595,rev,BIN,32.67,78.95,False,48,relief_self_segmentation,cheap,0.0,0.0,0,0.0004,0.1614,0.2285,0.4576,1.0,34.9,4602,False,83.0,58.0,4,0.9618,0.4654,4602,0.1194,0.0817,124.68,68.1483
755595,rev,BIN,32.67,78.95,False,52,relief_self_segmentation,cheap,0.0,0.0,0,0.00066,0.1758,0.261,0.4975,0.9889,41.8,7654,False,65.0,32.0,3,0.2839,0.447,7654,0.2306,0.0364,146.8474,63.8215
755595,rev,BIN,32.67,78.95,False,53,relief_self_segmentation,cheap,0.0,0.0,0,0.00024,0.2257,0.1582,0.478,1.0,32.2,2541,False,67.0,83.0,5,0.826,0.5886,2541,0.2163,0.0457,111.9029,79.6756
755595,rev,BIN,32.67,78.95,False,54,relief_self_segmentation,cheap,0.0,0.0,0,0.00057,0.1262,0.2538,0.4918,0.9966,39.4,7832,False,79.0,18.0,5,0.4161,0.4051,7832,0.2325,0.1503,145.2679,55.5371
755595,rev,BIN,32.67,78.95,False,59,relief_self_segmentation,cheap,0.0,0.0,0,0.00043,0.3085,0.3157,0.4938,0.9941,30.6,3404,False,79.0,39.0,4,0.4508,0.6569,3404,0.2304,0.0773,128.7826,62.5277
755595,rev,BIN,32.67,78.95,False,61,relief_self_segmentation,cheap,0.0,0.0,0,0.00019,0.3258,0.1909,0.4438,1.0,26.5,1638,False,78.0,83.0,2,0.9376,0.7326,1638,0.2585,0.0493,154.8771,60.938
755595,rev,BIN,32.67,78.95,False,62,relief_self_segmentation,cheap,0.0,0.0,0,0.00059,0.4771,0.3967,0.5136,1.0,32.0,3300,False,91.0,82.0,2,0.4189,0.7969,3300,0.2599,0.0573,112.2866,62.4138
755595,rev,BIN,32.67,78.95,False,68,relief_self_segmentation,cheap,0.0,0.0,0,0.00093,0.1158,0.3208,0.5045,1.0,44.7,8240,False,24.0,53.0,4,0.2561,0.5079,8240,0.1387,0.1013,118.052,65.7171
755595,rev,BIN,32.67,78.95,False,93,relief_self_segmentation,expensive,0.2778,0.0434,47,0.28063,0.0482,0.7138,0.578,0.9804,519.9,1442365,False,27.0,2.0,1,0.0926,0.7857,1442365,0.1389,0.0514,115.5628,72.9445
755596,obv,BIN,36.02,78.94,False,11,sub_coin_noise_blob,cheap,0.0,0.0,0,0.00044,0.0784,0.0369,0.3329,1.0,90.3,24167,False,141.0,56.0,2,2.3664,0.5938,24167,0.222,0.0547,92.9536,69.0411
755596,obv,BIN,36.02,78.94,False,75,backdrop_vignette_blob,expensive,0.4436,0.4023,21,0.33035,0.1577,0.8144,0.6056,0.953,528.1,1515261,False,0.0,0.0,0,0.0321,0.9223,1515261,0.1758,0.0361,101.345,71.8595
755597,obv,BIN,29.56,78.94,False,67,relief_self_segmentation,cheap,0.0,0.0,0,0.00019,0.4687,0.3267,0.5009,1.0,20.2,1350,False,103.0,88.0,2,0.575,0.8416,1350,0.3112,0.1305,97.7408,49.7189
755597,obv,BIN,29.56,78.94,False,78,relief_self_segmentation,cheap,0.0,0.0,0,0.00026,0.1712,0.1987,0.4626,0.9941,30.1,3564,False,105.0,57.0,4,0.5598,0.3733,3564,0.1888,0.3016,98.7803,44.7348
755597,obv,BIN,29.56,78.94,False,80,relief_self_segmentation,cheap,0.0,0.0,0,0.00042,0.1187,0.1695,0.4599,1.0,41.3,6696,False,100.0,38.0,3,0.4852,0.3899,6696,0.2734,0.1157,92.8967,57.0967
755597,obv,BIN,29.56,78.94,False,175,low_contrast_coastline,expensive,0.2031,0.0289,51,0.39127,0.0417,0.7302,0.539,0.6769,607.0,1872225,False,0.0,4.0,8,0.0595,0.8302,1872225,0.1049,0.0588,102.4384,74.5861
755597,rev,BIN,28.65,78.95,False,6,sub_coin_noise_blob,cheap,0.0,0.0,0,0.00035,0.2685,0.264,0.352,0.0,30.3,3528,False,74.0,70.0,2,0.5353,0.6085,3528,0.0232,0.0,64.4786,58.3374
755597,rev,BIN,28.65,78.95,False,9,sub_coin_noise_blob,cheap,0.0,0.0,0,0.00019,0.277,0.2526,0.3292,0.0,22.6,1836,False,109.0,55.0,5,0.5644,0.5916,1836,0.0,0.0,65.3571,61.6243
755597,rev,BIN,28.65,78.95,False,12,sub_coin_noise_blob,cheap,0.0,0.0,0,0.00015,0.2163,0.1571,0.2646,0.0,25.6,2160,False,78.0,85.0,2,1.1619,0.5255,2160,0.0006,0.0,67.8403,61.8166
755597,rev,BIN,28.65,78.95,False,20,sub_coin_noise_blob,cheap,0.0,0.0,0,0.00051,0.2012,0.1909,0.286,0.0,42.7,5994,False,104.0,79.0,3,0.8146,0.4952,5994,0.0067,0.0,75.0307,69.4632
755597,rev,BIN,28.65,78.95,False,30,sub_coin_noise_blob,cheap,0.1419,0.0,0,0.00044,0.2402,0.2362,0.325,0.0,35.8,4599,False,47.0,52.0,6,0.4853,0.573,4599,0.103,0.0,78.0892,65.2387
755597,rev,BIN,28.65,78.95,False,53,relief_self_segmentation,cheap,0.0,0.0,0,0.00022,0.2484,0.3106,0.3517,0.0,22.0,2156,False,54.0,45.0,6,0.4485,0.5422,2156,0.0,0.0,90.6623,86.6067
755597,rev,BIN,28.65,78.95,False,211,unclassified_ragged,expensive,0.2508,0.0715,50,0.43986,0.1249,0.7851,0.5086,0.3072,620.6,1935024,False,0.0,0.0,0,0.0461,0.8995,1935024,0.1074,0.0388,91.5357,76.731
755598,obv,BIN,30.94,78.94,False,7,sub_coin_noise_blob,cheap,0.0,0.0,0,0.0004,0.0844,0.0411,0.3556,0.9753,81.8,11310,False,138.0,86.0,4,3.2307,0.6465,11310,0.2651,0.2026,69.6138,51.3582
755598,obv,BIN,30.94,78.94,False,12,sub_coin_noise_blob,cheap,0.0,0.0,0,0.00087,0.1103,0.1265,0.2784,0.0,68.8,16224,False,96.0,80.0,4,0.8357,0.4198,16224,0.1371,0.0638,66.8763,54.0792
755598,obv,BIN,30.94,78.94,False,13,sub_coin_noise_blob,cheap,0.0702,0.0,0,0.00167,0.2128,0.2518,0.3568,0.0,67.6,14900,False,61.0,77.0,3,0.5268,0.6436,14900,0.1787,0.098,65.6348,50.406
755598,obv,BIN,30.94,78.94,False,36,sub_coin_noise_blob,cheap,0.0,0.0,0,0.00344,0.2084,0.3012,0.3908,0.0,88.7,28675,False,78.0,70.0,2,0.4698,0.6658,28675,0.2134,0.0337,75.9486,59.8401
755598,obv,BIN,30.94,78.94,False,49,sub_coin_noise_blob,cheap,0.0,0.0,0,0.00032,0.2389,0.2617,0.3373,0.0,29.2,2881,False,64.0,117.0,2,0.6575,0.5759,2881,0.0,0.0,83.6433,79.3423
755598,obv,BIN,30.94,78.94,False,136,relief_self_segmentation,cheap,0.0326,0.0,0,0.00286,0.0753,0.3463,0.3774,0.0452,75.4,30621,False,51.0,28.0,9,0.2939,0.4717,30621,0.0191,0.0044,94.3931,88.8115
755598,obv,BIN,30.94,78.94,False,138,relief_self_segmentation,cheap,0.0852,0.0,0,0.00375,0.097,0.2618,0.4031,0.0313,99.2,41548,False,40.0,28.0,8,0.353,0.4899,41548,0.0198,0.0007,93.5981,87.9749
755598,obv,BIN,30.94,78.94,False,160,relief_self_segmentation,cheap,0.0,0.0,0,0.00029,0.1068,0.1351,0.3205,0.0,38.2,4277,False,95.0,56.0,3,0.5433,0.3656,4277,0.0,0.0,97.8612,93.5054
755598,obv,BIN,30.94,78.94,False,169,relief_self_segmentation,cheap,0.0,0.0,0,0.00176,0.0413,0.1697,0.3288,0.1825,84.5,26865,False,92.0,54.0,5,0.4512,0.3379,26865,0.0007,0.0,98.5702,91.4865
755598,obv,BIN,30.94,78.94,False,289,relief_self_segmentation,cheap,0.0,0.0,0,0.00015,0.1014,0.0598,0.2438,0.3252,41.6,3500,False,72.0,116.0,3,2.4204,0.4087,3500,0.0,0.0,104.236,97.2829
755598,obv,BIN,30.94,78.94,False,292,relief_self_segmentation,cheap,0.0,0.0,0,0.00015,0.2791,0.2522,0.3265,0.165,20.4,1488,False,77.0,86.0,4,0.5365,0.5495,1488,0.0,0.0,99.9844,95.8767
755598,obv,BIN,30.94,78.94,False,346,non_circular_flan,expensive,0.1685,0.0465,52,0.3364,0.1273,0.7406,0.5454,0.6678,558.8,1548344,False,7.0,7.0,5,0.0717,0.8748,1548344,0.113,0.0449,102.7759,75.3426
755598,rev,BIN,29.89,78.95,False,7,sub_coin_noise_blob,cheap,0.0,0.0,0,0.00026,0.1369,0.1807,0.3268,0.0,31.6,3540,False,76.0,61.0,5,0.4134,0.3847,3540,0.0,0.0,67.0347,62.3102
755598,rev,BIN,29.89,78.95,False,8,sub_coin_noise_blob,cheap,0.0,0.0,0,0.00015,0.3486,0.1942,0.3391,0.0,22.8,1581,False,95.0,71.0,2,0.6933,0.7512,1581,0.0,0.0,69.9288,63.7053
755598,rev,BIN,29.89,78.95,False,9,sub_coin_noise_blob,cheap,0.0,0.0,0,0.00028,0.0639,0.0307,0.3409,0.7945,78.7,15575,False,98.0,78.0,2,2.6819,0.6412,15575,0.2026,0.1636,81.5995,62.9891
755598,rev,BIN,29.89,78.95,False,22,sub_coin_noise_blob,cheap,0.0,0.0,0,0.00026,0.223,0.187,0.2637,0.0,30.8,2808,False,91.0,51.0,3,0.6152,0.5526,2808,0.0,0.0,77.3365,74.4589
755598,rev,BIN,29.89,78.95,False,36,relief_self_segmentation,cheap,0.0,0.0,0,0.00015,0.0958,0.0443,0.2955,1.0,48.8,6930,False,49.0,86.0,2,3.0112,0.7959,6930,0.3385,0.0384,109.4602,57.2563
755598,rev,BIN,29.89,78.95,False,122,relief_self_segmentation,cheap,0.0,0.0,0,0.00023,0.2015,0.2204,0.4643,1.0,26.6,2772,False,96.0,64.0,4,0.8123,0.4626,2772,0.0288,0.0,100.6993,81.3832
755598,rev,BIN,29.89,78.95,False,126,relief_self_segmentation,cheap,0.0,0.0,0,0.00173,0.421,0.4401,0.5168,1.0,52.0,11536,False,28.0,61.0,3,0.2284,0.7784,11536,0.0039,0.0,109.3643,82.2826
755598,rev,BIN,29.89,78.95,False,176,relief_self_segmentation,cheap,0.0,0.0,0,0.00021,0.2349,0.257,0.3525,0.0,23.9,1998,False,57.0,39.0,5,0.4393,0.5345,1998,0.0,0.0,97.9773,94.1104
755598,rev,BIN,29.89,78.95,False,281,relief_self_segmentation,cheap,0.0,0.0,0,0.00019,0.0635,0.1574,0.3451,0.0,29.1,3630,False,41.0,62.0,5,0.4469,0.2368,3630,0.0,0.0,101.5815,96.064
755598,rev,BIN,29.89,78.95,False,300,non_circular_flan,expensive,0.1541,0.0205,40,0.28896,0.1067,0.6534,0.5615,0.8622,551.4,1448832,False,13.0,20.0,3,0.0938,0.848,1448832,0.0553,0.0293,112.8645,81.1803
755599,obv,BIN,30.55,78.94,False,7,sub_coin_noise_blob,cheap,0.0,0.0,0,0.00322,0.0812,0.0436,0.3334,1.0,225.2,125706,False,161.0,41.0,2,1.4789,0.3593,125706,0.1323,0.0473,85.5363,78.553
755599,obv,BIN,30.55,78.94,False,13,sub_coin_noise_blob,cheap,0.0,0.0,0,0.00028,0.3245,0.2219,0.3312,0.0,29.4,2744,False,45.0,103.0,2,0.784,0.7156,2744,0.0,0.0,75.3408,69.3655
755599,obv,BIN,30.55,78.94,False,16,sub_coin_noise_blob,cheap,0.0,0.0,0,0.00067,0.2602,0.2443,0.2781,0.0,43.5,6708,False,106.0,100.0,2,0.6908,0.598,6708,0.0116,0.0,74.8249,69.5268
755599,obv,BIN,30.55,78.94,False,27,sub_coin_noise_blob,cheap,0.0,0.0,0,0.00068,0.1937,0.2013,0.2951,0.0,48.0,7700,False,90.0,53.0,5,0.505,0.5799,7700,0.1489,0.0011,78.8399,65.0483
755599,obv,BIN,30.55,78.94,False,29,sub_coin_noise_blob,cheap,0.021,0.0,0,0.00322,0.056,0.032,0.2858,1.0,263.3,207570,False,160.0,49.0,2,1.7562,0.2452,207570,0.0971,0.0346,85.2268,87.0612
755599,obv,BIN,30.55,78.94,False,31,sub_coin_noise_blob,cheap,0.0,0.0,0,0.00014,0.5124,0.4351,0.3643,0.0,15.0,858,False,61.0,35.0,4,0.3006,0.7503,858,0.0,0.0,84.4087,78.2356
755599,obv,BIN,30.55,78.94,False,63,relief_self_segmentation,cheap,0.0,0.0,0,0.00019,0.4784,0.5056,0.5647,1.0,16.0,1368,False,55.0,37.0,5,0.2356,0.7516,1368,0.0951,0.0317,92.3659,66.9625
755599,obv,BIN,30.55,78.94,False,73,relief_self_segmentation,cheap,0.0,0.0,0,0.00027,0.2715,0.29,0.3369,0.0,25.1,2562,False,64.0,88.0,3,0.5282,0.5685,2562,0.0,0.0,94.8942,91.0787
755599,obv,BIN,30.55,78.94,False,82,relief_self_segmentation,cheap,0.0,0.0,0,0.00017,0.2437,0.2794,0.457,1.0,20.7,2200,False,100.0,52.0,3,0.5262,0.495,2200,0.4132,0.2347,145.0968,38.2216
755599,obv,BIN,30.55,78.94,False,92,relief_self_segmentation,cheap,0.0,0.0,0,0.0002,0.2494,0.2145,0.2838,0.0238,25.3,2196,False,97.0,84.0,2,0.8294,0.5387,2196,0.0,0.0,96.9556,92.047
755599,obv,BIN,30.55,78.94,False,114,relief_self_segmentation,cheap,0.0,0.0,0,0.00045,0.114,0.1963,0.3366,0.0,39.7,5162,False,40.0,42.0,4,0.4191,0.4246,5162,0.0,0.0,96.7118,92.4761
755599,obv,BIN,30.55,78.94,False,199,unclassified_ragged,expensive,0.2028,0.0637,35,0.34684,0.0883,0.7387,0.5297,0.617,568.2,1714875,False,0.0,3.0,6,0.0674,0.8382,1714875,0.1749,0.0716,105.0805,68.8648
755599,rev,BIN,29.83,78.95,False,79,sub_coin_noise_blob,cheap,0.0,0.0,0,0.00027,0.4099,0.4462,0.3824,0.3158,20.5,2009,False,71.0,13.0,3,0.2754,0.6908,2009,0.0,0.0,99.3538,96.2211
755600,obv,BIN,31.23,78.94,False,12,sub_coin_noise_blob,cheap,0.0,0.0,0,0.0006,0.1428,0.1231,0.2744,0.0,58.0,10858,False,85.0,88.0,2,1.4774,0.4451,10858,0.1808,0.0794,64.5235,52.6102
755600,obv,BIN,31.23,78.94,False,16,sub_coin_noise_blob,cheap,0.0164,0.0,0,0.0035,0.1379,0.1304,0.292,0.0,135.9,52416,False,98.0,81.0,3,1.2634,0.6345,52416,0.1893,0.1421,64.1363,49.1383
755600,obv,BIN,31.23,78.94,False,21,sub_coin_noise_blob,cheap,0.0,0.0,0,0.00062,0.1365,0.0798,0.3741,1.0,73.0,15134,False,84.0,76.0,3,2.2021,0.6274,15134,0.3618,0.2565,81.6891,41.6602
755600,obv,BIN,31.23,78.94,False,28,sub_coin_noise_blob,cheap,0.0,0.0,0,0.00015,0.1971,0.1678,0.2683,0.0,24.9,1980,False,92.0,80.0,3,0.7997,0.4851,1980,0.0,0.0,75.6667,72.2698
755600,obv,BIN,31.23,78.94,False,64,sub_coin_noise_blob,cheap,0.0288,0.0,0,0.00492,0.0959,0.1541,0.3177,0.0,148.2,62192,False,95.0,84.0,4,0.9405,0.5353,62192,0.1206,0.003,80.3099,74.0528
755600,obv,BIN,31.23,78.94,False,74,relief_self_segmentation,cheap,0.0,0.0,0,0.00078,0.1499,0.2342,0.3272,0.0,48.0,8730,False,64.0,41.0,3,0.4446,0.4982,8730,0.0,0.0,89.0221,84.4853
755600,obv,BIN,31.23,78.94,False,82,relief_self_segmentation,cheap,0.0,0.0,0,0.00043,0.588,0.6154,0.4083,0.0,21.8,2244,False,49.0,30.0,6,0.1738,0.8549,2244,0.0,0.0,90.053,88.0244
755600,obv,BIN,31.23,78.94,False,88,relief_self_segmentation,cheap,0.0,0.0,0,0.00033,0.1939,0.207,0.4323,1.0,32.9,3724,False,89.0,60.0,3,0.667,0.5275,3724,0.097,0.0004,88.9584,68.9942
755600,obv,BIN,31.23,78.94,False,98,relief_self_segmentation,cheap,0.0,0.0,0,0.00023,0.247,0.1949,0.4962,1.0,28.5,2624,False,58.0,67.0,4,1.1535,0.5843,2624,0.1827,0.0127,88.3788,69.5486
755600,obv,BIN,31.23,78.94,False,133,relief_self_segmentation,cheap,0.0,0.0,0,0.00022,0.1588,0.1725,0.4572,1.0,29.3,2961,False,86.0,57.0,2,0.3404,0.4077,2961,0.1549,0.0,92.245,64.7942
755600,obv,BIN,31.23,78.94,False,163,sub_coin_noise_blob,cheap,0.1553,0.0,0,0.00048,0.1413,0.2489,0.4841,1.0,36.5,5244,False,67.0,35.0,6,0.5065,0.4409,5244,0.2452,0.1919,84.913,47.9201
755600,obv,BIN,31.23,78.94,False,164,relief_self_segmentation,cheap,0.0,0.0,0,0.00034,0.2313,0.1954,0.4387,1.0,34.6,4424,False,85.0,114.0,3,0.7957,0.4936,4424,0.2501,0.0021,90.3146,57.9616
755600,obv,BIN,31.23,78.94,False,167,relief_self_segmentation,cheap,0.0,0.0,0,0.00021,0.1085,0.0811,0.4065,0.9947,42.2,5568,False,125.0,60.0,2,0.8412,0.3763,5568,0.1593,0.086,99.4736,57.5635
755600,obv,BIN,31.23,78.94,False,180,relief_self_segmentation,cheap,0.0,0.0,0,0.00018,0.3798,0.2379,0.4631,1.0,22.6,1612,False,63.0,74.0,2,0.8498,0.8029,1612,0.2018,0.2083,104.0926,44.8872
755600,obv,BIN,31.23,78.94,False,190,relief_self_segmentation,cheap,0.0,0.0,0,0.00082,0.0773,0.1143,0.4697,1.0,70.2,17063,False,70.0,49.0,4,0.5834,0.3249,17063,0.2291,0.0162,87.5343,60.4556
755600,obv,BIN,31.23,78.94,False,196,relief_self_segmentation,cheap,0.0,0.0,0,0.00014,0.168,0.1113,0.3823,1.0,29.7,2546,False,128.0,60.0,2,1.3436,0.4633,2546,0.2358,0.1841,98.6444,45.415
755600,obv,BIN,31.23,78.94,False,244,relief_self_segmentation,cheap,0.0,0.0,0,0.00037,0.1034,0.1044,0.2876,0.1375,49.2,5616,False,67.0,73.0,4,0.791,0.3974,5616,0.0,0.0,100.2939,95.9167
755600,obv,BIN,31.23,78.94,False,332,relief_self_segmentation,expensive,0.1984,0.0194,50,0.34951,0.0375,0.6785,0.4957,0.5555,595.1,1840488,False,3.0,0.0,0,0.0668,0.786,1840488,0.1732,0.0718,90.2389,66.4441
755600,rev,BIN,32.86,78.95,False,11,sub_coin_noise_blob,cheap,0.0,0.0,0,0.00016,0.5446,0.3975,0.4974,1.0,16.7,1147,False,82.0,80.0,2,0.3442,0.8607,1147,0.4762,0.2214,65.1886,35.3405
755600,rev,BIN,32.86,78.95,False,16,sub_coin_noise_blob,cheap,0.0,0.0,0,0.00236,0.2076,0.2701,0.3816,0.0,77.4,22765,False,70.0,81.0,2,0.5206,0.6757,22765,0.2062,0.082,64.6376,51.4802
755600,rev,BIN,32.86,78.95,False,148,relief_self_segmentation,cheap,0.0,0.0,0,0.00022,0.163,0.1706,0.2844,0.0,29.8,3096,False,100.0,92.0,3,0.8395,0.4129,3096,0.0,0.0,97.862,93.1536
755600,rev,BIN,32.86,78.95,False,231,relief_self_segmentation,cheap,0.0,0.0,0,0.00023,0.0741,0.0755,0.3137,0.1687,45.7,5060,False,63.0,66.0,5,0.6474,0.3239,5060,0.0,0.0,101.5024,96.0829
755600,rev,BIN,32.86,78.95,False,347,backdrop_vignette_blob,expensive,0.2345,0.1146,44,0.40619,0.0745,0.723,0.4808,0.2924,621.5,1991820,False,2.0,0.0,0,0.0689,0.8397,1991820,0.1134,0.0434,87.3057,72.6609
755601,obv,BIN,28.92,78.94,False,9,sub_coin_noise_blob,cheap,0.0,0.0,0,0.00051,0.2362,0.2375,0.3503,0.0,38.2,5698,False,61.0,92.0,2,0.6001,0.5581,5698,0.1261,0.0024,74.7217,61.9492
755601,obv,BIN,28.92,78.94,False,16,sub_coin_noise_blob,cheap,0.0,0.0,0,0.00195,0.167,0.0961,0.421,1.0,118.3,40836,False,123.0,96.0,2,1.6548,0.6095,40836,0.1601,0.0446,109.6026,78.2713
755601,rev,BIN,28.62,78.95,False,8,sub_coin_noise_blob,cheap,0.0,0.0,0,0.00019,0.2482,0.177,0.3247,0.0,27.5,2332,False,72.0,98.0,2,0.7076,0.6309,2332,0.0006,0.0,75.3015,67.6018
755601,rev,BIN,28.62,78.95,False,79,unclassified_ragged,expensive,0.2276,0.0255,29,0.26068,0.0482,0.7277,0.5427,0.9994,496.3,1279904,False,4.0,0.0,0,0.0658,0.8222,1279904,0.1516,0.1423,139.4763,65.2436
755601,rev,BIN,28.62,78.95,False,91,attached_artifact,expensive,0.0777,0.0242,3,0.02135,0.0248,0.0478,0.3849,0.9491,553.9,1168947,False,115.0,57.0,2,0.7846,0.1079,1168947,0.0599,0.0274,119.9912,114.6062
755602,obv,BIN,30.4,78.94,False,23,sub_coin_noise_blob,cheap,0.0,0.0,0,0.00065,0.1393,0.078,0.3956,1.0,75.6,10192,False,150.0,76.0,2,3.3452,0.4779,10192,0.4068,0.2793,82.0546,35.246
755602,obv,BIN,30.4,78.94,False,24,sub_coin_noise_blob,cheap,0.0,0.0,0,0.00233,0.1232,0.102,0.3106,0.0,125.4,47285,False,108.0,81.0,2,1.1547,0.5564,47285,0.2026,0.1154,66.4284,50.6258
755602,obv,BIN,30.4,78.94,False,28,sub_coin_noise_blob,cheap,0.0,0.0,0,0.00052,0.1741,0.2388,0.5344,1.0,38.6,5152,False,21.0,51.0,5,0.301,0.5666,5152,0.1863,0.0009,76.837,56.1671
755602,obv,BIN,30.4,78.94,False,40,sub_coin_noise_blob,cheap,0.0,0.0,0,0.00024,0.191,0.1838,0.431,1.0,30.1,2912,False,103.0,71.0,3,0.5557,0.4694,2912,0.3803,0.0324,76.0833,48.3078
755602,obv,BIN,30.4,78.94,False,46,sub_coin_noise_blob,cheap,0.0,0.0,0,0.00156,0.1024,0.0599,0.3874,1.0,133.7,55328,False,142.0,87.0,2,3.4526,0.458,55328,0.3074,0.0325,75.1672,58.5583
755602,obv,BIN,30.4,78.94,False,54,sub_coin_noise_blob,cheap,0.0,0.0,0,0.00073,0.0509,0.0235,0.3466,0.9979,146.7,62872,False,79.0,96.0,2,4.8174,0.533,62872,0.2818,0.1192,78.2046,51.006
755602,obv,BIN,30.4,78.94,False,56,sub_coin_noise_blob,cheap,0.0228,0.0,0,0.00221,0.0873,0.1053,0.346,0.0,120.2,47088,False,79.0,66.0,2,1.8533,0.502,47088,0.1646,0.043,76.0168,62.4018
755602,obv,BIN,30.4,78.94,False,57,sub_coin_noise_blob,cheap,0.0,0.0,0,0.00364,0.2457,0.2914,0.3881,0.0,92.7,26825,False,59.0,72.0,2,0.4234,0.6933,26825,0.1871,0.0011,75.8364,62.2261
755602,obv,BIN,30.4,78.94,False,62,relief_self_segmentation,cheap,0.0,0.0,0,0.00088,0.5823,0.3805,0.5238,1.0,39.9,5251,False,47.0,85.0,4,0.3229,0.9194,5251,0.3221,0.0496,141.4819,56.1521
755602,obv,BIN,30.4,78.94,False,67,sub_coin_noise_blob,cheap,0.0,0.0,0,0.00026,0.2067,0.2212,0.3403,0.0,28.5,2730,False,71.0,58.0,3,0.6417,0.5269,2730,0.0,0.0,83.567,79.3643
755602,obv,BIN,30.4,78.94,False,90,sub_coin_noise_blob,cheap,0.0444,0.0,0,0.00168,0.1721,0.1829,0.3559,0.0,79.6,15996,False,79.0,72.0,4,0.96,0.5902,15996,0.1327,0.0351,83.8129,67.7564
755602,obv,BIN,30.4,78.94,False,143,relief_self_segmentation,cheap,0.0,0.0,0,0.00042,0.5367,0.3273,0.5186,1.0,29.7,2412,False,68.0,62.0,2,0.4363,0.8925,2412,0.3133,0.0734,103.0524,50.8647
755602,obv,BIN,30.4,78.94,False,164,relief_self_segmentation,cheap,0.0,0.0,0,0.00041,0.1277,0.1701,0.3131,0.0,40.9,4850,False,103.0,33.0,4,0.4705,0.4355,4850,0.0,0.0,95.0627,90.9112
755602,obv,BIN,30.4,78.94,False,168,relief_self_segmentation,cheap,0.0,0.0,0,0.00016,0.1371,0.0933,0.2553,0.1382,34.1,2673,False,99.0,92.0,2,0.8103,0.4263,2673,0.0,0.0,97.319,92.2952
755602,obv,BIN,30.4,78.94,False,169,relief_self_segmentation,cheap,0.1081,0.0,0,0.00136,0.1702,0.3007,0.386,0.0,55.7,12000,False,55.0,94.0,3,0.4928,0.5469,12000,0.1024,0.0003,93.7115,81.5719
755602,obv,BIN,30.4,78.94,False,176,relief_self_segmentation,cheap,0.0,0.0,0,0.00015,0.1598,0.1146,0.3094,0.0,29.8,2304,False,102.0,89.0,2,1.6142,0.4698,2304,0.0,0.0,98.7139,93.2796
755602,obv,BIN,30.4,78.94,False,192,relief_self_segmentation,cheap,0.0,0.0,0,0.00029,0.0594,0.0277,0.313,1.0,85.0,21336,False,158.0,76.0,2,3.4047,0.4399,21336,0.0761,0.0032,114.0362,86.9808
755602,obv,BIN,30.4,78.94,False,194,relief_self_segmentation,cheap,0.0,0.0,0,0.00019,0.1919,0.1826,0.4411,1.0,26.5,2401,False,78.0,62.0,2,0.6236,0.5755,2401,0.0453,0.0006,105.0425,76.7523
755602,obv,BIN,30.4,78.94,False,262,relief_self_segmentation,cheap,0.0,0.0,0,0.00015,0.1673,0.098,0.2506,0.2331,32.6,2464,False,125.0,76.0,2,1.924,0.4977,2464,0.0,0.0,104.5812,96.86
755602,obv,BIN,30.4,78.94,False,266,multi_object_weld,expensive,0.1061,0.0093,21,0.21753,0.0167,0.4977,0.5504,0.8659,548.2,1444446,False,8.0,2.0,5,0.0825,0.6004,1444446,0.1871,0.0697,106.0542,64.4952
755602,obv,BIN,30.4,78.94,False,284,relief_self_segmentation,cheap,0.0,0.0,0,0.0002,0.1222,0.1096,0.304,0.2682,35.4,3402,False,96.0,87.0,2,1.3982,0.3804,3402,0.0,0.0,103.109,96.7587
755602,rev,BIN,30.51,78.95,False,2,sub_coin_noise_blob,cheap,0.0,0.0,0,0.0002,0.2647,0.1698,0.3294,0.0,28.6,2451,False,77.0,104.0,4,0.8263,0.633,2451,0.0,0.0,66.7143,60.8347
755602,rev,BIN,30.51,78.95,False,15,sub_coin_noise_blob,cheap,0.0,0.0,0,0.00075,0.192,0.2669,0.3409,0.0,44.0,7298,False,81.0,65.0,2,0.5907,0.595,7298,0.0215,0.0,76.6538,70.2264
755602,rev,BIN,30.51,78.95,False,21,sub_coin_noise_blob,cheap,0.0,0.0,0,0.00194,0.2575,0.2793,0.3351,0.0,69.1,17280,False,94.0,81.0,2,0.6128,0.6603,17280,0.1315,0.0171,77.2972,65.1966
755602,rev,BIN,30.51,78.95,False,26,sub_coin_noise_blob,cheap,0.0,0.0,0,0.00046,0.4705,0.3735,0.3578,0.0,29.1,2970,False,72.0,56.0,3,0.3898,0.8186,2970,0.0,0.0,82.7949,78.7787
755602,rev,BIN,30.51,78.95,False,35,sub_coin_noise_blob,cheap,0.0,0.0,0,0.00034,0.1097,0.1494,0.3101,0.0,39.5,4416,False,58.0,58.0,3,0.7028,0.4067,4416,0.0,0.0,86.7143,81.8694
755602,rev,BIN,30.51,78.95,False,55,relief_self_segmentation,cheap,0.0,0.0,0,0.00017,0.1729,0.1113,0.4043,1.0,32.1,2280,False,112.0,64.0,5,2.1983,0.5125,2280,0.2299,0.1587,96.0417,50.9503
755602,rev,BIN,30.51,78.95,False,62,relief_self_segmentation,cheap,0.0,0.0,0,0.00038,0.1765,0.2268,0.3396,0.0,34.0,4345,False,82.0,57.0,3,0.5451,0.4744,4345,0.0,0.0,93.5611,90.6581
755602,rev,BIN,30.51,78.95,False,72,relief_self_segmentation,cheap,0.0,0.0,0,0.00116,0.1147,0.1691,0.3449,0.0313,68.6,14820,False,21.0,50.0,8,0.3898,0.4712,14820,0.0002,0.0,94.4009,91.2076
755602,rev,BIN,30.51,78.95,False,77,relief_self_segmentation,cheap,0.0,0.0,0,0.00017,0.1169,0.1325,0.2819,0.0,29.9,3240,False,102.0,58.0,3,0.698,0.3627,3240,0.0,0.0,97.3406,93.1812
755602,rev,BIN,30.51,78.95,False,78,relief_self_segmentation,cheap,0.0,0.0,0,0.00138,0.1621,0.1536,0.3803,1.0,78.5,18857,False,66.0,82.0,2,0.7142,0.5549,18857,0.1163,0.0275,91.5507,65.4066
755602,rev,BIN,30.51,78.95,False,113,relief_self_segmentation,cheap,0.0,0.0,0,0.00017,0.1851,0.1775,0.42,0.9924,25.9,2108,False,106.0,75.0,2,0.6186,0.4374,2108,0.0364,0.0007,98.1859,74.5296
755602,rev,BIN,30.51,78.95,False,125,low_contrast_coastline,expensive,0.2411,0.0404,29,0.29319,0.1449,0.8344,0.6129,0.9998,491.5,1292193,False,2.0,0.0,0,0.0465,0.9069,1292193,0.1637,0.0817,97.1833,58.5489
755602,rev,BIN,30.51,78.95,False,163,relief_self_segmentation,cheap,0.0,0.0,0,0.00034,0.1649,0.1097,0.2764,0.2589,46.4,5916,False,102.0,100.0,2,1.3884,0.5202,5916,0.0,0.0,101.5719,95.0045
755602,rev,BIN,30.51,78.95,False,164,attached_artifact,cheap,0.1545,0.0784,2,0.00849,0.1058,0.1768,0.3486,0.2254,181.7,88365,False,65.0,101.0,5,0.7263,0.6109,88365,0.0137,0.0016,96.7244,94.7959
755602,rev,BIN,30.51,78.95,False,172,relief_self_segmentation,cheap,0.0543,0.0204,1,0.02542,0.053,0.1238,0.3909,0.1367,375.7,472500,False,133.0,96.0,2,1.4734,0.3459,472500,0.059,0.017,94.5976,87.0075
755602,rev,BIN,30.51,78.95,False,181,relief_self_segmentation,cheap,0.0,0.0,0,0.00015,0.1722,0.0986,0.2803,0.1679,32.2,2280,False,133.0,61.0,2,1.5943,0.5258,2280,0.0,0.0,104.4315,96.7989
755603,obv,BIN,29.95,78.94,False,3,sub_coin_noise_blob,cheap,0.0,0.0,0,0.00025,0.3171,0.2401,0.2715,0.0,26.6,2852,False,64.0,81.0,3,0.8994,0.6617,2852,0.0,0.0,68.3131,62.6888
755603,obv,BIN,29.95,78.94,False,36,relief_self_segmentation,cheap,0.0,0.0,0,0.00021,0.2214,0.2806,0.3732,0.0,22.7,1887,False,49.0,40.0,4,0.3894,0.5174,1887,0.0,0.0,94.9251,90.1648
755603,obv,BIN,29.95,78.94,False,43,relief_self_segmentation,cheap,0.0,0.0,0,0.0002,0.118,0.1133,0.364,0.9943,34.5,3762,False,114.0,39.0,4,0.5808,0.3402,3762,0.0946,0.0013,92.5731,70.7186
755603,obv,BIN,29.95,78.94,False,45,relief_self_segmentation,cheap,0.0,0.0,0,0.00021,0.1521,0.115,0.2844,0.0526,35.6,3096,False,66.0,96.0,2,0.7413,0.4766,3096,0.0,0.0,96.4899,92.3205
755603,obv,BIN,29.95,78.94,False,46,relief_self_segmentation,cheap,0.0,0.0,0,0.00223,0.1108,0.2504,0.3993,0.0129,78.3,22914,False,69.0,60.0,5,0.3673,0.5532,22914,0.0389,0.0005,93.7918,84.5043
755603,obv,BIN,29.95,78.94,False,59,relief_self_segmentation,cheap,0.0,0.0,0,0.00037,0.3031,0.1916,0.3366,0.1032,36.6,3696,False,73.0,65.0,3,0.5578,0.6685,3696,0.0,0.0,97.2014,90.197
755603,obv,BIN,29.95,78.94,False,146,low_contrast_coastline,expensive,0.2245,0.0321,41,0.36042,0.173,0.8378,0.5857,0.7943,543.9,1626768,False,0.0,0.0,0,0.0513,0.9117,1626768,0.1696,0.1415,104.351,62.8419
755603,obv,BIN,29.95,78.94,False,158,relief_self_segmentation,cheap,0.0,0.0,0,0.00046,0.1039,0.091,0.255,0.2069,59.0,8319,False,49.0,45.0,4,1.1367,0.4092,8319,0.0,0.0,101.7881,97.3829
755603,rev,BIN,27.82,78.95,False,9,relief_self_segmentation,cheap,0.0,0.0,0,0.00021,0.1488,0.0792,0.3864,1.0,43.0,5785,False,147.0,53.0,3,1.5729,0.5302,5785,0.293,0.3018,100.0959,38.4026
755603,rev,BIN,27.82,78.95,False,32,sub_coin_noise_blob,cheap,0.0,0.0,0,0.0003,0.3547,0.279,0.4147,1.0,27.1,2560,False,100.0,84.0,2,0.8892,0.6758,2560,0.282,0.1269,85.2574,42.7619
755603,rev,BIN,27.82,78.95,False,36,sub_coin_noise_blob,cheap,0.0,0.0,0,0.00436,0.145,0.1583,0.3294,0.0,137.5,56472,False,113.0,86.0,3,0.9549,0.6301,56472,0.1449,0.0558,79.7107,66.1167
755603,rev,BIN,27.82,78.95,False,39,relief_self_segmentation,cheap,0.0,0.0,0,0.00015,0.2761,0.1997,0.4043,1.0,22.4,1600,False,86.0,86.0,3,0.6865,0.534,1600,0.4381,0.0545,105.7131,44.3948
755603,rev,BIN,27.82,78.95,False,58,relief_self_segmentation,cheap,0.0,0.0,0,0.00141,0.0511,0.1714,0.3978,0.1484,75.2,27060,False,94.0,74.0,4,0.6079,0.2937,27060,0.0417,0.0039,95.8305,86.5734
755603,rev,BIN,27.82,78.95,False,65,relief_self_segmentation,cheap,0.0,0.0,0,0.00017,0.2192,0.1966,0.2904,0.0,24.0,2072,False,99.0,89.0,4,1.2506,0.4884,2072,0.0,0.0,98.8014,94.476
755603,rev,BIN,27.82,78.95,False,86,relief_self_segmentation,cheap,0.0,0.0,0,0.00024,0.0612,0.0289,0.3436,1.0,76.0,15714,False,164.0,44.0,2,1.8083,0.3613,15714,0.0025,0.0,140.8197,96.9145
755603,rev,BIN,27.82,78.95,False,108,low_contrast_coastline,expensive,0.2728,0.0393,47,0.35034,0.259,0.8051,0.5839,0.7671,547.0,1547095,False,0.0,0.0,0,0.0531,0.9303,1547095,0.1293,0.0731,107.211,72.3813
755603,rev,BIN,27.82,78.95,False,110,relief_self_segmentation,cheap,0.0,0.0,0,0.00022,0.2124,0.1448,0.256,0.0,32.0,2993,False,113.0,60.0,6,0.5926,0.6029,2993,0.0,0.0,100.9143,97.3106
755604,obv,BIN,96.0,78.94,False,11,sub_coin_noise_blob,cheap,0.0,0.0,0,0.00055,0.1245,0.0726,0.3829,1.0,72.3,12580,False,147.0,76.0,2,2.2913,0.5071,12580,0.0421,0.6715,85.8058,78.018
755604,obv,BIN,96.0,78.94,False,15,relief_self_segmentation,cheap,0.0,0.0,0,0.00016,0.2895,0.1842,0.4396,1.0,24.4,2150,False,67.0,102.0,2,1.3925,0.6956,2150,0.0649,0.8803,121.1364,45.7078
755604,obv,BIN,96.0,78.94,False,19,sub_coin_noise_blob,cheap,0.0,0.0,0,0.00027,0.2545,0.2382,0.2957,0.0,27.9,2530,False,88.0,60.0,4,0.5108,0.5469,2530,0.0,1.0,74.5994,72.0267
755605,obv,BIN,29.25,78.94,False,30,relief_self_segmentation,cheap,0.0,0.0,0,0.00025,0.3591,0.239,0.4771,1.0,26.9,2108,False,91.0,84.0,2,0.5631,0.7641,2108,0.2034,0.0387,138.8469,72.3556
755605,obv,BIN,29.25,78.94,False,36,relief_self_segmentation,cheap,0.0,0.0,0,0.00019,0.2941,0.2129,0.4422,0.9732,24.5,1938,False,77.0,74.0,2,1.0188,0.6468,1938,0.1779,0.0007,108.7865,71.488
755605,obv,BIN,29.25,78.94,False,60,low_contrast_coastline,expensive,0.2515,0.0339,37,0.25505,0.0577,0.794,0.5554,0.9962,469.9,1237566,False,9.0,0.0,0,0.0545,0.8287,1237566,0.1329,0.0775,121.4377,70.3694
755605,obv,BIN,29.25,78.94,False,61,relief_self_segmentation,cheap,0.0,0.0,0,0.00043,0.0672,0.0437,0.3694,0.9909,82.0,19188,False,72.0,78.0,4,1.4182,0.3365,19188,0.0183,0.0001,121.1809,99.6543
755605,obv,BIN,29.25,78.94,False,70,relief_self_segmentation,cheap,0.0,0.0,0,0.0003,0.1407,0.2349,0.4256,0.8402,29.4,4221,False,80.0,63.0,3,0.4927,0.3676,4221,0.0127,0.0,105.4655,83.5211
755605,obv,BIN,29.25,78.94,False,74,relief_self_segmentation,cheap,0.0,0.0,0,0.00148,0.0645,0.0875,0.3869,0.9061,107.9,28527,False,131.0,60.0,2,1.1508,0.3488,28527,0.0294,0.0136,115.8709,94.441
755605,rev,BIN,28.76,78.95,False,10,relief_self_segmentation,cheap,0.0,0.0,0,0.01171,0.0936,0.0635,0.4031,0.9795,356.2,330220,False,141.0,52.0,2,0.9615,0.2806,330220,0.1089,0.0623,113.0183,97.2985
755605,rev,BIN,28.76,78.95,False,29,relief_self_segmentation,cheap,0.0,0.0,0,0.00017,0.1981,0.2248,0.3132,0.0,22.5,1628,False,80.0,70.0,3,0.732,0.4682,1628,0.0,0.0,87.1801,82.7084
755605,rev,BIN,28.76,78.95,False,61,relief_self_segmentation,cheap,0.0,0.0,0,0.00238,0.0834,0.1294,0.3232,0.0108,112.5,39516,False,100.0,51.0,7,1.1686,0.375,39516,0.1132,0.01,89.3929,78.0288
755605,rev,BIN,28.76,78.95,False,73,relief_self_segmentation,cheap,0.0,0.0,0,0.00017,0.6453,0.5849,0.5408,1.0,14.2,837,False,54.0,18.0,4,0.1686,0.8642,837,0.0,0.0,129.2162,102.2406
755605,rev,BIN,28.76,78.95,False,90,relief_self_segmentation,cheap,0.0,0.0,0,0.00023,0.6061,0.6178,0.5507,1.0,15.9,1224,False,54.0,39.0,4,0.183,0.8407,1224,0.1366,0.0,133.216,85.8852
755605,rev,BIN,28.76,78.95,False,94,relief_self_segmentation,cheap,0.0,0.0,0,0.00018,0.4381,0.4453,0.521,1.0,16.6,1440,False,73.0,37.0,5,0.2668,0.6841,1440,0.0184,0.0,128.514,85.811
755605,rev,BIN,28.76,78.95,False,101,backdrop_vignette_blob,expensive,0.2981,0.1108,30,0.26397,0.1821,0.809,0.6092,0.9968,473.6,1177216,False,8.0,0.0,0,0.0719,0.891,1177216,0.1125,0.0319,123.2481,75.0579
755605,rev,BIN,28.76,78.95,False,104,relief_self_segmentation,cheap,0.0,0.0,0,0.00052,0.0191,0.0101,0.2515,0.9351,188.6,90288,False,164.0,45.0,2,1.9876,0.0951,90288,0.0155,0.0008,134.1451,104.2918
755606,obv,BIN,33.44,78.94,False,21,sub_coin_noise_blob,cheap,0.0,0.0,0,0.00352,0.1442,0.172,0.3134,0.0,118.7,47502,False,94.0,79.0,3,0.5574,0.6091,47502,0.153,0.1033,64.3936,56.6385
755606,obv,BIN,33.44,78.94,False,42,sub_coin_noise_blob,cheap,0.0,0.0,0,0.00016,0.4061,0.2828,0.3392,0.0,19.5,1200,False,93.0,66.0,3,0.5011,0.7627,1200,0.0,0.0,73.0727,68.5824
755606,obv,BIN,33.44,78.94,False,171,relief_self_segmentation,cheap,0.0,0.0,0,0.00017,0.1197,0.143,0.3128,0.3824,28.8,3087,False,81.0,52.0,3,0.7206,0.319,3087,0.0,0.0,100.5587,94.342
755606,obv,BIN,33.44,78.94,False,213,relief_self_segmentation,cheap,0.0,0.0,0,0.00019,0.1459,0.1789,0.3069,0.0,27.1,3465,False,92.0,40.0,6,0.5594,0.3669,3465,0.0,0.0,99.3543,95.0774
755606,obv,BIN,33.44,78.94,False,215,relief_self_segmentation,cheap,0.0,0.0,0,0.00019,0.4286,0.4432,0.3921,0.0761,17.0,1330,False,67.0,20.0,5,0.2625,0.7096,1330,0.0,0.0,99.1581,96.454
755606,obv,BIN,33.44,78.94,False,225,relief_self_segmentation,cheap,0.0,0.0,0,0.00031,0.2462,0.1981,0.2767,0.4012,33.0,3160,False,91.0,109.0,3,0.58,0.5911,3160,0.0,0.0,99.5947,96.0996
755606,obv,BIN,33.44,78.94,False,268,relief_self_segmentation,cheap,0.0,0.0,0,0.00024,0.4102,0.333,0.349,0.0935,22.0,1537,False,43.0,64.0,6,0.3468,0.7635,1537,0.0,0.0,100.8597,96.7123
755606,obv,BIN,33.44,78.94,False,283,relief_self_segmentation,cheap,0.0,0.0,0,0.00035,0.1417,0.1586,0.2749,0.1818,39.2,4806,False,103.0,88.0,4,0.8219,0.4548,4806,0.0,0.0,100.7725,96.8372
755606,obv,BIN,33.44,78.94,False,287,relief_self_segmentation,cheap,0.0,0.0,0,0.00014,0.3667,0.2885,0.31,0.0,18.6,1204,False,75.0,96.0,2,0.4266,0.6761,1204,0.0,0.0,101.4213,97.0061
755606,obv,BIN,33.44,78.94,False,289,relief_self_segmentation,cheap,0.0,0.0,0,0.00014,0.2199,0.2564,0.3481,0.3028,19.5,1368,False,43.0,91.0,2,0.6471,0.4861,1368,0.0,0.0,100.6989,97.3123
755606,obv,BIN,33.44,78.94,False,306,relief_self_segmentation,cheap,0.0,0.0,0,0.00014,0.1017,0.059,0.2548,0.0,40.6,2842,False,102.0,53.0,4,1.3577,0.4293,2842,0.0,0.0,102.8123,97.3567
755606,obv,BIN,33.44,78.94,False,308,relief_self_segmentation,cheap,0.0,0.0,0,0.00015,0.202,0.1156,0.285,0.0645,30.1,2044,False,94.0,123.0,2,1.2394,0.5624,2044,0.0,0.0,102.477,97.4042
755606,obv,BIN,33.44,78.94,False,325,relief_self_segmentation,cheap,0.0,0.0,0,0.00016,0.367,0.2213,0.326,0.117,22.0,1128,True,85.0,86.0,2,0.8257,0.8019,1128,0.0,0.0,104.8594,96.277
755606,obv,BIN,33.44,78.94,False,373,relief_self_segmentation,cheap,0.0,0.0,0,0.00025,0.0877,0.1097,0.2867,0.3636,39.3,5428,False,117.0,60.0,2,0.5208,0.3039,5428,0.0,0.0,102.662,97.978
755606,obv,BIN,33.44,78.94,False,375,relief_self_segmentation,cheap,0.0,0.0,0,0.00017,0.2543,0.2423,0.3322,0.0,21.7,1764,False,70.0,63.0,5,0.521,0.5544,1764,0.0,0.0,101.1775,97.0674
755606,obv,BIN,33.44,78.94,False,393,relief_self_segmentation,cheap,0.0,0.0,0,0.00028,0.0547,0.0496,0.2445,0.1693,62.8,9028,False,65.0,90.0,4,1.0686,0.2436,9028,0.0,0.0,102.6503,97.9169
755606,obv,BIN,33.44,78.94,False,405,relief_self_segmentation,cheap,0.0,0.0,0,0.00035,0.1266,0.1096,0.261,0.2,47.1,6328,False,119.0,70.0,4,1.1233,0.3991,6328,0.0,0.0,102.017,97.4075
755606,obv,BIN,33.44,78.94,False,438,relief_self_segmentation,cheap,0.0,0.0,0,0.00043,0.1042,0.222,0.3605,0.3594,36.6,3976,True,37.0,38.0,5,0.4564,0.3921,3976,0.0,0.0,102.115,97.8915
755606,obv,BIN,33.44,78.94,False,439,backdrop_vignette_blob,expensive,0.1884,0.121,29,0.49017,0.0516,0.6834,0.4676,0.3369,702.2,2098500,False,5.0,1.0,1,0.0695,0.8272,2098500,0.1105,0.0512,86.9573,74.3488
755606,obv,BIN,33.44,78.94,False,452,relief_self_segmentation,cheap,0.3216,0.0,0,0.0003,0.3004,0.3275,0.3681,0.0,24.9,2496,False,66.0,54.0,5,0.3921,0.5951,2496,0.0,0.0,100.4358,98.2554
755606,obv,BIN,33.44,78.94,False,480,relief_self_segmentation,cheap,0.0,0.0,0,0.00017,0.2415,0.2408,0.3134,0.0,21.8,1887,False,58.0,120.0,2,0.8959,0.5425,1887,0.0,0.0,101.2029,98.9267
755606,obv,BIN,33.44,78.94,False,482,relief_self_segmentation,cheap,0.0,0.0,0,0.00023,0.1191,0.13,0.3229,0.1935,34.7,3564,False,49.0,78.0,3,1.3042,0.3994,3564,0.0,0.0,102.1019,98.2058
755606,obv,BIN,33.44,78.94,False,489,relief_self_segmentation,cheap,0.0,0.0,0,0.00018,0.2656,0.167,0.2954,0.1417,27.6,2108,False,72.0,94.0,2,1.4854,0.6498,2108,0.0,0.0,103.913,96.9013
755606,obv,BIN,33.44,78.94,False,493,relief_self_segmentation,cheap,0.0,0.0,0,0.00016,0.1658,0.1807,0.3229,0.0,24.6,2484,False,112.0,77.0,3,0.5724,0.4409,2484,0.0,0.0,103.7246,97.8867
755606,obv,BIN,33.44,78.94,False,496,relief_self_segmentation,cheap,0.0,0.0,0,0.00068,0.0889,0.117,0.3023,0.2158,63.1,11929,False,88.0,81.0,2,0.6907,0.3339,11929,0.0,0.0,102.3603,97.6827
755606,obv,BIN,33.44,78.94,False,500,relief_self_segmentation,cheap,0.0,0.0,0,0.00018,0.1967,0.1575,0.2778,0.0,27.8,2232,False,103.0,62.0,6,0.7014,0.4793,2232,0.0,0.0,102.6067,97.789
755606,obv,BIN,33.44,78.94,False,502,relief_self_segmentation,cheap,0.0,0.0,0,0.00035,0.1087,0.1221,0.3285,0.1721,44.2,5670,False,45.0,90.0,4,0.8758,0.3732,5670,0.0,0.0,101.2078,98.1504
755606,obv,BIN,33.44,78.94,False,507,relief_self_segmentation,cheap,0.0,0.0,0,0.00014,0.251,0.2645,0.3257,0.3832,19.3,1200,True,117.0,66.0,3,0.5387,0.5368,1200,0.0,0.0,103.4384,98.0431
755606,obv,BIN,33.44,78.94,False,516,relief_self_segmentation,cheap,0.0,0.0,0,0.00024,0.1325,0.1891,0.3476,0.1596,29.8,3100,False,52.0,33.0,7,0.5139,0.4235,3100,0.0,0.0,101.5984,98.1772
755606,obv,BIN,33.44,78.94,False,520,relief_self_segmentation,cheap,0.1108,0.0,0,0.00082,0.0642,0.0831,0.2516,0.204,82.6,16830,False,105.0,88.0,3,0.8254,0.324,16830,0.0,0.0,102.3049,98.2685
755606,obv,BIN,33.44,78.94,False,548,relief_self_segmentation,cheap,0.0,0.0,0,0.00016,0.4158,0.3192,0.3213,0.0,18.6,836,True,89.0,107.0,3,0.493,0.7577,836,0.0,0.0,101.2959,97.7829
755606,obv,BIN,33.44,78.94,False,549,relief_self_segmentation,cheap,0.0,0.0,0,0.00023,0.1889,0.2591,0.3088,0.1871,24.5,2295,True,74.0,100.0,3,0.9523,0.4165,2295,0.0,0.0,101.7937,98.01
755606,obv,BIN,33.44,78.94,False,550,relief_self_segmentation,cheap,0.0,0.0,0,0.00021,0.1428,0.123,0.0,0.1429,34.0,2268,True,100.0,88.0,3,0.9622,0.3978,2268,0.0,0.0,101.8236,97.7561
755606,obv,BIN,33.44,78.94,False,558,relief_self_segmentation,cheap,0.0,0.0,0,0.00014,0.2763,0.1351,0.0,0.0,27.1,1105,True,164.0,147.0,1,0.6412,0.8168,1105,0.0,0.0,102.5815,97.6557
755606,obv,BIN,33.44,78.94,False,561,relief_self_segmentation,cheap,0.0,0.0,0,0.00027,0.1028,0.1457,0.3068,0.0563,35.8,3612,True,54.0,77.0,2,0.6307,0.3396,3612,0.0,0.0,102.8065,98.1697
755606,rev,BIN,33.09,78.95,False,6,sub_coin_noise_blob,cheap,0.0,0.0,0,0.00018,0.491,0.4581,0.3959,0.0,16.3,1131,False,36.0,86.0,2,0.2599,0.7638,1131,0.0,0.0,64.792,61.6455
755606,rev,BIN,33.09,78.95,False,18,sub_coin_noise_blob,cheap,0.0,0.0,0,0.00022,0.2661,0.192,0.3383,0.0,28.3,2990,False,80.0,68.0,3,0.9452,0.6221,2990,0.0314,0.0,68.8743,61.023
755606,rev,BIN,33.09,78.95,False,20,sub_coin_noise_blob,cheap,0.0,0.0,0,0.00017,0.1095,0.0545,0.2448,1.0,46.5,5858,False,132.0,100.0,3,2.5125,0.5794,5858,0.3563,0.3325,75.8403,48.7764
755606,rev,BIN,33.09,78.95,False,45,sub_coin_noise_blob,cheap,0.0,0.0,0,0.00048,0.1189,0.1289,0.2874,0.0,50.6,8330,False,95.0,76.0,3,0.9586,0.4417,8330,0.1278,0.0105,79.5302,66.8408
755606,rev,BIN,33.09,78.95,False,48,sub_coin_noise_blob,cheap,0.0,0.0,0,0.00019,0.5105,0.3451,0.3508,0.0,19.6,1170,False,74.0,56.0,4,0.357,0.832,1170,0.0,0.0,83.7127,80.3
755606,rev,BIN,33.09,78.95,False,83,relief_self_segmentation,cheap,0.0,0.0,0,0.00015,0.2667,0.1974,0.2781,0.0,22.6,1900,False,118.0,56.0,2,0.6395,0.5661,1900,0.0,0.0,93.2946,88.5708
755606,rev,BIN,33.09,78.95,False,115,attached_artifact,expensive,0.2455,0.0617,37,0.27543,0.1879,0.7402,0.5442,1.0,505.8,1207612,False,18.0,51.0,4,0.1394,0.9025,1207612,0.1903,0.0871,99.4119,61.0961
755606,rev,BIN,33.09,78.95,False,126,relief_self_segmentation,cheap,0.0,0.0,0,0.00019,0.1849,0.183,0.4298,1.0,26.7,2280,False,91.0,95.0,2,0.8903,0.4318,2280,0.0783,0.0,94.5988,63.6948
755606,rev,BIN,33.09,78.95,False,128,relief_self_segmentation,cheap,0.0,0.0,0,0.00017,0.1019,0.1409,0.5034,1.0,28.6,3315,False,94.0,57.0,3,0.3512,0.2501,3315,0.3064,0.0947,95.4204,52.0329
755606,rev,BIN,33.09,78.95,False,134,relief_self_segmentation,cheap,0.0,0.0,0,0.00017,0.146,0.1102,0.4118,1.0,32.7,3520,False,120.0,85.0,2,3.3934,0.3941,3520,0.1554,0.044,89.5653,58.018
755606,rev,BIN,33.09,78.95,False,140,relief_self_segmentation,cheap,0.0478,0.0,0,0.0014,0.2409,0.444,0.5592,1.0,46.6,9680,False,27.0,61.0,6,0.2591,0.6471,9680,0.3622,0.0797,87.7921,49.8161
755606,rev,BIN,33.09,78.95,False,150,sub_coin_noise_blob,cheap,0.0,0.0,0,0.00018,0.3953,0.4816,0.5234,1.0,16.0,1221,False,78.0,26.0,3,0.2515,0.6571,1221,0.1027,0.0,77.5402,61.0486
755606,rev,BIN,33.09,78.95,False,160,sub_coin_noise_blob,cheap,0.0,0.0,0,0.00017,0.4179,0.3485,0.501,1.0,18.3,1290,False,16.0,102.0,2,0.5261,0.7184,1290,0.1299,0.0,85.5607,58.0066
755606,rev,BIN,33.09,78.95,False,229,multi_object_weld,expensive,0.0476,0.0076,3,0.07227,0.0167,0.1367,0.3713,0.4646,603.0,1212480,False,112.0,81.0,3,0.8035,0.3159,1212480,0.069,0.013,93.2807,90.9233
755607,obv,BIN,27.66,78.94,False,8,sub_coin_noise_blob,cheap,0.0,0.0,0,0.0002,0.1956,0.131,0.2631,0.0,32.3,3392,False,84.0,87.0,2,0.9894,0.5101,3392,0.0265,0.0,67.2184,60.0899
755607,obv,BIN,27.66,78.94,False,10,sub_coin_noise_blob,cheap,0.0,0.0,0,0.00046,0.1856,0.3042,0.3428,0.0,32.3,4284,False,52.0,59.0,4,0.5017,0.4964,4284,0.0,0.0,66.6814,62.8225
755607,obv,BIN,27.66,78.94,False,12,relief_self_segmentation,cheap,0.0,0.0,0,0.00125,0.515,0.3231,0.4351,1.0,51.6,8540,False,79.0,80.0,3,0.4361,0.9223,8540,0.4284,0.3486,119.5069,30.2389
755607,obv,BIN,27.66,78.94,False,21,sub_coin_noise_blob,cheap,0.1122,0.0,0,0.00129,0.17,0.2305,0.3685,0.0,62.0,13020,False,44.0,75.0,3,0.5277,0.5827,13020,0.03,0.0,77.7081,71.4597
755607,obv,BIN,27.66,78.94,False,25,sub_coin_noise_blob,cheap,0.0,0.0,0,0.00043,0.2284,0.2583,0.333,0.0,33.8,4500,False,50.0,59.0,4,0.4484,0.5789,4500,0.0,0.0,82.6332,78.2018
755607,obv,BIN,27.66,78.94,False,56,relief_self_segmentation,cheap,0.0,0.0,0,0.00019,0.0897,0.053,0.4086,1.0,49.7,7630,False,141.0,77.0,2,2.6395,0.3636,7630,0.121,0.0361,124.3684,82.5025
755607,obv,BIN,27.66,78.94,False,96,low_contrast_coastline,expensive,0.2267,0.0261,39,0.28122,0.3387,0.8466,0.6141,1.0,477.9,1201965,False,6.0,0.0,0,0.0577,0.9568,1201965,0.2571,0.1347,107.8367,61.6566
755607,obv,BIN,27.66,78.94,False,100,relief_self_segmentation,cheap,0.0525,0.0,0,0.0186,0.0906,0.0822,0.4334,0.9752,394.5,408588,False,132.0,51.0,2,0.8238,0.2765,408588,0.0622,0.0165,112.1647,102.3885
755607,rev,BIN,27.62,78.95,False,15,sub_coin_noise_blob,cheap,0.0817,0.0,0,0.00072,0.1914,0.1817,0.3294,0.0,52.4,8658,False,56.0,80.0,4,1.3598,0.5648,8658,0.0675,0.0,77.7407,68.7401
755607,rev,BIN,27.62,78.95,False,18,sub_coin_noise_blob,cheap,0.0406,0.0,0,0.0017,0.3082,0.3032,0.3709,0.0,62.2,13516,False,25.0,80.0,4,0.4359,0.7371,13516,0.0355,0.0,77.8175,70.9391
755607,rev,BIN,27.62,78.95,False,45,relief_self_segmentation,cheap,0.0,0.0,0,0.00085,0.0277,0.0146,0.3631,1.0,199.6,75843,False,157.0,47.0,2,1.4918,0.1071,75843,0.1527,0.0427,105.4369,92.6314
755607,rev,BIN,27.62,78.95,False,56,relief_self_segmentation,cheap,0.0,0.0,0,0.00309,0.0658,0.1556,0.3894,0.0,116.8,49383,False,93.0,73.0,3,1.4099,0.396,49383,0.074,0.0,89.6146,78.2917
755607,rev,BIN,27.62,78.95,False,72,relief_self_segmentation,cheap,0.0,0.0,0,0.00068,0.1251,0.209,0.3468,0.0,47.5,7280,False,78.0,61.0,6,0.4765,0.4923,7280,0.0028,0.0,94.0542,89.8045
755607,rev,BIN,27.62,78.95,False,93,relief_self_segmentation,cheap,0.0,0.0,0,0.00017,0.2068,0.1739,0.2798,0.0,25.8,2170,False,91.0,83.0,3,0.9776,0.4743,2170,0.0,0.0,97.1632,92.4645
755607,rev,BIN,27.62,78.95,False,123,relief_self_segmentation,cheap,0.0,0.0,0,0.00022,0.3588,0.3824,0.3707,0.0,19.7,1496,False,55.0,52.0,5,0.3901,0.6473,1496,0.0,0.0,97.069,92.9383
755607,rev,BIN,27.62,78.95,False,125,relief_self_segmentation,cheap,0.0,0.0,0,0.00109,0.044,0.0253,0.3016,1.0,172.1,87447,False,163.0,34.0,4,1.9513,0.234,87447,0.074,0.0688,113.1356,95.9919
755607,rev,BIN,27.62,78.95,False,126,relief_self_segmentation,cheap,0.0,0.0,0,0.00025,0.0811,0.0427,0.3723,1.0,64.0,11832,False,97.0,93.0,2,5.6624,0.4339,11832,0.136,0.1038,104.3288,65.7794
755607,rev,BIN,27.62,78.95,False,133,relief_self_segmentation,cheap,0.0,0.0,0,0.00029,0.1522,0.0849,0.3207,1.0,48.3,5600,False,94.0,95.0,3,1.9912,0.5935,5600,0.0979,0.1948,106.4632,62.6597
755607,rev,BIN,27.62,78.95,False,135,relief_self_segmentation,cheap,0.0,0.0,0,0.00089,0.0822,0.0469,0.3345,1.0,114.4,22576,False,137.0,45.0,2,3.0312,0.4818,22576,0.0635,0.11,109.7367,83.3746
755607,rev,BIN,27.62,78.95,False,164,relief_self_segmentation,cheap,0.0,0.0,0,0.00045,0.0782,0.0889,0.2695,0.0838,58.9,11200,False,123.0,57.0,4,2.4424,0.2708,11200,0.0,0.0,99.9868,94.3397
755607,rev,BIN,27.62,78.95,False,167,relief_self_segmentation,expensive,0.0132,0.0,0,0.01471,0.0217,0.0527,0.3559,0.3637,438.1,656632,False,132.0,51.0,2,0.7901,0.1542,656632,0.089,0.0384,92.2877,100.5532
755607,rev,BIN,27.62,78.95,False,181,relief_self_segmentation,cheap,0.0767,0.0,0,0.00253,0.0675,0.1168,0.3185,0.17,121.9,40800,False,110.0,67.0,4,1.2804,0.4493,40800,0.0336,0.0621,97.8134,85.1485
755607,rev,BIN,27.62,78.95,False,183,relief_self_segmentation,cheap,0.0,0.0,0,0.00045,0.225,0.1477,0.2555,0.0,45.6,5978,False,131.0,33.0,4,0.5913,0.5788,5978,0.0,0.0,100.7099,95.0075
755607,rev,BIN,27.62,78.95,False,187,relief_self_segmentation,cheap,0.0,0.0,0,0.00026,0.1632,0.1205,0.2784,0.2386,38.7,4816,False,106.0,55.0,3,1.4816,0.4588,4816,0.0,0.0,102.1705,95.2906
755608,obv,BIN,31.1,78.94,False,27,relief_self_segmentation,cheap,0.0,0.0,0,0.0004,0.0836,0.0452,0.3756,1.0,78.4,18029,False,88.0,110.0,2,2.6415,0.456,18029,0.24,0.0462,102.5245,64.2994
755608,obv,BIN,31.1,78.94,False,47,relief_self_segmentation,cheap,0.0,0.0,0,0.00046,0.5643,0.5295,0.5531,1.0,24.3,2538,False,40.0,38.0,4,0.1817,0.8335,2538,0.1934,0.2967,109.4117,46.1616
755608,obv,BIN,31.1,78.94,False,105,relief_self_segmentation,cheap,0.0,0.0,0,0.00031,0.2739,0.1829,0.4119,1.0,34.4,2960,False,84.0,86.0,3,0.7406,0.6997,2960,0.2603,0.2498,104.3519,47.4484
755608,obv,BIN,31.1,78.94,False,139,non_circular_flan,expensive,0.2084,0.05,32,0.2981,0.0645,0.7482,0.5817,0.9289,523.4,1452724,False,0.0,8.0,3,0.0603,0.8457,1452724,0.1793,0.0776,114.4793,66.9787
755608,obv,BIN,31.1,78.94,False,143,relief_self_segmentation,cheap,0.0,0.0,0,0.00024,0.1799,0.1378,0.2696,0.2298,34.5,3876,False,95.0,64.0,3,1.5502,0.466,3876,0.0,0.0,102.3372,95.2476
755608,rev,BIN,31.8,78.95,False,9,sub_coin_noise_blob,cheap,0.0,0.0,0,0.00019,0.1407,0.106,0.4112,0.9448,35.5,2752,False,105.0,54.0,4,0.7798,0.4898,2752,0.3581,0.0561,77.505,52.7517
755608,rev,BIN,31.8,78.95,False,14,sub_coin_noise_blob,cheap,0.0,0.0,0,0.00019,0.2529,0.1764,0.2694,0.0,27.0,2376,False,42.0,77.0,2,0.9944,0.577,2376,0.0,0.0,68.2538,61.8713
755608,rev,BIN,31.8,78.95,False,31,relief_self_segmentation,cheap,0.0,0.0,0,0.00139,0.0723,0.038,0.3642,1.0,158.3,68257,False,160.0,48.0,2,1.5976,0.3102,68257,0.158,0.0622,93.2813,79.2886
755608,rev,BIN,31.8,78.95,False,49,sub_coin_noise_blob,cheap,0.0,0.0,0,0.00058,0.1484,0.1978,0.3282,0.0,44.8,7474,False,78.0,90.0,2,1.03,0.4789,7474,0.0504,0.0,77.3991,69.2424
755608,rev,BIN,31.8,78.95,False,88,relief_self_segmentation,cheap,0.0,0.0,0,0.00054,0.1754,0.2647,0.3364,0.0,37.3,5700,False,54.0,55.0,3,0.5207,0.4907,5700,0.0,0.0,89.282,85.225
755608,rev,BIN,31.8,78.95,False,90,relief_self_segmentation,cheap,0.0,0.0,0,0.00047,0.1273,0.2263,0.322,0.0,37.9,6300,False,47.0,64.0,5,0.6489,0.3834,6300,0.0,0.0,89.1325,84.6114
755608,rev,BIN,31.8,78.95,False,93,relief_self_segmentation,cheap,0.0,0.0,0,0.00055,0.2031,0.2403,0.3439,0.0,39.7,5040,False,88.0,73.0,4,0.5817,0.6127,5040,0.0,0.0,89.6026,83.787
755608,rev,BIN,31.8,78.95,False,106,relief_self_segmentation,cheap,0.0,0.0,0,0.00049,0.0867,0.2137,0.3489,0.0,39.8,7176,False,54.0,36.0,7,0.3161,0.3358,7176,0.0,0.0,92.7832,88.6398
755608,rev,BIN,31.8,78.95,False,108,relief_self_segmentation,cheap,0.0,0.0,0,0.00159,0.1014,0.1768,0.3722,0.0273,78.7,21762,False,84.0,80.0,4,1.1304,0.4076,21762,0.0654,0.0001,89.9756,81.6545
755608,rev,BIN,31.8,78.95,False,126,relief_self_segmentation,cheap,0.0,0.0,0,0.00019,0.321,0.3608,0.3684,0.0,19.0,1540,False,60.0,34.0,6,0.3251,0.5895,1540,0.0,0.0,95.1965,91.5871
755608,rev,BIN,31.8,78.95,False,129,relief_self_segmentation,cheap,0.0,0.0,0,0.00034,0.1193,0.2231,0.3485,0.0,32.2,3577,False,83.0,42.0,4,0.4623,0.4324,3577,0.0,0.0,95.2168,90.6128
755608,rev,BIN,31.8,78.95,False,134,relief_self_segmentation,cheap,0.0,0.0,0,0.00056,0.1535,0.1268,0.4277,1.0,54.9,9009,False,113.0,78.0,4,1.2025,0.4352,9009,0.2534,0.0266,107.0172,66.0166
755608,rev,BIN,31.8,78.95,False,161,relief_self_segmentation,cheap,0.0,0.0,0,0.00018,0.309,0.2795,0.4542,1.0,21.3,1428,False,95.0,89.0,4,0.5685,0.6448,1428,0.3082,0.18,107.883,47.2575
755608,rev,BIN,31.8,78.95,False,214,relief_self_segmentation,cheap,0.0,0.0,0,0.00022,0.1106,0.0822,0.2539,0.0,42.7,4100,False,129.0,67.0,2,2.0269,0.4203,4100,0.0,0.0,102.6399,96.3175
755608,rev,BIN,31.8,78.95,False,222,non_circular_flan,expensive,0.1569,0.0168,40,0.303,0.0905,0.7442,0.5947,0.7967,529.1,1497500,False,3.0,14.0,3,0.0744,0.8412,1497500,0.1956,0.0701,114.4584,67.3845
755609,obv,BIN,30.28,78.94,False,17,sub_coin_noise_blob,cheap,0.0,0.0,0,0.00238,0.2148,0.1968,0.2963,0.0,91.3,24477,False,102.0,73.0,2,0.5394,0.6919,24477,0.215,0.1611,64.3112,45.9057
755609,obv,BIN,30.28,78.94,False,18,sub_coin_noise_blob,cheap,0.0,0.0,0,0.00186,0.2751,0.2212,0.3641,0.0,76.1,17655,False,41.0,91.0,3,0.6412,0.7365,17655,0.206,0.1148,64.6663,48.5132
755609,obv,BIN,30.28,78.94,False,37,sub_coin_noise_blob,cheap,0.0,0.0,0,0.00272,0.233,0.267,0.378,0.0,83.8,23430,False,74.0,65.0,3,0.5521,0.6763,23430,0.1969,0.0188,75.8177,60.9066
755609,obv,BIN,30.28,78.94,False,40,sub_coin_noise_blob,cheap,0.0,0.0,0,0.00312,0.2125,0.2667,0.3945,0.0,89.6,28908,False,43.0,83.0,3,0.6457,0.65,28908,0.1931,0.0805,75.5958,57.3743
755609,obv,BIN,30.28,78.94,False,46,sub_coin_noise_blob,cheap,0.0,0.0,0,0.00016,0.2491,0.1952,0.309,0.0,23.6,1485,False,101.0,40.0,4,0.4597,0.5843,1485,0.0,0.0,84.5263,79.77
755609,obv,BIN,30.28,78.94,False,47,sub_coin_noise_blob,cheap,0.0,0.0,0,0.0002,0.5434,0.4092,0.3683,0.0,18.6,1204,False,70.0,60.0,3,0.3256,0.8256,1204,0.0,0.0,83.5947,80.0378
755609,obv,BIN,30.28,78.94,False,63,sub_coin_noise_blob,cheap,0.3475,0.0,0,0.00042,0.4545,0.3561,0.5107,1.0,28.3,2665,False,90.0,87.0,5,0.462,0.7524,2665,0.0911,0.0,86.2593,64.7729
755609,obv,BIN,30.28,78.94,False,110,relief_self_segmentation,cheap,0.0,0.0,0,0.00081,0.134,0.3024,0.3541,0.0174,42.9,6992,False,30.0,42.0,4,0.2453,0.4918,6992,0.0,0.0,95.1719,90.7273
755609,obv,BIN,30.28,78.94,False,226,low_contrast_coastline,expensive,0.1352,0.0146,32,0.32504,0.2323,0.8131,0.6243,0.8526,524.3,1407726,False,0.0,2.0,2,0.0336,0.9294,1407726,0.0834,0.0322,110.0545,79.8054
755609,obv,BIN,30.28,78.94,False,232,relief_self_segmentation,cheap,0.0,0.0,0,0.00015,0.3528,0.2207,0.3009,0.0,21.9,1376,False,92.0,67.0,2,0.5148,0.7048,1376,0.0,0.0,101.3675,96.9288
755609,rev,BIN,30.39,78.95,False,10,sub_coin_noise_blob,cheap,0.0,0.0,0,0.00278,0.2337,0.2701,0.3609,0.0,84.2,22448,False,88.0,68.0,4,0.4634,0.7195,22448,0.1432,0.162,64.3112,47.8897
755609,rev,BIN,30.39,78.95,False,14,sub_coin_noise_blob,cheap,0.0,0.0,0,0.00302,0.1192,0.1641,0.3062,0.0,112.5,39204,False,102.0,94.0,2,0.5407,0.6379,39204,0.1744,0.1497,64.63,50.5673
755609,rev,BIN,30.39,78.95,False,38,sub_coin_noise_blob,cheap,0.0,0.0,0,0.00359,0.2278,0.3041,0.3795,0.0,90.1,29253,False,85.0,65.0,3,0.4787,0.7061,29253,0.2148,0.0596,75.3078,58.5962
755609,rev,BIN,30.39,78.95,False,42,sub_coin_noise_blob,cheap,0.0,0.0,0,0.00017,0.3551,0.3347,0.3121,0.0,18.8,1118,False,83.0,82.0,3,0.4945,0.6535,1118,0.0,0.0,84.4905,80.0403
755609,rev,BIN,30.39,78.95,False,71,relief_self_segmentation,cheap,0.0,0.0,0,0.00018,0.1767,0.1426,0.3334,0.0,29.1,2277,False,61.0,39.0,3,0.6661,0.5067,2277,0.0,0.0,91.9956,86.7312
755609,rev,BIN,30.39,78.95,False,210,low_contrast_coastline,expensive,0.0913,0.006,28,0.31082,0.3274,0.8254,0.6381,0.9995,508.8,1343680,False,0.0,0.0,0,0.0493,0.9485,1343680,0.1556,0.0938,98.1024,64.7907
755609,rev,BIN,30.39,78.95,False,397,relief_self_segmentation,cheap,0.0,0.0,0,0.00014,0.2348,0.1544,0.2746,0.7589,24.9,1740,False,92.0,99.0,2,0.8681,0.5448,1740,0.0,0.0,103.5,96.8538
755609,rev,BIN,30.39,78.95,False,402,multi_object_weld,expensive,0.0527,0.0047,4,0.09399,0.0188,0.1535,0.3544,0.2742,648.8,1768314,False,97.0,57.0,4,0.415,0.2571,1768314,0.075,0.0292,92.4455,87.0838
755609,rev,BIN,30.39,78.95,False,496,relief_self_segmentation,cheap,0.0,0.0,0,0.00018,0.2358,0.1614,0.3289,0.4113,27.5,1848,False,111.0,88.0,3,0.6829,0.6009,1848,0.0,0.0,104.4183,96.9009
755609,rev,BIN,30.39,78.95,False,512,relief_self_segmentation,cheap,0.0,0.0,0,0.00018,0.1205,0.132,0.3255,0.5057,31.0,2700,False,88.0,74.0,2,0.4649,0.4182,2700,0.0,0.0,105.8265,97.5032
755610,obv,BIN,31.34,78.94,False,4,relief_self_segmentation,cheap,0.0,0.0,0,0.00038,0.0411,0.0199,0.3062,1.0,114.5,28462,False,169.0,38.0,3,3.3354,0.272,28462,0.2314,0.1566,97.382,63.2925
755610,obv,BIN,31.34,78.94,False,6,relief_self_segmentation,cheap,0.0,0.0,0,0.00014,0.0743,0.0347,0.3503,1.0,53.5,8364,False,83.0,71.0,2,2.3821,0.5502,8364,0.3353,0.2385,102.1464,58.4358
755610,obv,BIN,31.34,78.94,False,11,sub_coin_noise_blob,cheap,0.0,0.0,0,0.00019,0.3126,0.373,0.3498,0.0,18.7,1554,False,73.0,41.0,4,0.336,0.5877,1554,0.0,0.0,83.7489,79.1543
755610,obv,BIN,31.34,78.94,False,15,sub_coin_noise_blob,cheap,0.1126,0.0,0,0.00064,0.1735,0.1743,0.3008,0.0,50.3,6776,False,99.0,87.0,3,0.8003,0.5161,6776,0.0924,0.0014,85.4055,75.0551
755610,obv,BIN,31.34,78.94,False,21,relief_self_segmentation,cheap,0.0,0.0,0,0.00051,0.1622,0.236,0.3508,0.0,38.7,6030,False,63.0,60.0,4,0.4807,0.4962,6030,0.0207,0.0003,88.3131,78.8981
755610,obv,BIN,31.34,78.94,False,22,relief_self_segmentation,cheap,0.0,0.0,0,0.00042,0.306,0.3733,0.3443,0.0,27.9,3120,False,92.0,87.0,2,0.4735,0.6392,3120,0.0,0.0,89.5271,85.6626
755610,rev,BIN,30.41,78.95,False,15,relief_self_segmentation,cheap,0.0,0.0,0,0.00017,0.1035,0.0484,0.3357,1.0,48.8,7047,False,125.0,85.0,3,2.4135,0.6047,7047,0.3375,0.1002,120.1573,74.978
755610,rev,BIN,30.41,78.95,False,23,relief_self_segmentation,cheap,0.0,0.0,0,0.00081,0.2438,0.3314,0.4807,1.0,40.9,6424,False,62.0,22.0,12,0.2362,0.5704,6424,0.0904,0.055,168.5176,75.3204
755610,rev,BIN,30.41,78.95,False,27,relief_self_segmentation,cheap,0.0,0.0,0,0.00036,0.4093,0.284,0.397,1.0,29.5,3072,False,75.0,84.0,2,0.9766,0.7026,3072,0.1538,0.1834,173.9396,57.4147
755610,rev,BIN,30.41,78.95,False,41,relief_self_segmentation,cheap,0.0,0.0,0,0.00047,0.3031,0.2887,0.4822,1.0,33.3,3843,False,96.0,98.0,2,0.6507,0.5316,3843,0.1215,0.0657,179.3609,70.2715
755610,rev,BIN,30.41,78.95,False,44,relief_self_segmentation,cheap,0.0,0.0,0,0.00072,0.217,0.3285,0.4895,1.0,39.0,6364,False,53.0,62.0,3,0.447,0.5286,6364,0.194,0.0071,175.9059,66.8488
755610,rev,BIN,30.41,78.95,False,49,relief_self_segmentation,cheap,0.0,0.0,0,0.00052,0.2621,0.3779,0.5085,1.0,30.8,4095,False,59.0,38.0,2,0.2245,0.5628,4095,0.2195,0.0846,187.9464,56.8974
755610,rev,BIN,30.41,78.95,False,53,relief_self_segmentation,cheap,0.1499,0.0,0,0.00108,0.5972,0.5713,0.5841,1.0,36.1,6468,False,32.0,21.0,5,0.1513,0.8498,6468,0.0945,0.0325,163.0787,71.9423
755610,rev,BIN,30.41,78.95,False,58,relief_self_segmentation,cheap,0.0,0.0,0,0.00065,0.2903,0.3152,0.4809,1.0,37.7,5865,False,82.0,91.0,3,0.4953,0.6144,5865,0.1223,0.0039,159.1453,69.5115
755610,rev,BIN,30.41,78.95,False,59,relief_self_segmentation,cheap,0.0,0.0,0,0.00069,0.1307,0.3397,0.5019,1.0,37.5,7654,False,53.0,39.0,4,0.2577,0.4954,7654,0.1305,0.0464,165.2297,66.702
755610,rev,BIN,30.41,78.95,False,63,relief_self_segmentation,cheap,0.0,0.0,0,0.00073,0.1896,0.3097,0.4864,1.0,40.2,7533,False,54.0,43.0,4,0.6174,0.4658,7533,0.1875,0.0417,169.3194,67.5362
755610,rev,BIN,30.41,78.95,False,65,relief_self_segmentation,cheap,0.0,0.0,0,0.00151,0.3003,0.3628,0.5376,1.0,53.5,12078,False,16.0,30.0,9,0.2121,0.678,12078,0.0437,0.0015,114.1362,85.7299
755610,rev,BIN,30.41,78.95,False,73,relief_self_segmentation,cheap,0.0,0.0,0,0.00046,0.2819,0.3607,0.4543,1.0,29.7,3840,False,60.0,30.0,7,0.3335,0.6594,3840,0.0019,0.0,101.5706,85.9981
755610,rev,BIN,30.41,78.95,False,90,backdrop_vignette_blob,expensive,0.2054,0.106,15,0.21805,0.0178,0.5726,0.5222,0.9699,511.7,1423168,False,0.0,0.0,0,0.0481,0.6216,1423168,0.1107,0.0411,124.1929,76.7237
755611,obv,BIN,29.69,78.94,False,8,sub_coin_noise_blob,cheap,0.0,0.0,0,0.00036,0.245,0.2314,0.3661,0.0,32.7,3060,False,33.0,46.0,3,0.4052,0.6237,3060,0.0,0.0,65.1333,60.0361
755611,obv,BIN,29.69,78.94,False,14,sub_coin_noise_blob,cheap,0.0,0.0,0,0.00236,0.2629,0.2355,0.3517,0.0,83.0,21780,False,91.0,75.0,3,0.548,0.7131,21780,0.2116,0.1136,64.1574,47.6714
755611,obv,BIN,29.69,78.94,False,15,sub_coin_noise_blob,cheap,0.0,0.0,0,0.00143,0.1236,0.0683,0.356,1.0,120.1,25143,False,128.0,74.0,2,2.6823,0.5013,25143,0.2521,0.1883,85.6602,52.2554
755611,obv,BIN,29.69,78.94,False,17,sub_coin_noise_blob,cheap,0.0,0.0,0,0.00018,0.2279,0.1253,0.3407,1.0,31.3,2808,False,136.0,56.0,2,1.1246,0.6226,2808,0.4558,0.3421,83.8378,28.4386
755611,obv,BIN,29.69,78.94,False,18,sub_coin_noise_blob,cheap,0.0,0.0,0,0.0016,0.4548,0.3682,0.4442,1.0,54.7,9933,False,98.0,96.0,2,0.5008,0.8548,9933,0.3711,0.312,86.7241,40.9531
755611,obv,BIN,29.69,78.94,False,26,relief_self_segmentation,cheap,0.0,0.0,0,0.00122,0.223,0.1367,0.4013,1.0,78.2,18306,False,50.0,86.0,3,1.2078,0.6935,18306,0.3528,0.2066,94.1925,49.5328
755611,obv,BIN,29.69,78.94,False,33,sub_coin_noise_blob,cheap,0.0,0.0,0,0.00189,0.1563,0.2084,0.3659,0.0,79.0,21824,False,95.0,61.0,3,0.7327,0.5434,21824,0.2155,0.0105,75.8976,61.1232
755611,obv,BIN,29.69,78.94,False,34,sub_coin_noise_blob,cheap,0.0,0.0,0,0.00228,0.1967,0.2065,0.3028,0.0,87.2,24628,False,98.0,99.0,3,0.6442,0.5293,24628,0.1571,0.0763,75.0555,60.8254
755611,obv,BIN,29.69,78.94,False,144,relief_self_segmentation,expensive,0.1535,0.0268,37,0.31553,0.1014,0.7915,0.544,0.9964,523.5,1415484,False,11.0,0.0,0,0.0691,0.8787,1415484,0.2534,0.0967,111.1128,59.0757
755611,rev,BIN,30.47,78.95,False,5,sub_coin_noise_blob,cheap,0.0,0.0,0,0.00401,0.2145,0.1903,0.3717,0.0,120.4,36287,False,98.0,65.0,2,0.5586,0.6853,36287,0.177,0.1742,63.656,47.166
755611,rev,BIN,30.47,78.95,False,9,sub_coin_noise_blob,cheap,0.1473,0.0,0,0.00045,0.2102,0.2254,0.4095,1.0,37.0,4698,False,101.0,53.0,4,0.4922,0.4665,4698,0.2967,0.0785,73.2563,49.2315
755611,rev,BIN,30.47,78.95,False,22,sub_coin_noise_blob,cheap,0.0264,0.0,0,0.00269,0.2338,0.2765,0.3859,0.0,81.8,23408,False,72.0,79.0,3,0.5098,0.6626,23408,0.2164,0.0087,75.4755,60.7166
755611,rev,BIN,30.47,78.95,False,23,sub_coin_noise_blob,cheap,0.0,0.0,0,0.00274,0.198,0.2421,0.3189,0.0,88.2,25802,False,103.0,74.0,3,0.5969,0.6858,25802,0.2258,0.0263,75.2229,62.804
755611,rev,BIN,30.47,78.95,False,60,relief_self_segmentation,cheap,0.0,0.0,0,0.00025,0.1646,0.187,0.2959,0.0,30.3,3212,False,85.0,100.0,2,0.9901,0.4383,3212,0.0,0.0,97.7456,93.1168
755611,rev,BIN,30.47,78.95,False,124,low_contrast_coastline,expensive,0.1799,0.0151,49,0.34026,0.1743,0.7838,0.5807,0.9293,546.3,1496712,False,2.0,1.0,1,0.0458,0.9151,1496712,0.1328,0.0699,108.8385,72.7903
755612,obv,BIN,96.0,78.94,False,1,sub_coin_noise_blob,cheap,0.0,0.0,0,0.00021,0.1132,0.0606,0.3618,1.0,48.5,4715,False,87.0,127.0,2,2.201,0.495,4715,0.4563,0.0165,165.1172,126.0543
755615,obv,BIN,33.08,78.94,False,19,sub_coin_noise_blob,cheap,0.0,0.0,0,0.00203,0.2169,0.2051,0.3317,0.0,82.4,21060,False,80.0,83.0,2,0.8732,0.6717,21060,0.1556,0.1864,64.1705,47.4923
755615,obv,BIN,33.08,78.94,False,24,sub_coin_noise_blob,cheap,0.0,0.0,0,0.00239,0.1307,0.1213,0.316,0.0,116.4,40098,False,110.0,84.0,3,0.7362,0.6049,40098,0.1966,0.128,64.6457,52.9845
755615,obv,BIN,33.08,78.94,False,54,sub_coin_noise_blob,cheap,0.0,0.0,0,0.0049,0.1737,0.2042,0.3248,0.0,128.5,51870,False,83.0,81.0,2,0.6615,0.6856,51870,0.1677,0.0415,75.6169,65.417
755615,obv,BIN,33.08,78.94,False,59,attached_artifact,cheap,0.0,0.0,0,0.00598,0.1545,0.168,0.3373,0.0,156.4,75264,False,96.0,76.0,3,0.6688,0.6536,75264,0.1775,0.052,75.5535,63.7122
755615,obv,BIN,33.08,78.94,False,115,relief_self_segmentation,cheap,0.0,0.0,0,0.00015,0.2071,0.1244,0.254,0.157,28.5,1836,False,98.0,100.0,2,1.5683,0.5377,1836,0.0,0.0,98.2665,91.8628
755615,obv,BIN,33.08,78.94,False,116,relief_self_segmentation,cheap,0.0,0.0,0,0.00016,0.4068,0.332,0.5527,1.0,18.2,1075,False,100.0,63.0,4,0.4092,0.7345,1075,0.1058,0.0016,91.1414,67.4583
755615,obv,BIN,33.08,78.94,False,141,relief_self_segmentation,cheap,0.0,0.0,0,0.00191,0.0581,0.1558,0.3551,0.024,91.8,31960,False,76.0,42.0,7,0.5617,0.3197,31960,0.0116,0.0,94.4393,87.1539
755615,obv,BIN,33.08,78.94,False,307,relief_self_segmentation,cheap,0.0,0.0,0,0.00016,0.2339,0.2008,0.3123,0.1532,23.1,1749,False,73.0,81.0,3,0.5454,0.5181,1749,0.0,0.0,100.0203,96.0563
755615,obv,BIN,33.08,78.94,False,328,relief_self_segmentation,cheap,0.0,0.0,0,0.00017,0.1363,0.2891,0.3539,0.0,20.1,2254,False,59.0,21.0,5,0.2912,0.3836,2254,0.0,0.0,101.5448,97.315
755615,obv,BIN,33.08,78.94,False,348,unclassified_ragged,expensive,0.256,0.06,57,0.358,0.0481,0.7265,0.5355,0.6731,582.1,1793836,False,0.0,18.0,7,0.0757,0.8206,1793836,0.1706,0.0845,93.2517,68.3255
755615,rev,BIN,33.48,78.95,False,10,sub_coin_noise_blob,cheap,0.0,0.0,0,0.00023,0.1417,0.0869,0.2458,0.0,43.1,3605,False,89.0,106.0,3,1.7949,0.4703,3605,0.1201,0.0002,65.565,56.2776
755615,rev,BIN,33.48,78.95,False,18,sub_coin_noise_blob,cheap,0.0,0.0,0,0.00175,0.195,0.2327,0.3577,0.0,71.8,17427,False,66.0,62.0,3,0.4952,0.6273,17427,0.1506,0.1301,65.1664,50.7987
755615,rev,BIN,33.48,78.95,False,22,sub_coin_noise_blob,cheap,0.0,0.0,0,0.00323,0.1142,0.0963,0.3331,0.0,151.9,62496,False,126.0,90.0,3,1.0319,0.5392,62496,0.1598,0.1384,64.8076,53.513
755615,rev,BIN,33.48,78.95,False,28,attached_artifact,cheap,0.1682,0.1063,2,0.00707,0.2697,0.3009,0.4719,1.0,127.1,48320,False,60.0,82.0,2,0.4351,0.7409,48320,0.2591,0.2733,76.5139,44.7159
755615,rev,BIN,33.48,78.95,False,43,attached_artifact,cheap,0.0301,0.0,0,0.00571,0.1575,0.2187,0.3322,0.0,134.0,57570,False,100.0,62.0,4,0.6544,0.6515,57570,0.1665,0.0369,76.8519,64.6804
755615,rev,BIN,33.48,78.95,False,47,attached_artifact,cheap,0.0,0.0,0,0.00597,0.1378,0.1379,0.3538,0.0,172.5,88560,False,113.0,82.0,3,0.8658,0.5385,88560,0.1874,0.0748,75.9351,64.4786
755615,rev,BIN,33.48,78.95,False,55,sub_coin_noise_blob,cheap,0.0,0.0,0,0.00041,0.2275,0.3169,0.3553,0.0,29.7,3196,False,44.0,64.0,3,0.4674,0.5677,3196,0.0,0.0,86.6804,82.2921
755615,rev,BIN,33.48,78.95,False,56,sub_coin_noise_blob,cheap,0.0,0.0,0,0.0007,0.1816,0.1884,0.3429,0.0,50.6,8400,False,82.0,51.0,4,0.695,0.5254,8400,0.1171,0.0115,85.7158,71.2707
755615,rev,BIN,33.48,78.95,False,245,relief_self_segmentation,cheap,0.0,0.0,0,0.00017,0.137,0.0814,0.2429,0.1429,37.8,3060,False,110.0,100.0,2,2.4191,0.4734,3060,0.0,0.0,103.9729,97.2507
755615,rev,BIN,33.48,78.95,False,252,relief_self_segmentation,cheap,0.0,0.0,0,0.0002,0.2988,0.2327,0.3213,0.0,24.0,1815,False,82.0,84.0,3,0.461,0.6132,1815,0.0,0.0,99.8,95.854
755615,rev,BIN,33.48,78.95,False,273,relief_self_segmentation,expensive,0.2754,0.0308,46,0.34515,0.0239,0.6158,0.504,0.6545,620.8,1904768,False,24.0,9.0,7,0.0872,0.7398,1904768,0.1201,0.0324,89.3774,76.6423
755616,rev,BIN,96.0,78.95,False,5,sub_coin_noise_blob,cheap,0.0,0.0,0,0.00041,0.1157,0.0567,0.3381,0.9921,70.4,14162,False,95.0,92.0,2,2.0016,0.5706,14162,0.0648,0.6041,131.2097,88.2979
755620,obv,BIN,29.76,78.94,False,10,sub_coin_noise_blob,cheap,0.0,0.0,0,0.00163,0.1798,0.1403,0.3035,0.0,89.5,22620,False,59.0,90.0,2,0.8,0.6244,22620,0.1911,0.0724,64.5715,53.0013
755620,obv,BIN,29.76,78.94,False,17,relief_self_segmentation,cheap,0.0,0.0,0,0.00065,0.1293,0.0688,0.3917,1.0,80.9,12663,False,144.0,74.0,2,2.0658,0.6064,12663,0.2253,0.1331,101.0629,60.44
755620,obv,BIN,29.76,78.94,False,39,sub_coin_noise_blob,cheap,0.0,0.0,0,0.00115,0.2041,0.1946,0.3389,0.0,63.7,12954,False,70.0,69.0,2,0.7686,0.5951,12954,0.1089,0.0006,77.8644,66.9285
755620,obv,BIN,29.76,78.94,False,63,relief_self_segmentation,cheap,0.0,0.0,0,0.00015,0.0468,0.0208,0.2813,1.0,69.4,7095,False,153.0,54.0,2,3.0042,0.4452,7095,0.187,0.1869,101.4251,56.4724
755620,obv,BIN,29.76,78.94,False,73,relief_self_segmentation,cheap,0.0,0.0,0,0.00016,0.1809,0.0999,0.4139,1.0,33.1,3075,False,100.0,78.0,2,3.1303,0.618,3075,0.2772,0.021,108.4927,60.2113
755620,obv,BIN,29.76,78.94,False,93,attached_artifact,cheap,0.04,0.0132,1,0.01831,0.0519,0.1047,0.3771,0.0624,346.8,317507,False,141.0,66.0,2,1.0815,0.3288,317507,0.0883,0.0423,86.6897,86.9488
755620,obv,BIN,29.76,78.94,False,108,relief_self_segmentation,cheap,0.0548,0.0,0,0.00125,0.0678,0.1162,0.2712,0.1337,86.0,18450,False,118.0,68.0,2,1.1078,0.3607,18450,0.015,0.042,97.9683,88.7481
755620,obv,BIN,29.76,78.94,False,124,low_contrast_coastline,expensive,0.1658,0.0223,31,0.24123,0.0765,0.7884,0.5776,0.9999,458.7,1105190,False,1.0,0.0,0,0.0374,0.8616,1105190,0.3295,0.1441,109.0895,46.5804
755620,obv,BIN,29.76,78.94,False,161,relief_self_segmentation,cheap,0.0,0.0,0,0.00019,0.1122,0.1289,0.3116,0.226,31.5,3080,False,86.0,51.0,4,0.6968,0.3448,3080,0.0076,0.0,99.5377,93.4622
755620,obv,BIN,29.76,78.94,False,164,relief_self_segmentation,cheap,0.1085,0.0,0,0.00244,0.0666,0.1697,0.3652,0.1403,99.5,33975,False,61.0,56.0,5,0.4466,0.4138,33975,0.1192,0.0926,97.6296,79.444
755620,obv,BIN,29.76,78.94,False,170,relief_self_segmentation,cheap,0.0,0.0,0,0.00023,0.3138,0.3043,0.3535,0.2397,22.7,1836,False,58.0,26.0,6,0.2968,0.6069,1836,0.0,0.0,100.0796,95.3054
755620,obv,BIN,29.76,78.94,False,176,relief_self_segmentation,expensive,0.0709,0.0198,3,0.04058,0.0182,0.085,0.4401,0.6099,573.1,1613240,False,107.0,68.0,3,0.4672,0.1162,1613240,0.1251,0.047,87.8828,87.4611
755620,obv,BIN,29.76,78.94,False,181,relief_self_segmentation,cheap,0.0,0.0,0,0.00035,0.1189,0.2718,0.3564,0.1336,29.7,3808,False,35.0,65.0,5,0.3528,0.4128,3808,0.0,0.0,100.4851,95.3395
755620,obv,BIN,29.76,78.94,False,194,relief_self_segmentation,cheap,0.0,0.0,0,0.0003,0.1249,0.1036,0.2564,0.0,44.5,5917,False,133.0,31.0,5,0.677,0.4182,5917,0.0237,0.0004,101.8302,93.8611
755620,obv,BIN,29.76,78.94,False,195,relief_self_segmentation,cheap,0.0,0.0,0,0.00016,0.2008,0.1162,0.2494,0.2358,30.7,2691,False,121.0,86.0,2,2.2608,0.6021,2691,0.0,0.0,104.3793,95.457
755620,obv,BIN,29.76,78.94,False,200,relief_self_segmentation,cheap,0.0,0.0,0,0.00017,0.2989,0.2429,0.3104,0.0,22.1,1800,False,82.0,69.0,4,0.5138,0.6475,1800,0.0,0.0,101.3005,97.0146
755620,rev,BIN,31.4,78.95,False,25,sub_coin_noise_blob,cheap,0.0,0.0,0,0.0009,0.1725,0.1835,0.3405,0.0,58.2,11223,False,81.0,94.0,3,0.9294,0.5666,11223,0.1067,0.0032,76.2627,66.7109
755620,rev,BIN,31.4,78.95,False,30,sub_coin_noise_blob,cheap,0.0,0.0,0,0.00146,0.1465,0.1602,0.2966,0.0,79.2,19431,False,90.0,69.0,3,1.0323,0.5549,19431,0.1125,0.0079,77.3077,69.1666
755620,rev,BIN,31.4,78.95,False,36,sub_coin_noise_blob,cheap,0.0,0.0,0,0.00028,0.3328,0.2742,0.3317,0.0,26.7,2562,False,17.0,53.0,3,0.5381,0.6892,2562,0.0,0.0,83.4874,79.2889
755620,rev,BIN,31.4,78.95,False,108,relief_self_segmentation,cheap,0.0,0.0,0,0.00085,0.1172,0.3144,0.3602,0.0319,43.2,6992,False,27.0,26.0,4,0.2407,0.4679,6992,0.0,0.0,95.4646,91.3351
755620,rev,BIN,31.4,78.95,False,109,relief_self_segmentation,cheap,0.0,0.0,0,0.00102,0.1263,0.347,0.3657,0.0,45.0,8536,False,27.0,26.0,5,0.2012,0.4948,8536,0.0,0.0,94.4114,90.658
755620,rev,BIN,31.4,78.95,False,188,low_contrast_coastline,expensive,0.2059,0.045,37,0.31175,0.0784,0.7244,0.5856,0.8861,544.0,1454432,False,0.0,4.0,3,0.0507,0.8545,1454432,0.1986,0.0802,102.6884,67.5322
755620,rev,BIN,31.4,78.95,False,205,attached_artifact,cheap,0.1646,0.0814,2,0.01087,0.0474,0.085,0.3723,0.3379,296.5,182272,False,134.0,83.0,4,1.5897,0.3716,182272,0.0691,0.0207,100.032,94.7952
755620,rev,BIN,31.4,78.95,False,208,relief_self_segmentation,cheap,0.0,0.0,0,0.00026,0.1942,0.1404,0.2879,0.3145,35.4,3840,False,107.0,94.0,2,1.6246,0.5379,3840,0.0,0.0,102.6009,95.4115
755620,rev,BIN,31.4,78.95,False,212,relief_self_segmentation,cheap,0.0,0.0,0,0.00022,0.2201,0.1478,0.2568,0.0,32.0,2993,False,118.0,70.0,5,0.5649,0.6132,2993,0.0,0.0,100.9357,97.2989
755621,obv,BIN,32.69,78.94,False,15,sub_coin_noise_blob,cheap,0.0,0.0,0,0.0013,0.2364,0.2524,0.3598,0.0,59.5,13167,False,77.0,59.0,4,0.5291,0.6668,13167,0.202,0.114,65.3881,49.2242
755621,obv,BIN,32.69,78.94,False,16,sub_coin_noise_blob,cheap,0.0,0.0,0,0.00116,0.1961,0.163,0.3257,0.0,69.9,16060,False,83.0,95.0,3,1.1379,0.5761,16060,0.1445,0.0836,64.9536,53.5837
755621,obv,BIN,32.69,78.94,False,17,sub_coin_noise_blob,cheap,0.0,0.0,0,0.00079,0.0998,0.0519,0.3638,0.9926,102.1,22800,False,142.0,70.0,2,3.275,0.5419,22800,0.2153,0.1139,75.7353,66.695
755621,obv,BIN,32.69,78.94,False,47,sub_coin_noise_blob,cheap,0.0,0.0,0,0.0036,0.1911,0.3094,0.4027,0.0,89.5,30030,False,56.0,73.0,3,0.4352,0.6727,30030,0.1615,0.0195,76.1278,63.6782
755621,obv,BIN,32.69,78.94,False,51,sub_coin_noise_blob,cheap,0.0,0.0,0,0.00035,0.2695,0.2806,0.343,0.0,29.3,2795,False,58.0,113.0,2,0.7168,0.6048,2795,0.0,0.0,83.5673,79.0628
755621,obv,BIN,32.69,78.94,False,53,sub_coin_noise_blob,cheap,0.0,0.0,0,0.00028,0.1057,0.0518,0.4005,1.0,61.5,10374,False,99.0,83.0,3,2.5484,0.591,10374,0.2568,0.0229,84.7685,65.4848
755621,obv,BIN,32.69,78.94,False,95,relief_self_segmentation,cheap,0.0,0.0,0,0.00036,0.247,0.2946,0.3775,0.0,29.1,3519,False,33.0,60.0,4,0.3622,0.5602,3519,0.0,0.0,90.0231,86.3354
755621,obv,BIN,32.69,78.94,False,99,relief_self_segmentation,cheap,0.0,0.0,0,0.00019,0.363,0.1923,0.3492,1.0,25.8,1426,False,77.0,75.0,3,0.8823,0.8895,1426,0.1529,0.0,103.5991,63.2733
755621,obv,BIN,32.69,78.94,False,318,relief_self_segmentation,cheap,0.0,0.0,0,0.00033,0.1282,0.2264,0.3096,0.0682,31.5,4225,False,90.0,32.0,2,0.3457,0.3695,4225,0.0,0.0,100.0024,97.2625
755621,obv,BIN,32.69,78.94,False,372,relief_self_segmentation,cheap,0.0,0.0,0,0.00015,0.2572,0.1713,0.2711,0.4464,24.9,1800,False,92.0,117.0,2,1.0013,0.5764,1800,0.0,0.0,103.3683,96.8617
755621,obv,BIN,32.69,78.94,False,378,unclassified_ragged,expensive,0.2046,0.0739,34,0.43146,0.083,0.6975,0.4916,0.3539,652.1,1972236,False,0.0,3.0,4,0.0612,0.8726,1972236,0.1023,0.0349,87.9948,70.8232
755621,obv,BIN,32.69,78.94,False,473,relief_self_segmentation,cheap,0.0,0.0,0,0.00018,0.2536,0.1717,0.3265,0.4322,26.5,1728,False,82.0,83.0,3,0.7679,0.6259,1728,0.0,0.0,104.3257,96.8481
755621,obv,BIN,32.69,78.94,False,487,relief_self_segmentation,cheap,0.0,0.0,0,0.0002,0.1168,0.1345,0.3286,0.6223,32.0,2772,False,77.0,74.0,4,0.4671,0.4307,2772,0.0,0.0,105.5841,97.4653
755621,rev,BIN,31.67,78.95,False,80,sub_coin_noise_blob,cheap,0.0,0.0,0,0.00022,0.3295,0.3525,0.3757,0.0,20.6,1476,True,68.0,54.0,4,0.5742,0.6364,1476,0.0,0.0,85.8333,82.6243
755621,rev,BIN,31.67,78.95,False,93,backdrop_vignette_blob,expensive,0.1163,0.4821,10,0.77619,0.2057,0.6928,0.0,0.01,877.6,2160000,True,154.0,51.0,22,0.2251,0.9542,2160000,0.0,0.0,85.1303,73.9659
755622,obv,BIN,29.64,78.94,False,9,sub_coin_noise_blob,cheap,0.0,0.0,0,0.00108,0.1736,0.1539,0.2679,0.0,69.4,14043,False,42.0,81.0,3,0.9448,0.5904,14043,0.25,0.1065,64.3839,46.7667
755622,obv,BIN,29.64,78.94,False,16,attached_artifact,cheap,0.0209,0.0,0,0.0096,0.1292,0.1876,0.3404,0.0,187.6,94106,False,102.0,91.0,3,0.7703,0.4978,94106,0.1672,0.0881,66.1243,55.517
755622,obv,BIN,29.64,78.94,False,20,sub_coin_noise_blob,cheap,0.0,0.0,0,0.00017,0.1216,0.0589,0.3349,1.0,44.9,5733,False,158.0,65.0,2,1.8095,0.559,5733,0.3722,0.1512,73.8013,44.8135
755622,obv,BIN,29.64,78.94,False,44,relief_self_segmentation,cheap,0.0,0.0,0,0.00055,0.427,0.3624,0.503,1.0,32.3,3828,False,104.0,46.0,5,0.3761,0.7582,3828,0.4617,0.0165,93.6562,44.7674
755622,obv,BIN,29.64,78.94,False,53,relief_self_segmentation,cheap,0.0394,0.0,0,0.0013,0.2296,0.2604,0.4826,1.0,58.6,9940,False,82.0,84.0,2,0.467,0.687,9940,0.5213,0.0263,101.7743,43.4564
755622,obv,BIN,29.64,78.94,False,56,relief_self_segmentation,cheap,0.0199,0.0,0,0.01053,0.0802,0.0664,0.3776,1.0,330.3,323463,False,143.0,50.0,2,1.1175,0.3077,323463,0.1745,0.0697,94.4547,71.6839
755622,obv,BIN,29.64,78.94,False,59,relief_self_segmentation,cheap,0.0,0.0,0,0.00015,0.2707,0.1854,0.441,1.0,23.7,1855,False,85.0,85.0,2,1.263,0.5982,1855,0.4554,0.0164,106.1658,46.7387
755622,obv,BIN,29.64,78.94,False,75,relief_self_segmentation,cheap,0.0,0.0,0,0.00018,0.2621,0.1769,0.3874,1.0,26.4,2072,False,96.0,82.0,2,0.6534,0.5733,2072,0.4645,0.034,88.2438,44.1091
755622,obv,BIN,29.64,78.94,False,89,relief_self_segmentation,cheap,0.0,0.0,0,0.00027,0.2856,0.15,0.439,1.0,35.0,3780,False,79.0,77.0,3,1.0414,0.7875,3780,0.4402,0.0109,92.944,44.7478
755622,obv,BIN,29.64,78.94,False,162,non_circular_flan,expensive,0.1665,0.0537,13,0.14471,0.0931,0.6266,0.543,0.9982,398.5,693252,False,2.0,20.0,3,0.0935,0.8204,693252,0.3707,0.1247,103.0237,45.0935
755622,obv,BIN,29.64,78.94,False,179,relief_self_segmentation,expensive,0.0373,0.0067,1,0.04843,0.0936,0.191,0.4487,0.9994,417.6,619137,False,99.0,83.0,2,0.8037,0.3736,619137,0.1831,0.04,98.0488,80.9065
755622,obv,BIN,29.64,78.94,False,182,sub_coin_noise_blob,cheap,0.0,0.0,0,0.00045,0.2622,0.2079,0.4173,1.0,38.6,4186,False,81.0,83.0,4,0.4663,0.6289,4186,0.3001,0.1566,65.0066,40.4744
755622,obv,BIN,29.64,78.94,False,284,multi_object_weld,expensive,0.0318,0.0079,3,0.11904,0.0207,0.1873,0.4053,0.2891,661.0,1861275,False,88.0,60.0,2,0.2898,0.2325,1861275,0.1589,0.0549,90.5709,75.7108
755622,rev,BIN,27.9,78.95,False,10,sub_coin_noise_blob,cheap,0.0,0.0,0,0.00058,0.2173,0.2176,0.3351,0.0,42.9,6750,False,59.0,82.0,3,0.5845,0.6017,6750,0.1667,0.0149,65.0699,54.0079
755622,rev,BIN,27.9,78.95,False,11,sub_coin_noise_blob,cheap,0.0508,0.0,0,0.00142,0.1513,0.1663,0.3591,0.0,76.7,19895,False,94.0,51.0,5,0.5318,0.5526,19895,0.1692,0.065,66.0848,52.0035
755622,rev,BIN,27.9,78.95,False,12,sub_coin_noise_blob,cheap,0.0,0.0,0,0.00017,0.1529,0.075,0.3529,1.0,39.2,4002,False,89.0,116.0,2,2.0938,0.6988,4002,0.3473,0.1589,73.4381,58.3383
755622,rev,BIN,27.9,78.95,False,28,sub_coin_noise_blob,cheap,0.0,0.0,0,0.00317,0.2327,0.2712,0.3943,0.0,89.6,28324,False,69.0,71.0,3,0.5887,0.6983,28324,0.1498,0.0026,75.6948,64.7504
755622,rev,BIN,27.9,78.95,False,30,sub_coin_noise_blob,cheap,0.0,0.0,0,0.00026,0.4888,0.3115,0.3482,0.0,24.1,1624,False,72.0,75.0,3,0.445,0.8346,1624,0.0,0.0,83.7363,79.035
755622,rev,BIN,27.9,78.95,False,49,relief_self_segmentation,cheap,0.0,0.0,0,0.00025,0.2326,0.3214,0.3535,0.0,22.9,2491,False,47.0,70.0,4,0.4212,0.5401,2491,0.0,0.0,90.6843,86.7092
755622,rev,BIN,27.9,78.95,False,165,relief_self_segmentation,cheap,0.0,0.0,0,0.00015,0.1751,0.1014,0.272,0.0,32.2,2356,False,129.0,60.0,2,1.5757,0.5197,2356,0.0,0.0,104.3838,96.7812
755622,rev,BIN,27.9,78.95,False,167,backdrop_vignette_blob,expensive,0.3031,0.7867,4,0.41475,0.125,0.7059,0.4875,0.2883,635.6,1895865,False,0.0,6.0,3,0.0659,0.8934,1895865,0.0838,0.022,92.486,74.2374
755622,rev,BIN,27.9,78.95,False,186,relief_self_segmentation,cheap,0.0,0.0,0,0.0002,0.1121,0.0997,0.2829,0.1934,36.8,3910,False,96.0,80.0,3,1.2031,0.3681,3910,0.0,0.0,102.8073,96.8282
755624,obv,BIN,27.23,78.94,False,30,sub_coin_noise_blob,cheap,0.0,0.0,0,0.00102,0.0722,0.0361,0.3314,1.0,139.3,39240,False,165.0,53.0,2,2.2696,0.3859,39240,0.2401,0.1443,66.0428,54.1547
755624,obv,BIN,27.23,78.94,False,215,relief_self_segmentation,cheap,0.0,0.0,0,0.00024,0.0271,0.0132,0.297,1.0,111.5,36023,False,168.0,47.0,2,2.5253,0.1802,36023,0.1513,0.0007,98.0996,78.5901
755624,obv,BIN,27.23,78.94,False,232,relief_self_segmentation,cheap,0.0,0.0,0,0.00024,0.2093,0.1621,0.265,0.3247,32.0,3003,False,98.0,64.0,6,0.5945,0.5236,3003,0.0,0.0,99.7467,96.2931
755624,obv,BIN,27.23,78.94,False,265,relief_self_segmentation,cheap,0.0,0.0,0,0.00015,0.3748,0.3224,0.359,0.1111,17.7,1025,False,46.0,49.0,4,0.3818,0.6795,1025,0.0,0.0,102.0412,96.6402
755624,obv,BIN,27.23,78.94,False,269,relief_self_segmentation,cheap,0.0,0.0,0,0.00023,0.2977,0.2909,0.3622,0.2869,23.1,1749,False,46.0,78.0,2,0.4258,0.6077,1749,0.0,0.0,101.2641,96.6618
755624,obv,BIN,27.23,78.94,False,343,relief_self_segmentation,cheap,0.0,0.0,0,0.00016,0.1219,0.0925,0.2557,0.5419,33.9,2720,False,115.0,75.0,2,0.6854,0.4088,2720,0.0,0.0,103.7367,97.5593
755624,obv,BIN,27.23,78.94,False,417,multi_object_weld,expensive,0.0236,0.0036,2,0.17261,0.014,0.2579,0.4438,0.3606,678.4,2116500,False,61.0,19.0,9,0.1375,0.2933,2116500,0.1334,0.0563,87.3271,78.2848
755624,obv,BIN,27.23,78.94,False,427,relief_self_segmentation,cheap,0.0,0.0,0,0.00015,0.1109,0.1042,0.2785,0.2037,31.6,2964,False,110.0,34.0,3,0.5676,0.36,2964,0.0,0.0,103.9682,97.7668
755624,obv,BIN,27.23,78.94,False,459,relief_self_segmentation,cheap,0.0,0.0,0,0.00026,0.1202,0.2577,0.3738,0.4634,26.5,2576,False,41.0,19.0,8,0.2071,0.4071,2576,0.0,0.0,102.4509,98.2072
755624,obv,BIN,27.23,78.94,False,503,relief_self_segmentation,cheap,0.0,0.0,0,0.00022,0.2946,0.1984,0.34,0.3934,27.5,1848,False,112.0,84.0,2,0.6059,0.6831,1848,0.0,0.0,103.897,96.6295
755624,obv,BIN,27.23,78.94,False,520,relief_self_segmentation,cheap,0.0,0.0,0,0.00015,0.2307,0.1392,0.2814,0.1161,26.9,2013,False,86.0,87.0,2,1.3663,0.5942,2013,0.0,0.0,104.3067,97.0959
755624,obv,BIN,27.23,78.94,False,521,relief_self_segmentation,cheap,0.0,0.0,0,0.00019,0.1584,0.0984,0.2522,0.2685,36.3,3995,False,123.0,97.0,2,1.4375,0.4785,3995,0.0,0.0,103.8178,97.736
755624,obv,BIN,27.23,78.94,False,537,relief_self_segmentation,cheap,0.0,0.0,0,0.00016,0.1743,0.1702,0.2785,0.3431,25.2,2508,False,110.0,69.0,2,0.5677,0.4049,2508,0.0,0.0,102.291,98.2674
755624,obv,BIN,27.23,78.94,False,545,relief_self_segmentation,cheap,0.0,0.0,0,0.00044,0.0677,0.0963,0.2783,0.3864,56.1,9315,False,98.0,72.0,4,1.3107,0.3212,9315,0.0,0.0,103.9176,98.0912
755624,obv,BIN,27.23,78.94,False,592,relief_self_segmentation,cheap,0.0,0.0,0,0.00014,0.1207,0.1745,0.3373,0.2966,23.5,2064,True,66.0,45.0,4,0.926,0.3,2064,0.0,0.0,102.8677,98.1084
755624,rev,BIN,31.18,78.95,False,65,sub_coin_noise_blob,cheap,0.0,0.0,0,0.00024,0.088,0.0419,0.3447,1.0,62.2,6808,False,119.0,105.0,2,2.3648,0.4596,6808,0.332,0.0064,83.3281,58.2777
755624,rev,BIN,31.18,78.95,False,201,relief_self_segmentation,cheap,0.0,0.0,0,0.00091,0.017,0.0092,0.3348,1.0,260.1,199704,False,154.0,48.0,2,1.691,0.0634,199704,0.0883,0.0027,101.1117,83.0541
755624,rev,BIN,31.18,78.95,False,372,relief_self_segmentation,expensive,0.1527,0.023,51,0.41332,0.0215,0.6547,0.4321,0.4784,658.8,2077614,False,0.0,0.0,0,0.0588,0.7238,2077614,0.176,0.0815,91.4694,63.814
755624,rev,BIN,31.18,78.95,False,437,relief_self_segmentation,cheap,0.0,0.0,0,0.00017,0.1361,0.2088,0.3299,0.5128,23.6,2491,False,78.0,66.0,3,0.3559,0.3548,2491,0.0,0.0,102.8677,98.8087
755624,rev,BIN,31.18,78.95,False,479,relief_self_segmentation,cheap,0.0,0.0,0,0.00021,0.2645,0.1823,0.3333,0.36,28.0,1943,False,120.0,55.0,3,0.6171,0.6412,1943,0.0,0.0,104.0078,96.8132
755624,rev,BIN,31.18,78.95,False,488,relief_self_segmentation,cheap,0.0,0.0,0,0.00014,0.1972,0.1257,0.256,0.4706,27.8,2405,False,113.0,98.0,2,1.1131,0.5457,2405,0.0,0.0,104.389,97.2128
755624,rev,BIN,31.18,78.95,False,519,relief_self_segmentation,cheap,0.0,0.0,0,0.00033,0.0583,0.0783,0.2711,0.3653,54.0,7353,False,103.0,72.0,4,1.3781,0.2942,7353,0.0,0.0,104.8761,98.0513
755625,obv,BIN,31.87,78.94,False,4,sub_coin_noise_blob,cheap,0.0,0.0,0,0.00015,0.5438,0.4437,0.3821,0.0,15.2,1110,False,52.0,63.0,5,0.3139,0.8042,1110,0.0,0.0,65.8524,63.4254
755625,obv,BIN,31.87,78.94,False,6,sub_coin_noise_blob,cheap,0.0,0.0,0,0.0003,0.3105,0.3217,0.3044,0.0,25.5,2695,False,128.0,29.0,6,0.3023,0.6026,2695,0.0,0.0,66.4582,62.0008
755625,obv,BIN,31.87,78.94,False,231,relief_self_segmentation,cheap,0.0,0.0,0,0.00021,0.1164,0.2475,0.3385,0.1011,24.1,2438,False,70.0,59.0,3,0.3225,0.3425,2438,0.0,0.0,100.6188,97.5678
755625,obv,BIN,31.87,78.94,False,273,relief_self_segmentation,expensive,0.1425,0.032,33,0.39368,0.0256,0.6477,0.4875,0.5718,646.4,1994648,False,0.0,0.0,0,0.0541,0.7604,1994648,0.1662,0.0647,93.0275,64.5403
755625,rev,BIN,34.04,78.95,False,16,sub_coin_noise_blob,cheap,0.0456,0.0,0,0.00132,0.1513,0.1675,0.3059,0.0,73.5,17442,False,83.0,76.0,2,1.058,0.5601,17442,0.1835,0.0129,76.7957,66.2157
755625,rev,BIN,34.04,78.95,False,18,sub_coin_noise_blob,cheap,0.0533,0.0,0,0.00115,0.1895,0.2107,0.2842,0.0,61.4,14061,False,94.0,78.0,4,1.1059,0.5528,14061,0.1094,0.0054,77.4127,67.5798
755625,rev,BIN,34.04,78.95,False,23,sub_coin_noise_blob,cheap,0.0,0.0,0,0.0002,0.1987,0.2052,0.3314,0.0,25.9,2460,False,62.0,51.0,5,0.6257,0.5194,2460,0.0,0.0,84.1683,79.6874
755625,rev,BIN,34.04,78.95,False,44,relief_self_segmentation,cheap,0.0,0.0,0,0.00044,0.1092,0.1959,0.3032,0.0,39.4,6075,False,73.0,40.0,3,0.5236,0.3691,6075,0.0,0.0,89.9963,85.9304
755625,rev,BIN,34.04,78.95,False,49,relief_self_segmentation,cheap,0.0,0.0,0,0.00038,0.1941,0.2849,0.3355,0.0,30.2,3672,False,84.0,83.0,2,0.5824,0.5175,3672,0.0,0.0,89.7525,87.0287
755625,rev,BIN,34.04,78.95,False,72,relief_self_segmentation,cheap,0.0,0.0,0,0.00014,0.1145,0.1162,0.2832,0.0,29.1,2772,False,105.0,58.0,3,0.5219,0.3474,2772,0.0,0.0,97.5206,93.4078
755625,rev,BIN,34.04,78.95,False,142,relief_self_segmentation,cheap,0.0,0.0,0,0.00024,0.2306,0.1528,0.258,0.0,32.9,3150,False,116.0,61.0,4,0.5655,0.6263,3150,0.0,0.0,100.9223,97.1935
755625,rev,BIN,34.04,78.95,False,164,backdrop_vignette_blob,expensive,0.2939,0.1595,54,0.40325,0.137,0.7708,0.51,0.3372,599.8,1857410,False,0.0,1.0,1,0.0436,0.9,1857410,0.0663,0.0125,92.7554,85.413
755626,obv,BIN,33.01,78.94,False,22,sub_coin_noise_blob,cheap,0.0,0.0,0,0.0023,0.2453,0.226,0.3708,0.0,83.6,21735,False,76.0,87.0,2,0.4833,0.6903,21735,0.2258,0.1175,65.1106,49.2196
755626,obv,BIN,33.01,78.94,False,23,sub_coin_noise_blob,cheap,0.0,0.0,0,0.00264,0.3314,0.3079,0.3689,0.0,76.7,21106,False,71.0,79.0,3,0.434,0.7601,21106,0.2257,0.1332,64.4412,48.0798
755626,obv,BIN,33.01,78.94,False,44,sub_coin_noise_blob,cheap,0.0,0.0,0,0.00015,0.0961,0.0534,0.3472,1.0,44.5,5917,False,98.0,124.0,2,3.5964,0.4129,5917,0.4088,0.023,75.8195,53.8236
755626,obv,BIN,33.01,78.94,False,84,sub_coin_noise_blob,cheap,0.0,0.0,0,0.00215,0.026,0.0302,0.3915,1.0,221.2,104544,False,154.0,50.0,3,1.5123,0.1752,104544,0.1538,0.0183,83.7464,86.0296
755626,obv,BIN,33.01,78.94,False,268,multi_object_weld,expensive,0.0235,0.0072,1,0.10899,0.0229,0.1743,0.3903,0.2104,655.8,1782940,False,91.0,58.0,6,0.3018,0.222,1782940,0.1274,0.0344,91.0868,89.4093
755626,rev,BIN,31.41,78.95,False,8,sub_coin_noise_blob,cheap,0.0,0.0,0,0.00274,0.2369,0.2744,0.3704,0.0,82.8,22204,False,95.0,66.0,4,0.4916,0.7146,22204,0.2074,0.1316,64.1991,47.5818
755626,rev,BIN,31.41,78.95,False,9,sub_coin_noise_blob,cheap,0.0,0.0,0,0.00148,0.2975,0.2573,0.3349,0.0,62.9,14874,False,84.0,82.0,2,0.5291,0.6922,14874,0.1124,0.0412,65.5095,56.78
755626,rev,BIN,31.41,78.95,False,29,sub_coin_noise_blob,cheap,0.0,0.0,0,0.00498,0.1288,0.2407,0.3179,0.0,119.3,48420,False,98.0,66.0,4,0.6378,0.6533,48420,0.2211,0.0236,76.6062,63.3136
755626,rev,BIN,31.41,78.95,False,42,sub_coin_noise_blob,cheap,0.0239,0.0,0,0.00389,0.0667,0.0971,0.3467,0.0,165.9,74880,False,114.0,71.0,3,1.1372,0.4072,74880,0.1256,0.033,78.6278,78.5785
755626,rev,BIN,31.41,78.95,False,45,relief_self_segmentation,cheap,0.0,0.0,0,0.00025,0.0534,0.027,0.3162,1.0,80.2,11151,False,156.0,61.0,2,2.8958,0.3708,11151,0.1998,0.0013,104.3634,66.0617
755626,rev,BIN,31.41,78.95,False,52,relief_self_segmentation,cheap,0.0,0.0,0,0.00026,0.169,0.2059,0.3603,0.0,29.5,3600,False,50.0,38.0,7,0.4884,0.4427,3600,0.0,0.0,90.4693,86.5862
755626,rev,BIN,31.41,78.95,False,67,relief_self_segmentation,cheap,0.0,0.0,0,0.0004,0.1324,0.2783,0.3268,0.0,31.4,4422,False,78.0,27.0,6,0.3496,0.3946,4422,0.0,0.0,92.1519,88.5712
755626,rev,BIN,31.41,78.95,False,93,relief_self_segmentation,cheap,0.0,0.0,0,0.00068,0.0421,0.022,0.3384,1.0,145.7,52152,False,162.0,36.0,3,2.06,0.1992,52152,0.0939,0.0003,111.2957,80.7008
755626,rev,BIN,31.41,78.95,False,276,multi_object_weld,expensive,0.0469,0.0063,3,0.0705,0.0153,0.1274,0.443,0.3634,616.8,1895859,False,125.0,93.0,4,0.4521,0.1558,1895859,0.0676,0.0213,97.9174,93.9618
755627,obv,BIN,29.98,78.94,False,9,sub_coin_noise_blob,cheap,0.0,0.0,0,0.00205,0.2527,0.2292,0.3607,0.0,78.4,20760,False,77.0,83.0,2,0.7772,0.6992,20760,0.2005,0.0818,64.4289,50.1185
755627,obv,BIN,29.98,78.94,False,301,backdrop_vignette_blob,expensive,0.2479,0.154,21,0.48803,0.0804,0.7163,0.4635,0.2117,684.4,2085000,False,0.0,1.0,1,0.0637,0.8706,2085000,0.0698,0.0238,82.9172,73.733
755627,obv,BIN,29.98,78.94,False,396,relief_self_segmentation,cheap,0.0,0.0,0,0.00018,0.2536,0.1717,0.3265,0.4322,26.5,1728,False,82.0,83.0,3,0.7679,0.6259,1728,0.0,0.0,104.3257,96.8481
755627,obv,BIN,29.98,78.94,False,410,relief_self_segmentation,cheap,0.0,0.0,0,0.0002,0.1168,0.1345,0.3286,0.6223,32.0,2772,False,77.0,74.0,4,0.4671,0.4307,2772,0.0,0.0,105.5841,97.4653
755627,rev,BIN,30.57,78.95,False,140,relief_self_segmentation,cheap,0.0,0.0,0,0.00026,0.0893,0.135,0.3266,0.0,36.4,4524,False,55.0,33.0,4,0.438,0.3202,4524,0.0,0.0,96.0718,90.3123
755627,rev,BIN,30.57,78.95,False,193,relief_self_segmentation,cheap,0.0,0.0,0,0.00016,0.5275,0.5206,0.3621,0.0,14.4,754,True,64.0,91.0,2,0.3863,0.7712,754,0.0,0.0,98.7719,96.1005
755627,rev,BIN,30.57,78.95,False,197,relief_self_segmentation,cheap,0.0,0.0,0,0.00017,0.3189,0.3021,0.312,0.0,19.8,1440,True,85.0,65.0,5,0.544,0.5899,1440,0.0,0.0,100.2207,97.5627
755627,rev,BIN,30.57,78.95,False,198,relief_self_segmentation,cheap,0.0,0.0,0,0.0004,0.1433,0.0753,0.0,0.0438,60.7,4234,True,169.0,149.0,1,0.6214,0.6511,4234,0.0,0.0,101.0251,97.9199
755627,rev,BIN,30.57,78.95,False,199,attached_artifact,expensive,0.2012,0.0708,83,0.66491,0.0604,0.5972,0.4434,0.1706,875.0,2152500,True,9.0,77.0,3,0.318,0.8565,2152500,0.1019,0.0362,86.911,70.9358
755628,obv,BIN,29.14,78.94,False,8,sub_coin_noise_blob,cheap,0.0,0.0,0,0.0028,0.1544,0.1539,0.2867,0.0,111.8,34113,False,106.0,70.0,3,0.6049,0.6418,34113,0.1863,0.1312,63.9487,49.9714
755628,obv,BIN,29.14,78.94,False,9,sub_coin_noise_blob,cheap,0.0,0.0,0,0.00218,0.2023,0.1465,0.378,0.0,101.2,27972,False,97.0,89.0,2,0.6431,0.6749,27972,0.1581,0.0652,64.8331,55.6407
755628,obv,BIN,29.14,78.94,False,39,sub_coin_noise_blob,cheap,0.0,0.0,0,0.00025,0.1932,0.1361,0.3846,1.0,35.3,3520,False,72.0,72.0,2,0.8424,0.5847,3520,0.5903,0.0506,80.3693,40.766
755628,obv,BIN,29.14,78.94,False,43,attached_artifact,cheap,0.0179,0.0,0,0.00544,0.18,0.255,0.3812,0.0,121.1,46228,False,83.0,66.0,4,0.5555,0.7167,46228,0.1939,0.0203,76.1552,62.7924
755628,obv,BIN,29.14,78.94,False,50,sub_coin_noise_blob,cheap,0.0,0.0,0,0.00031,0.2262,0.1721,0.3894,1.0,35.3,3655,False,99.0,93.0,3,0.8415,0.598,3655,0.4552,0.0026,81.1596,48.9235
755628,obv,BIN,29.14,78.94,False,65,relief_self_segmentation,cheap,0.0,0.0,0,0.00021,0.1958,0.2464,0.5015,1.0,24.0,1705,False,53.0,71.0,3,0.414,0.5541,1705,0.2727,0.0,90.4884,57.9755
755628,obv,BIN,29.14,78.94,False,97,relief_self_segmentation,cheap,0.0,0.0,0,0.00073,0.2204,0.1261,0.3989,1.0,63.1,9490,False,102.0,87.0,2,0.6913,0.6536,9490,0.0435,0.0,93.825,76.518
755628,obv,BIN,29.14,78.94,False,139,sub_coin_noise_blob,cheap,0.0,0.0,0,0.00015,0.3988,0.3409,0.4906,1.0,17.4,1404,False,77.0,73.0,2,0.6517,0.7104,1404,0.2232,0.0664,85.3205,50.8635
755628,obv,BIN,29.14,78.94,False,141,sub_coin_noise_blob,cheap,0.0,0.0,0,0.00028,0.3523,0.2905,0.5202,1.0,25.8,2418,False,98.0,72.0,2,0.5298,0.681,2418,0.0981,0.0,86.5208,61.817
755628,obv,BIN,29.14,78.94,False,184,sub_coin_noise_blob,cheap,0.0,0.0,0,0.00028,0.2294,0.172,0.43,1.0,33.2,3116,False,111.0,72.0,2,1.2564,0.5763,3116,0.257,0.042,85.9541,54.4366
755628,obv,BIN,29.14,78.94,False,189,sub_coin_noise_blob,cheap,0.0,0.0,0,0.00017,0.4257,0.2596,0.4242,1.0,21.0,1173,False,103.0,71.0,2,0.5466,0.8423,1173,0.3351,0.134,82.6272,41.1227
755628,obv,BIN,29.14,78.94,False,291,multi_object_weld,expensive,0.0272,0.0027,2,0.10485,0.0208,0.1719,0.4731,0.4214,647.5,1977135,False,117.0,101.0,2,0.2936,0.2122,1977135,0.1214,0.0509,93.0182,80.7036
755628,rev,BIN,31.28,78.95,False,26,sub_coin_noise_blob,cheap,0.0,0.0,0,0.00386,0.1135,0.1342,0.3287,0.0,140.7,56795,False,115.0,101.0,4,0.5958,0.5835,56795,0.1554,0.0681,65.1428,58.7253
755628,rev,BIN,31.28,78.95,False,30,sub_coin_noise_blob,cheap,0.0164,0.0,0,0.00479,0.1669,0.1351,0.3493,0.0,156.1,67938,False,111.0,77.0,4,0.7561,0.637,67938,0.1715,0.1099,64.3737,55.2488
755628,rev,BIN,31.28,78.95,False,123,sub_coin_noise_blob,cheap,0.0,0.0,0,0.00024,0.4984,0.3702,0.5251,1.0,20.9,1596,False,82.0,86.0,2,0.3831,0.8167,1596,0.169,0.0341,82.1843,56.2969
755628,rev,BIN,31.28,78.95,False,247,relief_self_segmentation,cheap,0.0,0.0,0,0.00025,0.2153,0.174,0.2798,0.2792,31.5,2964,False,93.0,60.0,4,0.5503,0.5466,2964,0.0,0.0,99.6232,96.2395
755628,rev,BIN,31.28,78.95,False,282,relief_self_segmentation,cheap,0.0,0.0,0,0.00016,0.373,0.3038,0.3591,0.2021,19.2,1100,False,44.0,52.0,3,0.4115,0.6961,1100,0.0,0.0,101.8321,96.3839
755628,rev,BIN,31.28,78.95,False,288,relief_self_segmentation,cheap,0.0,0.0,0,0.00024,0.3059,0.2893,0.3554,0.192,23.9,1836,False,63.0,82.0,2,0.3936,0.6248,1836,0.0,0.0,101.3093,96.5428
755628,rev,BIN,31.28,78.95,False,346,relief_self_segmentation,cheap,0.0,0.0,0,0.00014,0.3513,0.1917,0.3051,0.0,22.3,1152,True,72.0,92.0,2,1.1721,0.8463,1152,0.0,0.0,105.5735,96.6906
755628,rev,BIN,31.28,78.95,False,368,relief_self_segmentation,cheap,0.0,0.0,0,0.0002,0.1235,0.0875,0.254,0.5284,39.2,3496,False,120.0,48.0,2,0.5649,0.439,3496,0.0,0.0,103.1621,97.992
755628,rev,BIN,31.28,78.95,False,472,relief_self_segmentation,cheap,0.0,0.0,0,0.00033,0.1025,0.2081,0.368,0.3508,32.9,3657,True,73.0,23.0,4,0.3579,0.383,3657,0.0,0.0,102.383,97.9118
755628,rev,BIN,31.28,78.95,False,474,relief_self_segmentation,expensive,0.1603,0.0268,42,0.45497,0.037,0.6585,0.4346,0.4588,689.2,2007000,False,0.0,1.0,1,0.065,0.8025,2007000,0.1249,0.0501,87.3684,70.7097
755628,rev,BIN,31.28,78.95,False,512,relief_self_segmentation,cheap,0.0,0.0,0,0.00014,0.1832,0.208,0.2893,0.3793,21.6,1924,False,95.0,72.0,3,0.5282,0.4263,1924,0.0,0.0,102.1758,98.4359
755628,rev,BIN,31.28,78.95,False,522,relief_self_segmentation,cheap,0.0,0.0,0,0.00016,0.2401,0.1501,0.311,0.0,26.9,2040,False,78.0,92.0,2,1.3956,0.6137,2040,0.0,0.0,104.1328,97.0058
755628,rev,BIN,31.28,78.95,False,524,relief_self_segmentation,cheap,0.0,0.0,0,0.0005,0.1116,0.0872,0.2628,0.3379,63.0,9513,False,107.0,48.0,3,0.6893,0.3765,9513,0.0,0.0,102.9814,97.7705
755628,rev,BIN,31.28,78.95,False,529,relief_self_segmentation,cheap,0.0,0.0,0,0.00016,0.1729,0.1755,0.2972,0.1591,24.6,2430,False,101.0,85.0,3,0.7875,0.442,2430,0.0,0.0,103.8333,97.9878
755628,rev,BIN,31.28,78.95,False,535,relief_self_segmentation,cheap,0.0,0.0,0,0.00027,0.269,0.2747,0.3566,0.2214,25.8,2508,False,91.0,41.0,5,0.403,0.5549,2508,0.0,0.0,100.9258,98.483
755628,rev,BIN,31.28,78.95,False,561,relief_self_segmentation,cheap,0.0,0.0,0,0.00051,0.0567,0.108,0.309,0.2822,57.1,10412,False,89.0,77.0,6,0.7191,0.2897,10412,0.0,0.0,103.6951,97.9939
755628,rev,BIN,31.28,78.95,False,587,relief_self_segmentation,cheap,0.0,0.0,0,0.00017,0.1394,0.215,0.335,0.2745,23.5,2068,True,65.0,49.0,4,0.8679,0.3421,2068,0.0,0.0,102.5644,98.0706
755628,rev,BIN,31.28,78.95,False,598,relief_self_segmentation,cheap,0.0,0.0,0,0.00023,0.086,0.1396,0.3104,0.0,33.5,3280,True,57.0,61.0,4,0.5347,0.2951,3280,0.0,0.0,103.1672,98.1284
755630,obv,BIN,31.64,78.94,False,11,sub_coin_noise_blob,cheap,0.0,0.0,0,0.0003,0.0884,0.0439,0.3503,1.0,68.3,9760,False,88.0,81.0,2,2.2332,0.5463,9760,0.2655,0.2106,67.7356,51.4214
755630,obv,BIN,31.64,78.94,False,14,sub_coin_noise_blob,cheap,0.0,0.0,0,0.00331,0.2223,0.1911,0.3365,0.0,109.2,35478,False,102.0,91.0,4,0.5764,0.6838,35478,0.1912,0.1308,63.7946,52.4134
755630,obv,BIN,31.64,78.94,False,50,sub_coin_noise_blob,cheap,0.0,0.0,0,0.00015,0.2921,0.2246,0.4692,1.0,21.5,1428,False,87.0,109.0,2,1.5192,0.5681,1428,0.4153,0.0588,74.127,45.9193
755630,obv,BIN,31.64,78.94,False,86,relief_self_segmentation,cheap,0.0,0.0,0,0.00016,0.3403,0.1779,0.4397,1.0,24.5,1650,False,90.0,62.0,2,0.768,0.8245,1650,0.3614,0.0,95.3958,53.2934
755630,obv,BIN,31.64,78.94,False,158,relief_self_segmentation,cheap,0.0,0.0,0,0.0007,0.0506,0.0267,0.3501,1.0,134.6,53148,False,136.0,84.0,2,2.2109,0.3175,53148,0.0914,0.0021,97.8712,79.4823
755630,obv,BIN,31.64,78.94,False,202,unclassified_ragged,expensive,0.1916,0.0608,41,0.30816,0.1875,0.7771,0.6062,0.9989,522.2,1383328,False,1.0,7.0,2,0.0576,0.9271,1383328,0.3856,0.1406,86.5131,43.9066
755630,obv,BIN,31.64,78.94,False,216,relief_self_segmentation,cheap,0.0,0.0,0,0.00016,0.3686,0.4061,0.3805,0.0761,16.6,1295,False,75.0,48.0,6,0.3099,0.6476,1295,0.0,0.0,99.3166,96.7407
755630,obv,BIN,31.64,78.94,False,227,relief_self_segmentation,cheap,0.0,0.0,0,0.00029,0.236,0.1865,0.2843,0.3544,32.5,3042,False,97.0,60.0,5,0.5737,0.5638,3042,0.0,0.0,99.5571,96.218
755630,obv,BIN,31.64,78.94,False,266,relief_self_segmentation,cheap,0.0,0.0,0,0.00018,0.453,0.3489,0.3704,0.0989,18.7,1075,False,0.0,51.0,4,0.3588,0.765,1075,0.0,0.0,101.5524,96.3658
755630,obv,BIN,31.64,78.94,False,273,relief_self_segmentation,cheap,0.0,0.0,0,0.00026,0.3235,0.3109,0.3615,0.2937,23.9,1890,False,62.0,86.0,2,0.4175,0.649,1890,0.0,0.0,101.2087,96.3662
755630,obv,BIN,31.64,78.94,False,309,relief_self_segmentation,cheap,0.0,0.0,0,0.00014,0.1901,0.1127,0.2498,0.0656,29.2,1794,False,95.0,123.0,2,1.1834,0.5337,1794,0.0,0.0,102.4904,97.2831
755630,obv,BIN,31.64,78.94,False,346,relief_self_segmentation,cheap,0.0,0.0,0,0.00018,0.1073,0.0803,0.2546,0.4833,39.2,3588,False,122.0,53.0,4,0.6147,0.3996,3588,0.0,0.0,103.4697,98.0163
755630,obv,BIN,31.64,78.94,False,375,relief_self_segmentation,cheap,0.0,0.0,0,0.00019,0.0616,0.0483,0.2457,0.1148,51.6,5658,False,87.0,84.0,2,1.292,0.2716,5658,0.0,0.0,103.2892,97.8446
755630,obv,BIN,31.64,78.94,False,404,relief_self_segmentation,cheap,0.0,0.0,0,0.00028,0.0913,0.0894,0.2623,0.0494,46.1,6216,False,122.0,65.0,3,1.1733,0.3201,6216,0.0,0.0,102.5491,97.4385
755630,obv,BIN,31.64,78.94,False,439,relief_self_segmentation,cheap,0.0,0.0,0,0.00033,0.1042,0.2086,0.365,0.3944,33.0,3710,True,71.0,24.0,5,0.3728,0.3812,3710,0.0,0.0,102.4464,97.8716
755630,obv,BIN,31.64,78.94,False,442,multi_object_weld,expensive,0.0309,0.0041,3,0.13926,0.0225,0.1959,0.4066,0.2106,699.1,2089500,False,123.0,52.0,5,0.2816,0.2389,2089500,0.1087,0.0341,90.2777,79.133
755630,obv,BIN,31.64,78.94,False,483,relief_self_segmentation,cheap,0.0,0.0,0,0.00029,0.3361,0.2548,0.347,0.3759,28.0,2546,False,78.0,96.0,2,0.5354,0.6941,2546,0.0,0.0,102.6968,96.5528
755630,obv,BIN,31.64,78.94,False,498,relief_self_segmentation,cheap,0.0,0.0,0,0.00017,0.249,0.1515,0.3025,0.1379,27.4,2108,False,84.0,89.0,2,1.415,0.615,2108,0.0,0.0,104.1611,97.0336
755630,obv,BIN,31.64,78.94,False,501,relief_self_segmentation,cheap,0.0,0.0,0,0.00014,0.1536,0.1645,0.3026,0.0,24.3,2392,False,120.0,74.0,2,0.5269,0.4128,2392,0.0,0.0,104.0243,98.0498
755630,obv,BIN,31.64,78.94,False,506,relief_self_segmentation,cheap,0.0,0.0,0,0.00026,0.1157,0.1307,0.296,0.1923,37.2,4350,False,87.0,23.0,6,0.4279,0.3717,4350,0.0,0.0,103.1677,97.6192
755630,obv,BIN,31.64,78.94,False,510,relief_self_segmentation,cheap,0.0,0.0,0,0.00015,0.2387,0.2019,0.2862,0.0,22.4,1650,False,94.0,73.0,3,0.6598,0.5048,1650,0.0,0.0,102.7707,97.5656
755630,obv,BIN,31.64,78.94,False,511,relief_self_segmentation,cheap,0.0,0.0,0,0.00021,0.2319,0.2117,0.2882,0.3116,26.3,2880,False,106.0,74.0,3,0.7463,0.473,2880,0.0,0.0,101.6925,98.3901
755630,obv,BIN,31.64,78.94,False,532,relief_self_segmentation,cheap,0.1441,0.0,0,0.00064,0.0885,0.1378,0.3065,0.2884,56.6,10336,False,88.0,70.0,5,0.7216,0.3584,10336,0.0,0.0,102.4622,98.0509
755630,obv,BIN,31.64,78.94,False,557,relief_self_segmentation,cheap,0.0,0.0,0,0.00018,0.1424,0.2097,0.3087,0.2781,24.1,2250,True,70.0,46.0,4,0.8857,0.3392,2250,0.0,0.0,102.3557,98.0898
755630,rev,BIN,30.86,78.95,False,17,sub_coin_noise_blob,cheap,0.0,0.0,0,0.00314,0.2107,0.1798,0.2922,0.0,109.7,35815,False,90.0,99.0,3,0.6553,0.6751,35815,0.1952,0.1089,63.8368,53.014
755630,rev,BIN,30.86,78.95,False,18,sub_coin_noise_blob,cheap,0.0,0.0,0,0.0007,0.0669,0.0329,0.3309,0.9914,121.0,32922,False,137.0,69.0,2,2.813,0.4125,32922,0.1676,0.1246,67.1294,63.2786
755630,rev,BIN,30.86,78.95,False,142,sub_coin_noise_blob,cheap,0.0,0.0,0,0.0002,0.1202,0.0624,0.383,1.0,47.5,6794,False,113.0,86.0,2,2.0777,0.5606,6794,0.2562,0.0654,82.5198,58.3339
755630,rev,BIN,30.86,78.95,False,151,relief_self_segmentation,cheap,0.0,0.0,0,0.00029,0.0717,0.176,0.335,0.3429,33.6,4464,False,66.0,41.0,5,0.4486,0.2823,4464,0.0,0.0,99.7598,94.2142
755630,rev,BIN,30.86,78.95,False,191,relief_self_segmentation,cheap,0.0,0.0,0,0.00024,0.4042,0.383,0.3833,0.0748,20.7,1872,False,48.0,56.0,7,0.3058,0.7246,1872,0.0,0.0,98.9561,95.0717
755630,rev,BIN,30.86,78.95,False,192,relief_self_segmentation,cheap,0.0,0.0,0,0.00017,0.2925,0.3382,0.3719,0.0,18.5,1521,False,73.0,61.0,6,0.3745,0.5876,1521,0.0,0.0,99.1364,95.745
755630,rev,BIN,30.86,78.95,False,204,relief_self_segmentation,cheap,0.0,0.0,0,0.00034,0.2703,0.206,0.31,0.2236,33.5,3200,False,90.0,63.0,4,0.5494,0.6217,3200,0.0,0.0,99.4431,96.0759
755630,rev,BIN,30.86,78.95,False,205,low_contrast_coastline,expensive,0.2059,0.0332,39,0.31415,0.2267,0.847,0.6068,1.0,505.0,1369420,False,0.0,0.0,0,0.0469,0.9281,1369420,0.3235,0.1671,91.7523,44.3787
755630,rev,BIN,30.86,78.95,False,247,relief_self_segmentation,cheap,0.0,0.0,0,0.00025,0.4278,0.3426,0.3253,0.1835,22.6,1620,False,83.0,56.0,5,0.3392,0.748,1620,0.0,0.0,100.6368,96.5452
755630,rev,BIN,30.86,78.95,False,265,relief_self_segmentation,cheap,0.0,0.0,0,0.00021,0.1592,0.2283,0.3295,0.0,24.9,2166,False,61.0,58.0,6,0.5011,0.4357,2166,0.0,0.0,101.2286,96.1113
755630,rev,BIN,30.86,78.95,False,266,relief_self_segmentation,cheap,0.0,0.0,0,0.00022,0.2009,0.2947,0.3445,0.0537,22.9,2214,False,43.0,46.0,5,0.3932,0.5005,2214,0.0,0.0,100.5722,95.7402
755630,rev,BIN,30.86,78.95,False,280,relief_self_segmentation,cheap,0.0,0.0,0,0.00018,0.1016,0.0572,0.2413,0.0265,46.5,3584,False,86.0,53.0,4,1.3906,0.4589,3584,0.0,0.0,102.5289,97.236
755630,rev,BIN,30.86,78.95,False,287,relief_self_segmentation,cheap,0.0,0.0,0,0.00018,0.1591,0.1629,0.3267,0.0,27.4,2418,False,76.0,83.0,4,0.6344,0.4515,2418,0.0,0.0,101.7031,97.6039
755630,rev,BIN,30.86,78.95,False,305,relief_self_segmentation,cheap,0.0,0.0,0,0.00017,0.143,0.1094,0.2504,0.3725,33.1,2449,False,119.0,73.0,2,0.6841,0.4458,2449,0.0,0.0,102.2396,97.7853
755630,rev,BIN,30.86,78.95,False,347,relief_self_segmentation,cheap,0.0,0.0,0,0.00082,0.041,0.0833,0.3289,0.1691,82.2,21004,True,44.0,43.0,5,0.6373,0.228,21004,0.0,0.0,102.3936,97.364
755630,rev,BIN,30.86,78.95,False,378,relief_self_segmentation,cheap,0.0,0.0,0,0.00057,0.1271,0.2676,0.3641,0.3034,38.4,4292,True,43.0,47.0,4,0.4195,0.4533,4292,0.0,0.0,101.7304,97.7677
755630,rev,BIN,30.86,78.95,False,394,relief_self_segmentation,cheap,0.1349,0.0,0,0.00062,0.0848,0.0977,0.2711,0.0345,65.8,13708,False,127.0,48.0,3,0.6618,0.3106,13708,0.0,0.0,101.2895,98.2072
755630,rev,BIN,30.86,78.95,False,395,multi_object_weld,expensive,0.0265,0.0033,3,0.15152,0.0215,0.208,0.4117,0.1455,707.8,2095500,False,85.0,48.0,9,0.2612,0.2522,2095500,0.0788,0.0292,90.5374,82.3429
755630,rev,BIN,30.86,78.95,False,396,relief_self_segmentation,cheap,0.1444,0.0,0,0.00034,0.2891,0.2773,0.3718,0.0,29.0,3162,False,56.0,59.0,4,0.4067,0.5682,3162,0.0,0.0,100.5383,98.4583
755630,rev,BIN,30.86,78.95,False,414,relief_self_segmentation,cheap,0.0,0.0,0,0.00019,0.2805,0.2631,0.316,0.0,22.0,1938,False,46.0,121.0,2,0.8859,0.5878,1938,0.0,0.0,100.9739,98.7615
755630,rev,BIN,30.86,78.95,False,421,relief_self_segmentation,cheap,0.0,0.0,0,0.00027,0.2128,0.1488,0.26,0.135,35.4,3315,False,123.0,94.0,2,1.0236,0.543,3315,0.0,0.0,102.9355,97.4688
755630,rev,BIN,30.86,78.95,False,424,relief_self_segmentation,cheap,0.0,0.0,0,0.00077,0.1074,0.1286,0.2988,0.2318,64.1,12240,False,89.0,78.0,2,0.7252,0.3727,12240,0.0,0.0,102.0049,97.6477
755630,rev,BIN,30.86,78.95,False,425,relief_self_segmentation,cheap,0.2044,0.0,0,0.00053,0.1793,0.3304,0.3779,0.2026,33.2,4350,False,47.0,47.0,9,0.3108,0.5485,4350,0.0,0.0,101.5951,96.9543
755630,rev,BIN,30.86,78.95,False,435,relief_self_segmentation,cheap,0.0,0.0,0,0.00019,0.1944,0.3002,0.3572,0.3404,20.7,1400,True,109.0,102.0,5,0.4419,0.5374,1400,0.0,0.0,102.789,97.6634
755630,rev,BIN,30.86,78.95,False,438,relief_self_segmentation,cheap,0.0,0.0,0,0.00051,0.0854,0.1295,0.3319,0.125,52.1,7198,False,86.0,60.0,3,0.6839,0.4052,7198,0.0,0.0,101.6674,98.2582
755630,rev,BIN,30.86,78.95,False,442,relief_self_segmentation,cheap,0.0,0.0,0,0.00039,0.097,0.0959,0.2828,0.1861,52.9,7488,False,103.0,65.0,4,1.1559,0.3947,7488,0.0,0.0,102.0793,98.1489
755630,rev,BIN,30.86,78.95,False,444,relief_self_segmentation,cheap,0.0,0.0,0,0.00026,0.1745,0.1892,0.2955,0.0,30.8,3552,False,93.0,66.0,2,0.5586,0.4195,3552,0.0,0.0,101.9029,97.8909
755630,rev,BIN,30.86,78.95,False,445,relief_self_segmentation,cheap,0.0923,0.0,0,0.00093,0.0682,0.093,0.3221,0.2164,83.1,16915,False,105.0,88.0,3,0.8487,0.3449,16915,0.0,0.0,102.0945,98.2179
755630,rev,BIN,30.86,78.95,False,447,relief_self_segmentation,cheap,0.0,0.0,0,0.00014,0.2137,0.1392,0.259,0.0,26.5,1600,False,103.0,112.0,2,1.2208,0.5306,1600,0.0,0.0,103.1033,98.0855
755630,rev,BIN,30.86,78.95,False,448,relief_self_segmentation,cheap,0.0,0.0,0,0.00063,0.1305,0.1455,0.2786,0.1475,54.4,8804,False,92.0,90.0,3,0.9731,0.4519,8804,0.0,0.0,100.7145,97.913
755630,rev,BIN,30.86,78.95,False,449,relief_self_segmentation,cheap,0.0,0.0,0,0.00017,0.1621,0.2356,0.3356,0.0,22.5,1890,False,66.0,52.0,5,0.5213,0.451,1890,0.0,0.0,101.692,97.3064
755630,rev,BIN,30.86,78.95,False,470,relief_self_segmentation,cheap,0.0,0.0,0,0.00019,0.4734,0.3548,0.3369,0.0,19.1,855,True,96.0,113.0,3,0.4577,0.8206,855,0.0,0.0,101.2923,97.5567
755630,rev,BIN,30.86,78.95,False,471,relief_self_segmentation,cheap,0.0,0.0,0,0.00028,0.1581,0.2263,0.3081,0.2204,29.2,2806,True,68.0,91.0,3,0.9527,0.3857,2806,0.0,0.0,101.873,98.0192
755630,rev,BIN,30.86,78.95,False,473,relief_self_segmentation,cheap,0.0,0.0,0,0.00035,0.1126,0.093,0.2981,0.2273,51.0,4059,True,103.0,67.0,3,1.125,0.4353,4059,0.0,0.0,101.6353,98.0312
755630,rev,BIN,30.86,78.95,False,479,relief_self_segmentation,cheap,0.0,0.0,0,0.00015,0.2836,0.1394,0.0,0.1071,27.1,1040,True,161.0,146.0,2,0.6329,0.8507,1040,0.0,0.0,102.6306,97.6353
755630,rev,BIN,30.86,78.95,False,481,relief_self_segmentation,cheap,0.0,0.0,0,0.00032,0.1063,0.1794,0.3326,0.0,35.2,3655,True,57.0,65.0,4,0.569,0.3977,3655,0.0,0.0,102.4824,97.9484
755630,rev,BIN,30.86,78.95,False,482,relief_self_segmentation,cheap,0.0,0.0,0,0.00034,0.1169,0.175,0.3122,0.0,36.5,5005,True,95.0,63.0,6,0.8065,0.3261,5005,0.0,0.0,101.1124,98.0291
755631,obv,BIN,32.53,78.94,False,22,attached_artifact,cheap,0.0076,0.0,0,0.008,0.2553,0.2181,0.4031,0.0,158.8,72105,False,88.0,56.0,3,0.5037,0.7983,72105,0.1919,0.1383,63.4418,51.1511
755631,obv,BIN,32.53,78.94,False,36,sub_coin_noise_blob,cheap,0.0,0.0,0,0.00025,0.1687,0.1487,0.3227,0.0,34.2,3666,False,85.0,62.0,4,0.9803,0.4706,3666,0.0013,0.0,71.5325,66.952
755631,obv,BIN,32.53,78.94,False,49,sub_coin_noise_blob,cheap,0.0328,0.0,0,0.00465,0.2356,0.2722,0.4085,0.0,108.4,37620,False,84.0,67.0,4,0.4684,0.7093,37620,0.1568,0.0108,75.202,67.3407
755631,obv,BIN,32.53,78.94,False,52,sub_coin_noise_blob,cheap,0.0484,0.0,0,0.00136,0.1247,0.095,0.4155,1.0,99.2,31200,False,130.0,87.0,3,2.345,0.4948,31200,0.2518,0.0321,75.2075,67.6751
755631,obv,BIN,32.53,78.94,False,53,sub_coin_noise_blob,cheap,0.0,0.0,0,0.00023,0.2346,0.283,0.3374,0.0,23.6,2184,False,51.0,19.0,3,0.3589,0.5202,2184,0.0,0.0,83.788,79.2095
755631,obv,BIN,32.53,78.94,False,161,sub_coin_noise_blob,cheap,0.1226,0.0,0,0.0004,0.2481,0.2562,0.4621,1.0,32.8,4216,False,37.0,61.0,5,0.3915,0.5854,4216,0.008,0.0,83.4444,75.9266
755631,obv,BIN,32.53,78.94,False,219,relief_self_segmentation,cheap,0.0,0.0,0,0.00027,0.0736,0.0922,0.3036,0.187,44.8,6600,False,78.0,60.0,4,0.7575,0.2818,6600,0.0,0.0,100.3654,94.544
755631,obv,BIN,32.53,78.94,False,232,relief_self_segmentation,cheap,0.0,0.0,0,0.00032,0.0851,0.1863,0.3438,0.0,34.6,4480,False,82.0,31.0,5,0.598,0.3401,4480,0.0,0.0,99.119,94.6104
755631,obv,BIN,32.53,78.94,False,254,relief_self_segmentation,cheap,0.0,0.0,0,0.00023,0.1772,0.2102,0.3164,0.0,27.5,3584,False,75.0,47.0,6,0.6383,0.4313,3584,0.0,0.0,99.1407,94.91
755631,obv,BIN,32.53,78.94,False,259,relief_self_segmentation,cheap,0.0,0.0,0,0.00024,0.282,0.2888,0.3687,0.0635,23.8,2184,False,63.0,38.0,5,0.3468,0.5934,2184,0.0,0.0,99.1436,95.6963
755631,obv,BIN,32.53,78.94,False,263,relief_self_segmentation,cheap,0.0,0.0,0,0.00034,0.2644,0.2083,0.2793,0.3455,33.5,3200,False,87.0,61.0,4,0.5494,0.6199,3200,0.0,0.0,99.6105,96.0342
755631,obv,BIN,32.53,78.94,False,273,relief_self_segmentation,cheap,0.0,0.0,0,0.00015,0.2016,0.2222,0.3429,0.1345,21.7,2040,False,98.0,72.0,3,0.6056,0.4627,2040,0.0,0.0,99.7615,94.9331
755631,obv,BIN,32.53,78.94,False,301,relief_self_segmentation,cheap,0.0,0.0,0,0.00026,0.3908,0.3219,0.3468,0.0714,23.5,1680,False,45.0,67.0,4,0.3314,0.7455,1680,0.0,0.0,100.7796,96.36
755631,obv,BIN,32.53,78.94,False,317,relief_self_segmentation,cheap,0.0,0.0,0,0.00047,0.1292,0.1244,0.2686,0.1801,50.9,7015,False,102.0,61.0,6,0.7466,0.4434,7015,0.0,0.0,100.4064,96.5912
755631,obv,BIN,32.53,78.94,False,322,relief_self_segmentation,cheap,0.0,0.0,0,0.00021,0.2093,0.2986,0.3337,0.0,21.9,1976,False,50.0,71.0,3,0.418,0.5196,1976,0.0,0.0,101.0709,95.6438
755631,obv,BIN,32.53,78.94,False,323,relief_self_segmentation,cheap,0.0,0.0,0,0.00023,0.2148,0.305,0.3462,0.1973,22.9,2214,False,44.0,53.0,4,0.4155,0.5133,2214,0.0,0.0,100.3744,95.7305
755631,obv,BIN,32.53,78.94,False,343,relief_self_segmentation,cheap,0.0,0.0,0,0.00022,0.2538,0.2038,0.3377,0.0,27.2,2480,False,100.0,58.0,3,0.4712,0.5483,2480,0.0,0.0,101.3296,97.4654
755631,obv,BIN,32.53,78.94,False,344,relief_self_segmentation,cheap,0.0,0.0,0,0.00017,0.1882,0.1542,0.2625,0.0,27.4,2480,False,76.0,68.0,2,0.7578,0.4902,2480,0.0,0.0,102.0186,97.7014
755631,obv,BIN,32.53,78.94,False,348,relief_self_segmentation,cheap,0.0,0.0,0,0.0003,0.0731,0.0461,0.2304,0.0,66.5,7852,False,155.0,55.0,2,1.5699,0.3606,7852,0.0,0.0,102.4271,97.7085
755631,obv,BIN,32.53,78.94,False,352,relief_self_segmentation,cheap,0.0,0.0,0,0.00055,0.0521,0.0554,0.2709,0.0839,82.7,13425,True,139.0,61.0,2,4.0455,0.2696,13425,0.0,0.0,102.2918,97.5421
755631,obv,BIN,32.53,78.94,False,364,relief_self_segmentation,cheap,0.0,0.0,0,0.00019,0.1478,0.1132,0.2516,0.0,33.6,2480,False,120.0,68.0,2,0.6299,0.4663,2480,0.0,0.0,102.3742,97.7098
755631,obv,BIN,32.53,78.94,False,409,relief_self_segmentation,cheap,0.0,0.0,0,0.00037,0.1253,0.1151,0.2633,0.0496,47.1,6328,False,119.0,73.0,3,1.0415,0.4009,6328,0.0,0.0,101.9654,97.3843
755631,obv,BIN,32.53,78.94,False,436,relief_self_segmentation,cheap,0.0,0.0,0,0.0009,0.0606,0.0991,0.2918,0.3158,79.0,16854,True,97.0,89.0,5,1.0495,0.3113,16854,0.0,0.0,101.7364,98.0409
755631,obv,BIN,32.53,78.94,False,447,relief_self_segmentation,cheap,0.0,0.0,0,0.00021,0.1686,0.2425,0.3337,0.2614,24.2,2538,False,82.0,78.0,3,0.8576,0.3786,2538,0.0,0.0,102.645,97.1674
755631,obv,BIN,32.53,78.94,False,448,relief_self_segmentation,cheap,0.2385,0.0,0,0.00035,0.296,0.2829,0.3694,0.0,29.0,3100,False,60.0,41.0,5,0.3913,0.591,3100,0.0,0.0,100.4383,98.3789
755631,obv,BIN,32.53,78.94,False,450,relief_self_segmentation,cheap,0.0,0.0,0,0.00057,0.0586,0.0919,0.2586,0.1076,65.5,13857,False,66.0,61.0,3,0.6169,0.2978,13857,0.0,0.0,101.5719,98.203
755631,obv,BIN,32.53,78.94,False,460,relief_self_segmentation,cheap,0.0,0.0,0,0.00017,0.1349,0.0858,0.2574,0.0,36.5,4042,False,127.0,46.0,3,0.7889,0.3558,4042,0.0,0.0,103.1162,98.2087
755631,obv,BIN,32.53,78.94,False,468,relief_self_segmentation,cheap,0.0,0.0,0,0.00019,0.2764,0.2612,0.3185,0.0,22.2,1924,False,63.0,118.0,2,0.7645,0.5818,1924,0.0,0.0,101.0043,98.8571
755631,obv,BIN,32.53,78.94,False,474,non_circular_flan,expensive,0.1157,0.0168,23,0.44916,0.0409,0.6161,0.4716,0.397,708.0,2113500,False,0.0,11.0,8,0.0774,0.7712,2113500,0.1169,0.044,96.1723,72.5931
755631,obv,BIN,32.53,78.94,False,478,relief_self_segmentation,cheap,0.0,0.0,0,0.00019,0.2023,0.3194,0.3573,0.3043,20.2,1320,True,105.0,91.0,3,0.4223,0.5654,1320,0.0,0.0,102.8831,97.5638
755631,obv,BIN,32.53,78.94,False,482,relief_self_segmentation,cheap,0.0,0.0,0,0.00037,0.0679,0.0982,0.3324,0.1139,50.7,8249,False,80.0,83.0,4,0.8539,0.292,8249,0.0,0.0,102.5173,98.0364
755631,obv,BIN,32.53,78.94,False,483,relief_self_segmentation,cheap,0.0,0.0,0,0.00051,0.0835,0.1279,0.3169,0.0767,52.1,7320,False,72.0,62.0,3,0.6648,0.3967,7320,0.0,0.0,101.8648,98.2423
755631,obv,BIN,32.53,78.94,False,487,relief_self_segmentation,cheap,0.0,0.0,0,0.00029,0.1411,0.1996,0.2974,0.1036,31.6,4588,False,106.0,32.0,3,0.482,0.3524,4588,0.0,0.0,101.6524,97.922
755631,obv,BIN,32.53,78.94,False,488,relief_self_segmentation,cheap,0.0919,0.0,0,0.00094,0.0727,0.0949,0.2521,0.1888,82.6,16830,False,105.0,86.0,3,0.8373,0.3558,16830,0.0,0.0,102.0114,98.2462
755631,obv,BIN,32.53,78.94,False,489,relief_self_segmentation,cheap,0.0,0.0,0,0.00015,0.1601,0.108,0.2544,0.0,31.1,2100,False,101.0,105.0,2,1.1459,0.4782,2100,0.0,0.0,103.185,98.1717
755631,obv,BIN,32.53,78.94,False,494,relief_self_segmentation,cheap,0.0,0.0,0,0.00038,0.0823,0.1091,0.2936,0.0569,48.9,6670,False,75.0,33.0,4,0.5349,0.3556,6670,0.0,0.0,101.4629,97.8216
755631,obv,BIN,32.53,78.94,False,504,relief_self_segmentation,cheap,0.0,0.0,0,0.00016,0.1514,0.0852,0.2371,0.0,35.9,2511,True,66.0,106.0,3,2.2943,0.4943,2511,0.0,0.0,103.685,98.0795
755631,obv,BIN,32.53,78.94,False,508,relief_self_segmentation,cheap,0.0,0.0,0,0.00017,0.411,0.3272,0.3202,0.0,19.1,855,True,107.0,121.0,3,0.5015,0.7612,855,0.0,0.0,101.2506,97.7284
755631,obv,BIN,32.53,78.94,False,509,relief_self_segmentation,cheap,0.0,0.0,0,0.00028,0.1542,0.2161,0.3067,0.1551,29.7,2961,True,59.0,92.0,3,1.0463,0.378,2961,0.0,0.0,101.7367,98.083
755631,obv,BIN,32.53,78.94,False,510,relief_self_segmentation,cheap,0.0,0.0,0,0.00035,0.1099,0.0944,0.3031,0.25,50.5,4026,True,144.0,86.0,3,1.0077,0.441,4026,0.0,0.0,101.5238,98.0143
755631,obv,BIN,32.53,78.94,False,512,relief_self_segmentation,cheap,0.0,0.0,0,0.00118,0.0526,0.0979,0.3259,0.0915,91.1,17958,True,67.0,65.0,3,1.3395,0.3502,17958,0.0,0.0,101.0572,97.6413
755631,obv,BIN,32.53,78.94,False,517,relief_self_segmentation,cheap,0.0,0.0,0,0.00015,0.2505,0.1305,0.0,0.0,28.5,1156,True,167.0,150.0,1,0.6369,0.7562,1156,0.0,0.0,102.5685,97.5443
755631,obv,BIN,32.53,78.94,False,520,relief_self_segmentation,cheap,0.0,0.0,0,0.00038,0.1639,0.1864,0.3076,0.0556,37.3,3827,True,49.0,77.0,3,0.6649,0.4504,3827,0.0,0.0,101.8472,98.0251
755631,obv,BIN,32.53,78.94,False,521,relief_self_segmentation,cheap,0.0,0.0,0,0.00018,0.1418,0.1694,0.3092,0.0,27.2,2666,True,81.0,60.0,4,0.8435,0.3491,2666,0.0,0.0,100.9832,97.6218
755631,rev,BIN,32.14,78.95,False,21,sub_coin_noise_blob,cheap,0.0,0.0,0,0.00494,0.1585,0.1725,0.308,0.0,140.3,56052,False,118.0,79.0,2,0.7519,0.688,56052,0.1579,0.0737,65.0488,56.6325
755631,rev,BIN,32.14,78.95,False,30,attached_artifact,cheap,0.0,0.0,0,0.00529,0.1911,0.2075,0.3138,0.0,132.4,56356,False,91.0,80.0,4,0.5505,0.7138,56356,0.1954,0.1148,63.9638,52.3756
755631,rev,BIN,32.14,78.95,False,73,attached_artifact,cheap,0.0,0.0,0,0.00568,0.0445,0.0324,0.3718,1.0,346.9,362934,False,147.0,48.0,2,1.1541,0.1617,362934,0.102,0.0327,82.1796,85.4786
755631,rev,BIN,32.14,78.95,False,85,sub_coin_noise_blob,cheap,0.0,0.0,0,0.00018,0.315,0.3288,0.5132,1.0,19.5,1364,False,75.0,65.0,3,0.53,0.5939,1364,0.1113,0.0,77.5942,62.5043
755631,rev,BIN,32.14,78.95,False,212,relief_self_segmentation,cheap,0.0,0.0,0,0.00029,0.0717,0.176,0.335,0.2607,33.6,4464,False,66.0,41.0,5,0.4486,0.2823,4464,0.0,0.0,99.7598,94.2142
755631,rev,BIN,32.14,78.95,False,237,low_contrast_coastline,expensive,0.0956,0.0186,20,0.29261,0.3953,0.7916,0.6074,1.0,504.1,1294170,False,0.0,3.0,2,0.0443,0.9606,1294170,0.3175,0.119,101.8806,49.4109
755631,rev,BIN,32.14,78.95,False,250,relief_self_segmentation,cheap,0.0,0.0,0,0.0002,0.439,0.4263,0.3925,0.0851,18.1,1517,False,61.0,30.0,8,0.2685,0.719,1517,0.0,0.0,99.1168,95.7894
755631,rev,BIN,32.14,78.95,False,251,relief_self_segmentation,cheap,0.0,0.0,0,0.00017,0.2933,0.3391,0.371,0.0,18.5,1521,False,72.0,61.0,5,0.3731,0.5887,1521,0.0,0.0,99.136,95.745
755631,rev,BIN,32.14,78.95,False,261,relief_self_segmentation,cheap,0.0,0.0,0,0.00034,0.2703,0.206,0.31,0.2236,33.5,3200,False,90.0,63.0,4,0.5494,0.6217,3200,0.0,0.0,99.4431,96.0759
755631,rev,BIN,32.14,78.95,False,303,relief_self_segmentation,cheap,0.0,0.0,0,0.00025,0.4278,0.3426,0.3253,0.1835,22.6,1620,False,83.0,56.0,5,0.3392,0.748,1620,0.0,0.0,100.6368,96.5452
755631,rev,BIN,32.14,78.95,False,321,relief_self_segmentation,cheap,0.0,0.0,0,0.00016,0.269,0.1885,0.3333,0.0,24.4,1680,False,70.0,34.0,4,0.4441,0.6252,1680,0.0,0.0,101.4706,96.4517
755631,rev,BIN,32.14,78.95,False,322,relief_self_segmentation,cheap,0.0,0.0,0,0.00022,0.2009,0.2947,0.3445,0.0537,22.9,2214,False,43.0,46.0,5,0.3932,0.5005,2214,0.0,0.0,100.5722,95.7402
755631,rev,BIN,32.14,78.95,False,336,relief_self_segmentation,cheap,0.0,0.0,0,0.00018,0.1016,0.0572,0.2413,0.0,46.5,3584,False,86.0,53.0,4,1.3906,0.4589,3584,0.0,0.0,102.5289,97.236
755631,rev,BIN,32.14,78.95,False,344,relief_self_segmentation,cheap,0.0,0.0,0,0.00018,0.1591,0.1629,0.3267,0.0,27.4,2418,False,76.0,83.0,4,0.6344,0.4515,2418,0.0,0.0,101.7031,97.6039
755631,rev,BIN,32.14,78.95,False,368,relief_self_segmentation,cheap,0.0,0.0,0,0.00017,0.143,0.1094,0.2504,0.3987,33.1,2449,False,119.0,73.0,2,0.6841,0.4458,2449,0.0,0.0,102.2396,97.7853
755631,rev,BIN,32.14,78.95,False,397,relief_self_segmentation,cheap,0.0,0.0,0,0.00026,0.1091,0.1078,0.2746,0.0,40.8,4092,False,113.0,43.0,3,0.5525,0.3586,4092,0.0,0.0,100.8291,97.5878
755631,rev,BIN,32.14,78.95,False,411,relief_self_segmentation,cheap,0.0,0.0,0,0.00082,0.041,0.0833,0.3289,0.1545,82.2,21004,True,44.0,43.0,5,0.6373,0.228,21004,0.0,0.0,102.3936,97.364
755631,rev,BIN,32.14,78.95,False,442,relief_self_segmentation,cheap,0.0,0.0,0,0.00057,0.1271,0.2676,0.3641,0.3034,38.4,4292,True,43.0,47.0,4,0.4195,0.4533,4292,0.0,0.0,101.7304,97.7677
755631,rev,BIN,32.14,78.95,False,458,relief_self_segmentation,cheap,0.1409,0.0,0,0.00058,0.0799,0.0934,0.2718,0.0369,65.6,13708,False,111.0,64.0,2,0.6706,0.2989,13708,0.0,0.0,101.3636,98.2491
755631,rev,BIN,32.14,78.95,False,459,multi_object_weld,expensive,0.036,0.004,3,0.13294,0.0215,0.1813,0.3909,0.1246,710.0,1872000,False,98.0,70.0,2,0.3355,0.2403,1872000,0.0695,0.0217,92.3504,86.9235
755631,rev,BIN,32.14,78.95,False,460,relief_self_segmentation,cheap,0.1444,0.0,0,0.00034,0.2891,0.2773,0.3718,0.0,29.0,3162,False,56.0,59.0,4,0.4067,0.5682,3162,0.0,0.0,100.5383,98.4583
755631,rev,BIN,32.14,78.95,False,478,relief_self_segmentation,cheap,0.0,0.0,0,0.00019,0.2805,0.2631,0.316,0.0,22.0,1938,False,46.0,121.0,2,0.8859,0.5878,1938,0.0,0.0,100.9739,98.7615
755631,rev,BIN,32.14,78.95,False,485,relief_self_segmentation,cheap,0.0,0.0,0,0.00027,0.2128,0.1488,0.26,0.135,35.4,3315,False,123.0,94.0,2,1.0236,0.543,3315,0.0,0.0,102.9355,97.4688
755631,rev,BIN,32.14,78.95,False,488,relief_self_segmentation,cheap,0.0,0.0,0,0.00077,0.1074,0.1286,0.2988,0.221,64.1,12240,False,89.0,78.0,2,0.7252,0.3727,12240,0.0,0.0,102.0049,97.6477
755631,rev,BIN,32.14,78.95,False,489,relief_self_segmentation,cheap,0.2044,0.0,0,0.00053,0.1793,0.3304,0.3779,0.2026,33.2,4350,False,47.0,47.0,9,0.3108,0.5485,4350,0.0,0.0,101.5951,96.9543
755631,rev,BIN,32.14,78.95,False,499,relief_self_segmentation,cheap,0.0,0.0,0,0.00019,0.1944,0.3002,0.3572,0.3404,20.7,1400,True,109.0,102.0,5,0.4419,0.5374,1400,0.0,0.0,102.789,97.6634
755631,rev,BIN,32.14,78.95,False,502,relief_self_segmentation,cheap,0.0,0.0,0,0.00051,0.0854,0.1295,0.3319,0.0357,52.1,7198,False,86.0,60.0,3,0.6839,0.4052,7198,0.0,0.0,101.6674,98.2582
755631,rev,BIN,32.14,78.95,False,506,relief_self_segmentation,cheap,0.0,0.0,0,0.00039,0.097,0.0959,0.2828,0.1861,52.9,7488,False,103.0,65.0,4,1.1559,0.3947,7488,0.0,0.0,102.0793,98.1489
755631,rev,BIN,32.14,78.95,False,508,relief_self_segmentation,cheap,0.0,0.0,0,0.00026,0.1745,0.1892,0.2955,0.0,30.8,3552,False,93.0,66.0,2,0.5586,0.4195,3552,0.0,0.0,101.9029,97.8909
755631,rev,BIN,32.14,78.95,False,509,relief_self_segmentation,cheap,0.0923,0.0,0,0.00093,0.0682,0.093,0.3221,0.1871,83.1,16915,False,105.0,88.0,3,0.8487,0.3449,16915,0.0,0.0,102.0945,98.2179
755631,rev,BIN,32.14,78.95,False,511,relief_self_segmentation,cheap,0.0,0.0,0,0.00014,0.2137,0.1392,0.259,0.0,26.5,1600,False,103.0,112.0,2,1.2208,0.5306,1600,0.0,0.0,103.1033,98.0855
755631,rev,BIN,32.14,78.95,False,512,relief_self_segmentation,cheap,0.0,0.0,0,0.00063,0.1305,0.1455,0.2786,0.0721,54.4,8804,False,92.0,90.0,3,0.9731,0.4519,8804,0.0,0.0,100.7145,97.913
755631,rev,BIN,32.14,78.95,False,513,relief_self_segmentation,cheap,0.0,0.0,0,0.00017,0.1621,0.2356,0.3356,0.0,22.5,1890,False,66.0,52.0,5,0.5213,0.451,1890,0.0,0.0,101.692,97.3064
755631,rev,BIN,32.14,78.95,False,534,relief_self_segmentation,cheap,0.0,0.0,0,0.00019,0.4734,0.3548,0.3369,0.0,19.1,855,True,96.0,113.0,3,0.4577,0.8206,855,0.0,0.0,101.2923,97.5567
755631,rev,BIN,32.14,78.95,False,535,relief_self_segmentation,cheap,0.0,0.0,0,0.00028,0.1581,0.2263,0.3081,0.2097,29.2,2806,True,68.0,91.0,3,0.9527,0.3857,2806,0.0,0.0,101.873,98.0192
755631,rev,BIN,32.14,78.95,False,537,relief_self_segmentation,cheap,0.0,0.0,0,0.00035,0.1126,0.093,0.2981,0.2273,51.0,4059,True,103.0,67.0,3,1.125,0.4353,4059,0.0,0.0,101.6353,98.0312
755631,rev,BIN,32.14,78.95,False,543,relief_self_segmentation,cheap,0.0,0.0,0,0.00015,0.2836,0.1394,0.0,0.1071,27.1,1040,True,161.0,146.0,2,0.6329,0.8507,1040,0.0,0.0,102.6306,97.6353
755631,rev,BIN,32.14,78.95,False,545,relief_self_segmentation,cheap,0.0,0.0,0,0.00032,0.1063,0.1794,0.3326,0.0,35.2,3655,True,57.0,65.0,4,0.569,0.3977,3655,0.0,0.0,102.4824,97.9484
755631,rev,BIN,32.14,78.95,False,546,relief_self_segmentation,cheap,0.0,0.0,0,0.00034,0.1169,0.175,0.3122,0.0,36.5,5005,True,95.0,63.0,6,0.8065,0.3261,5005,0.0,0.0,101.1124,98.0291
755632,obv,BIN,31.53,78.94,False,5,sub_coin_noise_blob,cheap,0.0,0.0,0,0.00042,0.2181,0.2785,0.3326,0.0,32.3,3844,False,50.0,67.0,4,0.5182,0.5483,3844,0.0209,0.0,66.5509,60.6776
755632,obv,BIN,31.53,78.94,False,7,relief_self_segmentation,cheap,0.0,0.0,0,0.00034,0.1396,0.0757,0.4023,1.0,55.6,8060,False,57.0,89.0,4,1.9845,0.6043,8060,0.2555,0.1377,113.5219,72.9016
755632,obv,BIN,31.53,78.94,False,22,sub_coin_noise_blob,cheap,0.0,0.0,0,0.00131,0.1527,0.1606,0.2763,0.0,74.9,17808,False,96.0,80.0,2,1.2406,0.5486,17808,0.1422,0.0468,77.1726,63.3011
755632,obv,BIN,31.53,78.94,False,26,sub_coin_noise_blob,cheap,0.0,0.0,0,0.00031,0.4378,0.3344,0.3375,0.0,25.0,2240,False,89.0,66.0,3,0.4235,0.7808,2240,0.0,0.0,82.9735,79.1886
755632,obv,BIN,31.53,78.94,False,38,relief_self_segmentation,cheap,0.0,0.0,0,0.00025,0.0931,0.1223,0.3072,0.0,37.7,4005,False,72.0,60.0,3,0.6137,0.3335,4005,0.0,0.0,87.2827,80.7875
755632,obv,BIN,31.53,78.94,False,45,relief_self_segmentation,cheap,0.0,0.0,0,0.00057,0.124,0.2938,0.3726,0.0,36.7,5325,False,37.0,56.0,4,0.3129,0.5056,5325,0.0,0.0,88.6636,84.5225
755632,obv,BIN,31.53,78.94,False,85,relief_self_segmentation,cheap,0.0146,0.0,0,0.00434,0.0724,0.1318,0.3504,0.0,150.4,70914,False,114.0,94.0,2,0.9908,0.4524,70914,0.1156,0.0183,92.4677,81.2531
755632,obv,BIN,31.53,78.94,False,105,unclassified_ragged,expensive,0.3293,0.0885,35,0.29271,0.1569,0.8138,0.6173,0.9998,497.3,1288980,False,0.0,0.0,0,0.0484,0.9028,1288980,0.4217,0.134,115.3488,42.4831
755632,obv,BIN,31.53,78.94,False,142,relief_self_segmentation,expensive,0.0291,0.0,0,0.03305,0.0216,0.0719,0.3714,0.0835,562.1,1273998,False,115.0,59.0,2,0.5137,0.1417,1273998,0.1165,0.0293,93.1951,100.7461
755632,obv,BIN,31.53,78.94,False,155,relief_self_segmentation,cheap,0.0,0.0,0,0.0002,0.1195,0.1113,0.3012,0.2541,35.0,3440,False,96.0,87.0,2,1.1987,0.3719,3440,0.0,0.0,103.0096,96.7697
755632,rev,BIN,31.72,78.95,False,35,relief_self_segmentation,cheap,0.0,0.0,0,0.0005,0.0583,0.0306,0.3886,1.0,106.0,17340,False,155.0,48.0,2,2.1957,0.2986,17340,0.1431,0.0045,120.1472,77.8142
755632,rev,BIN,31.72,78.95,False,66,relief_self_segmentation,cheap,0.0,0.0,0,0.00021,0.1312,0.18,0.3402,0.0,28.3,2925,False,83.0,102.0,3,0.7752,0.3706,2925,0.0,0.0,95.5185,90.8527
755632,rev,BIN,31.72,78.95,False,104,relief_self_segmentation,cheap,0.0,0.0,0,0.00033,0.1229,0.2109,0.3575,0.0,32.8,3933,False,63.0,63.0,4,0.5092,0.4079,3933,0.0,0.0,97.9614,94.4048
755632,rev,BIN,31.72,78.95,False,113,relief_self_segmentation,cheap,0.0,0.0,0,0.00078,0.1664,0.2021,0.3942,0.0,51.4,9200,False,71.0,63.0,3,0.5609,0.5014,9200,0.128,0.0016,96.4741,77.2664
755632,rev,BIN,31.72,78.95,False,130,relief_self_segmentation,cheap,0.0,0.0,0,0.0012,0.1314,0.1863,0.4341,0.1862,66.6,14694,False,39.0,37.0,5,0.4733,0.5066,14694,0.0464,0.004,98.0424,89.7184
755634,obv,BIN,32.99,78.94,False,37,attached_artifact,cheap,0.0,0.0,0,0.00534,0.1844,0.2052,0.4121,0.0,133.7,59860,False,89.0,71.0,3,0.5177,0.6688,59860,0.1338,0.0605,65.0899,62.3882
755634,obv,BIN,32.99,78.94,False,46,sub_coin_noise_blob,cheap,0.0,0.0,0,0.00045,0.1252,0.199,0.3495,0.0,39.4,4680,False,64.0,47.0,4,0.431,0.4473,4680,0.0,0.0,72.1283,68.9027
755634,obv,BIN,32.99,78.94,False,142,relief_self_segmentation,cheap,0.0934,0.0,0,0.00076,0.13,0.2607,0.3154,0.0,44.7,7387,True,68.0,91.0,4,0.4852,0.4451,7387,0.0,0.0,90.7348,89.1141
755634,obv,BIN,32.99,78.94,False,144,relief_self_segmentation,cheap,0.0,0.0,0,0.00015,0.1298,0.1508,0.3078,0.0,26.0,1995,True,87.0,88.0,5,0.5839,0.3924,1995,0.0,0.0,92.4635,89.4112
755634,obv,BIN,32.99,78.94,False,148,relief_self_segmentation,cheap,0.0,0.0,0,0.00015,0.2878,0.2973,0.308,0.0,18.6,1200,True,77.0,119.0,2,0.7846,0.5485,1200,0.0,0.0,93.2261,89.9522
755634,obv,BIN,32.99,78.94,False,158,relief_self_segmentation,cheap,0.1282,0.0,0,0.00053,0.2716,0.2381,0.3288,0.0,39.1,4823,False,62.0,35.0,4,0.4399,0.6232,4823,0.0,0.0,93.7556,90.6174
755634,obv,BIN,32.99,78.94,False,163,relief_self_segmentation,cheap,0.0,0.0,0,0.00014,0.423,0.3542,0.3347,0.0,16.8,936,True,81.0,75.0,6,0.6387,0.7296,936,0.0,0.0,96.1011,90.7951
755634,obv,BIN,32.99,78.94,False,186,non_circular_flan,expensive,0.1031,0.0197,34,0.66454,0.0685,0.5982,0.4112,0.2826,873.9,2151000,True,15.0,168.0,3,0.3179,0.8721,2151000,0.0945,0.0362,90.4787,67.0229
755634,rev,BIN,32.71,78.95,False,78,relief_self_segmentation,cheap,0.1103,0.0,0,0.00057,0.3145,0.2509,0.413,1.0,39.6,5073,False,90.0,76.0,2,0.5396,0.6728,5073,0.0544,0.0,95.6542,76.9835
755634,rev,BIN,32.71,78.95,False,97,relief_self_segmentation,cheap,0.0,0.0,0,0.00063,0.0936,0.2674,0.3502,0.0,40.3,6734,False,33.0,35.0,6,0.3071,0.4008,6734,0.0,0.0,95.8943,91.751
755634,rev,BIN,32.71,78.95,False,99,relief_self_segmentation,cheap,0.0,0.0,0,0.00108,0.1369,0.3738,0.3651,0.0,44.6,8352,False,27.0,24.0,5,0.1989,0.5141,8352,0.0,0.0,94.277,90.7072
755634,rev,BIN,32.71,78.95,False,101,relief_self_segmentation,cheap,0.0,0.0,0,0.00014,0.1188,0.0936,0.4323,1.0,31.9,3180,False,120.0,47.0,2,1.1105,0.3612,3180,0.0521,0.0,101.1223,70.9422
755634,rev,BIN,32.71,78.95,False,114,relief_self_segmentation,cheap,0.0,0.0,0,0.00016,0.3059,0.2168,0.31,0.0192,22.6,1404,False,80.0,66.0,2,0.5998,0.6439,1404,0.0,0.0,98.403,91.6213
755634,rev,BIN,32.71,78.95,False,131,relief_self_segmentation,cheap,0.0,0.0,0,0.00019,0.1952,0.1617,0.438,1.0,28.4,2881,False,109.0,46.0,4,0.6395,0.4412,2881,0.0359,0.0,105.8598,69.813
755634,rev,BIN,32.71,78.95,False,220,non_circular_flan,expensive,0.195,0.0153,53,0.32074,0.0858,0.7536,0.5835,0.7812,541.0,1485792,False,7.0,27.0,5,0.0915,0.8477,1485792,0.1273,0.0267,97.3231,72.5504
755634,rev,BIN,32.71,78.95,False,235,relief_self_segmentation,cheap,0.0,0.0,0,0.00018,0.1131,0.0892,0.2546,0.0,37.7,3432,False,131.0,72.0,2,1.8816,0.3963,3432,0.0,0.0,102.8327,96.3834
755634,rev,BIN,32.71,78.95,False,250,relief_self_segmentation,cheap,0.0,0.0,0,0.00028,0.0984,0.0943,0.2911,0.1561,45.6,5610,False,98.0,36.0,5,0.8195,0.3763,5610,0.0,0.0,102.4082,97.073
755635,obv,BIN,30.53,78.94,False,12,sub_coin_noise_blob,cheap,0.0,0.0,0,0.00035,0.1504,0.0775,0.3699,0.9641,55.8,6450,False,59.0,59.0,3,1.7139,0.706,6450,0.2972,0.1873,69.3839,50.9289
755635,obv,BIN,30.53,78.94,False,14,sub_coin_noise_blob,cheap,0.0,0.0,0,0.00078,0.2833,0.2776,0.3392,0.0,44.0,7084,False,51.0,102.0,2,0.7074,0.7045,7084,0.1833,0.0353,65.0089,53.3696
755635,obv,BIN,30.53,78.94,False,15,sub_coin_noise_blob,cheap,0.0,0.0,0,0.00192,0.2492,0.2115,0.3579,0.0,78.9,18759,False,56.0,84.0,2,0.6065,0.6853,18759,0.1332,0.0753,65.3088,53.2016
755635,obv,BIN,30.53,78.94,False,38,sub_coin_noise_blob,cheap,0.0,0.0,0,0.00023,0.2332,0.1137,0.3751,1.0,37.6,4180,False,103.0,79.0,2,1.4813,0.8078,4180,0.3982,0.1409,80.2273,44.0904
755635,obv,BIN,30.53,78.94,False,59,relief_self_segmentation,cheap,0.0,0.0,0,0.00014,0.0598,0.0282,0.3433,1.0,58.6,6762,False,124.0,88.0,2,5.7444,0.4736,6762,0.2717,0.069,90.905,55.4457
755635,obv,BIN,30.53,78.94,False,250,relief_self_segmentation,cheap,0.0,0.0,0,0.00015,0.18,0.2214,0.3212,0.1667,21.4,1681,False,85.0,46.0,4,0.3397,0.4414,1681,0.0,0.0,100.6903,97.1429
755635,obv,BIN,30.53,78.94,False,303,multi_object_weld,expensive,0.0241,0.0,0,0.10864,0.0237,0.1774,0.3882,0.2097,648.9,1784135,False,78.0,62.0,3,0.3178,0.2207,1784135,0.1205,0.0419,90.551,80.4581
755635,rev,BIN,30.93,78.95,False,12,sub_coin_noise_blob,cheap,0.0,0.0,0,0.00127,0.1894,0.1929,0.346,0.0,67.2,15100,False,86.0,80.0,2,0.5753,0.6118,15100,0.2203,0.133,65.3953,47.1246
755635,rev,BIN,30.93,78.95,False,13,sub_coin_noise_blob,cheap,0.0,0.0,0,0.00138,0.156,0.1291,0.3417,0.0,85.6,20976,False,71.0,80.0,3,0.8389,0.5907,20976,0.1603,0.076,64.8121,54.1543
755635,rev,BIN,30.93,78.95,False,36,sub_coin_noise_blob,cheap,0.0,0.0,0,0.00311,0.2279,0.27,0.3956,0.0,88.9,27300,False,69.0,53.0,3,0.4763,0.6913,27300,0.1601,0.0213,76.209,63.4403
755635,rev,BIN,30.93,78.95,False,37,sub_coin_noise_blob,cheap,0.0,0.0,0,0.00355,0.2092,0.2751,0.3974,0.0,94.2,32864,False,80.0,67.0,4,0.5745,0.6724,32864,0.1714,0.0201,75.7986,64.3032
755635,rev,BIN,30.93,78.95,False,43,sub_coin_noise_blob,cheap,0.0,0.0,0,0.00034,0.5303,0.3884,0.3616,0.0,24.4,2052,False,66.0,56.0,2,0.3278,0.8291,2052,0.0,0.0,83.1543,78.8022
755635,rev,BIN,30.93,78.95,False,44,sub_coin_noise_blob,cheap,0.0,0.0,0,0.00042,0.3335,0.3268,0.3498,0.0,29.8,3036,False,86.0,114.0,2,0.5596,0.6639,3036,0.0,0.0,83.1648,78.8795
755635,rev,BIN,30.93,78.95,False,79,relief_self_segmentation,cheap,0.0,0.0,0,0.00029,0.2088,0.2565,0.3723,0.0,28.0,3283,False,37.0,68.0,4,0.3804,0.505,3283,0.0,0.0,90.1423,86.3745
755635,rev,BIN,30.93,78.95,False,81,relief_self_segmentation,cheap,0.0,0.0,0,0.00018,0.1268,0.1581,0.3573,0.0,28.1,2814,False,44.0,40.0,4,0.5991,0.3772,2814,0.0,0.0,91.6667,86.5321
755635,rev,BIN,30.93,78.95,False,95,relief_self_segmentation,cheap,0.0,0.0,0,0.00025,0.2656,0.2329,0.3213,0.0,26.9,3000,False,39.0,93.0,2,1.0869,0.6065,3000,0.0,0.0,92.1608,88.3938
755635,rev,BIN,30.93,78.95,False,107,relief_self_segmentation,cheap,0.0,0.0,0,0.00016,0.2424,0.2541,0.3152,0.0727,20.6,1960,False,99.0,71.0,2,0.6517,0.5149,1960,0.0,0.0,93.5838,89.9609
755635,rev,BIN,30.93,78.95,False,137,relief_self_segmentation,cheap,0.0828,0.0,0,0.00422,0.1114,0.2909,0.4066,0.0201,99.8,43316,False,42.0,39.0,4,0.3683,0.521,43316,0.0609,0.0027,93.2945,85.1805
755635,rev,BIN,30.93,78.95,False,147,relief_self_segmentation,cheap,0.0,0.0,0,0.00018,0.2482,0.1407,0.4214,1.0,29.7,2622,False,67.0,82.0,3,0.7812,0.6582,2622,0.2087,0.0636,102.0647,60.0265
755635,rev,BIN,30.93,78.95,False,287,relief_self_segmentation,cheap,0.0,0.0,0,0.00015,0.1246,0.0673,0.2405,0.0,38.6,2970,False,113.0,76.0,4,1.8048,0.4918,2970,0.0,0.0,104.5584,97.0841
755635,rev,BIN,30.93,78.95,False,304,multi_object_weld,expensive,0.0496,0.0063,2,0.05593,0.0367,0.1317,0.3876,0.2458,540.5,965461,False,128.0,56.0,3,0.6225,0.3447,965461,0.0555,0.0136,94.8586,95.4163
755636,obv,BIN,31.66,78.94,False,12,sub_coin_noise_blob,cheap,0.0,0.0,0,0.00218,0.3017,0.2476,0.3637,0.0,77.9,18810,False,53.0,79.0,2,0.6138,0.7757,18810,0.1841,0.1128,64.5642,49.4339
755636,obv,BIN,31.66,78.94,False,16,sub_coin_noise_blob,cheap,0.0,0.0,0,0.00284,0.1252,0.1568,0.3171,0.0,111.6,41125,False,112.0,46.0,10,0.502,0.5661,41125,0.1829,0.1096,64.4487,53.7138
755636,obv,BIN,31.66,78.94,False,177,relief_self_segmentation,cheap,0.0,0.0,0,0.00017,0.3389,0.3315,0.5266,1.0,18.6,1419,False,43.0,54.0,4,0.3776,0.6471,1419,0.3317,0.1997,88.7248,42.8663
755636,obv,BIN,31.66,78.94,False,240,low_contrast_coastline,expensive,0.1864,0.047,35,0.28723,0.1589,0.8141,0.6106,1.0,492.5,1286958,False,1.0,0.0,0,0.0506,0.9164,1286958,0.2859,0.1318,90.9279,46.9449
755636,obv,BIN,31.66,78.94,False,395,multi_object_weld,expensive,0.0391,0.0043,2,0.11765,0.0225,0.1888,0.3854,0.2226,654.5,1777256,False,114.0,60.0,5,0.3339,0.2372,1777256,0.1053,0.0349,90.851,80.2506
755636,obv,BIN,31.66,78.94,False,490,relief_self_segmentation,cheap,0.0,0.0,0,0.00018,0.2536,0.1717,0.3265,0.4322,26.5,1728,False,82.0,83.0,3,0.7679,0.6259,1728,0.0,0.0,104.3257,96.8481
755636,obv,BIN,31.66,78.94,False,504,relief_self_segmentation,cheap,0.0,0.0,0,0.0002,0.1168,0.1345,0.3286,0.6223,32.0,2772,False,77.0,74.0,4,0.4671,0.4307,2772,0.0,0.0,105.5841,97.4653
755636,rev,BIN,32.63,78.95,False,15,sub_coin_noise_blob,cheap,0.0144,0.0,0,0.00405,0.2273,0.1899,0.3123,0.0,121.0,44255,False,88.0,96.0,2,0.5908,0.7185,44255,0.1683,0.1079,64.1178,57.8494
755636,rev,BIN,32.63,78.95,False,25,sub_coin_noise_blob,cheap,0.0138,0.0,0,0.00447,0.1311,0.1505,0.3282,0.0,142.9,61544,False,103.0,47.0,6,0.6287,0.6367,61544,0.1399,0.084,65.4207,58.464
755636,rev,BIN,32.63,78.95,False,57,attached_artifact,cheap,0.0,0.0,0,0.00771,0.159,0.2089,0.3255,0.0,159.3,74160,False,99.0,67.0,4,0.5018,0.6817,74160,0.11,0.0263,76.3082,70.1597
755636,rev,BIN,32.63,78.95,False,130,relief_self_segmentation,cheap,0.0,0.0,0,0.00016,0.2396,0.1881,0.2788,0.0,24.0,1539,False,87.0,84.0,4,0.6068,0.567,1539,0.0,0.0,96.7168,92.5118
755636,rev,BIN,32.63,78.95,False,158,relief_self_segmentation,cheap,0.0,0.0,0,0.00017,0.134,0.0839,0.2419,0.0,37.8,3741,False,113.0,80.0,2,0.9853,0.4712,3741,0.0,0.0,98.8537,93.7484
755636,rev,BIN,32.63,78.95,False,172,relief_self_segmentation,cheap,0.0,0.0,0,0.00029,0.0717,0.176,0.335,0.2607,33.6,4464,False,66.0,41.0,5,0.4486,0.2823,4464,0.0,0.0,99.7598,94.2142
755636,rev,BIN,32.63,78.95,False,184,relief_self_segmentation,cheap,0.0,0.0,0,0.00025,0.087,0.151,0.3413,0.0,33.9,3713,False,73.0,52.0,4,0.713,0.3351,3713,0.0,0.0,99.5678,94.7044
755636,rev,BIN,32.63,78.95,False,207,relief_self_segmentation,cheap,0.0,0.0,0,0.0002,0.4531,0.4529,0.3931,0.087,17.3,1369,False,71.0,26.0,7,0.2573,0.7284,1369,0.0,0.0,99.1419,96.1724
755636,rev,BIN,32.63,78.95,False,208,relief_self_segmentation,cheap,0.0,0.0,0,0.00017,0.2932,0.3456,0.3727,0.0,18.2,1521,False,73.0,62.0,7,0.3737,0.5869,1521,0.0,0.0,99.1349,95.7559
755636,rev,BIN,32.63,78.95,False,218,relief_self_segmentation,cheap,0.0,0.0,0,0.00034,0.2703,0.206,0.31,0.2236,33.5,3200,False,90.0,63.0,4,0.5494,0.6217,3200,0.0,0.0,99.4431,96.0759
755636,rev,BIN,32.63,78.95,False,261,relief_self_segmentation,cheap,0.0,0.0,0,0.00025,0.4278,0.3426,0.3253,0.1835,22.6,1620,False,83.0,56.0,5,0.3392,0.748,1620,0.0,0.0,100.6368,96.5452
755636,rev,BIN,32.63,78.95,False,279,relief_self_segmentation,cheap,0.0,0.0,0,0.00016,0.269,0.1885,0.3333,0.0,24.4,1680,False,70.0,34.0,4,0.4441,0.6252,1680,0.0,0.0,101.4706,96.4517
755636,rev,BIN,32.63,78.95,False,280,relief_self_segmentation,cheap,0.0,0.0,0,0.00022,0.2009,0.2947,0.3445,0.0537,22.9,2214,False,43.0,46.0,5,0.3932,0.5005,2214,0.0,0.0,100.5722,95.7402
755636,rev,BIN,32.63,78.95,False,294,relief_self_segmentation,cheap,0.0,0.0,0,0.00018,0.1016,0.0572,0.2413,0.0,46.5,3584,False,86.0,53.0,4,1.3906,0.4589,3584,0.0,0.0,102.5289,97.236
755636,rev,BIN,32.63,78.95,False,302,relief_self_segmentation,cheap,0.0,0.0,0,0.00018,0.1591,0.1629,0.3267,0.0,27.4,2418,False,76.0,83.0,4,0.6344,0.4515,2418,0.0,0.0,101.7031,97.6039
755636,rev,BIN,32.63,78.95,False,327,relief_self_segmentation,cheap,0.0,0.0,0,0.00017,0.143,0.1094,0.2504,0.3987,33.1,2449,False,119.0,73.0,2,0.6841,0.4458,2449,0.0,0.0,102.2396,97.7853
755636,rev,BIN,32.63,78.95,False,357,relief_self_segmentation,cheap,0.0,0.0,0,0.00026,0.1091,0.1078,0.2746,0.0,40.8,4092,False,113.0,43.0,3,0.5525,0.3586,4092,0.0,0.0,100.8291,97.5878
755636,rev,BIN,32.63,78.95,False,371,relief_self_segmentation,cheap,0.0,0.0,0,0.00082,0.041,0.0833,0.3289,0.1545,82.2,21004,True,44.0,43.0,5,0.6373,0.228,21004,0.0,0.0,102.3936,97.364
755636,rev,BIN,32.63,78.95,False,402,relief_self_segmentation,cheap,0.0,0.0,0,0.00057,0.1271,0.2676,0.3641,0.3034,38.4,4292,True,43.0,47.0,4,0.4195,0.4533,4292,0.0,0.0,101.7304,97.7677
755636,rev,BIN,32.63,78.95,False,418,relief_self_segmentation,cheap,0.1376,0.0,0,0.0006,0.0831,0.0956,0.2719,0.0346,65.8,13708,False,117.0,49.0,3,0.6538,0.3071,13708,0.0,0.0,101.3262,98.2102
755636,rev,BIN,32.63,78.95,False,419,unclassified_ragged,expensive,0.1887,0.0696,44,0.4747,0.0841,0.6743,0.4795,0.2325,695.7,2001000,False,0.0,2.0,7,0.0721,0.855,2001000,0.084,0.0408,88.7989,77.1685
755636,rev,BIN,32.63,78.95,False,420,relief_self_segmentation,cheap,0.1444,0.0,0,0.00034,0.2891,0.2773,0.3718,0.0,29.0,3162,False,56.0,59.0,4,0.4067,0.5682,3162,0.0,0.0,100.5383,98.4583
755636,rev,BIN,32.63,78.95,False,438,relief_self_segmentation,cheap,0.0,0.0,0,0.00019,0.2805,0.2631,0.316,0.0,22.0,1938,False,46.0,121.0,2,0.8859,0.5878,1938,0.0,0.0,100.9739,98.7615
755636,rev,BIN,32.63,78.95,False,445,relief_self_segmentation,cheap,0.0,0.0,0,0.00027,0.2128,0.1488,0.26,0.135,35.4,3315,False,123.0,94.0,2,1.0236,0.543,3315,0.0,0.0,102.9355,97.4688
755636,rev,BIN,32.63,78.95,False,448,relief_self_segmentation,cheap,0.0,0.0,0,0.00077,0.1074,0.1286,0.2988,0.221,64.1,12240,False,89.0,78.0,2,0.7252,0.3727,12240,0.0,0.0,102.0049,97.6477
755636,rev,BIN,32.63,78.95,False,449,relief_self_segmentation,cheap,0.2044,0.0,0,0.00053,0.1793,0.3304,0.3779,0.2026,33.2,4350,False,47.0,47.0,9,0.3108,0.5485,4350,0.0,0.0,101.5951,96.9543
755636,rev,BIN,32.63,78.95,False,459,relief_self_segmentation,cheap,0.0,0.0,0,0.00019,0.1944,0.3002,0.3572,0.3404,20.7,1400,True,109.0,102.0,5,0.4419,0.5374,1400,0.0,0.0,102.789,97.6634
755636,rev,BIN,32.63,78.95,False,462,relief_self_segmentation,cheap,0.0,0.0,0,0.00051,0.0854,0.1295,0.3319,0.0357,52.1,7198,False,86.0,60.0,3,0.6839,0.4052,7198,0.0,0.0,101.6674,98.2582
755636,rev,BIN,32.63,78.95,False,466,relief_self_segmentation,cheap,0.0,0.0,0,0.00039,0.097,0.0959,0.2828,0.1861,52.9,7488,False,103.0,65.0,4,1.1559,0.3947,7488,0.0,0.0,102.0793,98.1489
755636,rev,BIN,32.63,78.95,False,468,relief_self_segmentation,cheap,0.0,0.0,0,0.00026,0.1745,0.1892,0.2955,0.0,30.8,3552,False,93.0,66.0,2,0.5586,0.4195,3552,0.0,0.0,101.9029,97.8909
755636,rev,BIN,32.63,78.95,False,469,relief_self_segmentation,cheap,0.0923,0.0,0,0.00093,0.0682,0.093,0.3221,0.1871,83.1,16915,False,105.0,88.0,3,0.8487,0.3449,16915,0.0,0.0,102.0945,98.2179
755636,rev,BIN,32.63,78.95,False,471,relief_self_segmentation,cheap,0.0,0.0,0,0.00014,0.2137,0.1392,0.259,0.0,26.5,1600,False,103.0,112.0,2,1.2208,0.5306,1600,0.0,0.0,103.1033,98.0855
755636,rev,BIN,32.63,78.95,False,472,relief_self_segmentation,cheap,0.0,0.0,0,0.00063,0.1305,0.1455,0.2786,0.0721,54.4,8804,False,92.0,90.0,3,0.9731,0.4519,8804,0.0,0.0,100.7145,97.913
755636,rev,BIN,32.63,78.95,False,473,relief_self_segmentation,cheap,0.0,0.0,0,0.00017,0.1621,0.2356,0.3356,0.0,22.5,1890,False,66.0,52.0,5,0.5213,0.451,1890,0.0,0.0,101.692,97.3064
755636,rev,BIN,32.63,78.95,False,494,relief_self_segmentation,cheap,0.0,0.0,0,0.00019,0.4734,0.3548,0.3369,0.0,19.1,855,True,96.0,113.0,3,0.4577,0.8206,855,0.0,0.0,101.2923,97.5567
755636,rev,BIN,32.63,78.95,False,495,relief_self_segmentation,cheap,0.0,0.0,0,0.00028,0.1581,0.2263,0.3081,0.2097,29.2,2806,True,68.0,91.0,3,0.9527,0.3857,2806,0.0,0.0,101.873,98.0192
755636,rev,BIN,32.63,78.95,False,497,relief_self_segmentation,cheap,0.0,0.0,0,0.00035,0.1126,0.093,0.2981,0.2273,51.0,4059,True,103.0,67.0,3,1.125,0.4353,4059,0.0,0.0,101.6353,98.0312
755636,rev,BIN,32.63,78.95,False,503,relief_self_segmentation,cheap,0.0,0.0,0,0.00015,0.2836,0.1394,0.0,0.1071,27.1,1040,True,161.0,146.0,2,0.6329,0.8507,1040,0.0,0.0,102.6306,97.6353
755636,rev,BIN,32.63,78.95,False,505,relief_self_segmentation,cheap,0.0,0.0,0,0.00032,0.1063,0.1794,0.3326,0.0,35.2,3655,True,57.0,65.0,4,0.569,0.3977,3655,0.0,0.0,102.4824,97.9484
755636,rev,BIN,32.63,78.95,False,506,relief_self_segmentation,cheap,0.0,0.0,0,0.00034,0.1169,0.175,0.3122,0.0,36.5,5005,True,95.0,63.0,6,0.8065,0.3261,5005,0.0,0.0,101.1124,98.0291
755637,obv,BIN,30.76,78.94,False,34,sub_coin_noise_blob,cheap,0.0,0.0,0,0.00019,0.0486,0.023,0.3437,1.0,75.9,11505,False,166.0,56.0,2,3.3929,0.4385,11505,0.2962,0.243,65.9505,43.0971
755637,obv,BIN,30.76,78.94,False,60,sub_coin_noise_blob,cheap,0.0,0.0,0,0.00026,0.1831,0.2354,0.4856,1.0,27.8,3294,False,91.0,124.0,2,0.6993,0.4078,3294,0.4186,0.0433,75.25,44.5801
755637,obv,BIN,30.76,78.94,False,68,sub_coin_noise_blob,cheap,0.0,0.0,0,0.00041,0.0492,0.0234,0.3196,1.0,110.3,35778,False,169.0,43.0,2,2.4705,0.3335,35778,0.2194,0.0903,73.1035,57.8446
755637,obv,BIN,30.76,78.94,False,201,sub_coin_noise_blob,cheap,0.0,0.0,0,0.00017,0.1552,0.0799,0.3933,1.0,38.4,4672,False,104.0,79.0,2,1.4394,0.6399,4672,0.443,0.1464,79.2557,45.5085
755637,obv,BIN,30.76,78.94,False,290,relief_self_segmentation,cheap,0.0,0.0,0,0.00024,0.2093,0.1621,0.265,0.3247,32.0,3003,False,98.0,64.0,6,0.5945,0.5236,3003,0.0,0.0,99.7467,96.2931
755637,obv,BIN,30.76,78.94,False,319,relief_self_segmentation,cheap,0.0,0.0,0,0.00015,0.3748,0.3224,0.359,0.1111,17.7,1025,False,46.0,49.0,4,0.3818,0.6795,1025,0.0,0.0,102.0412,96.6402
755637,obv,BIN,30.76,78.94,False,323,relief_self_segmentation,cheap,0.0,0.0,0,0.00023,0.2977,0.2909,0.3622,0.2869,23.1,1749,False,46.0,78.0,2,0.4258,0.6077,1749,0.0,0.0,101.2641,96.6618
755637,obv,BIN,30.76,78.94,False,398,relief_self_segmentation,cheap,0.0,0.0,0,0.00016,0.1219,0.0925,0.2557,0.5419,33.9,2720,False,115.0,75.0,2,0.6854,0.4088,2720,0.0,0.0,103.7367,97.5593
755637,obv,BIN,30.76,78.94,False,468,relief_self_segmentation,expensive,0.1139,0.0401,19,0.42185,0.0193,0.6474,0.4621,0.5216,669.3,2103000,False,0.0,0.0,0,0.0604,0.7234,2103000,0.1987,0.0818,93.2647,63.405
755637,obv,BIN,30.76,78.94,False,478,relief_self_segmentation,cheap,0.0,0.0,0,0.00016,0.1107,0.1018,0.2722,0.0667,32.6,3042,False,110.0,34.0,3,0.5282,0.3679,3042,0.0,0.0,103.9057,97.8078
755637,obv,BIN,30.76,78.94,False,510,relief_self_segmentation,cheap,0.0,0.0,0,0.00026,0.1202,0.2577,0.3738,0.4634,26.5,2576,False,41.0,19.0,8,0.2071,0.4071,2576,0.0,0.0,102.4509,98.2072
755637,obv,BIN,30.76,78.94,False,554,relief_self_segmentation,cheap,0.0,0.0,0,0.00022,0.2946,0.1984,0.34,0.3934,27.5,1848,False,112.0,84.0,2,0.6059,0.6831,1848,0.0,0.0,103.897,96.6295
755637,obv,BIN,30.76,78.94,False,571,relief_self_segmentation,cheap,0.0,0.0,0,0.00015,0.2307,0.1392,0.2814,0.1161,26.9,2013,False,86.0,87.0,2,1.3663,0.5942,2013,0.0,0.0,104.3067,97.0959
755637,obv,BIN,30.76,78.94,False,572,relief_self_segmentation,cheap,0.0,0.0,0,0.00019,0.1584,0.0984,0.2522,0.2685,36.3,3995,False,123.0,97.0,2,1.4375,0.4785,3995,0.0,0.0,103.8178,97.736
755637,obv,BIN,30.76,78.94,False,588,relief_self_segmentation,cheap,0.0,0.0,0,0.00016,0.1743,0.1702,0.2785,0.3431,25.2,2508,False,110.0,69.0,2,0.5677,0.4049,2508,0.0,0.0,102.291,98.2674
755637,obv,BIN,30.76,78.94,False,596,relief_self_segmentation,cheap,0.0,0.0,0,0.00044,0.0677,0.0963,0.2783,0.3864,56.1,9315,False,98.0,72.0,4,1.3107,0.3212,9315,0.0,0.0,103.9176,98.0912
755637,obv,BIN,30.76,78.94,False,643,relief_self_segmentation,cheap,0.0,0.0,0,0.00014,0.1207,0.1745,0.3373,0.2966,23.5,2064,True,66.0,45.0,4,0.926,0.3,2064,0.0,0.0,102.8677,98.1084
755637,rev,BIN,31.29,78.95,False,22,sub_coin_noise_blob,cheap,0.0,0.0,0,0.00411,0.2224,0.1737,0.2987,0.0,127.5,46872,False,96.0,76.0,3,0.6511,0.7116,46872,0.1801,0.0985,64.0728,55.2512
755637,rev,BIN,31.29,78.95,False,208,low_contrast_coastline,expensive,0.2075,0.0325,39,0.29607,0.0989,0.8116,0.6185,1.0,500.8,1338324,False,0.0,0.0,0,0.0378,0.8934,1338324,0.4262,0.1698,91.5543,39.7283
755637,rev,BIN,31.29,78.95,False,259,relief_self_segmentation,cheap,0.0,0.0,0,0.00015,0.1941,0.2183,0.3304,0.2195,22.1,1537,False,61.0,78.0,3,0.5248,0.5065,1537,0.0,0.0,102.4484,97.0784
755637,rev,BIN,31.29,78.95,False,260,relief_self_segmentation,cheap,0.0,0.0,0,0.00015,0.3932,0.3118,0.3438,0.2022,18.2,1050,False,56.0,49.0,3,0.4167,0.7001,1050,0.0,0.0,101.9243,96.5218
755637,rev,BIN,31.29,78.95,False,340,relief_self_segmentation,cheap,0.0,0.0,0,0.00016,0.1035,0.0739,0.2526,0.5385,38.7,3458,False,118.0,72.0,2,0.6638,0.3879,3458,0.0,0.0,103.6697,97.9363
755637,rev,BIN,31.29,78.95,False,415,multi_object_weld,expensive,0.0221,0.0025,1,0.14222,0.028,0.2066,0.4111,0.1536,688.0,2097000,False,94.0,51.0,5,0.2469,0.2496,2097000,0.1083,0.0383,89.4693,80.9202
755637,rev,BIN,31.29,78.95,False,424,relief_self_segmentation,cheap,0.0,0.0,0,0.00014,0.1035,0.0955,0.2742,0.0491,32.1,3003,False,118.0,37.0,3,0.5461,0.3398,3003,0.0,0.0,104.1684,97.8691
755637,rev,BIN,31.29,78.95,False,457,relief_self_segmentation,cheap,0.0,0.0,0,0.00025,0.091,0.1662,0.3581,0.4103,32.4,3200,True,65.0,22.0,6,0.4049,0.3521,3200,0.0,0.0,102.9507,98.016
755637,rev,BIN,31.29,78.95,False,495,relief_self_segmentation,cheap,0.0,0.0,0,0.00022,0.2624,0.1888,0.3357,0.3488,28.0,1943,False,114.0,53.0,4,0.6248,0.643,1943,0.0,0.0,104.0019,96.7475
755637,rev,BIN,31.29,78.95,False,511,relief_self_segmentation,cheap,0.0,0.0,0,0.00014,0.2398,0.1402,0.2991,0.0,26.5,1980,False,100.0,86.0,2,1.3466,0.6055,1980,0.0,0.0,104.2301,97.1114
755637,rev,BIN,31.29,78.95,False,512,relief_self_segmentation,cheap,0.0,0.0,0,0.00019,0.1646,0.0981,0.2509,0.3836,36.3,3995,False,113.0,110.0,3,1.3847,0.5117,3995,0.0,0.0,103.7609,97.7115
755637,rev,BIN,31.29,78.95,False,513,relief_self_segmentation,cheap,0.0,0.0,0,0.00016,0.2212,0.186,0.2787,0.3058,24.7,2072,False,98.0,37.0,6,0.4956,0.5255,2072,0.0,0.0,102.3141,98.0456
755637,rev,BIN,31.29,78.95,False,548,relief_self_segmentation,cheap,0.0,0.0,0,0.0004,0.0525,0.0884,0.2898,0.3141,56.1,10260,False,92.0,78.0,4,1.229,0.2663,10260,0.0,0.0,104.3555,98.0505
755637,rev,BIN,31.29,78.95,False,574,relief_self_segmentation,cheap,0.0,0.0,0,0.00015,0.1281,0.1907,0.3228,0.3056,23.2,1980,True,63.0,44.0,4,1.0672,0.3236,1980,0.0,0.0,102.7935,98.1603
755638,obv,BIN,29.54,78.94,False,14,attached_artifact,cheap,0.0102,0.0,0,0.00515,0.2515,0.207,0.3094,0.0,130.8,54708,False,96.0,91.0,2,0.6335,0.7339,54708,0.1715,0.1433,64.5091,52.0499
755638,obv,BIN,29.54,78.94,False,359,backdrop_vignette_blob,expensive,0.2757,0.6807,3,0.49668,0.0919,0.7696,0.4648,0.1869,666.1,2094000,False,0.0,0.0,0,0.0615,0.8777,2094000,0.0822,0.0276,85.1149,72.692
755638,obv,BIN,29.54,78.94,False,394,relief_self_segmentation,cheap,0.0,0.0,0,0.00017,0.1473,0.2347,0.3305,0.6149,22.0,2300,False,77.0,26.0,6,0.3613,0.3736,2300,0.0,0.0,103.0301,98.6817
755638,obv,BIN,29.54,78.94,False,444,relief_self_segmentation,cheap,0.0,0.0,0,0.00021,0.2984,0.1938,0.3266,0.395,27.0,1820,False,87.0,81.0,2,0.6579,0.6797,1820,0.0,0.0,103.9505,96.7161
755638,obv,BIN,29.54,78.94,False,463,relief_self_segmentation,cheap,0.0,0.0,0,0.00016,0.1537,0.0905,0.2508,0.2374,35.3,3564,False,118.0,104.0,2,1.6127,0.5072,3564,0.0,0.0,104.2033,97.6922
755638,obv,BIN,29.54,78.94,False,483,relief_self_segmentation,cheap,0.0,0.0,0,0.00037,0.0639,0.0871,0.2734,0.409,54.0,7869,False,101.0,78.0,3,1.3727,0.3079,7869,0.0,0.0,104.4835,98.0531
755638,rev,BIN,30.03,78.95,False,8,sub_coin_noise_blob,cheap,0.0,0.0,0,0.00191,0.1954,0.1947,0.3348,0.0,82.2,20650,False,81.0,94.0,2,0.7541,0.6311,20650,0.1942,0.0779,64.2323,54.0864
755638,rev,BIN,30.03,78.95,False,10,sub_coin_noise_blob,cheap,0.0,0.0,0,0.00209,0.2013,0.1601,0.3507,0.0,94.7,25168,False,89.0,89.0,3,0.6327,0.6741,25168,0.1509,0.0707,65.0347,59.5614
755638,rev,BIN,30.03,78.95,False,28,sub_coin_noise_blob,cheap,0.0171,0.0,0,0.00305,0.258,0.3101,0.3748,0.0,82.2,24249,False,68.0,73.0,2,0.492,0.6924,24249,0.1771,0.0047,75.8812,66.5753
755638,rev,BIN,30.03,78.95,False,31,sub_coin_noise_blob,cheap,0.0,0.0,0,0.00306,0.2225,0.2405,0.3862,0.0,93.5,29568,False,100.0,62.0,3,0.5144,0.6972,29568,0.1458,0.0051,76.4628,70.8174
755638,rev,BIN,30.03,78.95,False,36,sub_coin_noise_blob,cheap,0.0,0.0,0,0.00018,0.2539,0.19,0.3054,0.0,25.3,1860,False,107.0,50.0,4,0.4953,0.6116,1860,0.0,0.0,84.6041,79.6251
755638,rev,BIN,30.03,78.95,False,38,sub_coin_noise_blob,cheap,0.0,0.0,0,0.00041,0.4785,0.3755,0.3481,0.0,27.3,2728,False,51.0,61.0,3,0.3677,0.8026,2728,0.0,0.0,82.9608,78.6835
755638,rev,BIN,30.03,78.95,False,67,relief_self_segmentation,cheap,0.0,0.0,0,0.00017,0.141,0.135,0.3372,0.0,29.1,2691,False,85.0,43.0,5,0.72,0.3842,2691,0.0,0.0,91.1816,86.8599
755638,rev,BIN,30.03,78.95,False,125,relief_self_segmentation,cheap,0.0,0.0,0,0.00082,0.1028,0.2742,0.3494,0.0,45.2,7979,False,30.0,28.0,4,0.2908,0.4275,7979,0.0,0.0,95.0985,91.1821
755638,rev,BIN,30.03,78.95,False,134,relief_self_segmentation,cheap,0.0,0.0,0,0.00035,0.3023,0.1975,0.3039,0.0,35.0,3485,False,87.0,70.0,4,0.5836,0.668,3485,0.0,0.0,97.2804,91.5141
755638,rev,BIN,30.03,78.95,False,140,relief_self_segmentation,cheap,0.048,0.0,0,0.00397,0.0833,0.2966,0.3882,0.0145,96.0,43240,False,60.0,62.0,5,0.3596,0.5028,43240,0.0034,0.0015,93.767,91.1602
755638,rev,BIN,30.03,78.95,False,168,relief_self_segmentation,cheap,0.0,0.0,0,0.00056,0.154,0.1846,0.3356,0.0,45.8,6324,False,104.0,45.0,4,0.4803,0.5074,6324,0.0,0.0,98.2372,93.6449
755638,rev,BIN,30.03,78.95,False,173,relief_self_segmentation,cheap,0.0,0.0,0,0.00035,0.1719,0.3198,0.3484,0.0974,27.4,3355,False,49.0,51.0,4,0.3448,0.4651,3355,0.0,0.0,97.0153,93.1931
755638,rev,BIN,30.03,78.95,False,234,relief_self_segmentation,cheap,0.0,0.0,0,0.00024,0.0772,0.1031,0.2759,0.0776,39.7,4224,False,77.0,62.0,3,0.7557,0.3241,4224,0.0,0.0,101.1792,95.6193
755638,rev,BIN,30.03,78.95,False,296,relief_self_segmentation,cheap,0.0,0.0,0,0.00015,0.1671,0.0968,0.2543,0.0,32.2,2356,False,133.0,61.0,2,1.6223,0.5008,2356,0.0,0.0,104.4882,96.8074
755638,rev,BIN,30.03,78.95,False,330,backdrop_vignette_blob,expensive,0.2208,0.8716,4,0.38079,0.2927,0.8094,0.5258,0.4646,568.7,1573581,False,0.0,1.0,2,0.0514,0.9397,1573581,0.0629,0.0045,101.4911,84.833
755638,rev,BIN,30.03,78.95,False,333,relief_self_segmentation,cheap,0.0811,0.0,0,0.0008,0.1197,0.1099,0.2529,0.1448,70.6,11900,False,87.0,87.0,4,1.0206,0.4448,11900,0.0,0.0,100.6937,97.3136
755639,obv,BIN,30.59,78.94,False,18,sub_coin_noise_blob,cheap,0.0,0.0,0,0.00018,0.2249,0.1749,0.3331,0.0,26.5,2684,False,58.0,87.0,2,0.6376,0.5421,2684,0.0071,0.0,63.5223,57.3085
755639,obv,BIN,30.59,78.94,False,30,sub_coin_noise_blob,cheap,0.0,0.0,0,0.00482,0.132,0.1674,0.3314,0.0,140.6,60600,False,116.0,84.0,3,0.6878,0.6042,60600,0.1476,0.0958,64.1963,57.28
755639,obv,BIN,30.59,78.94,False,76,relief_self_segmentation,cheap,0.0,0.0,0,0.00877,0.0687,0.0507,0.3966,0.9609,344.8,371280,False,143.0,51.0,2,1.019,0.2232,371280,0.1116,0.045,88.5921,73.627
755639,obv,BIN,30.59,78.94,False,96,sub_coin_noise_blob,cheap,0.0,0.0,0,0.00021,0.0973,0.0678,0.343,1.0,46.0,4400,False,121.0,67.0,2,1.3226,0.3684,4400,0.2808,0.0062,73.1225,54.7806
755639,obv,BIN,30.59,78.94,False,183,relief_self_segmentation,cheap,0.0,0.0,0,0.00039,0.111,0.1134,0.2554,0.1583,48.4,6384,False,74.0,73.0,4,0.8137,0.3884,6384,0.0,0.0,96.513,92.6931
755639,obv,BIN,30.59,78.94,False,199,relief_self_segmentation,cheap,0.069,0.0,0,0.00123,0.1355,0.2367,0.3487,0.1221,59.8,10682,True,66.0,64.0,4,0.6277,0.4546,10682,0.0,0.0,97.3682,94.0139
755639,obv,BIN,30.59,78.94,False,200,relief_self_segmentation,cheap,0.0,0.0,0,0.00021,0.2473,0.1927,0.2968,0.0,27.3,2115,True,79.0,86.0,2,0.9424,0.5847,2115,0.0,0.0,97.766,94.6501
755639,obv,BIN,30.59,78.94,False,225,relief_self_segmentation,cheap,0.0,0.0,0,0.00035,0.1531,0.2273,0.3067,0.0,32.4,4623,False,78.0,46.0,4,0.6037,0.4251,4623,0.0,0.0,98.6966,95.5737
755639,obv,BIN,30.59,78.94,False,226,relief_self_segmentation,cheap,0.0,0.0,0,0.00032,0.2457,0.3051,0.3622,0.0452,26.9,3024,False,52.0,35.0,7,0.3889,0.5622,3024,0.0,0.0,98.8145,95.903
755639,obv,BIN,30.59,78.94,False,231,relief_self_segmentation,cheap,0.0,0.0,0,0.00023,0.0558,0.1101,0.3311,0.0,38.2,5418,False,78.0,75.0,9,1.0384,0.2285,5418,0.0,0.0,99.6083,95.5256
755639,obv,BIN,30.59,78.94,False,235,relief_self_segmentation,cheap,0.0,0.0,0,0.0002,0.1402,0.1373,0.3047,0.0,31.7,3404,False,103.0,51.0,5,0.7031,0.3997,3404,0.0,0.0,99.6512,95.5177
755639,obv,BIN,30.59,78.94,False,243,relief_self_segmentation,cheap,0.0,0.0,0,0.0003,0.1177,0.1805,0.3105,0.0673,33.7,4745,False,90.0,47.0,4,0.63,0.3539,4745,0.0,0.0,99.3157,95.3099
755639,obv,BIN,30.59,78.94,False,273,relief_self_segmentation,cheap,0.0,0.0,0,0.00015,0.2371,0.1766,0.28,0.1913,24.2,1824,False,119.0,106.0,2,1.1403,0.513,1824,0.0,0.0,102.7441,97.47
755639,obv,BIN,30.59,78.94,False,290,relief_self_segmentation,cheap,0.1568,0.0,0,0.00032,0.5711,0.5001,0.344,0.0,21.0,1517,True,55.0,100.0,2,0.4463,0.8444,1517,0.0,0.0,100.7694,97.3164
755639,obv,BIN,30.59,78.94,False,291,relief_self_segmentation,cheap,0.1638,0.0,0,0.00189,0.0848,0.3033,0.3397,0.0,65.5,17500,True,81.0,52.0,5,0.3147,0.4432,17500,0.0,0.0,100.4591,98.1526
755639,obv,BIN,30.59,78.94,False,297,relief_self_segmentation,cheap,0.0,0.0,0,0.00022,0.4497,0.3651,0.316,0.0,20.3,1078,True,121.0,111.0,3,0.4368,0.8009,1078,0.0,0.0,101.0805,97.2531
755639,obv,BIN,30.59,78.94,False,301,relief_self_segmentation,cheap,0.0,0.0,0,0.00024,0.1764,0.0965,0.0,0.0,41.6,2500,True,149.0,145.0,1,0.7802,0.6845,2500,0.0,0.0,101.8143,97.7628
755639,obv,BIN,30.59,78.94,False,302,multi_object_weld,expensive,0.0983,0.0134,15,0.23854,0.0104,0.2267,0.4173,0.1776,850.5,2130000,True,37.0,30.0,6,0.2429,0.3256,2130000,0.0896,0.0304,91.5832,80.7064
755639,rev,BIN,31.15,78.95,False,13,sub_coin_noise_blob,cheap,0.0,0.0,0,0.0038,0.1768,0.1582,0.327,0.0,128.4,50508,False,96.0,77.0,3,0.774,0.6453,50508,0.1776,0.1134,64.308,55.3358
755639,rev,BIN,31.15,78.95,False,264,relief_self_segmentation,cheap,0.0,0.0,0,0.00015,0.1941,0.2183,0.3304,0.2195,22.1,1537,False,61.0,78.0,3,0.5248,0.5065,1537,0.0,0.0,102.4484,97.0784
755639,rev,BIN,31.15,78.95,False,265,relief_self_segmentation,cheap,0.0,0.0,0,0.00015,0.3932,0.3118,0.3438,0.2022,18.2,1050,False,56.0,49.0,3,0.4167,0.7001,1050,0.0,0.0,101.9243,96.5218
755639,rev,BIN,31.15,78.95,False,346,relief_self_segmentation,cheap,0.0,0.0,0,0.00016,0.1035,0.0739,0.2526,0.5385,38.7,3458,False,118.0,72.0,2,0.6638,0.3879,3458,0.0,0.0,103.6697,97.9363
755639,rev,BIN,31.15,78.95,False,416,multi_object_weld,expensive,0.0164,0.0023,1,0.15637,0.0157,0.2333,0.4519,0.346,678.9,2094000,False,83.0,31.0,3,0.1561,0.2749,2094000,0.1224,0.0403,89.1114,77.5131
755639,rev,BIN,31.15,78.95,False,425,relief_self_segmentation,cheap,0.0,0.0,0,0.00014,0.1035,0.0955,0.2742,0.0491,32.1,3003,False,118.0,37.0,3,0.5461,0.3398,3003,0.0,0.0,104.1684,97.8691
755639,rev,BIN,31.15,78.95,False,458,relief_self_segmentation,cheap,0.0,0.0,0,0.00025,0.091,0.1662,0.3581,0.4103,32.4,3200,True,65.0,22.0,6,0.4049,0.3521,3200,0.0,0.0,102.9507,98.016
755639,rev,BIN,31.15,78.95,False,496,relief_self_segmentation,cheap,0.0,0.0,0,0.00022,0.2624,0.1888,0.3357,0.3488,28.0,1943,False,114.0,53.0,4,0.6248,0.643,1943,0.0,0.0,104.0019,96.7475
755639,rev,BIN,31.15,78.95,False,512,relief_self_segmentation,cheap,0.0,0.0,0,0.00014,0.2398,0.1402,0.2991,0.0,26.5,1980,False,100.0,86.0,2,1.3466,0.6055,1980,0.0,0.0,104.2301,97.1114
755639,rev,BIN,31.15,78.95,False,513,relief_self_segmentation,cheap,0.0,0.0,0,0.00019,0.1646,0.0981,0.2509,0.3836,36.3,3995,False,113.0,110.0,3,1.3847,0.5117,3995,0.0,0.0,103.7609,97.7115
755639,rev,BIN,31.15,78.95,False,514,relief_self_segmentation,cheap,0.0,0.0,0,0.00016,0.2212,0.186,0.2787,0.3058,24.7,2072,False,98.0,37.0,6,0.4956,0.5255,2072,0.0,0.0,102.3141,98.0456
755639,rev,BIN,31.15,78.95,False,549,relief_self_segmentation,cheap,0.0,0.0,0,0.0004,0.0525,0.0884,0.2898,0.3141,56.1,10260,False,92.0,78.0,4,1.229,0.2663,10260,0.0,0.0,104.3555,98.0505
755639,rev,BIN,31.15,78.95,False,575,relief_self_segmentation,cheap,0.0,0.0,0,0.00015,0.1281,0.1907,0.3228,0.3056,23.2,1980,True,63.0,44.0,4,1.0672,0.3236,1980,0.0,0.0,102.7935,98.1603
755640,obv,BIN,31.87,78.94,False,46,sub_coin_noise_blob,cheap,0.0,0.0,0,0.00045,0.1056,0.0581,0.3956,1.0,72.9,16100,False,138.0,82.0,2,3.6494,0.4618,16100,0.4146,0.2501,71.8296,37.2323
755640,obv,BIN,31.87,78.94,False,58,sub_coin_noise_blob,cheap,0.0,0.0,0,0.0003,0.106,0.0545,0.3968,1.0,61.1,10875,False,125.0,89.0,2,2.5932,0.5591,10875,0.4999,0.1547,76.4894,39.6053
755640,obv,BIN,31.87,78.94,False,93,relief_self_segmentation,cheap,0.0,0.0,0,0.0008,0.2967,0.3743,0.5004,1.0,38.4,5400,False,66.0,39.0,3,0.2684,0.6301,5400,0.6058,0.2119,100.113,31.9584
755640,obv,BIN,31.87,78.94,False,98,sub_coin_noise_blob,cheap,0.0,0.0,0,0.00063,0.0415,0.0244,0.3755,1.0,133.1,36225,False,157.0,53.0,2,1.9046,0.2117,36225,0.2576,0.0805,73.6614,61.3136
755640,obv,BIN,31.87,78.94,False,146,relief_self_segmentation,cheap,0.0,0.0,0,0.00014,0.2044,0.1612,0.2745,0.0,24.5,1680,False,90.0,43.0,4,0.4682,0.5255,1680,0.0,0.0,96.9041,92.5628
755640,obv,BIN,31.87,78.94,False,212,relief_self_segmentation,cheap,0.0,0.0,0,0.00027,0.0736,0.0922,0.3036,0.2672,44.8,6600,False,78.0,60.0,4,0.7575,0.2818,6600,0.0,0.0,100.3654,94.544
755640,obv,BIN,31.87,78.94,False,228,relief_self_segmentation,cheap,0.0,0.0,0,0.00021,0.0845,0.1127,0.3314,0.0,36.1,4116,False,97.0,61.0,3,0.6862,0.3482,4116,0.0,0.0,99.3923,95.1998
755640,obv,BIN,31.87,78.94,False,229,relief_self_segmentation,cheap,0.0,0.0,0,0.00026,0.1083,0.1532,0.3407,0.0,33.9,3792,False,83.0,55.0,3,0.5864,0.3939,3792,0.0,0.0,99.3686,94.7283
755640,obv,BIN,31.87,78.94,False,248,sub_coin_noise_blob,cheap,0.0,0.0,0,0.00024,0.0924,0.0511,0.383,1.0,57.1,6750,False,100.0,100.0,3,2.4133,0.4765,6750,0.5226,0.0222,84.8656,47.7941
755640,obv,BIN,31.87,78.94,False,250,relief_self_segmentation,cheap,0.0,0.0,0,0.0004,0.0937,0.0493,0.3401,1.0,74.9,10620,False,113.0,113.0,2,4.082,0.4801,10620,0.4325,0.0464,88.1109,52.3769
755640,obv,BIN,31.87,78.94,False,254,relief_self_segmentation,cheap,0.0,0.0,0,0.0002,0.1871,0.1839,0.3166,0.0,27.2,3087,False,81.0,41.0,4,0.5282,0.4479,3087,0.0,0.0,99.2595,95.0911
755640,obv,BIN,31.87,78.94,False,259,relief_self_segmentation,cheap,0.0,0.0,0,0.00022,0.3266,0.3462,0.3698,0.0702,20.9,1872,False,64.0,78.0,3,0.3422,0.6188,1872,0.0,0.0,99.197,95.8523
755640,obv,BIN,31.87,78.94,False,263,relief_self_segmentation,cheap,0.0,0.0,0,0.00034,0.2644,0.2083,0.2793,0.3939,33.5,3200,False,87.0,61.0,4,0.5494,0.6199,3200,0.0,0.0,99.6105,96.0342
755640,obv,BIN,31.87,78.94,False,304,relief_self_segmentation,cheap,0.0,0.0,0,0.00025,0.4161,0.3429,0.3492,0.0734,22.5,1620,False,85.0,62.0,4,0.3261,0.7703,1620,0.0,0.0,100.7857,96.5359
755640,obv,BIN,31.87,78.94,False,323,relief_self_segmentation,cheap,0.0,0.0,0,0.00021,0.2093,0.2986,0.3337,0.0,21.9,1976,False,50.0,71.0,3,0.418,0.5196,1976,0.0,0.0,101.0709,95.6438
755640,obv,BIN,31.87,78.94,False,324,relief_self_segmentation,cheap,0.0,0.0,0,0.0002,0.1735,0.2675,0.3477,0.2053,22.9,2214,False,42.0,88.0,3,0.4456,0.4656,2214,0.0,0.0,100.7215,95.8226
755640,obv,BIN,31.87,78.94,False,347,relief_self_segmentation,cheap,0.0,0.0,0,0.00021,0.2458,0.2015,0.3327,0.0,26.9,2440,False,100.0,58.0,3,0.4696,0.535,2440,0.0,0.0,101.3752,97.4488
755640,obv,BIN,31.87,78.94,False,348,relief_self_segmentation,cheap,0.0,0.0,0,0.00017,0.1882,0.1542,0.2625,0.0,27.4,2480,False,76.0,68.0,2,0.7578,0.4902,2480,0.0,0.0,102.0186,97.7014
755640,obv,BIN,31.87,78.94,False,351,relief_self_segmentation,cheap,0.0,0.0,0,0.0003,0.0731,0.0461,0.2304,0.0,66.5,7852,False,155.0,55.0,2,1.5699,0.3606,7852,0.0,0.0,102.4271,97.7085
755640,obv,BIN,31.87,78.94,False,355,relief_self_segmentation,cheap,0.0,0.0,0,0.00053,0.0514,0.0544,0.3042,0.0848,82.2,13350,True,135.0,107.0,2,6.4359,0.2643,13350,0.0,0.0,102.3848,97.5481
755640,obv,BIN,31.87,78.94,False,369,relief_self_segmentation,cheap,0.0,0.0,0,0.00019,0.1478,0.1132,0.2516,0.0,33.6,2480,False,120.0,68.0,2,0.6299,0.4663,2480,0.0,0.0,102.3742,97.7098
755640,obv,BIN,31.87,78.94,False,398,relief_self_segmentation,cheap,0.0,0.0,0,0.00018,0.2942,0.261,0.3344,0.0,22.0,1800,False,70.0,75.0,4,0.5075,0.5934,1800,0.0,0.0,101.0441,96.926
755640,obv,BIN,31.87,78.94,False,443,relief_self_segmentation,cheap,0.0,0.0,0,0.0009,0.0604,0.099,0.2926,0.3158,79.0,16854,True,98.0,88.0,4,1.0513,0.3108,16854,0.0,0.0,101.7374,98.0414
755640,obv,BIN,31.87,78.94,False,454,relief_self_segmentation,cheap,0.0,0.0,0,0.00021,0.1686,0.2425,0.3337,0.3333,24.2,2538,False,82.0,78.0,3,0.8576,0.3786,2538,0.0,0.0,102.645,97.1674
755640,obv,BIN,31.87,78.94,False,455,relief_self_segmentation,cheap,0.2417,0.0,0,0.00034,0.2938,0.2843,0.3707,0.0,28.7,3100,False,60.0,41.0,4,0.3777,0.585,3100,0.0,0.0,100.4209,98.4293
755640,obv,BIN,31.87,78.94,False,457,relief_self_segmentation,cheap,0.0,0.0,0,0.00061,0.0608,0.0965,0.2578,0.1406,65.8,13950,False,59.0,66.0,5,0.6642,0.306,13950,0.0,0.0,101.5117,98.1905
755640,obv,BIN,31.87,78.94,False,467,relief_self_segmentation,cheap,0.0,0.0,0,0.00017,0.1349,0.0858,0.2574,0.0,36.5,4042,False,127.0,46.0,3,0.7889,0.3558,4042,0.0,0.0,103.1162,98.2087
755640,obv,BIN,31.87,78.94,False,475,relief_self_segmentation,cheap,0.0,0.0,0,0.00019,0.2764,0.2612,0.3185,0.0,22.2,1924,False,63.0,118.0,2,0.7645,0.5818,1924,0.0,0.0,101.0043,98.8571
755640,obv,BIN,31.87,78.94,False,481,relief_self_segmentation,expensive,0.0818,0.0084,30,0.43401,0.0182,0.599,0.4326,0.4828,705.8,2125500,False,13.0,0.0,0,0.0558,0.6843,2125500,0.205,0.0723,93.2436,64.9469
755640,obv,BIN,31.87,78.94,False,485,relief_self_segmentation,cheap,0.0,0.0,0,0.00019,0.2023,0.3194,0.3573,0.3043,20.2,1320,True,105.0,91.0,3,0.4223,0.5654,1320,0.0,0.0,102.8831,97.5638
755640,obv,BIN,31.87,78.94,False,489,relief_self_segmentation,cheap,0.0,0.0,0,0.00037,0.0679,0.0982,0.3324,0.1139,50.7,8249,False,80.0,83.0,4,0.8539,0.292,8249,0.0,0.0,102.5173,98.0364
755640,obv,BIN,31.87,78.94,False,490,relief_self_segmentation,cheap,0.0,0.0,0,0.00051,0.0835,0.1279,0.3169,0.0767,52.1,7320,False,72.0,62.0,3,0.6648,0.3967,7320,0.0,0.0,101.8648,98.2423
755640,obv,BIN,31.87,78.94,False,494,relief_self_segmentation,cheap,0.0,0.0,0,0.00029,0.1411,0.1996,0.2974,0.1036,31.6,4588,False,106.0,32.0,3,0.482,0.3524,4588,0.0,0.0,101.6524,97.922
755640,obv,BIN,31.87,78.94,False,495,relief_self_segmentation,cheap,0.0919,0.0,0,0.00094,0.0727,0.0949,0.2521,0.1888,82.6,16830,False,105.0,86.0,3,0.8373,0.3558,16830,0.0,0.0,102.0114,98.2462
755640,obv,BIN,31.87,78.94,False,496,relief_self_segmentation,cheap,0.0,0.0,0,0.00015,0.1601,0.108,0.2544,0.0,31.1,2100,False,101.0,105.0,2,1.1459,0.4782,2100,0.0,0.0,103.185,98.1717
755640,obv,BIN,31.87,78.94,False,501,relief_self_segmentation,cheap,0.0,0.0,0,0.00038,0.0823,0.1091,0.2936,0.0569,48.9,6670,False,75.0,33.0,4,0.5349,0.3556,6670,0.0,0.0,101.4629,97.8216
755640,obv,BIN,31.87,78.94,False,511,relief_self_segmentation,cheap,0.0,0.0,0,0.00016,0.1514,0.0852,0.2371,0.0,35.9,2511,True,66.0,106.0,3,2.2943,0.4943,2511,0.0,0.0,103.685,98.0795
755640,obv,BIN,31.87,78.94,False,515,relief_self_segmentation,cheap,0.0,0.0,0,0.00017,0.411,0.3272,0.3202,0.0,19.1,855,True,107.0,121.0,3,0.5015,0.7612,855,0.0,0.0,101.2506,97.7284
755640,obv,BIN,31.87,78.94,False,516,relief_self_segmentation,cheap,0.0,0.0,0,0.00028,0.1542,0.2161,0.3067,0.1551,29.7,2961,True,59.0,92.0,3,1.0463,0.378,2961,0.0,0.0,101.7367,98.083
755640,obv,BIN,31.87,78.94,False,517,relief_self_segmentation,cheap,0.0,0.0,0,0.00035,0.1099,0.0944,0.3031,0.25,50.5,4026,True,144.0,86.0,3,1.0077,0.441,4026,0.0,0.0,101.5238,98.0143
755640,obv,BIN,31.87,78.94,False,519,relief_self_segmentation,cheap,0.0,0.0,0,0.00118,0.0526,0.0979,0.3259,0.0915,91.1,17958,True,67.0,65.0,3,1.3395,0.3502,17958,0.0,0.0,101.0572,97.6413
755640,obv,BIN,31.87,78.94,False,524,relief_self_segmentation,cheap,0.0,0.0,0,0.00015,0.2505,0.1305,0.0,0.0,28.5,1156,True,167.0,150.0,1,0.6369,0.7562,1156,0.0,0.0,102.5685,97.5443
755640,obv,BIN,31.87,78.94,False,527,relief_self_segmentation,cheap,0.0,0.0,0,0.00038,0.1639,0.1864,0.3076,0.0556,37.3,3827,True,49.0,77.0,3,0.6649,0.4504,3827,0.0,0.0,101.8472,98.0251
755640,obv,BIN,31.87,78.94,False,528,relief_self_segmentation,cheap,0.0,0.0,0,0.00018,0.1418,0.1694,0.3092,0.0,27.2,2666,True,81.0,60.0,4,0.8435,0.3491,2666,0.0,0.0,100.9832,97.6218
755640,rev,BIN,30.8,78.95,False,1,sub_coin_noise_blob,cheap,0.0,0.0,0,0.00016,0.1307,0.2168,0.3481,0.0,22.3,2350,False,62.0,26.0,6,0.2779,0.3356,2350,0.0,0.0,66.8458,63.1292
755640,rev,BIN,30.8,78.95,False,5,sub_coin_noise_blob,cheap,0.0,0.0,0,0.00047,0.1871,0.2554,0.3506,0.0,35.5,5112,False,38.0,42.0,4,0.4833,0.5244,5112,0.0263,0.0,65.2482,60.6719
755640,rev,BIN,30.8,78.95,False,28,sub_coin_noise_blob,cheap,0.0,0.0,0,0.00133,0.313,0.3118,0.363,0.0,54.1,10614,False,76.0,70.0,3,0.4459,0.7252,10614,0.0081,0.0,76.2013,71.6402
755640,rev,BIN,30.8,78.95,False,71,relief_self_segmentation,cheap,0.1446,0.0,0,0.00152,0.2312,0.5007,0.4173,0.0,45.6,9810,False,21.0,22.0,9,0.1767,0.6634,9810,0.0,0.0,93.5438,90.8646
755640,rev,BIN,30.8,78.95,False,100,relief_self_segmentation,cheap,0.0,0.0,0,0.00105,0.4926,0.5356,0.4185,0.0297,36.6,5544,False,50.0,25.0,7,0.1837,0.7983,5544,0.0,0.0,93.4454,83.9976
755640,rev,BIN,30.8,78.95,False,102,relief_self_segmentation,cheap,0.0,0.0,0,0.00022,0.0889,0.0435,0.3704,1.0,59.1,10290,False,109.0,81.0,3,3.0214,0.5091,10290,0.0941,0.0023,122.1638,90.4799
755640,rev,BIN,30.8,78.95,False,181,unclassified_ragged,expensive,0.2059,0.0622,30,0.32442,0.0922,0.7657,0.6129,0.7779,539.7,1520640,False,2.0,14.0,7,0.0711,0.8713,1520640,0.1673,0.0385,105.8963,71.0581
755641,obv,BIN,29.84,78.94,False,22,sub_coin_noise_blob,cheap,0.0,0.0,0,0.003,0.1611,0.153,0.3261,0.0,116.2,39732,False,105.0,72.0,3,0.8463,0.6253,39732,0.1802,0.132,64.1728,51.8339
755641,obv,BIN,29.84,78.94,False,24,sub_coin_noise_blob,cheap,0.0,0.0,0,0.00312,0.1267,0.1196,0.3339,0.0,134.0,50689,False,103.0,88.0,3,0.9094,0.6109,50689,0.1608,0.1342,64.7484,52.0025
755641,obv,BIN,29.84,78.94,False,40,sub_coin_noise_blob,cheap,0.0,0.0,0,0.00021,0.1699,0.2736,0.5253,1.0,22.8,2067,False,36.0,99.0,5,0.3643,0.5284,2067,0.4181,0.1311,71.5613,41.7478
755641,obv,BIN,29.84,78.94,False,49,relief_self_segmentation,cheap,0.0,0.0,0,0.0024,0.1102,0.0647,0.4044,1.0,159.6,53856,False,133.0,82.0,2,1.7494,0.4624,53856,0.2105,0.1686,88.2006,61.8557
755641,obv,BIN,29.84,78.94,False,310,relief_self_segmentation,expensive,0.106,0.0232,21,0.3899,0.0235,0.6233,0.5029,0.543,655.8,1982200,False,0.0,2.0,3,0.065,0.7418,1982200,0.176,0.0684,100.6544,65.1061
755641,rev,BIN,29.92,78.95,False,3,sub_coin_noise_blob,cheap,0.0,0.0,0,0.00043,0.2557,0.2958,0.3732,0.0,31.6,3828,False,55.0,76.0,4,0.4338,0.6324,3828,0.0,0.0,64.9558,61.762
755641,rev,BIN,29.92,78.95,False,20,sub_coin_noise_blob,cheap,0.0,0.0,0,0.0005,0.1284,0.114,0.2959,0.0,55.0,9394,False,112.0,69.0,5,1.1602,0.4526,9394,0.167,0.0109,76.1776,62.1111
755641,rev,BIN,29.92,78.95,False,27,sub_coin_noise_blob,cheap,0.0188,0.0,0,0.00414,0.1333,0.1969,0.3269,0.0,120.2,45560,False,109.0,71.0,3,0.6754,0.617,45560,0.134,0.0295,76.827,65.4608
755641,rev,BIN,29.92,78.95,False,74,relief_self_segmentation,cheap,0.0,0.0,0,0.0003,0.1188,0.063,0.3816,1.0,57.6,8514,False,90.0,92.0,2,2.5518,0.5657,8514,0.0498,0.0,105.8364,85.0819
755641,rev,BIN,29.92,78.95,False,88,relief_self_segmentation,expensive,0.0467,0.0134,1,0.01839,0.0185,0.0483,0.4844,1.0,511.9,1139193,False,109.0,60.0,2,0.566,0.0733,1139193,0.0853,0.0308,97.5309,101.208
755641,rev,BIN,29.92,78.95,False,112,relief_self_segmentation,cheap,0.0,0.0,0,0.00038,0.1208,0.0689,0.3636,1.0,61.8,11270,False,100.0,62.0,3,1.5879,0.5527,11270,0.1248,0.0,103.9661,74.5788
755641,rev,BIN,29.92,78.95,False,115,relief_self_segmentation,cheap,0.0872,0.0,0,0.00396,0.1158,0.2841,0.427,0.0259,97.9,41420,False,66.0,33.0,6,0.3373,0.5246,41420,0.0238,0.0,93.2515,87.0902
755641,rev,BIN,29.92,78.95,False,116,relief_self_segmentation,cheap,0.0092,0.0,0,0.00559,0.0715,0.2641,0.4163,0.0595,120.6,56334,False,43.0,43.0,6,0.3569,0.5026,56334,0.1319,0.0192,93.4613,79.0713
755641,rev,BIN,29.92,78.95,False,140,relief_self_segmentation,cheap,0.0,0.0,0,0.00063,0.164,0.2149,0.3383,0.0,44.9,6262,False,101.0,78.0,2,0.4739,0.5592,6262,0.0,0.0,97.958,93.6248
755641,rev,BIN,29.92,78.95,False,142,relief_self_segmentation,cheap,0.0,0.0,0,0.00026,0.1132,0.1599,0.4124,0.476,33.5,4836,False,108.0,55.0,3,0.3488,0.3132,4836,0.0116,0.0,101.8311,87.9898
755641,rev,BIN,29.92,78.95,False,219,relief_self_segmentation,cheap,0.0,0.0,0,0.00026,0.1246,0.0962,0.2566,0.0,43.1,4242,False,122.0,78.0,5,2.0039,0.4527,4242,0.0,0.0,102.3042,96.3428
755641,rev,BIN,29.92,78.95,False,258,relief_self_segmentation,cheap,0.0617,0.0087,1,0.03249,0.0512,0.1351,0.3654,0.2229,406.7,430416,False,140.0,116.0,2,1.8887,0.4226,430416,0.0553,0.0095,96.9179,98.7733
755642,obv,BIN,31.74,78.94,False,134,relief_self_segmentation,cheap,0.0,0.0,0,0.00018,0.1614,0.1191,0.2946,0.0,32.6,2850,False,90.0,88.0,2,1.0019,0.4735,2850,0.0,0.0,96.4352,90.9464
755642,obv,BIN,31.74,78.94,False,176,relief_self_segmentation,cheap,0.0,0.0,0,0.00017,0.3427,0.3065,0.3142,0.0,19.8,1440,True,84.0,65.0,4,0.5438,0.6197,1440,0.0,0.0,100.3093,97.5611
755642,obv,BIN,31.74,78.94,False,177,relief_self_segmentation,cheap,0.0,0.0,0,0.00039,0.1366,0.0703,0.0,0.0,61.7,4292,True,168.0,148.0,1,0.6488,0.6494,4292,0.0,0.0,101.0403,97.9412
755642,obv,BIN,31.74,78.94,False,178,attached_artifact,expensive,0.2525,0.0658,81,0.713,0.1145,0.6476,0.4474,0.027,870.0,2160000,True,8.0,75.0,3,0.3133,0.9138,2160000,0.0,0.0,82.0095,82.0073
755642,rev,BIN,31.63,78.95,False,161,relief_self_segmentation,cheap,0.0,0.0,0,0.00026,0.0893,0.135,0.3266,0.0,36.4,4524,False,55.0,33.0,4,0.438,0.3202,4524,0.0,0.0,96.0718,90.3123
755642,rev,BIN,31.63,78.95,False,233,relief_self_segmentation,cheap,0.0,0.0,0,0.00016,0.5275,0.5206,0.3621,0.0,14.4,754,True,64.0,91.0,2,0.3863,0.7712,754,0.0,0.0,98.7719,96.1005
755642,rev,BIN,31.63,78.95,False,237,relief_self_segmentation,cheap,0.0,0.0,0,0.00017,0.3189,0.3021,0.312,0.0,19.8,1440,True,85.0,65.0,5,0.544,0.5899,1440,0.0,0.0,100.2207,97.5627
755642,rev,BIN,31.63,78.95,False,238,relief_self_segmentation,cheap,0.0,0.0,0,0.0004,0.1433,0.0753,0.0,0.0478,60.7,4234,True,169.0,149.0,1,0.6214,0.6511,4234,0.0,0.0,101.0251,97.9199
755642,rev,BIN,31.63,78.95,False,239,non_circular_flan,expensive,0.1725,0.0103,86,0.62221,0.04,0.5718,0.4299,0.2609,865.0,2121000,True,9.0,75.0,4,0.323,0.8218,2121000,0.104,0.0529,89.9651,69.6076
755643,obv,BIN,30.11,78.94,False,6,sub_coin_noise_blob,cheap,0.0,0.0,0,0.00064,0.4723,0.3924,0.3783,0.0,33.4,4071,False,57.0,72.0,2,0.3747,0.8029,4071,0.0005,0.0,64.5144,60.8283
755643,obv,BIN,30.11,78.94,False,8,sub_coin_noise_blob,cheap,0.0,0.0,0,0.00066,0.2624,0.2518,0.36,0.0,42.3,5742,False,92.0,39.0,5,0.3816,0.627,5742,0.124,0.0,65.9273,57.0888
755643,obv,BIN,30.11,78.94,False,35,attached_artifact,cheap,0.0263,0.0,0,0.00811,0.0798,0.1345,0.3691,0.0,203.6,114478,False,128.0,87.0,4,1.0722,0.4736,114478,0.1114,0.0416,80.1213,75.9572
755643,obv,BIN,30.11,78.94,False,52,relief_self_segmentation,cheap,0.0,0.0,0,0.00022,0.2306,0.1991,0.3085,0.0,27.4,3060,False,104.0,103.0,2,1.301,0.5143,3060,0.0,0.0,92.6828,88.5946
755643,obv,BIN,30.11,78.94,False,63,relief_self_segmentation,cheap,0.0,0.0,0,0.00019,0.1816,0.2143,0.3479,0.0,24.9,2484,False,91.0,61.0,3,0.6975,0.4338,2484,0.0,0.0,93.2434,89.0989
755643,obv,BIN,30.11,78.94,False,79,relief_self_segmentation,cheap,0.0,0.0,0,0.00095,0.1282,0.3177,0.3632,0.0605,45.3,8613,False,25.0,28.0,6,0.2116,0.4684,8613,0.0,0.0,94.5118,90.8436
755643,obv,BIN,30.11,78.94,False,85,relief_self_segmentation,cheap,0.0,0.0,0,0.00021,0.1927,0.1623,0.3309,0.0,29.8,2376,False,92.0,76.0,2,1.0039,0.5299,2376,0.0,0.0,98.0304,93.1014
755643,obv,BIN,30.11,78.94,False,90,relief_self_segmentation,cheap,0.0,0.0,0,0.0004,0.2768,0.2103,0.3386,0.0,36.1,3741,False,81.0,83.0,3,0.6069,0.6094,3741,0.0,0.0,97.0456,91.5949
755643,obv,BIN,30.11,78.94,False,120,relief_self_segmentation,cheap,0.0,0.0,0,0.00072,0.0915,0.1092,0.2639,0.0153,67.3,11270,False,99.0,55.0,2,0.5556,0.3844,11270,0.0002,0.0,97.2527,93.0546
755643,obv,BIN,30.11,78.94,False,135,relief_self_segmentation,cheap,0.0,0.0,0,0.00021,0.2935,0.2133,0.4584,1.0,25.8,2226,False,95.0,66.0,4,0.6603,0.6329,2226,0.152,0.0007,95.9583,67.8042
755643,obv,BIN,30.11,78.94,False,204,low_contrast_coastline,expensive,0.2493,0.0419,48,0.37252,0.1067,0.7622,0.5451,0.4489,579.7,1669263,False,0.0,2.0,2,0.0584,0.8671,1669263,0.0869,0.0304,98.4673,80.5926
755643,rev,BIN,30.81,78.95,False,21,sub_coin_noise_blob,cheap,0.0,0.0,0,0.00064,0.0984,0.1245,0.2949,0.0,59.4,12474,False,92.0,97.0,2,1.6268,0.3595,12474,0.1252,0.0093,78.5167,66.2069
755643,rev,BIN,30.81,78.95,False,23,relief_self_segmentation,cheap,0.0,0.0,0,0.00018,0.2471,0.1355,0.4182,1.0,30.4,2680,False,121.0,91.0,2,1.1724,0.717,2680,0.2951,0.1033,97.2615,60.753
755643,rev,BIN,30.81,78.95,False,24,sub_coin_noise_blob,cheap,0.0,0.0,0,0.00021,0.3912,0.2459,0.3404,0.0,24.1,1624,False,51.0,60.0,3,0.4471,0.7779,1624,0.0,0.0,83.6016,79.3176
755643,rev,BIN,30.81,78.95,False,82,relief_self_segmentation,cheap,0.0,0.0,0,0.00358,0.0345,0.1005,0.3604,0.0457,156.6,75504,False,124.0,76.0,4,1.8681,0.3169,75504,0.0709,0.0122,91.5069,83.0855
755643,rev,BIN,30.81,78.95,False,135,relief_self_segmentation,cheap,0.0,0.0,0,0.00026,0.1738,0.2601,0.4487,0.6988,26.4,2860,False,60.0,85.0,4,0.528,0.4789,2860,0.0034,0.0,99.3813,87.8276
755643,rev,BIN,30.81,78.95,False,206,relief_self_segmentation,cheap,0.0269,0.0,0,0.01919,0.0405,0.1203,0.3833,0.3796,331.1,262944,False,135.0,57.0,3,1.1613,0.4097,262944,0.0441,0.0162,96.2444,92.4369
755643,rev,BIN,30.81,78.95,False,207,relief_self_segmentation,cheap,0.0,0.0,0,0.00014,0.312,0.2754,0.3188,0.0,18.9,1276,False,70.0,65.0,5,0.4749,0.6008,1276,0.0,0.0,100.2869,95.497
755643,rev,BIN,30.81,78.95,False,221,relief_self_segmentation,cheap,0.0,0.0,0,0.00064,0.0921,0.0899,0.2515,0.224,70.0,11661,False,75.0,78.0,3,1.0857,0.3939,11661,0.0,0.0,101.235,97.3307
755644,obv,BIN,33.42,78.94,False,119,relief_self_segmentation,cheap,0.0,0.0,0,0.00023,0.0846,0.1178,0.3001,0.0,36.5,4386,False,65.0,47.0,3,0.4307,0.3084,4386,0.0,0.0,95.3317,90.8762
755644,obv,BIN,33.42,78.94,False,122,relief_self_segmentation,cheap,0.2851,0.0,0,0.00063,0.1796,0.2381,0.3349,0.0,42.6,5673,True,71.0,53.0,5,0.6133,0.5377,5673,0.0,0.0,94.0955,89.9637
755644,obv,BIN,33.42,78.94,False,142,relief_self_segmentation,cheap,0.0,0.0,0,0.00026,0.5378,0.4177,0.3675,0.0,20.8,1500,True,34.0,68.0,3,0.4175,0.8154,1500,0.0,0.0,99.5534,97.4788
755644,obv,BIN,33.42,78.94,False,143,relief_self_segmentation,cheap,0.0,0.0,0,0.00044,0.1432,0.079,0.0,0.0,61.7,4440,True,164.0,149.0,1,0.6184,0.6084,4440,0.0,0.0,100.8848,97.9264
755644,obv,BIN,33.42,78.94,False,144,attached_artifact,expensive,0.2285,0.0661,81,0.72986,0.1531,0.6607,0.4484,0.0254,871.5,2160000,True,8.0,78.0,3,0.3108,0.9264,2160000,0.0,0.0,83.9926,81.0179
755644,rev,BIN,32.44,78.95,False,11,sub_coin_noise_blob,cheap,0.0,0.0,0,0.00028,0.1191,0.0774,0.2617,0.0,49.5,4329,False,149.0,64.0,3,1.8109,0.4437,4329,0.1381,0.0453,63.1223,52.259
755644,rev,BIN,32.44,78.95,False,100,relief_self_segmentation,cheap,0.0894,0.0,0,0.00082,0.1369,0.2836,0.3179,0.0,44.5,7380,True,70.0,94.0,3,0.4955,0.4756,7380,0.0,0.0,90.7309,88.9793
755644,rev,BIN,32.44,78.95,False,107,relief_self_segmentation,cheap,0.0,0.0,0,0.00016,0.3138,0.3315,0.316,0.0,18.5,1200,True,71.0,116.0,3,0.7354,0.6034,1200,0.0,0.0,93.3661,89.875
755644,rev,BIN,32.44,78.95,False,124,backdrop_vignette_blob,expensive,0.1482,0.482,25,0.71373,0.0892,0.6398,0.4385,0.1581,875.8,2160000,True,11.0,166.0,3,0.3061,0.8927,2160000,0.1213,0.0669,82.8535,66.0711
755645,obv,BIN,31.21,78.94,False,11,sub_coin_noise_blob,cheap,0.0,0.0,0,0.00092,0.1819,0.1945,0.3441,0.0,57.0,11750,False,49.0,73.0,2,0.7131,0.5845,11750,0.2041,0.1085,64.7781,49.2687
755645,obv,BIN,31.21,78.94,False,12,sub_coin_noise_blob,cheap,0.0,0.0,0,0.00059,0.1489,0.1987,0.3368,0.0,45.1,8316,False,41.0,74.0,3,0.5297,0.4938,8316,0.1148,0.0026,65.877,58.0805
755645,obv,BIN,31.21,78.94,False,23,sub_coin_noise_blob,cheap,0.0,0.0,0,0.0002,0.1427,0.2849,0.3594,0.0,21.9,2352,False,60.0,72.0,4,0.3554,0.4405,2352,0.0,0.0,75.6621,73.4745
755645,obv,BIN,31.21,78.94,False,32,sub_coin_noise_blob,cheap,0.0379,0.0,0,0.00134,0.1595,0.1728,0.3069,0.0,73.0,18327,False,93.0,87.0,3,1.1822,0.5609,18327,0.151,0.0272,77.0104,63.4375
755645,obv,BIN,31.21,78.94,False,153,relief_self_segmentation,cheap,0.0,0.0,0,0.00021,0.0798,0.1746,0.3491,0.0,28.9,3564,False,39.0,56.0,6,0.4184,0.2875,3564,0.0,0.0,101.3993,95.8247
755645,rev,BIN,31.07,78.95,False,8,sub_coin_noise_blob,cheap,0.0,0.0,0,0.00054,0.1217,0.1432,0.2601,0.0,50.7,8632,False,57.0,76.0,4,0.6543,0.4497,8632,0.0967,0.0005,65.7937,59.609
755645,rev,BIN,31.07,78.95,False,10,sub_coin_noise_blob,cheap,0.0,0.0,0,0.00273,0.2433,0.2746,0.3744,0.0,82.6,22326,False,89.0,68.0,4,0.4631,0.723,22326,0.2161,0.1025,64.2524,48.957
755645,rev,BIN,31.07,78.95,False,11,sub_coin_noise_blob,cheap,0.0,0.0,0,0.00021,0.1334,0.0649,0.3884,0.9777,47.6,5724,False,130.0,89.0,2,2.0355,0.711,5724,0.3368,0.2715,77.9675,45.9603
755645,rev,BIN,31.07,78.95,False,28,sub_coin_noise_blob,cheap,0.0,0.0,0,0.00076,0.2003,0.2014,0.3568,0.0,51.0,8736,False,87.0,44.0,4,0.5314,0.5897,8736,0.1724,0.0092,76.0353,61.7146
755645,rev,BIN,31.07,78.95,False,195,relief_self_segmentation,cheap,0.0,0.0,0,0.00028,0.421,0.4329,0.3792,0.2368,21.1,1850,False,70.0,21.0,6,0.3061,0.7078,1850,0.0,0.0,99.3694,95.6352
755645,rev,BIN,31.07,78.95,False,225,relief_self_segmentation,cheap,0.0,0.0,0,0.00035,0.1501,0.1219,0.2565,0.0,44.5,6014,False,131.0,82.0,3,0.8109,0.4689,6014,0.0,0.0,101.563,95.1406
755645,rev,BIN,31.07,78.95,False,229,relief_self_segmentation,cheap,0.0,0.0,0,0.00019,0.1928,0.1045,0.2765,0.4632,34.9,3397,False,111.0,116.0,2,2.2564,0.6365,3397,0.0,0.0,103.7596,95.5305
755653,obv,BIN,29.44,78.94,False,5,sub_coin_noise_blob,cheap,0.0,0.0,0,0.00131,0.2443,0.2427,0.3526,0.0,61.0,13536,False,84.0,65.0,4,0.4485,0.6392,13536,0.1332,0.0956,66.4049,51.8001
755653,obv,BIN,29.44,78.94,False,17,sub_coin_noise_blob,cheap,0.0,0.0,0,0.00062,0.1373,0.2505,0.3492,0.0,41.4,6318,False,49.0,60.0,3,0.3652,0.5339,6318,0.0,0.0,78.0776,73.0297
755653,obv,BIN,29.44,78.94,False,24,sub_coin_noise_blob,cheap,0.1134,0.0,0,0.00052,0.0921,0.2031,0.342,0.0,42.1,7055,False,68.0,64.0,4,0.462,0.4095,7055,0.0,0.0,79.9483,74.2234
755653,obv,BIN,29.44,78.94,False,29,sub_coin_noise_blob,cheap,0.0,0.0,0,0.00038,0.2076,0.2323,0.3452,0.0,33.7,4029,False,82.0,57.0,3,0.5757,0.5178,4029,0.0,0.0,83.3305,79.4076
755653,obv,BIN,29.44,78.94,False,57,relief_self_segmentation,cheap,0.0,0.0,0,0.00018,0.1276,0.0902,0.2567,0.0,36.7,3526,False,124.0,70.0,2,2.705,0.3891,3526,0.0,0.0,91.9183,86.7047
755653,obv,BIN,29.44,78.94,False,65,relief_self_segmentation,cheap,0.0,0.0,0,0.00022,0.4954,0.5323,0.5303,1.0,17.0,1200,False,65.0,7.0,1,0.3445,0.7694,1200,0.2662,0.0682,90.2868,54.0519
755653,obv,BIN,29.44,78.94,False,92,sub_coin_noise_blob,cheap,0.0,0.0,0,0.00024,0.1112,0.1142,0.4769,1.0,37.6,4386,False,126.0,83.0,2,0.6939,0.3964,4386,0.1525,0.0551,86.0065,62.8529
755653,obv,BIN,29.44,78.94,False,117,relief_self_segmentation,cheap,0.0,0.0,0,0.0002,0.2641,0.3126,0.3638,0.0,20.8,1950,False,57.0,55.0,7,0.4077,0.5326,1950,0.0,0.0,95.2305,91.4956
755653,obv,BIN,29.44,78.94,False,125,sub_coin_noise_blob,cheap,0.0,0.0,0,0.00043,0.2581,0.1529,0.3899,1.0,43.9,5840,False,41.0,100.0,2,1.2112,0.6872,5840,0.0468,0.0088,84.8799,71.0173
755653,obv,BIN,29.44,78.94,False,228,relief_self_segmentation,cheap,0.0,0.0,0,0.00039,0.0983,0.1772,0.3427,0.0,39.1,5676,False,53.0,37.0,4,0.3925,0.3717,5676,0.0,0.0,97.8741,94.256
755653,obv,BIN,29.44,78.94,False,351,non_circular_flan,expensive,0.1384,0.0112,55,0.35478,0.0633,0.7752,0.5168,0.56,561.0,1705611,False,3.0,2.0,6,0.065,0.8394,1705611,0.1062,0.0464,94.0645,72.2349
755653,rev,BIN,29.63,78.95,False,31,sub_coin_noise_blob,cheap,0.0,0.0,0,0.00027,0.2904,0.2948,0.3676,0.0,25.3,2400,False,70.0,65.0,3,0.4351,0.598,2400,0.0,0.0,83.6344,79.2252
755653,rev,BIN,29.63,78.95,False,66,relief_self_segmentation,cheap,0.0,0.0,0,0.00038,0.2083,0.2789,0.3634,0.0,30.6,3996,False,70.0,58.0,6,0.4637,0.5287,3996,0.0,0.0,89.7163,86.5592
755653,rev,BIN,29.63,78.95,False,97,relief_self_segmentation,cheap,0.0,0.0,0,0.00047,0.1252,0.1885,0.3114,0.0,41.4,6882,False,68.0,74.0,4,0.818,0.4483,6882,0.0,0.0,93.4909,90.2738
755653,rev,BIN,29.63,78.95,False,143,relief_self_segmentation,cheap,0.0,0.0,0,0.00028,0.2199,0.1878,0.282,0.0,32.2,3619,False,107.0,53.0,2,0.5475,0.5305,3619,0.0,0.0,96.2323,93.2617
755653,rev,BIN,29.63,78.95,False,153,sub_coin_noise_blob,cheap,0.0,0.0,0,0.00024,0.2963,0.4205,0.5505,1.0,19.8,1716,False,36.0,51.0,5,0.2936,0.6292,1716,0.0162,0.0,86.7732,78.772
755653,rev,BIN,29.63,78.95,False,160,relief_self_segmentation,cheap,0.0,0.0,0,0.00067,0.1181,0.1105,0.3959,1.0,64.5,13572,False,73.0,69.0,4,1.6633,0.4207,13572,0.0267,0.0002,93.6488,82.918
755653,rev,BIN,29.63,78.95,False,198,relief_self_segmentation,cheap,0.0,0.0,0,0.00018,0.1406,0.1129,0.3257,1.0,32.7,3685,False,97.0,47.0,5,0.8584,0.4043,3685,0.0145,0.0,90.3217,78.8229
755653,rev,BIN,29.63,78.95,False,269,relief_self_segmentation,cheap,0.0,0.0,0,0.00015,0.1387,0.1743,0.3293,0.0,24.6,2400,False,101.0,58.0,3,0.4992,0.4102,2400,0.0,0.0,100.0296,96.6218
755653,rev,BIN,29.63,78.95,False,360,relief_self_segmentation,cheap,0.0,0.0,0,0.00016,0.1345,0.0713,0.3081,0.0,38.9,3094,False,115.0,76.0,4,1.8239,0.5037,3094,0.0,0.0,104.3389,97.0629
755653,rev,BIN,29.63,78.95,False,374,multi_object_weld,expensive,0.0751,0.0091,3,0.05012,0.023,0.111,0.3627,0.1558,557.1,1008098,False,121.0,58.0,3,0.6165,0.2639,1008098,0.0541,0.0099,95.7208,93.1085
755656,obv,BIN,29.11,78.94,False,1,sub_coin_noise_blob,cheap,0.0,0.0,0,0.00035,0.1858,0.2435,0.3314,0.0,31.2,3540,False,55.0,74.0,3,0.3344,0.4995,3540,0.0074,0.0,66.503,60.9598
755656,obv,BIN,29.11,78.94,False,52,relief_self_segmentation,cheap,0.0,0.0,0,0.00015,0.2505,0.2059,0.4548,1.0,22.6,1728,False,98.0,43.0,4,0.6658,0.5073,1728,0.0675,0.0026,107.5959,75.8465
755656,obv,BIN,29.11,78.94,False,55,relief_self_segmentation,cheap,0.0,0.0,0,0.00123,0.1441,0.3937,0.374,0.0,46.3,8888,False,18.0,28.0,7,0.2058,0.5633,8888,0.0,0.0,94.9086,91.1992
755656,obv,BIN,29.11,78.94,False,66,relief_self_segmentation,cheap,0.0,0.0,0,0.00015,0.2608,0.1821,0.3007,0.0571,23.5,1456,False,82.0,67.0,2,0.7291,0.5788,1456,0.0,0.0,98.8865,91.6292
755656,obv,BIN,29.11,78.94,False,120,relief_self_segmentation,cheap,0.0,0.0,0,0.00041,0.0936,0.0958,0.2802,0.4386,54.4,6837,False,121.0,71.0,3,0.6724,0.4308,6837,0.0046,0.0,102.7292,90.849
755656,obv,BIN,29.11,78.94,False,157,relief_self_segmentation,expensive,0.1655,0.0169,45,0.312,0.1522,0.7453,0.622,0.8867,536.5,1424100,False,0.0,21.0,1,0.0614,0.8934,1424100,0.0884,0.0419,113.4913,75.6725
755656,obv,BIN,29.11,78.94,False,164,relief_self_segmentation,cheap,0.0,0.0,0,0.00051,0.2522,0.1712,0.2627,0.0,45.4,6336,False,105.0,82.0,4,0.5922,0.6167,6336,0.0,0.0,100.5219,94.175
755656,obv,BIN,29.11,78.94,False,166,relief_self_segmentation,cheap,0.0,0.0,0,0.00021,0.2105,0.1166,0.2644,0.3813,34.9,3476,False,117.0,116.0,3,1.8145,0.6684,3476,0.0,0.0,103.5019,95.6131
755656,obv,BIN,29.11,78.94,False,187,relief_self_segmentation,cheap,0.0,0.0,0,0.00022,0.072,0.0762,0.2892,0.2426,44.6,5508,False,100.0,39.0,6,0.9412,0.3026,5508,0.0,0.0,103.2993,97.0852
755656,rev,BIN,34.0,78.95,False,6,sub_coin_noise_blob,cheap,0.0,0.0,0,0.00052,0.1506,0.1857,0.2992,0.0,43.8,7452,False,97.0,109.0,2,0.9395,0.4326,7452,0.0761,0.0,67.1946,60.2001
755656,rev,BIN,34.0,78.95,False,12,sub_coin_noise_blob,cheap,0.0,0.0,0,0.00026,0.2404,0.16,0.4166,1.0,33.5,3796,False,122.0,77.0,2,0.9671,0.5767,3796,0.2888,0.1846,85.6854,45.1525
755656,rev,BIN,34.0,78.95,False,20,relief_self_segmentation,cheap,0.0,0.0,0,0.00031,0.1092,0.1397,0.4759,1.0,39.1,6720,False,105.0,60.0,3,0.5139,0.3004,6720,0.1277,0.0664,96.1094,65.3734
755656,rev,BIN,34.0,78.95,False,134,non_circular_flan,expensive,0.238,0.0478,37,0.27517,0.2038,0.772,0.5962,0.9996,495.0,1264200,False,6.0,18.0,5,0.0874,0.8893,1264200,0.1998,0.0349,114.1109,59.2086
755656,rev,BIN,34.0,78.95,False,148,relief_self_segmentation,cheap,0.0,0.0,0,0.00016,0.4401,0.3197,0.5036,1.0,18.6,1100,False,67.0,55.0,3,0.4174,0.7538,1100,0.1818,0.0,103.7242,58.4386
755656,rev,BIN,34.0,78.95,False,227,relief_self_segmentation,expensive,0.0653,0.0092,3,0.04874,0.0419,0.1126,0.3484,0.1851,545.5,948428,False,127.0,49.0,3,0.6689,0.3037,948428,0.049,0.0019,95.5847,100.748
755657,obv,BIN,33.79,78.94,False,6,sub_coin_noise_blob,cheap,0.0,0.0,0,0.00292,0.1767,0.2163,0.3929,0.0,96.4,30429,False,96.0,70.0,4,0.5001,0.6684,30429,0.1365,0.1273,64.4633,52.4632
755657,obv,BIN,33.79,78.94,False,10,sub_coin_noise_blob,cheap,0.0228,0.0,0,0.00297,0.1821,0.2124,0.3653,0.0,98.1,33892,False,95.0,58.0,3,0.5978,0.6612,33892,0.1879,0.113,65.5005,51.5333
755657,obv,BIN,33.79,78.94,False,43,sub_coin_noise_blob,cheap,0.0564,0.0,0,0.00416,0.1006,0.1715,0.3372,0.0,129.1,55062,False,85.0,66.0,4,0.7569,0.5718,55062,0.1494,0.0182,77.7851,71.541
755657,obv,BIN,33.79,78.94,False,47,attached_artifact,cheap,0.0202,0.0,0,0.00673,0.1798,0.2422,0.3552,0.0,138.2,58984,False,90.0,84.0,3,0.5292,0.7435,58984,0.1662,0.0174,76.2892,68.0033
755657,obv,BIN,33.79,78.94,False,58,sub_coin_noise_blob,cheap,0.0,0.0,0,0.00026,0.4124,0.3908,0.3823,0.0,21.2,1764,False,92.0,36.0,6,0.2447,0.7418,1764,0.0,0.0,86.0428,83.5612
755657,obv,BIN,33.79,78.94,False,59,sub_coin_noise_blob,cheap,0.0,0.0,0,0.0003,0.4234,0.4196,0.3762,0.0,22.1,1802,False,97.0,72.0,2,0.3309,0.7606,1802,0.0,0.0,86.2088,83.4034
755657,obv,BIN,33.79,78.94,False,79,relief_self_segmentation,cheap,0.0,0.0,0,0.00018,0.2339,0.2844,0.3277,0.0,20.8,1680,False,59.0,35.0,5,0.4441,0.5333,1680,0.0,0.0,90.5556,87.7709
755657,obv,BIN,33.79,78.94,False,364,unclassified_ragged,expensive,0.1982,0.0723,52,0.42453,0.0969,0.7415,0.5079,0.4181,627.4,1935990,False,0.0,2.0,2,0.0539,0.8853,1935990,0.1012,0.0344,87.3992,80.4909
755657,obv,BIN,33.79,78.94,False,459,relief_self_segmentation,cheap,0.0,0.0,0,0.00018,0.2536,0.1717,0.3265,0.4322,26.5,1728,False,82.0,83.0,3,0.7679,0.6259,1728,0.0,0.0,104.3257,96.8481
755657,obv,BIN,33.79,78.94,False,473,relief_self_segmentation,cheap,0.0,0.0,0,0.0002,0.1168,0.1345,0.3286,0.6223,32.0,2772,False,77.0,74.0,4,0.4671,0.4307,2772,0.0,0.0,105.5841,97.4653
755657,rev,BIN,33.78,78.95,False,29,sub_coin_noise_blob,cheap,0.0,0.0,0,0.00481,0.1583,0.1822,0.3148,0.0,134.8,55024,False,112.0,57.0,4,0.6146,0.674,55024,0.1721,0.1103,63.5824,55.0538
755657,rev,BIN,33.78,78.95,False,39,attached_artifact,cheap,0.0445,0.0,0,0.00541,0.1044,0.1487,0.3383,0.0,158.2,78400,False,120.0,56.0,5,0.6521,0.5304,78400,0.1506,0.0843,64.8171,58.111
755657,rev,BIN,33.78,78.95,False,80,sub_coin_noise_blob,cheap,0.0,0.0,0,0.00484,0.1222,0.162,0.329,0.0,143.3,60270,False,114.0,75.0,2,0.7477,0.5942,60270,0.1027,0.0169,76.5285,70.8479
755657,rev,BIN,33.78,78.95,False,170,relief_self_segmentation,cheap,0.0,0.0,0,0.00014,0.1985,0.1623,0.2889,0.0,24.5,1680,False,91.0,80.0,2,0.5341,0.5257,1680,0.0,0.0,97.1444,92.5108
755657,rev,BIN,33.78,78.95,False,252,relief_self_segmentation,cheap,0.0,0.0,0,0.00022,0.1023,0.1341,0.2823,0.0,33.7,3634,False,96.0,60.0,3,0.6414,0.3641,3634,0.0,0.0,99.542,95.1077
755657,rev,BIN,33.78,78.95,False,253,relief_self_segmentation,cheap,0.0,0.0,0,0.00066,0.0542,0.1424,0.3284,0.2103,56.3,9400,True,40.0,54.0,4,0.621,0.2853,9400,0.0,0.0,98.902,94.3206
755657,rev,BIN,33.78,78.95,False,258,relief_self_segmentation,cheap,0.0,0.0,0,0.00035,0.0793,0.1723,0.3456,0.0,37.6,5340,False,82.0,30.0,5,0.6332,0.3384,5340,0.0,0.0,99.0548,94.6137
755657,rev,BIN,33.78,78.95,False,288,relief_self_segmentation,cheap,0.0,0.0,0,0.00021,0.2775,0.3128,0.3668,0.0,21.5,2058,False,75.0,41.0,4,0.3654,0.569,2058,0.0,0.0,98.8857,95.9769
755657,rev,BIN,33.78,78.95,False,291,relief_self_segmentation,cheap,0.0,0.0,0,0.00022,0.3351,0.3498,0.3622,0.0714,20.9,1872,False,65.0,73.0,3,0.3424,0.6356,1872,0.0,0.0,99.1847,95.9482
755657,rev,BIN,33.78,78.95,False,292,sub_coin_noise_blob,cheap,0.0,0.0,0,0.00039,0.1747,0.2962,0.4124,0.9806,29.9,3658,False,72.0,35.0,3,0.2935,0.4355,3658,0.0206,0.0012,86.8132,67.5971
755657,rev,BIN,33.78,78.95,False,297,relief_self_segmentation,cheap,0.0,0.0,0,0.00048,0.1525,0.1231,0.2588,0.204,52.0,6840,True,66.0,122.0,4,2.4693,0.4635,6840,0.0,0.0,99.6036,95.6609
755657,rev,BIN,33.78,78.95,False,301,relief_self_segmentation,cheap,0.0,0.0,0,0.00016,0.1186,0.118,0.2992,0.1118,30.8,3240,False,91.0,39.0,3,0.5211,0.3568,3240,0.0,0.0,100.046,95.5793
755657,rev,BIN,33.78,78.95,False,329,relief_self_segmentation,cheap,0.0,0.0,0,0.00027,0.4145,0.3359,0.3617,0.1858,23.5,1680,False,58.0,57.0,3,0.3264,0.7699,1680,0.0,0.0,100.6355,96.2377
755657,rev,BIN,33.78,78.95,False,344,relief_self_segmentation,cheap,0.0,0.0,0,0.00024,0.1962,0.2694,0.3385,0.0,24.9,2166,False,57.0,67.0,6,0.4527,0.5029,2166,0.0,0.0,100.7562,95.9482
755657,rev,BIN,33.78,78.95,False,345,relief_self_segmentation,cheap,0.0,0.0,0,0.00027,0.2122,0.3087,0.3533,0.1032,24.5,2296,False,40.0,43.0,5,0.3835,0.5197,2296,0.0,0.0,100.2212,95.7162
755657,rev,BIN,33.78,78.95,False,357,relief_self_segmentation,cheap,0.0,0.0,0,0.00026,0.2375,0.1838,0.3493,0.0,31.4,3182,False,68.0,57.0,4,0.5462,0.5611,3182,0.0,0.0,101.1182,97.2568
755657,rev,BIN,33.78,78.95,False,360,relief_self_segmentation,cheap,0.0,0.0,0,0.00041,0.0657,0.0579,0.2514,0.0171,69.6,9240,True,144.0,64.0,3,1.7104,0.3238,9240,0.0,0.0,102.0265,97.4632
755657,rev,BIN,33.78,78.95,False,362,relief_self_segmentation,cheap,0.0,0.0,0,0.00021,0.1266,0.1536,0.3066,0.0795,30.9,3358,False,73.0,49.0,6,0.7588,0.3657,3358,0.0,0.0,101.9964,97.2235
755657,rev,BIN,33.78,78.95,False,370,relief_self_segmentation,cheap,0.0,0.0,0,0.00021,0.1644,0.1259,0.255,0.4076,33.6,2560,False,121.0,33.0,3,0.5752,0.4866,2560,0.0,0.0,102.0095,97.7228
755657,rev,BIN,33.78,78.95,False,392,relief_self_segmentation,cheap,0.0,0.0,0,0.00017,0.2092,0.1895,0.2959,0.0,25.1,2013,False,92.0,32.0,3,0.4484,0.4822,2013,0.0,0.0,99.7785,96.9993
755657,rev,BIN,33.78,78.95,False,417,relief_self_segmentation,cheap,0.0,0.0,0,0.00014,0.1288,0.1637,0.3191,0.0,24.4,2703,False,99.0,40.0,3,0.4589,0.2881,2703,0.0,0.0,101.6728,97.8493
755657,rev,BIN,33.78,78.95,False,433,relief_self_segmentation,cheap,0.0,0.0,0,0.00017,0.1447,0.1296,0.2822,0.0,29.9,2952,False,102.0,72.0,2,0.5243,0.4089,2952,0.0,0.0,102.22,98.6226
755657,rev,BIN,33.78,78.95,False,441,relief_self_segmentation,cheap,0.086,0.0,0,0.00206,0.0407,0.1409,0.348,0.1857,100.3,27783,True,59.0,47.0,5,0.5154,0.3258,27783,0.0,0.0,101.0414,97.6043
755657,rev,BIN,33.78,78.95,False,451,relief_self_segmentation,cheap,0.0,0.0,0,0.00082,0.05,0.1309,0.328,0.0214,65.8,18450,False,79.0,69.0,3,0.7298,0.2682,18450,0.0,0.0,101.1142,98.0225
755657,rev,BIN,33.78,78.95,False,455,relief_self_segmentation,cheap,0.0,0.0,0,0.00017,0.1254,0.0934,0.2679,0.0,35.7,4200,False,131.0,48.0,3,0.805,0.3319,4200,0.0,0.0,101.6937,97.9082
755657,rev,BIN,33.78,78.95,False,457,relief_self_segmentation,cheap,0.0,0.0,0,0.00017,0.1894,0.1188,0.264,0.0,30.9,2590,False,100.0,58.0,4,0.869,0.4958,2590,0.0,0.0,103.0095,98.2626
755657,rev,BIN,33.78,78.95,False,459,relief_self_segmentation,cheap,0.0,0.0,0,0.00076,0.067,0.1025,0.2854,0.0,71.5,16905,False,85.0,57.0,5,0.7053,0.2726,16905,0.0,0.0,101.0128,98.0306
755657,rev,BIN,33.78,78.95,False,462,relief_self_segmentation,cheap,0.0,0.0,0,0.00026,0.1411,0.1406,0.2845,0.0,35.9,3910,False,81.0,78.0,4,1.0491,0.4376,3910,0.0,0.0,101.1654,98.5121
755657,rev,BIN,33.78,78.95,False,466,relief_self_segmentation,cheap,0.0,0.0,0,0.00016,0.1421,0.0995,0.3155,0.0,33.0,2964,False,73.0,74.0,2,1.115,0.4034,2964,0.0,0.0,103.5588,98.1128
755657,rev,BIN,33.78,78.95,False,472,non_circular_flan,expensive,0.1565,0.0155,58,0.4404,0.0273,0.6325,0.4643,0.4886,691.9,2001000,False,0.0,3.0,5,0.0639,0.7716,2001000,0.104,0.0414,88.8452,74.076
755657,rev,BIN,33.78,78.95,False,473,relief_self_segmentation,cheap,0.0,0.0,0,0.00017,0.2022,0.3091,0.35,0.0,19.7,1440,True,62.0,72.0,5,0.4219,0.5382,1440,0.0,0.0,101.8442,98.0397
755657,rev,BIN,33.78,78.95,False,475,relief_self_segmentation,cheap,0.2826,0.0,0,0.00031,0.5742,0.4878,0.3531,0.3458,21.0,1440,True,54.0,102.0,5,0.449,0.8511,1440,0.0,0.0,101.3045,97.2165
755657,rev,BIN,33.78,78.95,False,477,relief_self_segmentation,cheap,0.0,0.0,0,0.00073,0.1426,0.1803,0.3426,0.109,52.8,7440,False,57.0,73.0,3,0.7099,0.5264,7440,0.0,0.0,101.0599,98.1743
755657,rev,BIN,33.78,78.95,False,479,relief_self_segmentation,cheap,0.0,0.0,0,0.00051,0.0893,0.1194,0.3283,0.1472,54.0,9120,False,74.0,88.0,3,0.8394,0.3667,9120,0.0,0.0,101.751,98.0736
755657,rev,BIN,33.78,78.95,False,481,relief_self_segmentation,cheap,0.0,0.0,0,0.00033,0.155,0.2157,0.3003,0.0,32.5,4712,False,101.0,35.0,3,0.4873,0.3876,4712,0.0,0.0,101.6174,97.9435
755657,rev,BIN,33.78,78.95,False,482,relief_self_segmentation,cheap,0.0726,0.0,0,0.00114,0.0942,0.114,0.3282,0.1921,83.1,17114,False,104.0,78.0,4,0.7578,0.4038,17114,0.0,0.0,101.4854,98.215
755657,rev,BIN,33.78,78.95,False,487,relief_self_segmentation,cheap,0.0,0.0,0,0.0006,0.0899,0.1404,0.3033,0.0595,54.1,7493,False,80.0,112.0,2,0.9318,0.3932,7493,0.0,0.0,101.1801,97.7898
755657,rev,BIN,33.78,78.95,False,493,relief_self_segmentation,cheap,0.0,0.0,0,0.00039,0.1366,0.1992,0.3357,0.0,36.8,3872,True,29.0,62.0,3,0.5805,0.465,3872,0.0,0.0,101.2082,98.1515
755657,rev,BIN,33.78,78.95,False,496,relief_self_segmentation,cheap,0.0,0.0,0,0.00018,0.1228,0.0722,0.239,0.092,40.9,3298,True,71.0,102.0,3,2.735,0.4286,3298,0.0,0.0,103.2768,98.4636
755657,rev,BIN,33.78,78.95,False,499,relief_self_segmentation,cheap,0.0,0.0,0,0.0002,0.123,0.1226,0.3063,0.1029,33.9,2808,True,90.0,106.0,2,1.5253,0.3632,2808,0.0,0.0,102.6086,97.464
755657,rev,BIN,33.78,78.95,False,500,relief_self_segmentation,cheap,0.0,0.0,0,0.0002,0.4442,0.3408,0.333,0.0,20.1,1029,True,114.0,109.0,3,0.4706,0.7901,1029,0.0,0.0,101.2661,97.538
755657,rev,BIN,33.78,78.95,False,501,relief_self_segmentation,cheap,0.0,0.0,0,0.00083,0.0738,0.082,0.2496,0.1752,83.5,11426,True,127.0,89.0,2,1.0,0.3573,11426,0.0,0.0,101.3719,98.0272
755657,rev,BIN,33.78,78.95,False,502,relief_self_segmentation,cheap,0.0,0.0,0,0.00164,0.0558,0.1112,0.2584,0.121,100.8,19908,True,93.0,119.0,2,1.2088,0.4297,19908,0.0,0.0,100.7123,97.5703
755657,rev,BIN,33.78,78.95,False,507,relief_self_segmentation,cheap,0.0,0.0,0,0.00017,0.2569,0.1329,0.0,0.0894,29.5,1296,True,165.0,150.0,1,0.6142,0.7809,1296,0.0,0.0,102.4977,97.5383
755657,rev,BIN,33.78,78.95,False,510,relief_self_segmentation,cheap,0.0,0.0,0,0.00044,0.1466,0.197,0.3359,0.0,39.2,4185,True,65.0,63.0,3,0.5758,0.4823,4185,0.0,0.0,101.6187,97.7169
755657,rev,BIN,33.78,78.95,False,511,relief_self_segmentation,cheap,0.0,0.0,0,0.00039,0.1305,0.1914,0.3117,0.0,37.4,5226,True,93.0,44.0,4,0.7458,0.3555,5226,0.0,0.0,100.9344,97.9596
755658,obv,BIN,32.7,78.94,False,10,sub_coin_noise_blob,cheap,0.0306,0.0,0,0.00166,0.1314,0.1186,0.3261,0.0,97.9,28006,False,96.0,67.0,3,1.1925,0.5355,28006,0.1879,0.1082,64.0899,52.7237
755658,obv,BIN,32.7,78.94,False,14,sub_coin_noise_blob,cheap,0.033,0.0,0,0.00301,0.1479,0.149,0.3099,0.0,117.9,43188,False,73.0,74.0,4,0.8556,0.6398,43188,0.2171,0.0845,65.2188,52.9169
755658,obv,BIN,32.7,78.94,False,33,sub_coin_noise_blob,cheap,0.0,0.0,0,0.00018,0.3973,0.4341,0.5361,1.0,17.1,1170,False,86.0,33.0,4,0.2742,0.7005,1170,0.4571,0.1137,81.791,42.191
755658,obv,BIN,32.7,78.94,False,42,sub_coin_noise_blob,cheap,0.0,0.0,0,0.00488,0.144,0.2431,0.3678,0.0,117.5,42418,False,78.0,73.0,4,0.5266,0.6767,42418,0.1905,0.014,76.2976,65.8908
755658,obv,BIN,32.7,78.94,False,166,relief_self_segmentation,cheap,0.0,0.0,0,0.00017,0.0869,0.1415,0.3347,0.0942,28.4,2850,False,100.0,90.0,3,0.32,0.2953,2850,0.0,0.0,101.8527,95.3871
755658,obv,BIN,32.7,78.94,False,263,non_circular_flan,expensive,0.2908,0.0574,39,0.43441,0.0788,0.7005,0.5053,0.3787,653.0,1955100,False,2.0,1.0,5,0.0634,0.8621,1955100,0.1187,0.0433,83.6083,70.4232
755658,rev,BIN,30.39,78.95,False,11,sub_coin_noise_blob,cheap,0.0,0.0,0,0.00063,0.2426,0.2206,0.2794,0.0,44.3,6612,False,107.0,107.0,2,0.7582,0.5788,6612,0.0321,0.0,74.7841,68.698
755658,rev,BIN,30.39,78.95,False,12,sub_coin_noise_blob,cheap,0.0,0.0,0,0.00019,0.1171,0.1302,0.3019,0.0,31.4,3168,False,96.0,39.0,4,0.4765,0.3286,3168,0.0,0.0,77.279,73.3128
755658,rev,BIN,30.39,78.95,False,16,sub_coin_noise_blob,cheap,0.1005,0.0,0,0.00055,0.2319,0.2163,0.3367,0.0,41.8,5265,False,90.0,51.0,3,0.4802,0.5672,5265,0.091,0.0,78.3176,67.8833
755658,rev,BIN,30.39,78.95,False,19,sub_coin_noise_blob,cheap,0.0,0.0,0,0.00017,0.3423,0.3356,0.315,0.0,18.7,1161,False,88.0,24.0,3,0.2926,0.6525,1161,0.0,0.0,84.5335,80.1817
755658,rev,BIN,30.39,78.95,False,61,relief_self_segmentation,cheap,0.0165,0.0,0,0.00341,0.0599,0.1147,0.3796,0.0,143.0,60997,False,96.0,66.0,2,1.3336,0.4223,60997,0.0512,0.0027,90.0682,83.6953
755658,rev,BIN,30.39,78.95,False,67,relief_self_segmentation,cheap,0.0,0.0,0,0.00026,0.1782,0.1351,0.2896,0.0,36.1,3306,False,73.0,74.0,5,0.7402,0.517,3306,0.0,0.0,96.2387,92.1766
755658,rev,BIN,30.39,78.95,False,72,relief_self_segmentation,cheap,0.0,0.0,0,0.00015,0.2591,0.194,0.3087,0.0472,22.7,1404,False,90.0,73.0,2,0.7335,0.5612,1404,0.0,0.0,97.106,91.4974
755658,rev,BIN,30.39,78.95,False,135,relief_self_segmentation,cheap,0.0,0.0,0,0.00025,0.2299,0.1527,0.2549,0.0,33.4,3192,False,112.0,61.0,4,0.5646,0.6227,3192,0.0,0.0,100.9046,97.1209
755658,rev,BIN,30.39,78.95,False,156,backdrop_vignette_blob,expensive,0.3035,0.1051,46,0.37234,0.1548,0.7649,0.5233,0.541,578.5,1684704,False,0.0,3.0,3,0.0589,0.9146,1684704,0.1492,0.0691,87.9195,66.4943
755659,obv,BIN,30.9,78.94,False,6,sub_coin_noise_blob,cheap,0.0,0.0,0,0.00022,0.1142,0.143,0.3098,0.0,32.5,3015,False,74.0,64.0,3,0.6095,0.4151,3015,0.0,0.0,66.1518,61.4293
755659,obv,BIN,30.9,78.94,False,9,sub_coin_noise_blob,cheap,0.0,0.0,0,0.00182,0.1197,0.1039,0.3003,0.0,109.8,26677,False,89.0,84.0,3,0.8175,0.53,26677,0.158,0.1284,63.7474,49.9842
755659,obv,BIN,30.9,78.94,False,28,sub_coin_noise_blob,cheap,0.0,0.0,0,0.00014,0.0528,0.0239,0.3007,1.0,63.4,11979,False,162.0,52.0,2,3.1516,0.437,11979,0.374,0.0573,82.5985,49.1369
755659,obv,BIN,30.9,78.94,False,42,sub_coin_noise_blob,cheap,0.0255,0.0,0,0.00272,0.2052,0.2094,0.317,0.0,94.4,27440,False,92.0,74.0,2,0.7759,0.6964,27440,0.2389,0.0068,75.4794,59.4726
755659,obv,BIN,30.9,78.94,False,47,sub_coin_noise_blob,cheap,0.0,0.0,0,0.00335,0.1185,0.1959,0.3344,0.0,108.5,40898,False,97.0,72.0,4,0.8347,0.5287,40898,0.1326,0.0357,76.8641,66.7786
755659,obv,BIN,30.9,78.94,False,48,sub_coin_noise_blob,cheap,0.0,0.0,0,0.00021,0.212,0.3193,0.3386,0.0,21.5,2300,False,54.0,19.0,8,0.418,0.4798,2300,0.0,0.0,83.5337,79.0625
755659,obv,BIN,30.9,78.94,False,70,sub_coin_noise_blob,cheap,0.0,0.0,0,0.00027,0.4203,0.3975,0.3773,0.0,21.7,1700,False,56.0,81.0,3,0.3174,0.7385,1700,0.0,0.0,86.1994,84.2078
755659,obv,BIN,30.9,78.94,False,89,relief_self_segmentation,cheap,0.0,0.0,0,0.00017,0.1672,0.2384,0.3419,0.0,22.3,2150,False,44.0,50.0,5,0.4998,0.4135,2150,0.0,0.0,90.763,86.6033
755659,obv,BIN,30.9,78.94,False,245,relief_self_segmentation,cheap,0.0,0.0,0,0.00027,0.0954,0.0857,0.3099,0.1574,46.2,5217,False,51.0,71.0,4,0.6874,0.3809,5217,0.0,0.0,100.9468,96.1025
755659,obv,BIN,30.9,78.94,False,289,relief_self_segmentation,cheap,0.0,0.0,0,0.00018,0.1095,0.0668,0.2404,0.3176,42.6,3774,False,111.0,98.0,2,2.0666,0.4175,3774,0.0,0.0,103.9681,97.2084
755659,obv,BIN,30.9,78.94,False,341,non_circular_flan,expensive,0.2081,0.0254,58,0.37713,0.0542,0.6759,0.5064,0.5506,619.4,1914625,False,0.0,7.0,9,0.0728,0.7975,1914625,0.0906,0.0386,91.572,76.7476
755659,rev,BIN,29.6,78.95,False,7,sub_coin_noise_blob,cheap,0.0,0.0,0,0.00093,0.1149,0.1042,0.262,0.0,78.5,17751,False,105.0,139.0,2,0.9037,0.4032,17751,0.1786,0.0991,66.8455,51.0531
755659,rev,BIN,29.6,78.95,False,22,sub_coin_noise_blob,cheap,0.0,0.0,0,0.00336,0.1672,0.188,0.3126,0.0,110.9,37485,False,116.0,58.0,4,0.8205,0.6187,37485,0.1652,0.0149,76.5141,65.6143
755659,rev,BIN,29.6,78.95,False,37,relief_self_segmentation,cheap,0.0,0.0,0,0.00017,0.2426,0.2595,0.3266,0.0,21.2,1596,False,56.0,37.0,6,0.4937,0.5389,1596,0.0,0.0,90.5246,87.0738
755659,rev,BIN,29.6,78.95,False,71,relief_self_segmentation,cheap,0.0,0.0,0,0.0015,0.0709,0.2259,0.3591,0.0186,67.7,20410,False,76.0,46.0,6,0.383,0.4281,20410,0.0007,0.0,94.5646,90.1839
755659,rev,BIN,29.6,78.95,False,72,relief_self_segmentation,cheap,0.0,0.0,0,0.00036,0.0861,0.1928,0.3201,0.0,35.8,5700,False,67.0,35.0,6,0.5301,0.3339,5700,0.0061,0.0,96.089,86.1677
755659,rev,BIN,29.6,78.95,False,81,relief_self_segmentation,cheap,0.0,0.0,0,0.00026,0.1728,0.1958,0.2943,0.0,30.3,3285,False,91.0,100.0,2,0.9001,0.457,3285,0.0,0.0,97.6836,93.08
755659,rev,BIN,29.6,78.95,False,82,relief_self_segmentation,cheap,0.0,0.0,0,0.00014,0.1507,0.1575,0.3009,0.0,24.9,2520,False,115.0,23.0,4,0.3874,0.384,2520,0.0,0.0,97.5133,93.1422
755659,rev,BIN,29.6,78.95,False,96,relief_self_segmentation,cheap,0.0,0.0,0,0.00017,0.3302,0.2411,0.3306,0.0,21.7,1664,False,70.0,49.0,6,0.4234,0.6324,1664,0.0,0.0,97.9804,93.6395
755659,rev,BIN,29.6,78.95,False,229,low_contrast_coastline,expensive,0.2555,0.0406,63,0.39717,0.198,0.7968,0.5309,0.515,585.4,1631406,False,0.0,0.0,0,0.0531,0.9172,1631406,0.1029,0.036,88.1925,78.0365
755661,obv,BIN,31.38,78.94,False,14,low_contrast_coastline,expensive,0.151,0.0079,46,0.33696,0.2947,0.8276,0.5945,0.9929,529.1,1487104,False,0.0,0.0,0,0.0434,0.9541,1487104,0.172,0.0904,131.1304,68.6326
755661,rev,BIN,30.59,78.95,False,7,sub_coin_noise_blob,cheap,0.0,0.0,0,0.00057,0.1593,0.0981,0.4072,0.996,63.3,12636,False,50.0,68.0,2,1.6686,0.5604,12636,0.1934,0.1036,103.7412,81.4526
755661,rev,BIN,30.59,78.95,False,14,sub_coin_noise_blob,cheap,0.0,0.0,0,0.00225,0.1189,0.0822,0.4079,1.0,137.2,48501,False,47.0,79.0,3,1.9602,0.5835,48501,0.0602,0.0028,114.2859,98.7501
755669,obv,BIN,33.56,78.94,False,19,sub_coin_noise_blob,cheap,0.0,0.0,0,0.00029,0.1294,0.156,0.3028,0.0,35.6,4636,False,105.0,65.0,2,0.5259,0.3597,4636,0.0,0.0,78.6044,75.0277
755669,obv,BIN,33.56,78.94,False,117,relief_self_segmentation,cheap,0.0,0.0,0,0.00016,0.2438,0.1801,0.2732,0.1053,24.3,1653,False,59.0,75.0,2,0.8344,0.5519,1653,0.0,0.0,99.4351,92.1658
755669,obv,BIN,33.56,78.94,False,159,relief_self_segmentation,cheap,0.0,0.0,0,0.00017,0.2044,0.2692,0.3586,0.0,20.6,1540,False,58.0,34.0,6,0.4634,0.4704,1540,0.0,0.0,98.1967,94.3512
755669,obv,BIN,33.56,78.94,False,217,non_circular_flan,expensive,0.2675,0.0398,40,0.3094,0.0706,0.7173,0.5936,0.8268,544.6,1541913,False,6.0,48.0,3,0.0963,0.8429,1541913,0.1242,0.0433,100.3264,73.927
755669,rev,BIN,32.99,78.95,False,4,sub_coin_noise_blob,cheap,0.0,0.0,0,0.00072,0.1206,0.1049,0.2471,0.0,68.8,13824,False,98.0,84.0,3,1.6926,0.527,13824,0.1489,0.1011,65.6776,52.6867
755669,rev,BIN,32.99,78.95,False,5,relief_self_segmentation,cheap,0.0,0.0,0,0.00031,0.6181,0.5018,0.5752,1.0,20.6,1960,False,19.0,33.0,4,0.1831,0.881,1960,0.3179,0.0,123.5118,52.9741
755669,rev,BIN,32.99,78.95,False,120,low_contrast_coastline,expensive,0.3031,0.0525,49,0.33811,0.1092,0.7848,0.5796,0.8523,544.2,1579949,False,0.0,4.0,3,0.0553,0.8862,1579949,0.1324,0.0563,99.2414,73.0009
755670,obv,BIN,33.05,78.94,False,8,relief_self_segmentation,cheap,0.0,0.0,0,0.00021,0.3801,0.276,0.4805,1.0,23.0,1560,False,54.0,54.0,3,0.3452,0.7207,1560,0.3877,0.1988,96.771,41.4065
755670,obv,BIN,33.05,78.94,False,34,sub_coin_noise_blob,cheap,0.0,0.0,0,0.00158,0.143,0.1834,0.3365,0.0,77.0,19370,False,78.0,78.0,2,1.0033,0.5749,19370,0.1339,0.0722,77.1026,62.2365
755670,obv,BIN,33.05,78.94,False,45,sub_coin_noise_blob,cheap,0.0,0.0,0,0.00018,0.3762,0.3531,0.3128,0.0,18.8,1161,False,89.0,31.0,3,0.2952,0.6877,1161,0.0,0.0,84.4176,80.2132
755670,obv,BIN,33.05,78.94,False,46,sub_coin_noise_blob,cheap,0.0,0.0,0,0.00022,0.4001,0.2585,0.3478,0.0,24.1,1680,False,42.0,54.0,5,0.457,0.7838,1680,0.0,0.0,83.6648,79.572
755670,obv,BIN,33.05,78.94,False,124,relief_self_segmentation,cheap,0.0768,0.0,0,0.00315,0.2248,0.3995,0.3959,0.0097,73.6,23316,False,69.0,81.0,3,0.3815,0.6876,23316,0.0747,0.0018,93.6557,83.7581
755670,obv,BIN,33.05,78.94,False,135,relief_self_segmentation,cheap,0.0143,0.0,0,0.00695,0.1221,0.2961,0.4322,0.3005,127.0,66054,False,73.0,66.0,5,0.4349,0.5843,66054,0.0695,0.0004,93.0124,81.4304
755670,obv,BIN,33.05,78.94,False,213,non_circular_flan,expensive,0.2025,0.044,32,0.34982,0.0317,0.6235,0.5523,0.8232,621.1,1669200,False,2.0,8.0,8,0.0767,0.7791,1669200,0.1348,0.0643,105.8397,69.6503
755670,rev,BIN,30.44,78.95,False,9,relief_self_segmentation,cheap,0.0,0.0,0,0.00017,0.4601,0.3382,0.5497,1.0,18.3,1176,False,75.0,51.0,3,0.3664,0.7463,1176,0.2382,0.0571,88.8722,57.3834
755670,rev,BIN,30.44,78.95,False,10,relief_self_segmentation,cheap,0.0,0.0,0,0.00019,0.3847,0.2685,0.4522,1.0,22.2,1813,False,74.0,79.0,3,0.6554,0.6848,1813,0.3352,0.32,111.9572,34.2707
755670,rev,BIN,30.44,78.95,False,19,sub_coin_noise_blob,cheap,0.0,0.0,0,0.00059,0.1543,0.1463,0.3398,0.0,52.8,9072,False,78.0,65.0,4,0.8401,0.5157,9072,0.1195,0.0198,75.422,64.2357
755670,rev,BIN,30.44,78.95,False,46,relief_self_segmentation,cheap,0.0,0.0,0,0.00044,0.0965,0.2378,0.3321,0.0,35.5,5624,False,61.0,43.0,4,0.5011,0.4033,5624,0.0364,0.0,95.775,85.5234
755670,rev,BIN,30.44,78.95,False,49,relief_self_segmentation,cheap,0.0,0.0,0,0.00016,0.1735,0.1226,0.2817,0.0,30.1,2409,False,108.0,73.0,2,1.1429,0.4828,2409,0.0,0.0,98.5561,93.3349
755670,rev,BIN,30.44,78.95,False,51,relief_self_segmentation,cheap,0.0,0.0,0,0.00016,0.2303,0.2243,0.2966,0.0,22.1,2120,False,104.0,74.0,2,0.5532,0.4805,2120,0.0,0.0,96.9802,93.0619
755670,rev,BIN,30.44,78.95,False,73,sub_coin_noise_blob,cheap,0.248,0.2358,1,0.00192,0.3265,0.329,0.5018,1.0,63.3,16350,False,60.0,45.0,4,0.3559,0.6743,16350,0.3766,0.1109,114.6039,48.0258
755670,rev,BIN,30.44,78.95,False,132,relief_self_segmentation,cheap,0.0,0.0,0,0.00025,0.1681,0.1285,0.263,0.3832,36.7,4240,False,107.0,99.0,2,1.6708,0.46,4240,0.0,0.0,102.6105,95.727
755670,rev,BIN,30.44,78.95,False,144,non_circular_flan,expensive,0.2172,0.0374,40,0.35301,0.0668,0.6644,0.6006,0.759,604.4,1603950,False,5.0,14.0,6,0.0742,0.83,1603950,0.1429,0.0803,121.9942,69.8986
755673,obv,BIN,30.68,78.94,False,19,relief_self_segmentation,cheap,0.0,0.0,0,0.00021,0.2682,0.3048,0.4746,1.0,21.7,1806,False,67.0,40.0,3,0.3253,0.5711,1806,0.2408,0.0403,169.8524,65.1094
755673,obv,BIN,30.68,78.94,False,21,relief_self_segmentation,cheap,0.0,0.0,0,0.00016,0.2166,0.1373,0.4375,1.0,28.2,2535,False,123.0,81.0,2,0.898,0.479,2535,0.1708,0.0287,131.8579,76.62
755673,obv,BIN,30.68,78.94,False,27,relief_self_segmentation,cheap,0.0,0.0,0,0.00015,0.3968,0.277,0.4702,1.0,19.5,1470,False,96.0,85.0,3,0.977,0.7517,1470,0.3094,0.0718,174.7855,58.701
755673,obv,BIN,30.68,78.94,False,31,relief_self_segmentation,cheap,0.0,0.0,0,0.00063,0.21,0.2033,0.5288,1.0,46.0,5824,False,80.0,82.0,2,0.6466,0.6246,5824,0.0305,0.0025,149.019,100.7204
755673,obv,BIN,30.68,78.94,False,39,relief_self_segmentation,cheap,0.0,0.0,0,0.00023,0.3281,0.3454,0.5248,1.0,21.4,2142,False,62.0,67.0,3,0.4088,0.6483,2142,0.1029,0.0218,114.8514,79.7567
755673,obv,BIN,30.68,78.94,False,42,relief_self_segmentation,cheap,0.0,0.0,0,0.00128,0.3238,0.3592,0.5266,1.0,49.5,8550,False,59.0,75.0,3,0.3772,0.6947,8550,0.23,0.257,127.4964,54.997
755673,obv,BIN,30.68,78.94,False,43,relief_self_segmentation,cheap,0.0,0.0,0,0.00027,0.3168,0.3259,0.4738,1.0,23.7,2448,False,59.0,54.0,4,0.4873,0.6455,2448,0.3177,0.042,161.7172,56.782
755673,obv,BIN,30.68,78.94,False,65,relief_self_segmentation,cheap,0.0,0.0,0,0.00022,0.3838,0.4669,0.5602,1.0,18.1,1599,False,61.0,65.0,4,0.2647,0.665,1599,0.1954,0.0437,103.8649,64.7297
755673,obv,BIN,30.68,78.94,False,102,relief_self_segmentation,expensive,0.1206,0.0129,28,0.23781,0.0181,0.6067,0.5441,0.9692,519.1,1427814,False,0.0,10.0,3,0.0594,0.6897,1427814,0.1407,0.0543,131.4472,72.527
755673,rev,BIN,31.15,78.95,False,45,relief_self_segmentation,cheap,0.0,0.0,0,0.00154,0.0747,0.1857,0.5024,1.0,75.6,22218,False,85.0,71.0,4,0.5909,0.3712,22218,0.0944,0.0429,119.3693,79.8541
755673,rev,BIN,31.15,78.95,False,46,relief_self_segmentation,cheap,0.0,0.0,0,0.00018,0.5993,0.5932,0.5714,1.0,14.4,930,False,50.0,29.0,6,0.1859,0.8413,930,0.0208,0.0,94.9202,83.4792
755673,rev,BIN,31.15,78.95,False,49,relief_self_segmentation,cheap,0.0,0.0,0,0.0006,0.1546,0.1606,0.4791,1.0,50.9,7076,False,85.0,98.0,2,0.9982,0.4936,7076,0.0722,0.0443,100.5907,85.1309
755673,rev,BIN,31.15,78.95,False,56,low_contrast_coastline,expensive,0.2924,0.0304,48,0.30241,0.0614,0.8165,0.5617,0.9939,504.6,1425632,False,0.0,0.0,0,0.0578,0.8554,1425632,0.1217,0.0422,107.0831,72.8465
755675,obv,BIN,32.97,78.94,False,21,sub_coin_noise_blob,cheap,0.0,0.0,0,0.00207,0.1513,0.1706,0.3421,0.0,91.3,30952,False,89.0,80.0,2,0.8955,0.5412,30952,0.12,0.0964,66.7342,53.9988
755675,obv,BIN,32.97,78.94,False,45,sub_coin_noise_blob,cheap,0.0,0.0,0,0.0016,0.0563,0.0322,0.3405,1.0,184.7,102480,False,159.0,41.0,2,1.8856,0.2444,102480,0.125,0.0431,74.5059,68.0966
755675,obv,BIN,32.97,78.94,False,46,sub_coin_noise_blob,cheap,0.0,0.0,0,0.00032,0.1028,0.1448,0.309,0.0,38.9,5325,False,90.0,68.0,3,0.6746,0.3489,5325,0.0138,0.0,80.3744,72.421
755675,obv,BIN,32.97,78.94,False,58,sub_coin_noise_blob,cheap,0.0,0.0,0,0.00041,0.2288,0.3182,0.3545,0.0659,29.7,2948,False,93.0,81.0,4,0.4262,0.5447,2948,0.0,0.0,83.4513,79.018
755675,obv,BIN,32.97,78.94,False,93,attached_artifact,cheap,0.0707,0.0,0,0.00991,0.0945,0.149,0.3495,0.0,213.8,132328,False,122.0,92.0,5,1.0961,0.5097,132328,0.0835,0.0124,80.7009,76.0993
755675,obv,BIN,32.97,78.94,False,101,relief_self_segmentation,cheap,0.0,0.0,0,0.00025,0.2186,0.2274,0.308,0.0,27.5,2806,False,90.0,79.0,2,0.7668,0.5165,2806,0.0,0.0,90.3128,85.172
755675,obv,BIN,32.97,78.94,False,140,relief_self_segmentation,cheap,0.0,0.0,0,0.00015,0.2079,0.1305,0.3041,0.1311,28.5,1904,False,113.0,81.0,3,2.06,0.5187,1904,0.0,0.0,98.0051,91.8375
755675,obv,BIN,32.97,78.94,False,186,relief_self_segmentation,cheap,0.0,0.0,0,0.0002,0.1525,0.1555,0.2862,0.1097,29.7,3312,False,107.0,60.0,3,0.4838,0.4089,3312,0.0,0.0,96.9492,93.1112
755675,obv,BIN,32.97,78.94,False,310,relief_self_segmentation,cheap,0.0,0.0,0,0.00023,0.1305,0.1293,0.2774,0.25,35.0,3570,False,66.0,81.0,5,0.6076,0.4027,3570,0.0,0.0,100.9866,95.818
755675,obv,BIN,32.97,78.94,False,476,relief_self_segmentation,cheap,0.0,0.0,0,0.00014,0.2546,0.1599,0.2632,0.6019,24.5,1425,False,95.0,118.0,2,1.096,0.6107,1425,0.0,0.0,103.605,96.9396
755675,obv,BIN,32.97,78.94,False,483,backdrop_vignette_blob,expensive,0.2918,0.1548,36,0.37636,0.1094,0.759,0.5155,0.4108,583.9,1756894,False,0.0,1.0,1,0.0499,0.8812,1756894,0.0951,0.0233,82.4249,79.4798
755675,obv,BIN,32.97,78.94,False,542,relief_self_segmentation,cheap,0.0,0.0,0,0.00017,0.1473,0.2347,0.3305,0.6216,22.0,2300,False,77.0,26.0,6,0.3613,0.3736,2300,0.0,0.0,103.0301,98.6817
755675,obv,BIN,32.97,78.94,False,592,relief_self_segmentation,cheap,0.0,0.0,0,0.00021,0.2984,0.1938,0.3266,0.395,27.0,1820,False,87.0,81.0,2,0.6579,0.6797,1820,0.0,0.0,103.9505,96.7161
755675,obv,BIN,32.97,78.94,False,611,relief_self_segmentation,cheap,0.0,0.0,0,0.00016,0.1537,0.0905,0.2508,0.2374,35.3,3564,False,118.0,104.0,2,1.6127,0.5072,3564,0.0,0.0,104.2033,97.6922
755675,obv,BIN,32.97,78.94,False,631,relief_self_segmentation,cheap,0.0,0.0,0,0.00037,0.0639,0.0871,0.2734,0.4507,54.0,7869,False,101.0,78.0,3,1.3727,0.3079,7869,0.0,0.0,104.4835,98.0531
755676,obv,BIN,31.47,78.94,False,31,sub_coin_noise_blob,cheap,0.0,0.0,0,0.00111,0.1424,0.1745,0.3003,0.0,66.0,14550,False,75.0,76.0,4,0.8456,0.5293,14550,0.18,0.1042,64.1915,49.8866
755676,obv,BIN,31.47,78.94,False,157,sub_coin_noise_blob,cheap,0.0,0.0,0,0.00018,0.4549,0.5626,0.5336,1.0,14.8,1089,False,46.0,18.0,6,0.177,0.6948,1089,0.0051,0.0,78.8747,72.0872
755676,obv,BIN,31.47,78.94,False,195,relief_self_segmentation,cheap,0.0,0.0,0,0.00015,0.1352,0.0992,0.2841,0.0,32.6,2775,False,91.0,89.0,2,1.1139,0.4243,2775,0.0,0.0,96.9109,91.0089
755676,obv,BIN,31.47,78.94,False,248,relief_self_segmentation,cheap,0.0,0.0,0,0.00023,0.0896,0.0874,0.2662,0.0541,42.3,5187,False,72.0,58.0,3,0.924,0.2966,5187,0.0,0.0,98.2106,94.0829
755676,obv,BIN,31.47,78.94,False,257,relief_self_segmentation,cheap,0.0,0.0,0,0.00028,0.2292,0.1935,0.2748,0.0,31.8,3127,True,92.0,69.0,2,0.8457,0.5866,3127,0.0,0.0,97.5159,94.6022
755676,obv,BIN,31.47,78.94,False,263,sub_coin_noise_blob,cheap,0.0,0.0,0,0.0002,0.1126,0.0661,0.3095,1.0,46.0,5616,False,133.0,71.0,2,2.094,0.4624,5616,0.2262,0.0151,86.5993,58.8424
755676,obv,BIN,31.47,78.94,False,282,relief_self_segmentation,cheap,0.0,0.0,0,0.00077,0.0501,0.1579,0.3485,0.0,58.0,12656,False,54.0,50.0,4,0.2998,0.2549,12656,0.0,0.0,98.6976,96.0933
755676,obv,BIN,31.47,78.94,False,295,relief_self_segmentation,cheap,0.0,0.0,0,0.00034,0.5533,0.5259,0.353,0.0,21.0,1599,True,65.0,98.0,3,0.4099,0.8268,1599,0.0,0.0,100.7128,97.1556
755676,obv,BIN,31.47,78.94,False,299,relief_self_segmentation,cheap,0.0,0.0,0,0.00016,0.4118,0.3705,0.3629,0.0,17.5,1107,False,38.0,41.0,4,0.2991,0.7136,1107,0.0,0.0,100.793,97.4672
755676,obv,BIN,31.47,78.94,False,303,relief_self_segmentation,cheap,0.0,0.0,0,0.00015,0.3105,0.284,0.3098,0.0,19.3,1260,True,86.0,71.0,7,0.5964,0.5678,1260,0.0,0.0,100.4026,97.7365
755676,obv,BIN,31.47,78.94,False,304,relief_self_segmentation,cheap,0.0,0.0,0,0.00036,0.1285,0.0677,0.0,0.0,60.7,4234,True,169.0,148.0,1,0.6492,0.6213,4234,0.0,0.0,101.1088,97.9356
755676,obv,BIN,31.47,78.94,False,305,non_circular_flan,expensive,0.1916,0.0164,64,0.5752,0.0278,0.551,0.4023,0.3754,847.2,2089500,True,8.0,69.0,3,0.3011,0.7895,2089500,0.1153,0.0423,86.6183,70.0581
755676,rev,BIN,32.75,78.95,False,14,sub_coin_noise_blob,cheap,0.0,0.0,0,0.00043,0.0984,0.0737,0.2775,0.0,63.1,8003,False,131.0,60.0,6,1.8451,0.3811,8003,0.1654,0.1315,62.6054,47.2797
755676,rev,BIN,32.75,78.95,False,113,relief_self_segmentation,cheap,0.0,0.0,0,0.00047,0.107,0.2232,0.3394,0.0,37.9,5112,True,65.0,36.0,3,0.4618,0.3637,5112,0.0,0.0,92.2748,89.6263
755676,rev,BIN,32.75,78.95,False,124,relief_self_segmentation,cheap,0.0,0.0,0,0.00015,0.3832,0.3519,0.3588,0.0,17.2,999,True,75.0,71.0,4,0.6409,0.6929,999,0.0,0.0,95.7,90.9663
755676,rev,BIN,32.75,78.95,False,141,relief_self_segmentation,cheap,0.0,0.0,0,0.0002,0.0795,0.0381,0.3165,1.0,59.9,10791,False,125.0,83.0,2,6.7126,0.4886,10791,0.1031,0.003,95.0583,71.8935
755676,rev,BIN,32.75,78.95,False,175,non_circular_flan,expensive,0.1288,0.0155,54,0.66484,0.0389,0.5972,0.4078,0.3591,874.9,2160000,True,11.0,136.0,5,0.2937,0.827,2160000,0.1506,0.0585,88.4713,61.8164
755677,obv,BIN,32.74,78.94,False,17,relief_self_segmentation,cheap,0.0,0.0,0,0.00015,0.185,0.2033,0.3436,0.0,22.5,2052,False,56.0,69.0,4,0.5143,0.4352,2052,0.0,0.0,90.768,86.9162
755677,obv,BIN,32.74,78.94,False,45,relief_self_segmentation,cheap,0.0,0.0,0,0.00021,0.2271,0.1992,0.2861,0.0,27.1,3050,False,109.0,101.0,2,1.2236,0.4922,3050,0.0,0.0,92.4659,88.8056
755677,obv,BIN,32.74,78.94,False,59,relief_self_segmentation,cheap,0.0,0.0,0,0.00036,0.1542,0.3314,0.3516,0.0,27.5,3534,False,40.0,43.0,7,0.3532,0.504,3534,0.0,0.0,93.0302,88.7204
755677,obv,BIN,32.74,78.94,False,64,relief_self_segmentation,cheap,0.0,0.0,0,0.0002,0.283,0.3347,0.4862,1.0,20.2,2064,False,87.0,58.0,6,0.5012,0.5474,2064,0.0116,0.0,99.679,77.1789
755677,obv,BIN,32.74,78.94,False,73,relief_self_segmentation,cheap,0.0,0.0,0,0.00125,0.1841,0.4176,0.3679,0.0634,45.4,8800,False,25.0,26.0,6,0.1841,0.576,8800,0.0,0.0,93.8938,90.8081
755677,obv,BIN,32.74,78.94,False,75,relief_self_segmentation,cheap,0.0,0.0,0,0.00153,0.0719,0.2434,0.3763,0.0954,65.7,19500,False,59.0,30.0,4,0.3655,0.4269,19500,0.0006,0.0,94.6132,89.0621
755677,obv,BIN,32.74,78.94,False,79,relief_self_segmentation,cheap,0.0,0.0,0,0.0002,0.1729,0.1368,0.4511,1.0,31.5,3796,False,125.0,48.0,2,0.4631,0.3813,3796,0.1,0.0354,118.871,71.5321
755677,obv,BIN,32.74,78.94,False,81,relief_self_segmentation,cheap,0.0,0.0,0,0.00015,0.1659,0.1239,0.2905,0.0,29.3,2139,False,103.0,72.0,2,1.1242,0.4757,2139,0.0,0.0,98.6278,93.2556
755677,obv,BIN,32.74,78.94,False,103,relief_self_segmentation,cheap,0.0,0.0,0,0.00019,0.2215,0.1255,0.3885,1.0,32.2,3264,False,104.0,95.0,2,2.3216,0.6264,3264,0.253,0.0697,120.2468,58.95
755677,obv,BIN,32.74,78.94,False,183,backdrop_vignette_blob,expensive,0.2937,0.1337,47,0.34428,0.1156,0.8077,0.5589,0.8037,541.4,1580604,False,2.0,10.0,3,0.0664,0.8924,1580604,0.0921,0.0091,102.5117,77.6043
755677,rev,BIN,32.3,78.95,False,81,relief_self_segmentation,cheap,0.0,0.0,0,0.00035,0.1089,0.2319,0.3547,0.0,32.2,4307,False,55.0,38.0,5,0.3883,0.4063,4307,0.0,0.0,98.1291,94.246
755677,rev,BIN,32.3,78.95,False,112,relief_self_segmentation,cheap,0.0,0.0,0,0.00029,0.4119,0.3858,0.3753,0.1429,22.8,1872,False,79.0,59.0,3,0.4071,0.6983,1872,0.0,0.0,99.209,95.3909
755677,rev,BIN,32.3,78.95,False,131,unclassified_ragged,expensive,0.2739,0.066,62,0.355,0.2197,0.8291,0.5773,0.8352,542.6,1548724,False,0.0,1.0,1,0.0419,0.9147,1548724,0.0727,0.0073,97.7306,82.757
755677,rev,BIN,32.3,78.95,False,136,relief_self_segmentation,cheap,0.0,0.0,0,0.00024,0.1946,0.1341,0.2732,0.4522,35.4,3520,False,114.0,88.0,2,1.5516,0.5488,3520,0.0,0.0,102.8503,96.1247
755678,obv,BIN,33.66,78.94,False,1,relief_self_segmentation,cheap,0.0,0.0,0,0.00104,0.1092,0.2134,0.5197,1.0,57.9,11685,False,77.0,75.0,3,0.3546,0.4,11685,0.3049,0.0931,135.5677,53.2987
755678,obv,BIN,33.66,78.94,False,2,relief_self_segmentation,cheap,0.0,0.0,0,0.00056,0.1179,0.1447,0.4628,1.0,51.4,8174,False,110.0,100.0,2,2.1631,0.3887,8174,0.3078,0.0541,124.0538,58.5314
755678,obv,BIN,33.66,78.94,False,6,relief_self_segmentation,cheap,0.0,0.0,0,0.00063,0.3617,0.274,0.5167,1.0,39.7,4641,False,78.0,78.0,3,0.45,0.7462,4641,0.1813,0.0636,123.6421,71.0943
755678,obv,BIN,33.66,78.94,False,7,relief_self_segmentation,cheap,0.0,0.0,0,0.00018,0.4627,0.4033,0.4547,1.0,17.5,1400,False,94.0,56.0,4,0.4131,0.713,1400,0.3117,0.1297,139.8897,49.6569
755678,obv,BIN,33.66,78.94,False,9,relief_self_segmentation,cheap,0.0,0.0,0,0.0005,0.3059,0.2461,0.4907,1.0,37.2,6438,False,78.0,75.0,2,1.1377,0.5682,6438,0.2972,0.1179,161.5566,52.9681
755678,obv,BIN,33.66,78.94,False,16,relief_self_segmentation,cheap,0.0,0.0,0,0.0004,0.3266,0.2189,0.432,1.0,35.4,4752,False,75.0,82.0,2,1.0843,0.6676,4752,0.4117,0.0929,168.1343,48.5278
755678,obv,BIN,33.66,78.94,False,17,relief_self_segmentation,cheap,0.0,0.0,0,0.00044,0.1918,0.0975,0.386,1.0,55.6,7552,False,127.0,84.0,2,1.3281,0.5727,7552,0.233,0.0327,158.6152,73.8838
755678,obv,BIN,33.66,78.94,False,21,relief_self_segmentation,cheap,0.0,0.0,0,0.0009,0.3323,0.4028,0.4831,1.0,39.1,7476,False,67.0,52.0,3,0.4034,0.6449,7476,0.5307,0.1056,145.205,44.5914
755678,obv,BIN,33.66,78.94,False,31,relief_self_segmentation,cheap,0.0,0.0,0,0.00095,0.1462,0.2587,0.4473,0.989,50.1,9460,False,100.0,85.0,3,0.3601,0.4373,9460,0.4123,0.0882,156.7986,55.2089
755678,obv,BIN,33.66,78.94,False,38,relief_self_segmentation,cheap,0.0,0.0,0,0.00049,0.3253,0.2378,0.4563,1.0,37.6,3995,False,66.0,88.0,3,1.0542,0.6342,3995,0.4063,0.0324,149.7929,56.3711
755678,obv,BIN,33.66,78.94,False,42,relief_self_segmentation,cheap,0.0,0.0,0,0.00054,0.2708,0.2475,0.4789,1.0,38.6,4984,False,93.0,77.0,3,0.9667,0.5308,4984,0.3339,0.0287,152.0437,59.1016
755678,obv,BIN,33.66,78.94,False,44,relief_self_segmentation,cheap,0.0,0.0,0,0.00072,0.3128,0.2501,0.4587,1.0,44.5,6386,False,102.0,50.0,3,0.4948,0.6748,6386,0.1514,0.0156,160.3972,88.6557
755678,obv,BIN,33.66,78.94,False,45,relief_self_segmentation,cheap,0.0,0.0,0,0.00064,0.1532,0.2393,0.4513,1.0,43.0,8064,False,115.0,30.0,4,0.3935,0.3762,8064,0.2462,0.0099,143.5663,58.0844
755678,obv,BIN,33.66,78.94,False,47,relief_self_segmentation,cheap,0.0,0.0,0,0.00021,0.1827,0.1141,0.4001,1.0,35.8,3965,False,140.0,70.0,2,0.9033,0.4481,3965,0.3101,0.0255,159.0583,55.3071
755678,obv,BIN,33.66,78.94,False,51,relief_self_segmentation,cheap,0.0,0.0,0,0.00045,0.208,0.2049,0.4582,1.0,39.1,6138,False,102.0,102.0,2,1.6559,0.4419,6138,0.2866,0.043,155.2968,64.1636
755678,obv,BIN,33.66,78.94,False,61,relief_self_segmentation,cheap,0.0512,0.0,0,0.00164,0.1025,0.2041,0.426,1.0,74.4,23088,False,101.0,46.0,4,0.3365,0.3932,23088,0.2819,0.005,135.1458,62.2862
755678,obv,BIN,33.66,78.94,False,73,relief_self_segmentation,cheap,0.0,0.0,0,0.00085,0.1586,0.3591,0.3581,0.0279,40.3,7031,False,39.0,52.0,6,0.2503,0.5676,7031,0.0204,0.0,94.1949,85.4154
755678,obv,BIN,33.66,78.94,False,85,relief_self_segmentation,cheap,0.0,0.0,0,0.00085,0.1519,0.3147,0.4638,0.9969,43.2,9682,False,42.0,41.0,4,0.344,0.4808,9682,0.2912,0.0047,139.3799,55.7227
755678,obv,BIN,33.66,78.94,False,96,relief_self_segmentation,cheap,0.0,0.0,0,0.00069,0.0956,0.1883,0.4531,1.0,50.1,10440,False,83.0,53.0,4,0.4602,0.3283,10440,0.3677,0.0191,138.0688,55.154
755678,obv,BIN,33.66,78.94,False,98,relief_self_segmentation,cheap,0.0,0.0,0,0.00064,0.1765,0.2388,0.4411,1.0,42.8,7826,False,61.0,51.0,3,0.4005,0.4761,7826,0.5717,0.0171,143.865,46.1099
755678,obv,BIN,33.66,78.94,False,100,relief_self_segmentation,cheap,0.0,0.0,0,0.00045,0.1,0.1724,0.4327,1.0,42.3,8010,False,100.0,44.0,3,0.3256,0.3026,8010,0.5863,0.0837,143.4027,45.8115
755678,obv,BIN,33.66,78.94,False,102,relief_self_segmentation,cheap,0.0,0.0,0,0.00048,0.1575,0.2211,0.4212,1.0,38.7,6216,False,65.0,42.0,3,0.3334,0.4214,6216,0.6257,0.0045,135.0697,45.1888
755678,obv,BIN,33.66,78.94,False,103,relief_self_segmentation,cheap,0.0,0.0,0,0.00035,0.1149,0.1648,0.3939,1.0,38.3,5544,False,81.0,92.0,2,1.3993,0.2981,5544,0.434,0.0806,113.4066,45.8225
755678,obv,BIN,33.66,78.94,False,104,relief_self_segmentation,cheap,0.0,0.0,0,0.00042,0.1086,0.2196,0.4996,1.0,36.1,6156,False,60.0,66.0,2,0.185,0.2909,6156,0.5635,0.0191,135.2802,46.4688
755678,obv,BIN,33.66,78.94,False,106,relief_self_segmentation,cheap,0.0,0.0,0,0.00037,0.117,0.2036,0.4876,1.0,35.3,5544,False,98.0,74.0,2,0.2894,0.2972,5544,0.5799,0.0064,132.8121,46.3132
755678,obv,BIN,33.66,78.94,False,127,multi_object_weld,expensive,0.0462,0.0056,11,0.18847,0.01,0.4354,0.5029,0.9324,545.6,1536340,False,1.0,1.0,2,0.0544,0.4808,1536340,0.2649,0.0553,137.293,66.2497
755678,rev,BIN,31.57,78.95,False,48,sub_coin_noise_blob,cheap,0.0,0.0,0,0.00024,0.2101,0.1261,0.2924,0.3946,35.9,3888,False,106.0,105.0,2,2.4489,0.6442,3888,0.0,0.0,102.9265,96.7718
755679,obv,BIN,31.38,78.94,False,5,sub_coin_noise_blob,cheap,0.0,0.0,0,0.00021,0.1202,0.1769,0.3244,0.0,28.6,2964,False,56.0,47.0,4,0.4481,0.3591,2964,0.0,0.0,89.7477,86.2608
755679,obv,BIN,31.38,78.94,False,8,sub_coin_noise_blob,cheap,0.0,0.0,0,0.00132,0.1631,0.2063,0.3418,0.0,66.4,14790,False,70.0,82.0,4,1.0232,0.4875,14790,0.0196,0.0032,89.7939,84.9297
755679,rev,BIN,30.84,78.95,False,0,sub_coin_noise_blob,cheap,0.0,0.0,0,0.00018,0.1915,0.29,0.3429,0.0,20.7,1936,False,69.0,22.0,6,0.2688,0.4242,1936,0.0,0.0,66.563,63.7148
755680,obv,BIN,32.66,78.94,False,31,relief_self_segmentation,cheap,0.0,0.0,0,0.00144,0.256,0.3064,0.5137,1.0,56.8,10701,False,81.0,88.0,2,0.3646,0.7051,10701,0.0552,0.0085,146.4321,102.2557
755680,obv,BIN,32.66,78.94,False,78,sub_coin_noise_blob,cheap,0.5574,0.5331,1,0.00129,0.5289,0.4797,0.5486,1.0,43.1,7954,False,74.0,25.0,3,0.2084,0.8458,7954,0.1691,0.0228,93.5512,65.2886
755680,obv,BIN,32.66,78.94,False,91,relief_self_segmentation,cheap,0.0,0.0,0,0.00043,0.1375,0.1904,0.495,1.0,39.2,6660,False,86.0,83.0,2,0.8039,0.3188,6660,0.1678,0.1049,135.0449,63.3118
755680,obv,BIN,32.66,78.94,False,99,relief_self_segmentation,cheap,0.0,0.0,0,0.00068,0.1263,0.1987,0.465,1.0,48.3,8295,False,60.0,43.0,4,0.4506,0.3861,8295,0.17,0.0408,129.8265,67.234
755680,obv,BIN,32.66,78.94,False,102,relief_self_segmentation,cheap,0.0,0.0,0,0.00037,0.5654,0.5568,0.5556,1.0,21.4,1989,False,23.0,46.0,3,0.1913,0.8162,1989,0.0038,0.0,101.6079,81.0743
755680,obv,BIN,32.66,78.94,False,104,relief_self_segmentation,cheap,0.0522,0.0176,1,0.0374,0.0794,0.3505,0.5236,0.9993,270.9,312110,False,50.0,40.0,9,0.36,0.5664,312110,0.1118,0.0287,132.9248,93.799
755680,obv,BIN,32.66,78.94,False,106,relief_self_segmentation,cheap,0.0,0.0,0,0.00123,0.12,0.2296,0.4791,1.0,60.6,14008,False,39.0,55.0,5,0.3289,0.4566,14008,0.1898,0.051,112.7754,67.2157
755680,obv,BIN,32.66,78.94,False,141,relief_self_segmentation,expensive,0.1776,0.0333,40,0.23053,0.0428,0.5817,0.5237,0.9209,522.0,1480605,False,56.0,80.0,2,0.1437,0.6299,1480605,0.1098,0.0222,114.1692,88.5524
755680,rev,BIN,33.73,78.95,False,25,relief_self_segmentation,cheap,0.0,0.0,0,0.0003,0.2112,0.2142,0.4498,1.0,31.1,3750,False,96.0,44.0,4,0.4762,0.4889,3750,0.0229,0.0009,114.8704,87.0722
755680,rev,BIN,33.73,78.95,False,26,relief_self_segmentation,cheap,0.0,0.0,0,0.00014,0.4328,0.2378,0.4942,1.0,20.2,1127,False,55.0,53.0,2,0.4675,0.8246,1127,0.1864,0.0033,167.4885,69.9397
755680,rev,BIN,33.73,78.95,False,37,relief_self_segmentation,cheap,0.0,0.0,0,0.00022,0.1367,0.0932,0.4165,1.0,40.7,4018,False,126.0,46.0,3,0.6533,0.4284,4018,0.0166,0.0,126.6528,92.9119
755680,rev,BIN,33.73,78.95,False,44,relief_self_segmentation,cheap,0.0,0.0,0,0.0004,0.0835,0.122,0.4285,0.8268,47.7,7866,False,77.0,59.0,4,0.7545,0.3245,7866,0.0302,0.0003,119.8437,89.2249
755681,obv,BIN,32.92,78.94,False,27,sub_coin_noise_blob,cheap,0.131,0.1232,1,0.00286,0.0763,0.3038,0.5025,0.9988,80.4,27232,False,52.0,45.0,5,0.2702,0.4833,27232,0.1562,0.0356,125.1701,78.4254
755681,obv,BIN,32.92,78.94,False,30,relief_self_segmentation,cheap,0.0,0.0,0,0.00018,0.144,0.1026,0.4331,1.0,35.0,4080,False,129.0,73.0,2,2.4841,0.3333,4080,0.1116,0.0018,127.3193,79.0332
755681,obv,BIN,32.92,78.94,False,38,relief_self_segmentation,cheap,0.0,0.0,0,0.00059,0.1823,0.1996,0.4752,1.0,45.2,8755,False,78.0,92.0,2,1.2473,0.3846,8755,0.1636,0.0658,147.304,73.1118
755681,obv,BIN,32.92,78.94,False,41,relief_self_segmentation,cheap,0.0,0.0,0,0.00025,0.1126,0.1507,0.4513,1.0,33.5,4636,False,99.0,38.0,4,0.3764,0.3005,4636,0.1195,0.0,120.6315,78.0738
755681,obv,BIN,32.92,78.94,False,51,relief_self_segmentation,cheap,0.0,0.0,0,0.00028,0.1279,0.221,0.3173,0.0343,29.5,3456,False,87.0,50.0,3,0.4643,0.4184,3456,0.0,0.0,95.1893,91.7951
755681,obv,BIN,32.92,78.94,False,80,relief_self_segmentation,cheap,0.0,0.0,0,0.00105,0.0785,0.1903,0.5215,1.0,61.5,17934,False,39.0,32.0,4,0.1986,0.3305,17934,0.0766,0.0001,128.4119,76.4064
755681,obv,BIN,32.92,78.94,False,87,relief_self_segmentation,cheap,0.0,0.0,0,0.00091,0.3237,0.3703,0.482,0.9912,41.1,7029,False,77.0,50.0,7,0.3665,0.6744,7029,0.2726,0.0522,110.3335,59.2842
755681,obv,BIN,32.92,78.94,False,90,relief_self_segmentation,cheap,0.0,0.0,0,0.00067,0.091,0.1939,0.4844,1.0,48.8,9870,False,55.0,46.0,4,0.411,0.3759,9870,0.1139,0.0048,127.2697,70.9189
755681,obv,BIN,32.92,78.94,False,93,relief_self_segmentation,cheap,0.0,0.0,0,0.0002,0.4936,0.4838,0.5396,1.0,16.8,1254,False,63.0,82.0,6,0.3426,0.7533,1254,0.1399,0.0208,103.1734,63.8571
755681,obv,BIN,32.92,78.94,False,101,relief_self_segmentation,cheap,0.0,0.0,0,0.00065,0.1299,0.207,0.4807,1.0,46.5,8918,False,61.0,41.0,3,0.3314,0.4212,8918,0.207,0.0091,116.8414,61.3185
755681,obv,BIN,32.92,78.94,False,106,relief_self_segmentation,cheap,0.0,0.0,0,0.00099,0.1138,0.2476,0.476,1.0,52.3,9996,False,52.0,30.0,7,0.4481,0.3911,9996,0.2272,0.0052,116.5049,61.7095
755681,obv,BIN,32.92,78.94,False,108,relief_self_segmentation,cheap,0.0,0.0,0,0.0006,0.0956,0.1468,0.4683,1.0,53.1,10961,False,84.0,46.0,3,0.4514,0.294,10961,0.2295,0.0101,112.1282,60.1185
755681,obv,BIN,32.92,78.94,False,142,relief_self_segmentation,expensive,0.2075,0.0536,32,0.25959,0.0271,0.6106,0.5065,0.9112,540.6,1559805,False,13.0,52.0,2,0.124,0.6824,1559805,0.1085,0.014,117.0199,79.3084
755681,obv,BIN,32.92,78.94,False,150,relief_self_segmentation,cheap,0.0,0.0,0,0.0003,0.1097,0.1007,0.2873,0.2078,45.6,5610,False,93.0,39.0,5,0.7817,0.3897,5610,0.0,0.0,102.3479,97.0215
755681,rev,BIN,32.05,78.95,False,1,sub_coin_noise_blob,cheap,0.0,0.0,0,0.00028,0.2024,0.2854,0.3653,0.0,25.9,3420,False,73.0,43.0,4,0.4762,0.4666,3420,0.0,0.0,65.0888,62.1474
755681,rev,BIN,32.05,78.95,False,27,relief_self_segmentation,cheap,0.0,0.0,0,0.00022,0.1309,0.0853,0.3854,1.0,42.4,3737,False,112.0,56.0,2,1.656,0.4314,3737,0.1052,0.0301,116.8941,75.3825
755681,rev,BIN,32.05,78.95,False,49,relief_self_segmentation,cheap,0.0,0.0,0,0.00036,0.113,0.1776,0.4567,1.0,37.2,5548,False,82.0,49.0,4,0.5742,0.3309,5548,0.0822,0.0003,106.0313,82.0578
755681,rev,BIN,32.05,78.95,False,66,relief_self_segmentation,cheap,0.0,0.0,0,0.00056,0.0905,0.2216,0.3517,0.0202,41.8,6675,False,71.0,49.0,5,0.2991,0.3763,6675,0.0108,0.0,95.7859,88.5642
755681,rev,BIN,32.05,78.95,False,81,relief_self_segmentation,cheap,0.0,0.0,0,0.00016,0.188,0.1755,0.4457,0.9921,25.1,2440,False,108.0,41.0,3,0.516,0.3964,2440,0.2228,0.0161,112.9102,71.4024
755681,rev,BIN,32.05,78.95,False,163,relief_self_segmentation,expensive,0.2639,0.019,72,0.32035,0.0878,0.7751,0.5849,0.8785,533.1,1581174,False,3.0,0.0,0,0.0657,0.8326,1581174,0.1176,0.0442,97.6951,73.1972
755682,obv,BIN,32.91,78.94,False,3,relief_self_segmentation,cheap,0.0,0.0,0,0.00017,0.5313,0.4835,0.5386,0.9872,15.5,1178,False,75.0,57.0,5,0.2876,0.7892,1178,0.0573,0.0287,120.842,72.6369
755682,obv,BIN,32.91,78.94,False,4,relief_self_segmentation,cheap,0.0,0.0,0,0.00023,0.1837,0.1627,0.4188,0.9873,30.9,3234,False,113.0,65.0,2,0.4431,0.4289,3234,0.1994,0.122,128.4208,64.7865
755682,obv,BIN,32.91,78.94,False,17,relief_self_segmentation,cheap,0.0,0.0,0,0.00257,0.0677,0.2319,0.5077,0.9988,87.4,29054,False,56.0,62.0,4,0.479,0.4368,29054,0.1189,0.0734,118.9405,92.6716
755682,obv,BIN,32.91,78.94,False,80,relief_self_segmentation,cheap,0.0,0.0,0,0.00055,0.1358,0.1874,0.4608,1.0,45.0,8091,False,89.0,72.0,3,1.1172,0.4079,8091,0.1544,0.0376,123.0639,66.5937
755682,obv,BIN,32.91,78.94,False,92,relief_self_segmentation,cheap,0.0,0.0,0,0.00064,0.0996,0.1786,0.5168,1.0,49.6,9960,False,85.0,77.0,3,0.4365,0.3431,9960,0.1302,0.0241,112.8508,67.3165
755682,obv,BIN,32.91,78.94,False,96,relief_self_segmentation,cheap,0.0,0.0,0,0.00043,0.1991,0.1934,0.3778,1.0,39.1,5159,False,88.0,84.0,3,0.8053,0.5496,5159,0.1436,0.0323,102.5102,72.7862
755682,obv,BIN,32.91,78.94,False,130,non_circular_flan,expensive,0.2589,0.0437,37,0.27074,0.0383,0.6842,0.5526,0.8976,521.6,1464440,False,9.0,52.0,5,0.1109,0.761,1464440,0.1221,0.0255,111.9151,76.9816
755682,rev,BIN,33.25,78.95,False,57,low_contrast_coastline,expensive,0.2067,0.0303,45,0.31303,0.1502,0.8414,0.5947,0.9951,505.8,1404904,False,0.0,0.0,0,0.0469,0.911,1404904,0.1529,0.0309,114.6512,73.9706
755682,rev,BIN,33.25,78.95,False,75,sub_coin_noise_blob,cheap,0.0158,0.0,0,0.00371,0.0315,0.0356,0.3411,0.7769,267.8,202300,False,151.0,56.0,2,1.8334,0.2102,202300,0.036,0.0069,108.5357,103.5791
755683,obv,BIN,33.75,78.94,False,19,sub_coin_noise_blob,cheap,0.0,0.0,0,0.00023,0.3695,0.354,0.3719,0.0,21.2,1560,False,62.0,48.0,7,0.3247,0.6687,1560,0.0,0.0,78.9138,74.8802
755683,obv,BIN,33.75,78.94,False,27,sub_coin_noise_blob,cheap,0.0,0.0,0,0.00134,0.13,0.1409,0.2853,0.0,80.8,20520,False,101.0,85.0,3,1.1501,0.5276,20520,0.1322,0.0168,77.8765,67.0572
755683,obv,BIN,33.75,78.94,False,31,sub_coin_noise_blob,cheap,0.0,0.0,0,0.00024,0.2114,0.2285,0.3269,0.0,27.1,2583,False,57.0,102.0,2,0.8742,0.5034,2583,0.0,0.0,83.9983,79.4941
755683,obv,BIN,33.75,78.94,False,33,sub_coin_noise_blob,cheap,0.0,0.0,0,0.00032,0.5299,0.399,0.3692,0.0,23.4,2035,False,68.0,69.0,5,0.3522,0.8162,2035,0.0,0.0,83.248,78.7639
755683,obv,BIN,33.75,78.94,False,62,relief_self_segmentation,cheap,0.0,0.0,0,0.00014,0.1498,0.1196,0.2755,0.0,28.6,2108,False,74.0,53.0,3,0.8962,0.4562,2108,0.0,0.0,92.3024,86.9141
755683,obv,BIN,33.75,78.94,False,67,sub_coin_noise_blob,cheap,0.0,0.0,0,0.00189,0.0899,0.1693,0.3441,0.0,87.5,21109,False,96.0,87.0,3,0.838,0.4596,21109,0.0212,0.0001,86.8347,78.7751
755683,obv,BIN,33.75,78.94,False,70,relief_self_segmentation,cheap,0.0,0.0,0,0.00017,0.2687,0.1597,0.4332,1.0,27.2,1920,False,98.0,102.0,2,2.1809,0.6079,1920,0.1267,0.0091,107.6332,66.0102
755683,obv,BIN,33.75,78.94,False,83,relief_self_segmentation,cheap,0.0,0.0,0,0.00019,0.1947,0.1713,0.2765,0.0,27.6,3038,False,108.0,104.0,2,1.8249,0.447,3038,0.0,0.0,92.869,88.8278
755683,obv,BIN,33.75,78.94,False,124,relief_self_segmentation,cheap,0.0481,0.0,0,0.00104,0.1432,0.3379,0.3588,0.0635,45.9,8058,False,26.0,27.0,6,0.221,0.5078,8058,0.0,0.0,94.4928,90.9503
755683,obv,BIN,33.75,78.94,False,129,relief_self_segmentation,cheap,0.0,0.0,0,0.00071,0.1963,0.1623,0.3743,1.0,54.8,9504,False,82.0,75.0,2,0.9172,0.629,9504,0.0566,0.0107,91.7321,76.7877
755683,obv,BIN,33.75,78.94,False,139,relief_self_segmentation,cheap,0.0,0.0,0,0.00026,0.2163,0.1596,0.2778,0.0,33.6,2880,False,59.0,76.0,3,0.7175,0.5396,2880,0.0,0.0,96.6972,91.4848
755683,obv,BIN,33.75,78.94,False,179,relief_self_segmentation,cheap,0.0,0.0,0,0.00022,0.2715,0.2031,0.4136,1.0,27.0,2484,False,44.0,89.0,2,0.85,0.5954,2484,0.1284,0.0006,107.3642,63.5727
755683,obv,BIN,33.75,78.94,False,186,relief_self_segmentation,cheap,0.0,0.0,0,0.00038,0.4058,0.3746,0.5033,1.0,26.4,2583,False,73.0,85.0,2,0.5563,0.736,2583,0.1963,0.0121,102.7101,57.9305
755683,obv,BIN,33.75,78.94,False,194,relief_self_segmentation,cheap,0.0,0.0,0,0.0005,0.1746,0.309,0.5063,1.0,33.4,3795,False,38.0,45.0,3,0.2023,0.4983,3795,0.2086,0.0041,97.9983,58.4199
755683,obv,BIN,33.75,78.94,False,199,relief_self_segmentation,cheap,0.1069,0.0,0,0.00173,0.1127,0.2582,0.5185,1.0,67.8,16800,False,87.0,76.0,4,0.4431,0.4687,16800,0.1175,0.0041,93.2826,67.661
755683,obv,BIN,33.75,78.94,False,222,relief_self_segmentation,cheap,0.0,0.0,0,0.00085,0.1785,0.1405,0.4078,1.0,64.6,11476,False,106.0,86.0,3,1.3221,0.5646,11476,0.0531,0.0005,94.7844,73.8714
755683,obv,BIN,33.75,78.94,False,239,relief_self_segmentation,cheap,0.0,0.0,0,0.0002,0.1016,0.1587,0.334,0.0615,29.2,3380,False,114.0,16.0,2,0.3202,0.3404,3380,0.0,0.0,100.9485,95.5783
755683,obv,BIN,33.75,78.94,False,352,non_circular_flan,expensive,0.1848,0.0398,35,0.33215,0.0335,0.6678,0.4949,0.719,584.8,1716000,False,0.0,20.0,9,0.0863,0.7568,1716000,0.1002,0.0165,97.7067,74.7206
755683,rev,BIN,34.2,78.95,False,11,sub_coin_noise_blob,cheap,0.0,0.0,0,0.00161,0.2529,0.2155,0.3491,0.0,71.6,16328,False,82.0,65.0,3,0.6911,0.7323,16328,0.2277,0.1447,64.5765,47.9272
755683,rev,BIN,34.2,78.95,False,12,sub_coin_noise_blob,cheap,0.0,0.0,0,0.00083,0.1379,0.1827,0.3299,0.0,55.8,10296,False,69.0,67.0,3,0.5842,0.5453,10296,0.0724,0.0,66.6384,60.6087
755683,rev,BIN,34.2,78.95,False,33,sub_coin_noise_blob,cheap,0.0268,0.0,0,0.0019,0.1287,0.2015,0.3487,0.0,80.5,21336,False,103.0,62.0,6,0.627,0.5371,21336,0.139,0.019,76.8771,65.84
755683,rev,BIN,34.2,78.95,False,40,sub_coin_noise_blob,cheap,0.0,0.0,0,0.00027,0.4093,0.2777,0.3514,0.0,26.0,1952,False,80.0,73.0,3,0.4394,0.7757,1952,0.0,0.0,83.8326,78.981
755683,rev,BIN,34.2,78.95,False,84,relief_self_segmentation,cheap,0.0,0.0,0,0.00025,0.2328,0.3291,0.3551,0.0,23.0,2491,False,44.0,54.0,5,0.4591,0.5286,2491,0.0,0.0,90.8177,86.5197
755683,rev,BIN,34.2,78.95,False,96,relief_self_segmentation,cheap,0.0,0.0,0,0.00049,0.1076,0.0921,0.3477,1.0,60.5,7738,False,84.0,60.0,2,1.8247,0.4291,7738,0.051,0.0003,92.3745,76.0453
755683,rev,BIN,34.2,78.95,False,111,relief_self_segmentation,cheap,0.0,0.0,0,0.00023,0.4895,0.3408,0.4651,1.0,21.4,1764,False,80.0,97.0,2,0.6602,0.7791,1764,0.3143,0.1286,107.6276,48.1774
755683,rev,BIN,34.2,78.95,False,212,relief_self_segmentation,cheap,0.0,0.0,0,0.00043,0.3526,0.2161,0.4413,0.9867,36.9,4484,False,79.0,71.0,3,0.8475,0.785,4484,0.281,0.0186,102.053,53.7919
755683,rev,BIN,34.2,78.95,False,214,relief_self_segmentation,cheap,0.0,0.0,0,0.00038,0.1656,0.1911,0.4653,1.0,37.0,5767,False,86.0,107.0,2,0.8424,0.3877,5767,0.179,0.013,91.5682,58.1637
755683,rev,BIN,34.2,78.95,False,228,relief_self_segmentation,expensive,0.233,0.0276,55,0.27597,0.1004,0.7265,0.5753,0.9994,511.1,1339800,False,4.0,24.0,1,0.0863,0.8657,1339800,0.2011,0.0386,91.3556,61.4164
755683,rev,BIN,34.2,78.95,False,229,relief_self_segmentation,cheap,0.0,0.0,0,0.001,0.0998,0.2355,0.4739,1.0,54.1,11640,False,59.0,19.0,3,0.3066,0.398,11640,0.4176,0.0902,91.1032,48.2956
755683,rev,BIN,34.2,78.95,False,262,relief_self_segmentation,cheap,0.0,0.0,0,0.00022,0.3233,0.2673,0.4028,1.0,23.8,1870,False,114.0,47.0,3,0.4234,0.599,1870,0.2808,0.1373,88.0805,45.9146
755683,rev,BIN,34.2,78.95,False,263,sub_coin_noise_blob,cheap,0.0,0.0,0,0.00023,0.455,0.3569,0.4075,1.0,21.1,1428,False,85.0,98.0,2,0.7165,0.7648,1428,0.4988,0.1707,86.6545,39.8257
755683,rev,BIN,34.2,78.95,False,412,multi_object_weld,expensive,0.0342,0.0054,2,0.088,0.027,0.1451,0.3588,0.1853,645.8,1716156,False,96.0,62.0,3,0.4689,0.2428,1716156,0.0916,0.0259,94.3259,81.9415
755683,rev,BIN,34.2,78.95,False,507,relief_self_segmentation,cheap,0.0,0.0,0,0.00018,0.2358,0.1614,0.3289,0.4758,27.5,1848,False,111.0,88.0,3,0.6829,0.6009,1848,0.0,0.0,104.4183,96.9009
755683,rev,BIN,34.2,78.95,False,523,relief_self_segmentation,cheap,0.0,0.0,0,0.00018,0.1205,0.132,0.3255,0.5057,31.0,2700,False,88.0,74.0,2,0.4649,0.4182,2700,0.0,0.0,105.8265,97.5032
755684,obv,BIN,30.78,78.94,False,1,sub_coin_noise_blob,cheap,0.0,0.0,0,0.00015,0.1353,0.2052,0.3415,0.0,22.4,2256,False,68.0,39.0,5,0.3205,0.3467,2256,0.0,0.0,66.6784,62.362
755684,obv,BIN,30.78,78.94,False,3,sub_coin_noise_blob,cheap,0.0,0.0,0,0.0016,0.166,0.125,0.2981,0.0,93.8,24308,False,92.0,93.0,2,0.752,0.6127,24308,0.1989,0.0858,64.3985,52.0524
755684,obv,BIN,30.78,78.94,False,9,relief_self_segmentation,cheap,0.0,0.0,0,0.00015,0.168,0.1412,0.4039,1.0,27.2,2562,False,113.0,82.0,2,1.2695,0.4607,2562,0.5121,0.0268,94.875,43.6395
755684,obv,BIN,30.78,78.94,False,10,sub_coin_noise_blob,cheap,0.0,0.0,0,0.00015,0.0731,0.0439,0.3829,1.0,49.1,4797,False,153.0,47.0,2,1.2624,0.2479,4797,0.2824,0.248,81.2276,46.7256
755684,obv,BIN,30.78,78.94,False,30,sub_coin_noise_blob,cheap,0.0,0.0,0,0.00034,0.1271,0.1563,0.3319,0.0,38.9,5621,False,98.0,69.0,4,0.7277,0.385,5621,0.0865,0.0,80.0233,67.7405
755684,obv,BIN,30.78,78.94,False,34,sub_coin_noise_blob,cheap,0.0,0.0,0,0.00021,0.5462,0.3952,0.3653,0.0,19.3,1232,False,59.0,58.0,4,0.3305,0.8379,1232,0.0,0.0,83.5976,79.9952
755684,obv,BIN,30.78,78.94,False,47,relief_self_segmentation,cheap,0.0,0.0,0,0.00019,0.1642,0.161,0.2907,0.0,28.5,2112,False,98.0,76.0,2,0.7888,0.4477,2112,0.0,0.0,87.4661,80.7227
755684,obv,BIN,30.78,78.94,False,72,relief_self_segmentation,cheap,0.0,0.0,0,0.00297,0.0762,0.1412,0.3363,0.0,120.2,45592,False,87.0,89.0,3,1.4915,0.4544,45592,0.0528,0.0166,89.5123,79.8123
755684,obv,BIN,30.78,78.94,False,89,relief_self_segmentation,cheap,0.0157,0.0,0,0.0069,0.0444,0.0436,0.4051,0.9994,330.0,254988,False,143.0,48.0,2,1.1171,0.1999,254988,0.0813,0.0191,89.8458,89.8695
755684,obv,BIN,30.78,78.94,False,92,relief_self_segmentation,cheap,0.0,0.0,0,0.00076,0.0775,0.2757,0.3637,0.0,43.5,7644,False,27.0,28.0,8,0.3197,0.3834,7644,0.0,0.0,95.7102,91.437
755684,obv,BIN,30.78,78.94,False,143,backdrop_vignette_blob,expensive,0.307,0.1098,24,0.29015,0.0636,0.7578,0.5923,0.9983,513.1,1364124,False,2.0,5.0,1,0.0574,0.8247,1364124,0.2862,0.1458,99.2795,50.7034
755684,rev,BIN,31.67,78.95,False,15,sub_coin_noise_blob,cheap,0.0,0.0,0,0.0002,0.3209,0.3176,0.356,0.0,20.6,1482,False,67.0,55.0,6,0.3872,0.6122,1482,0.0,0.0,78.9036,74.6667
755684,rev,BIN,31.67,78.95,False,20,sub_coin_noise_blob,cheap,0.0,0.0,0,0.00052,0.173,0.1469,0.313,0.0,49.5,7476,False,77.0,98.0,2,1.0019,0.5313,7476,0.0854,0.0018,77.5395,68.3264
755684,rev,BIN,31.67,78.95,False,26,relief_self_segmentation,cheap,0.0,0.0,0,0.00103,0.2945,0.2232,0.4677,1.0,56.4,8442,False,47.0,81.0,2,0.4268,0.7218,8442,0.241,0.195,105.8268,56.913
755684,rev,BIN,31.67,78.95,False,27,relief_self_segmentation,cheap,0.0927,0.0,0,0.00061,0.3677,0.2257,0.4801,1.0,43.0,5472,False,76.0,68.0,2,0.4582,0.7756,5472,0.2411,0.1741,99.03,52.5272
755684,rev,BIN,31.67,78.95,False,39,relief_self_segmentation,cheap,0.0,0.0,0,0.00052,0.1207,0.1238,0.4225,1.0,53.9,7875,False,79.0,93.0,3,0.7334,0.4381,7875,0.215,0.14,89.4328,56.9332
755684,rev,BIN,31.67,78.95,False,54,relief_self_segmentation,cheap,0.0,0.0,0,0.00016,0.0492,0.0325,0.3904,1.0,58.0,9898,False,125.0,102.0,2,5.1667,0.1909,9898,0.2287,0.0229,96.1274,72.0058
755684,rev,BIN,31.67,78.95,False,60,relief_self_segmentation,cheap,0.0,0.0,0,0.00419,0.1821,0.2209,0.4849,0.9955,114.2,44055,False,67.0,95.0,2,0.6637,0.6266,44055,0.2472,0.0115,91.6563,63.2925
755684,rev,BIN,31.67,78.95,False,92,relief_self_segmentation,cheap,0.0,0.0,0,0.00037,0.1786,0.314,0.3338,0.0,28.6,3770,False,81.0,62.0,3,0.415,0.4639,3770,0.0,0.0,92.1808,88.3529
755684,rev,BIN,31.67,78.95,False,136,relief_self_segmentation,cheap,0.0474,0.0,0,0.00283,0.1157,0.3373,0.3867,0.0173,75.9,30060,False,71.0,58.0,5,0.3526,0.5049,30060,0.0088,0.0001,93.7256,89.6961
755684,rev,BIN,31.67,78.95,False,137,relief_self_segmentation,cheap,0.0,0.0,0,0.00021,0.208,0.2116,0.3435,0.0,26.0,2379,False,77.0,61.0,4,0.5467,0.5039,2379,0.0,0.0,95.9382,91.0753
755684,rev,BIN,31.67,78.95,False,149,relief_self_segmentation,cheap,0.0,0.0,0,0.00017,0.19,0.1822,0.3072,0.0,25.5,2501,False,76.0,68.0,3,0.64,0.4387,2501,0.0,0.0,98.6333,94.3141
755684,rev,BIN,31.67,78.95,False,199,relief_self_segmentation,cheap,0.0,0.0,0,0.00018,0.2485,0.2055,0.3487,0.0,24.4,1596,False,62.0,56.0,3,0.4149,0.5847,1596,0.0,0.0,97.8989,95.5703
755684,rev,BIN,31.67,78.95,False,217,unclassified_ragged,expensive,0.198,0.0661,34,0.28785,0.036,0.6607,0.5788,0.8752,547.3,1502787,False,5.0,0.0,0,0.0483,0.7625,1502787,0.1773,0.066,97.2319,67.2366
755684,rev,BIN,31.67,78.95,False,219,relief_self_segmentation,cheap,0.0,0.0,0,0.00021,0.2132,0.1453,0.2564,0.0,31.8,2952,False,114.0,62.0,6,0.5799,0.6033,2952,0.0,0.0,100.9178,97.2958
755684,rev,BIN,31.67,78.95,False,228,relief_self_segmentation,cheap,0.0,0.0,0,0.00016,0.1035,0.0788,0.2582,0.0,37.6,3432,False,130.0,73.0,2,2.2278,0.3568,3432,0.0,0.0,103.0818,96.4359
755687,obv,BIN,31.55,78.94,False,37,sub_coin_noise_blob,cheap,0.0,0.0,0,0.00016,0.2037,0.1165,0.2487,0.4065,30.7,2691,False,122.0,79.0,2,2.9909,0.6039,2691,0.0,0.0,104.3833,95.427
755687,rev,BIN,31.71,78.95,False,1,sub_coin_noise_blob,cheap,0.0,0.0,0,0.0008,0.0892,0.0454,0.3162,0.7816,109.7,22274,False,165.0,46.0,3,2.1515,0.4813,22274,0.1498,0.0846,93.7523,79.5344
755688,obv,BIN,32.32,78.94,False,6,sub_coin_noise_blob,cheap,0.0512,0.0,0,0.00128,0.1627,0.1447,0.3449,0.0,78.1,17160,False,57.0,77.0,2,0.6943,0.5993,17160,0.1426,0.0776,65.5678,53.8329
755688,obv,BIN,32.32,78.94,False,7,sub_coin_noise_blob,cheap,0.0,0.0,0,0.00166,0.2346,0.1936,0.3563,0.0,76.7,18480,False,51.0,84.0,2,0.7335,0.7099,18480,0.213,0.0988,64.5619,50.3028
755688,obv,BIN,32.32,78.94,False,29,sub_coin_noise_blob,cheap,0.0,0.0,0,0.00297,0.1904,0.2515,0.3838,0.0,90.0,28470,False,70.0,66.0,3,0.6099,0.6509,28470,0.1822,0.0139,75.9609,65.084
755688,obv,BIN,32.32,78.94,False,31,sub_coin_noise_blob,cheap,0.0,0.0,0,0.00034,0.2546,0.3141,0.3428,0.0,27.3,2562,False,79.0,57.0,3,0.4386,0.5683,2562,0.0,0.0,83.3713,78.4847
755688,obv,BIN,32.32,78.94,False,138,relief_self_segmentation,cheap,0.0,0.0,0,0.00022,0.1005,0.1038,0.32,0.1675,38.2,3731,False,67.0,67.0,3,0.6551,0.3758,3731,0.0,0.0,101.0979,96.0946
755688,obv,BIN,32.32,78.94,False,225,backdrop_vignette_blob,expensive,0.362,0.3177,26,0.42871,0.1123,0.7535,0.4801,0.256,625.5,1949915,False,0.0,0.0,0,0.0496,0.8839,1949915,0.098,0.0387,83.1035,71.4341
755688,rev,BIN,32.11,78.95,False,9,sub_coin_noise_blob,cheap,0.0,0.0,0,0.00082,0.242,0.1948,0.3489,0.0,53.8,9234,False,60.0,100.0,2,0.5181,0.6472,9234,0.1808,0.1195,65.3906,49.9439
755688,rev,BIN,32.11,78.95,False,29,sub_coin_noise_blob,cheap,0.0,0.0,0,0.00113,0.1181,0.1407,0.3057,0.0,74.3,17967,False,84.0,85.0,5,1.0739,0.4795,17967,0.1429,0.0085,76.2162,64.6829
755688,rev,BIN,32.11,78.95,False,40,relief_self_segmentation,cheap,0.0,0.0,0,0.00026,0.1412,0.1337,0.4203,1.0,36.3,4505,False,120.0,38.0,2,0.5444,0.406,4505,0.3634,0.1118,99.9028,51.8618
755688,rev,BIN,32.11,78.95,False,44,relief_self_segmentation,cheap,0.0,0.0,0,0.00015,0.6024,0.4838,0.5173,1.0,14.6,1044,False,61.0,34.0,8,0.2075,0.8455,1044,0.4093,0.2317,133.7961,37.4826
755688,rev,BIN,32.11,78.95,False,77,relief_self_segmentation,cheap,0.0627,0.0,0,0.00288,0.0876,0.1063,0.3541,1.0,136.6,39446,False,69.0,69.0,2,1.1006,0.5964,39446,0.1376,0.0471,94.5656,70.3474
755688,rev,BIN,32.11,78.95,False,78,relief_self_segmentation,cheap,0.0,0.0,0,0.00043,0.1607,0.2691,0.4892,1.0,33.0,4836,False,46.0,42.0,4,0.2688,0.4641,4836,0.2273,0.0105,108.1336,61.8416
755688,rev,BIN,32.11,78.95,False,82,sub_coin_noise_blob,cheap,0.0,0.0,0,0.00086,0.1533,0.2009,0.4648,1.0,54.2,10287,False,100.0,84.0,4,0.8401,0.4833,10287,0.2363,0.0213,85.5401,73.1817
755688,rev,BIN,32.11,78.95,False,89,relief_self_segmentation,cheap,0.0,0.0,0,0.00102,0.427,0.5066,0.5563,1.0,37.2,5313,False,51.0,29.0,3,0.2569,0.7237,5313,0.446,0.1911,131.5418,39.3017
755688,rev,BIN,32.11,78.95,False,106,relief_self_segmentation,cheap,0.0,0.0,0,0.00037,0.2195,0.2411,0.4436,1.0,32.3,3712,False,95.0,35.0,3,0.4356,0.5501,3712,0.2305,0.1991,133.8729,50.1991
755688,rev,BIN,32.11,78.95,False,117,relief_self_segmentation,cheap,0.0,0.0,0,0.00023,0.3353,0.2269,0.4207,1.0,26.5,2376,False,95.0,132.0,2,2.339,0.6768,2376,0.2766,0.0293,130.9732,57.7852
755688,rev,BIN,32.11,78.95,False,134,relief_self_segmentation,cheap,0.0,0.0,0,0.00472,0.0679,0.2164,0.4264,0.0201,122.5,54432,False,89.0,48.0,5,0.5125,0.4565,54432,0.0598,0.0056,92.9654,82.2112
755688,rev,BIN,32.11,78.95,False,136,relief_self_segmentation,cheap,0.0,0.0,0,0.00031,0.4142,0.2796,0.4562,1.0,27.6,2550,False,86.0,94.0,2,0.9502,0.7772,2550,0.1817,0.0352,117.2661,60.6257
755688,rev,BIN,32.11,78.95,False,159,relief_self_segmentation,cheap,0.0,0.0,0,0.00025,0.133,0.1449,0.3347,0.0,34.2,4015,False,110.0,60.0,4,0.8341,0.3768,4015,0.0003,0.0,97.0905,89.4675
755688,rev,BIN,32.11,78.95,False,171,relief_self_segmentation,expensive,0.2731,0.0446,31,0.25009,0.0369,0.6644,0.5556,0.9999,508.7,1321670,False,2.0,0.0,0,0.0669,0.7826,1321670,0.2981,0.103,88.102,52.6133
755688,rev,BIN,32.11,78.95,False,210,relief_self_segmentation,cheap,0.0,0.0,0,0.00021,0.2082,0.1373,0.2569,0.0,32.4,2960,False,115.0,60.0,7,0.6048,0.5999,2960,0.0,0.0,100.8876,97.2794
755688,rev,BIN,32.11,78.95,False,224,relief_self_segmentation,cheap,0.0,0.0,0,0.00027,0.0783,0.1054,0.2827,0.0,41.6,6272,False,103.0,55.0,3,0.6245,0.2905,6272,0.0,0.0,100.4316,96.8295
755688,rev,BIN,32.11,78.95,False,229,relief_self_segmentation,expensive,0.0543,0.008,3,0.04658,0.0229,0.0941,0.332,0.2667,583.5,1292669,False,115.0,61.0,3,0.5697,0.2043,1292669,0.1399,0.0444,96.0011,79.541
755689,rev,BIN,32.17,78.95,False,2,relief_self_segmentation,cheap,0.0,0.0,0,0.00312,0.0514,0.0275,0.2204,0.8909,279.3,139612,False,159.0,47.0,2,1.7756,0.2267,139612,0.0937,0.0463,96.7452,87.909
755689,rev,BIN,32.17,78.95,False,7,relief_self_segmentation,cheap,0.0,0.0,0,0.00023,0.1245,0.0697,0.2895,0.8409,47.4,6417,False,71.0,46.0,3,1.3463,0.4461,6417,0.182,0.0405,98.6134,80.8568
755689,rev,BIN,32.17,78.95,False,10,relief_self_segmentation,cheap,0.0,0.0,0,0.00021,0.1139,0.0589,0.3366,0.866,49.6,5876,False,126.0,46.0,2,1.788,0.5883,5876,0.105,0.0003,100.582,85.2023
755690,obv,BIN,29.22,78.94,False,15,attached_artifact,cheap,0.0,0.0,0,0.0077,0.0576,0.0824,0.3535,0.0,253.5,139232,False,152.0,59.0,3,1.3629,0.3569,139232,0.0766,0.0202,84.7562,88.8941
755690,obv,BIN,29.22,78.94,False,31,sub_coin_noise_blob,cheap,0.0,0.0,0,0.00016,0.3699,0.4016,0.3325,0.0,16.6,1209,False,82.0,65.0,6,0.4641,0.6234,1209,0.0,0.0,97.1519,91.6388
755691,obv,BIN,35.19,78.94,False,82,sub_coin_noise_blob,cheap,0.0,0.0,0,0.00017,0.2038,0.2753,0.3543,0.0,20.3,1435,True,55.0,77.0,3,0.778,0.4821,1435,0.0,0.0,86.4323,82.7257
755691,obv,BIN,35.19,78.94,False,98,attached_artifact,expensive,0.2091,0.0641,50,0.78046,0.2255,0.6965,0.0,0.0078,877.7,2160000,True,154.0,51.0,20,0.2249,0.9536,2160000,0.0,0.0,78.3882,73.7816
755691,rev,BIN,35.22,78.95,False,70,sub_coin_noise_blob,cheap,0.0,0.0,0,0.00022,0.2346,0.2282,0.2956,0.0,25.6,2280,False,88.0,84.0,3,0.4902,0.5228,2280,0.0,0.0,83.4879,80.5929
755691,rev,BIN,35.22,78.95,False,80,sub_coin_noise_blob,cheap,0.0,0.0,0,0.00025,0.3421,0.3891,0.381,0.0,20.9,1517,True,61.0,52.0,4,0.5278,0.6558,1517,0.0,0.0,85.7378,82.4128
755691,rev,BIN,35.22,78.95,False,93,unclassified_ragged,expensive,0.189,0.0661,37,0.789,0.2416,0.6989,0.0,0.0141,881.0,2160000,True,155.0,0.0,0,0.2183,0.9571,2160000,0.0,0.0,80.8255,73.0091
755692,rev,BIN,33.1,78.95,False,13,sub_coin_noise_blob,cheap,0.0,0.0,0,0.00014,0.1623,0.3081,0.3702,0.0,17.7,1330,False,49.0,38.0,3,0.2542,0.4198,1330,0.0,0.0,95.9137,91.944
755707,obv,BIN,32.6,78.94,False,2,sub_coin_noise_blob,cheap,0.1155,0.0,0,0.00042,0.1881,0.2626,0.3469,0.0,33.2,4556,False,31.0,38.0,6,0.4801,0.4964,4556,0.0867,0.0,65.3801,59.1143
755707,obv,BIN,32.6,78.94,False,15,sub_coin_noise_blob,cheap,0.0,0.0,0,0.00029,0.1371,0.1321,0.2672,0.0,38.7,4712,False,106.0,76.0,2,0.7885,0.4121,4712,0.0532,0.0,79.9821,70.3902
755707,obv,BIN,32.6,78.94,False,17,sub_coin_noise_blob,cheap,0.0,0.0,0,0.00116,0.1518,0.1709,0.342,0.0,68.4,15142,False,101.0,87.0,2,0.9349,0.5499,15142,0.1459,0.0062,78.1276,66.2559
755707,obv,BIN,32.6,78.94,False,22,sub_coin_noise_blob,cheap,0.0,0.0,0,0.00049,0.2755,0.2935,0.3733,0.0,34.0,3782,False,59.0,48.0,4,0.3591,0.6211,3782,0.0,0.0,82.7955,77.2173
755707,obv,BIN,32.6,78.94,False,35,sub_coin_noise_blob,cheap,0.3705,0.2965,1,0.00293,0.1992,0.3451,0.5135,1.0,76.4,23187,False,31.0,54.0,5,0.3349,0.5989,23187,0.1018,0.0071,93.9251,72.6782
755707,obv,BIN,32.6,78.94,False,41,relief_self_segmentation,cheap,0.0,0.0,0,0.00016,0.139,0.1426,0.2958,0.0,27.4,2015,False,111.0,73.0,2,0.7978,0.376,2015,0.0,0.0,87.6585,81.446
755707,obv,BIN,32.6,78.94,False,49,relief_self_segmentation,cheap,0.0,0.0,0,0.00076,0.1079,0.2586,0.4699,1.0,44.9,6912,False,73.0,40.0,6,0.298,0.4302,6912,0.2761,0.0233,122.2823,53.6439
755707,obv,BIN,32.6,78.94,False,56,relief_self_segmentation,cheap,0.0,0.0,0,0.00041,0.1458,0.1514,0.423,1.0,43.0,7031,False,117.0,74.0,2,1.2314,0.3984,7031,0.2167,0.0198,120.4904,58.1022
755707,obv,BIN,32.6,78.94,False,60,relief_self_segmentation,cheap,0.0,0.0,0,0.00019,0.3502,0.2518,0.4452,1.0,23.1,1666,False,91.0,93.0,3,0.7782,0.6573,1666,0.4083,0.073,120.8529,47.3362
755707,obv,BIN,32.6,78.94,False,64,relief_self_segmentation,cheap,0.0,0.0,0,0.00126,0.2423,0.3529,0.5399,1.0,49.6,10197,False,57.0,65.0,3,0.3285,0.644,10197,0.154,0.0183,118.2342,69.6077
755707,obv,BIN,32.6,78.94,False,71,relief_self_segmentation,cheap,0.0,0.0,0,0.00057,0.1401,0.1799,0.439,1.0,46.6,8690,False,70.0,44.0,3,0.4587,0.388,8690,0.2692,0.0431,124.6808,57.2528
755707,obv,BIN,32.6,78.94,False,72,relief_self_segmentation,cheap,0.0,0.0,0,0.00074,0.1388,0.2133,0.4445,1.0,48.9,8970,False,63.0,92.0,2,0.8397,0.4069,8970,0.3044,0.1217,122.3713,52.0449
755707,obv,BIN,32.6,78.94,False,115,relief_self_segmentation,cheap,0.0,0.0,0,0.00018,0.2544,0.138,0.432,1.0,30.2,2624,False,21.0,87.0,2,0.852,0.6896,2624,0.3419,0.0084,95.1846,53.0034
755707,obv,BIN,32.6,78.94,False,119,relief_self_segmentation,cheap,0.0,0.0,0,0.00044,0.123,0.1744,0.4742,1.0,41.7,8800,False,113.0,56.0,2,0.4521,0.3011,8800,0.446,0.1238,105.1193,43.7281
755707,obv,BIN,32.6,78.94,False,139,relief_self_segmentation,cheap,0.0,0.0,0,0.00152,0.0841,0.23,0.5006,1.0,67.3,20640,False,96.0,37.0,5,0.3859,0.4145,20640,0.4448,0.0955,138.7375,45.8093
755707,obv,BIN,32.6,78.94,False,140,relief_self_segmentation,cheap,0.0,0.0,0,0.0009,0.1068,0.2447,0.4681,1.0,50.2,9785,False,66.0,26.0,4,0.2745,0.3911,9785,0.6261,0.1461,113.0866,36.3549
755707,obv,BIN,32.6,78.94,False,149,relief_self_segmentation,cheap,0.1626,0.0,0,0.001,0.2246,0.2931,0.4552,1.0,48.5,9312,False,68.0,42.0,5,0.4724,0.5144,9312,0.4887,0.1619,89.7073,38.7657
755707,obv,BIN,32.6,78.94,False,222,unclassified_ragged,expensive,0.2373,0.0855,29,0.29493,0.0235,0.5601,0.5257,0.6704,601.7,1874691,False,8.0,8.0,9,0.1018,0.6587,1874691,0.1641,0.0363,96.7579,73.5589
755707,rev,BIN,31.35,78.95,False,4,sub_coin_noise_blob,cheap,0.0,0.0,0,0.00058,0.2597,0.2314,0.3374,0.0,41.3,5963,False,71.0,85.0,4,0.7034,0.6301,5963,0.1633,0.0171,64.5119,54.998
755707,rev,BIN,31.35,78.95,False,5,sub_coin_noise_blob,cheap,0.1181,0.0,0,0.00042,0.3131,0.1883,0.4222,1.0,39.2,4437,False,88.0,80.0,2,0.7086,0.7833,4437,0.3045,0.3808,61.6892,34.7565
755707,rev,BIN,31.35,78.95,False,9,relief_self_segmentation,cheap,0.0,0.0,0,0.00014,0.0965,0.0447,0.3763,1.0,46.3,6156,False,100.0,79.0,3,3.0923,0.6216,6156,0.3513,0.2013,104.1214,47.3319
755707,rev,BIN,31.35,78.95,False,35,relief_self_segmentation,cheap,0.0,0.0,0,0.00039,0.1354,0.1995,0.4798,1.0,36.6,5100,False,62.0,40.0,3,0.3145,0.3961,5100,0.2046,0.0525,136.9196,59.6039
755707,rev,BIN,31.35,78.95,False,45,relief_self_segmentation,cheap,0.0,0.0,0,0.00041,0.1517,0.2149,0.3291,0.0,36.0,4335,False,95.0,35.0,6,0.4204,0.4855,4335,0.0,0.0,94.7003,90.3578
755707,rev,BIN,31.35,78.95,False,60,relief_self_segmentation,cheap,0.0,0.0,0,0.00038,0.1348,0.2235,0.5076,1.0,34.4,4284,False,64.0,73.0,4,0.5559,0.4588,4284,0.0585,0.0,105.8816,74.6437
755707,rev,BIN,31.35,78.95,False,61,relief_self_segmentation,cheap,0.2525,0.0,0,0.00058,0.2107,0.3104,0.4722,1.0,35.9,4453,False,60.0,86.0,3,0.4698,0.536,4453,0.308,0.128,112.7779,51.7492
755707,rev,BIN,31.35,78.95,False,63,relief_self_segmentation,cheap,0.0,0.0,0,0.00024,0.1722,0.1748,0.4286,1.0,30.5,2898,False,106.0,80.0,2,1.381,0.3722,2898,0.2262,0.0644,134.2575,53.9146
755707,rev,BIN,31.35,78.95,False,75,relief_self_segmentation,expensive,0.2803,0.0543,54,0.2944,0.0764,0.7732,0.5857,0.9976,511.7,1385174,False,8.0,0.0,0,0.0705,0.8631,1385174,0.1801,0.0791,108.0838,67.2964
755707,rev,BIN,31.35,78.95,False,86,relief_self_segmentation,cheap,0.0,0.0,0,0.00089,0.0763,0.0711,0.4021,1.0,92.5,22577,False,115.0,76.0,2,1.6897,0.4675,22577,0.0301,0.0038,121.7521,105.8857
755707,rev,BIN,31.35,78.95,False,89,relief_self_segmentation,cheap,0.0,0.0,0,0.00107,0.0191,0.0281,0.401,0.9911,161.4,80040,False,120.0,74.0,2,0.8448,0.1624,80040,0.0639,0.0164,116.3266,90.0786
755708,obv,BIN,32.39,78.94,False,6,sub_coin_noise_blob,cheap,0.0,0.0,0,0.00125,0.1725,0.1716,0.3514,0.0,70.8,17013,False,77.0,82.0,5,0.5829,0.5691,17013,0.1542,0.0776,66.2505,53.5663
755708,obv,BIN,32.39,78.94,False,17,sub_coin_noise_blob,cheap,0.0,0.0,0,0.00033,0.2707,0.2313,0.2765,0.0,31.5,3528,False,112.0,107.0,2,0.7066,0.5659,3528,0.0,0.0,77.1629,74.6541
755708,obv,BIN,32.39,78.94,False,88,relief_self_segmentation,cheap,0.0,0.0,0,0.00106,0.1532,0.3536,0.3588,0.0625,45.4,7900,False,27.0,26.0,7,0.2138,0.5271,7900,0.0,0.0,94.4545,90.9187
755708,obv,BIN,32.39,78.94,False,101,relief_self_segmentation,cheap,0.0,0.0,0,0.00089,0.0548,0.1214,0.3784,0.5849,70.9,20740,False,101.0,37.0,5,0.5371,0.265,20740,0.0256,0.0041,95.5071,83.2179
755708,obv,BIN,32.39,78.94,False,157,relief_self_segmentation,cheap,0.0,0.0,0,0.00049,0.1593,0.2339,0.3563,0.2697,37.8,4505,False,90.0,53.0,4,0.5037,0.4887,4505,0.0,0.0,97.6397,92.9302
755708,obv,BIN,32.39,78.94,False,170,relief_self_segmentation,cheap,0.0,0.0,0,0.00029,0.1622,0.0929,0.3077,1.0,46.5,5670,False,117.0,93.0,3,1.6323,0.5808,5670,0.0019,0.0002,98.8315,87.1643
755708,obv,BIN,32.39,78.94,False,177,relief_self_segmentation,cheap,0.0338,0.0,0,0.0016,0.0486,0.0481,0.3551,1.0,151.0,65928,False,156.0,33.0,3,1.4625,0.2943,65928,0.0132,0.0044,93.0515,87.5452
755708,obv,BIN,32.39,78.94,False,180,unclassified_ragged,expensive,0.2874,0.0995,28,0.3072,0.1959,0.8001,0.5778,0.9932,513.8,1379784,False,0.0,1.0,1,0.0532,0.9318,1379784,0.0871,0.0383,97.8136,75.7721
755708,obv,BIN,32.39,78.94,False,227,relief_self_segmentation,cheap,0.1644,0.0479,1,0.00578,0.0674,0.1408,0.4061,0.232,168.0,78800,False,86.0,72.0,4,1.0658,0.4424,78800,0.0078,0.0039,98.7838,92.4329
755708,obv,BIN,32.39,78.94,False,240,relief_self_segmentation,cheap,0.0627,0.0,0,0.01022,0.0604,0.1176,0.3281,0.1112,244.4,166158,False,115.0,79.0,6,1.0186,0.5197,166158,0.0183,0.0046,96.5314,90.4003
755708,obv,BIN,32.39,78.94,False,255,relief_self_segmentation,cheap,0.0,0.0,0,0.00025,0.0822,0.0844,0.3096,0.2447,45.6,5610,False,104.0,79.0,3,0.921,0.3402,5610,0.0,0.0,102.9496,97.0531
755708,rev,BIN,31.05,78.95,False,9,sub_coin_noise_blob,cheap,0.0378,0.0,0,0.00274,0.2421,0.2037,0.3373,0.0,96.1,27000,False,103.0,67.0,3,0.6302,0.7191,27000,0.1796,0.1487,64.7164,48.4909
755708,rev,BIN,31.05,78.95,False,10,sub_coin_noise_blob,cheap,0.0,0.0,0,0.00283,0.2393,0.283,0.3762,0.0,82.9,22509,False,87.0,67.0,4,0.4623,0.7188,22509,0.2154,0.0912,64.3792,49.6646
755708,rev,BIN,31.05,78.95,False,33,sub_coin_noise_blob,cheap,0.0,0.0,0,0.00381,0.2713,0.3278,0.3728,0.0,89.4,27405,False,69.0,67.0,3,0.4037,0.7292,27405,0.2129,0.022,75.2281,60.1933
755708,rev,BIN,31.05,78.95,False,40,sub_coin_noise_blob,cheap,0.0,0.0,0,0.00295,0.0827,0.1562,0.3212,0.0,114.0,37209,False,104.0,89.0,3,0.8442,0.4971,37209,0.1093,0.0234,78.4449,70.6285
755708,rev,BIN,31.05,78.95,False,41,relief_self_segmentation,cheap,0.0,0.0,0,0.00014,0.1776,0.0856,0.2753,0.9922,33.9,2888,False,116.0,79.0,3,1.9643,0.7774,2888,0.3639,0.0244,93.1551,51.0359
755708,rev,BIN,31.05,78.95,False,56,relief_self_segmentation,cheap,0.0,0.0,0,0.00021,0.1054,0.11,0.3238,0.0,36.5,3567,False,59.0,79.0,3,0.964,0.3511,3567,0.0009,0.0,87.1055,79.6161
755708,rev,BIN,31.05,78.95,False,67,relief_self_segmentation,cheap,0.0,0.0,0,0.00087,0.0593,0.0279,0.265,1.0,146.3,46443,False,168.0,48.0,2,2.9821,0.371,46443,0.0856,0.0181,100.9787,79.7222
755708,rev,BIN,31.05,78.95,False,72,relief_self_segmentation,cheap,0.0,0.0,0,0.00023,0.1584,0.1885,0.3609,0.0,29.1,3312,False,72.0,65.0,5,0.5362,0.4035,3312,0.0,0.0,90.7201,86.6357
755708,rev,BIN,31.05,78.95,False,127,relief_self_segmentation,cheap,0.0,0.0,0,0.00033,0.1343,0.2139,0.3316,0.0,32.3,3675,False,82.0,62.0,3,0.6529,0.4269,3675,0.0,0.0,94.7414,90.2712
755708,rev,BIN,31.05,78.95,False,145,relief_self_segmentation,cheap,0.0,0.0,0,0.00023,0.1996,0.1318,0.2639,0.0,34.6,3108,False,79.0,89.0,2,0.7434,0.5715,3108,0.0,0.0,96.6283,92.227
755708,rev,BIN,31.05,78.95,False,152,relief_self_segmentation,cheap,0.0,0.0,0,0.00017,0.2371,0.2463,0.5063,1.0,21.6,1768,False,86.0,60.0,5,0.4314,0.5223,1768,0.0146,0.0,94.734,80.6805
755708,rev,BIN,31.05,78.95,False,247,relief_self_segmentation,cheap,0.0,0.0,0,0.00027,0.1807,0.1842,0.3708,1.0,31.5,3060,False,113.0,54.0,3,0.6992,0.4348,3060,0.0336,0.0034,96.2128,82.9774
755708,rev,BIN,31.05,78.95,False,257,relief_self_segmentation,cheap,0.0,0.0,0,0.00022,0.1054,0.1713,0.3423,0.0,29.4,3380,False,110.0,16.0,3,0.3183,0.3646,3380,0.0,0.0,100.9435,95.5935
755708,rev,BIN,31.05,78.95,False,310,relief_self_segmentation,cheap,0.0,0.0,0,0.00018,0.121,0.1009,0.2714,0.0,35.0,3145,False,108.0,65.0,2,0.6973,0.3906,3145,0.0,0.0,101.7941,96.7135
755708,rev,BIN,31.05,78.95,False,364,relief_self_segmentation,cheap,0.0,0.0,0,0.00033,0.1704,0.1156,0.2535,0.0,44.2,4410,False,124.0,65.0,3,1.4651,0.5316,4410,0.0,0.0,101.3815,96.3051
755708,rev,BIN,31.05,78.95,False,398,relief_self_segmentation,cheap,0.0,0.0,0,0.00021,0.1438,0.3038,0.3642,0.0,22.0,2304,False,42.0,47.0,7,0.2448,0.4433,2304,0.0,0.0,100.9564,97.4012
755708,rev,BIN,31.05,78.95,False,426,non_circular_flan,expensive,0.1319,0.0054,48,0.34193,0.0686,0.727,0.511,0.5712,568.6,1680900,False,0.0,14.0,7,0.0831,0.8343,1680900,0.0656,0.0249,103.367,80.4084
755708,rev,BIN,31.05,78.95,False,526,relief_self_segmentation,cheap,0.0,0.0,0,0.00015,0.2232,0.1627,0.3285,0.4224,25.5,1736,False,66.0,132.0,2,0.7237,0.5588,1736,0.0,0.0,104.5115,97.0573
755708,rev,BIN,31.05,78.95,False,530,relief_self_segmentation,cheap,0.0,0.0,0,0.00017,0.1574,0.1233,0.2663,0.4768,30.5,2220,False,115.0,73.0,3,0.5214,0.475,2220,0.0,0.0,105.9634,97.5764
755710,obv,INV,251.22,201.6,False,2,multi_object_weld,cheap,0.0501,0.006,7,0.70145,0.3607,0.4475,0.0,0.9676,541.5,587719,True,81.0,157.0,2,0.3934,0.9677,587719,0.8693,0.1307,107.5,245.828
755710,rev,INV,248.78,201.13,False,2,multi_object_weld,cheap,0.0833,0.002,16,0.75314,0.4491,0.4671,0.0,0.9785,549.7,588830,True,86.0,133.0,2,0.3596,0.9719,588830,0.8627,0.1373,111.9375,244.9831
755710,rev,INV,248.78,201.13,False,4,sub_coin_noise_blob,cheap,0.0,0.0,0,0.00058,0.1315,0.0646,0.0,1.0,41.0,2646,True,107.0,96.0,2,2.5045,0.5759,2646,0.2134,0.7866,103.5493,158.9716
755711,rev,BIN,29.29,78.95,False,5,sub_coin_noise_blob,cheap,0.0,0.0,0,0.00017,0.0619,0.031,0.3321,1.0,61.1,9179,False,113.0,74.0,2,3.0795,0.3756,9179,0.2233,0.0134,140.3633,76.856
755712,obv,BIN,33.96,78.94,False,8,relief_self_segmentation,cheap,0.0,0.0,0,0.00015,0.1665,0.4381,0.5783,1.0,15.5,1332,False,9.0,7.0,3,0.0903,0.5011,1332,0.1728,0.0309,151.0076,80.2407
755712,obv,BIN,33.96,78.94,False,36,relief_self_segmentation,cheap,0.0,0.0,0,0.00018,0.1165,0.0585,0.4018,1.0,45.8,6290,False,101.0,95.0,4,3.548,0.5381,6290,0.0833,0.029,139.0491,76.2561
755712,obv,BIN,33.96,78.94,False,43,relief_self_segmentation,cheap,0.0,0.0,0,0.00036,0.2181,0.1396,0.4512,1.0,42.2,5372,False,90.0,81.0,2,0.9022,0.663,5372,0.0666,0.0202,108.7549,83.1518
755712,obv,BIN,33.96,78.94,False,68,backdrop_vignette_blob,expensive,0.2598,0.1585,25,0.29558,0.047,0.816,0.6155,0.9999,499.1,1378195,False,2.0,0.0,0,0.0488,0.8575,1378195,0.2189,0.0286,114.1047,68.0343
755712,obv,BIN,33.96,78.94,False,95,relief_self_segmentation,cheap,0.0,0.0,0,0.00034,0.4188,0.3995,0.3756,0.1575,24.2,2106,False,61.0,49.0,4,0.2836,0.7243,2106,0.0,0.0,99.2195,94.6815
755712,obv,BIN,33.96,78.94,False,105,relief_self_segmentation,cheap,0.0,0.0,0,0.00034,0.2564,0.1742,0.2528,0.0,36.4,3645,False,113.0,73.0,5,0.6754,0.6419,3645,0.0191,0.0,100.9876,92.5498
755712,rev,BIN,33.45,78.95,False,12,relief_self_segmentation,cheap,0.0,0.0,0,0.00112,0.0632,0.0419,0.3688,1.0,135.8,30970,False,133.0,85.0,2,5.9592,0.3839,30970,0.063,0.0127,108.5029,92.6855
755712,rev,BIN,33.45,78.95,False,40,relief_self_segmentation,cheap,0.0,0.0,0,0.00076,0.1276,0.2907,0.3582,0.0206,42.4,6840,False,71.0,27.0,4,0.2412,0.4769,6840,0.0094,0.0,95.1821,89.5163
755712,rev,BIN,33.45,78.95,False,58,relief_self_segmentation,cheap,0.0,0.0,0,0.00096,0.1125,0.1115,0.4256,1.0,77.0,19304,False,67.0,80.0,2,1.2044,0.5172,19304,0.0593,0.0272,99.2608,98.1756
755712,rev,BIN,33.45,78.95,False,74,relief_self_segmentation,cheap,0.0,0.0,0,0.00022,0.2421,0.1869,0.4532,1.0,28.4,2976,False,78.0,49.0,3,1.321,0.5749,2976,0.2732,0.0016,119.5786,65.3889
755712,rev,BIN,33.45,78.95,False,79,relief_self_segmentation,cheap,0.0,0.0,0,0.00015,0.2847,0.2263,0.3804,1.0,21.0,1728,False,118.0,81.0,2,1.5525,0.5534,1728,0.3242,0.0011,128.6236,57.9769
755712,rev,BIN,33.45,78.95,False,87,relief_self_segmentation,cheap,0.0,0.0,0,0.00082,0.1474,0.0924,0.3971,1.0,78.2,19080,False,113.0,79.0,3,1.9821,0.6187,19080,0.102,0.0015,101.7161,83.9017
755712,rev,BIN,33.45,78.95,False,101,relief_self_segmentation,cheap,0.0,0.0,0,0.00017,0.2461,0.2002,0.334,0.0,24.4,1596,False,68.0,56.0,5,0.4149,0.5924,1596,0.0,0.0,97.9401,93.6236
755712,rev,BIN,33.45,78.95,False,120,relief_self_segmentation,cheap,0.1223,0.022,2,0.01387,0.0488,0.1433,0.3671,0.4621,258.0,160167,False,108.0,77.0,3,0.9859,0.5338,160167,0.0597,0.0116,95.1002,95.7008
755712,rev,BIN,33.45,78.95,False,129,relief_self_segmentation,cheap,0.0,0.0,0,0.00016,0.1038,0.0791,0.2565,0.0,37.6,3432,False,131.0,72.0,3,2.2571,0.3576,3432,0.0,0.0,103.093,96.4344
755712,rev,BIN,33.45,78.95,False,139,relief_self_segmentation,cheap,0.0,0.0,0,0.00022,0.1317,0.1224,0.2821,0.1703,35.1,3520,False,92.0,88.0,3,1.0755,0.4069,3520,0.0,0.0,102.5018,96.7644
